smiles_raw,smiles,scaffold,group,Hepatobiliary disorders,Metabolism and nutrition disorders,Product issues,Eye disorders,Investigations,Musculoskeletal and connective tissue disorders,Gastrointestinal disorders,Social circumstances,Immune system disorders,Reproductive system and breast disorders,"Neoplasms benign, malignant and unspecified (incl cysts and polyps)",General disorders and administration site conditions,Endocrine disorders,Surgical and medical procedures,Vascular disorders,Blood and lymphatic system disorders,Skin and subcutaneous tissue disorders,"Congenital, familial and genetic disorders",Infections and infestations,"Respiratory, thoracic and mediastinal disorders",Psychiatric disorders,Renal and urinary disorders,"Pregnancy, puerperium and perinatal conditions",Ear and labyrinth disorders,Cardiac disorders,Nervous system disorders,"Injury, poisoning and procedural complications"
C(CNCCNCCNCCN)N,NCCNCCNCCNCCN,,0,1,1,0,0,1,1,1,0,0,0,0,1,0,0,0,0,1,0,0,1,1,0,0,1,1,1,0
CC(C)(C)C1=CC(=C(C=C1NC(=O)C2=CNC3=CC=CC=C3C2=O)O)C(C)(C)C,CC(C)(C)c1cc(C(C)(C)C)c(NC(=O)c2c[nH]c3ccccc3c2=O)cc1O,O=C(Nc1ccccc1)c1c[nH]c2ccccc2c1=O,1,0,1,0,0,1,1,1,0,0,1,0,0,0,0,0,0,1,0,1,1,0,0,0,1,0,1,0
CC[C@]12CC(=C)[C@H]3[C@H]([C@@H]1CC[C@]2(C#C)O)CCC4=CCCC[C@H]34,C#C[C@]1(O)CC[C@H]2[C@@H]3CCC4=CCCC[C@@H]4[C@H]3C(=C)C[C@@]21CC,C=C1CC2CCCC2C2CCC3=CCCCC3C12,2,0,1,0,1,1,0,1,0,1,1,1,0,0,0,1,0,1,0,0,0,1,0,0,0,0,1,0
CCC12CC(=C)C3C(C1CC[C@]2(C#C)O)CCC4=CC(=O)CCC34,C#C[C@]1(O)CCC2C3CCC4=CC(=O)CCC4C3C(=C)CC21CC,C=C1CC2CCCC2C2CCC3=CC(=O)CCC3C12,3,1,1,0,1,1,1,1,0,1,1,1,1,0,1,1,0,1,1,1,1,1,1,1,0,0,1,1
C1C(C2=CC=CC=C2N(C3=CC=CC=C31)C(=O)N)O,NC(=O)N1c2ccccc2CC(O)c2ccccc21,c1ccc2c(c1)CCc1ccccc1N2,4,1,1,0,1,1,1,1,0,1,0,0,1,0,0,1,1,1,0,1,1,1,0,0,1,0,1,0
CC[C@H](C)[C@H]1C(=O)N[C@H]2CSSC[C@@H](C(=O)N[C@@H](CSSC[C@@H](C(=O)NCC(=O)N[C@H](C(=O)N[C@H](C(=O)N[C@H](C(=O)N[C@H](C(=O)N[C@H](C(=O)N[C@H](C(=O)N[C@H](C(=O)N[C@H](C(=O)N[C@H](C(=O)N[C@H](C(=O)N[C@@H](CSSC[C@H](NC(=O)[C@@H](NC(=O)[C@@H](NC(=O)[C@@H](NC(=O)[C@@H](NC(=O)[C@@H](NC(=O)[C@@H](NC(=O)[C@@H](NC(=O)[C@@H](NC2=O)CO)CC(C)C)CC3=CC=C(C=C3)O)CCC(=O)N)CC(C)C)CCC(=O)O)CC(=O)N)CC4=CC=C(C=C4)O)C(=O)NCC(=O)O)C(=O)NCC(=O)N[C@@H](CCC(=O)O)C(=O)N[C@@H](CCCNC(=N)N)C(=O)NCC(=O)N[C@@H](CC5=CC=CC=C5)C(=O)N[C@@H](CC6=CC=CC=C6)C(=O)N[C@@H](CC7=CC=C(C=C7)O)C(=O)N[C@@H]([C@@H](C)O)C(=O)N8CCC[C@H]8C(=O)N[C@@H](CCCCN)C(=O)N[C@@H]([C@@H](C)O)C(=O)N[C@@H](CCCNC(=N)N)C(=O)N[C@@H](CCCNC(=N)N)C(=O)O)C(C)C)CC(C)C)CC9=CC=C(C=C9)O)CC(C)C)C)CCC(=O)O)C(C)C)CC(C)C)CC2=CN=CN2)CO)NC(=O)[C@H](CC(C)C)NC(=O)[C@H](CC2=CN=CN2)NC(=O)[C@H](CCC(=O)N)NC(=O)[C@H](CC(=O)N)NC(=O)[C@H](C(C)C)NC(=O)[C@H](CC2=CC=CC=C2)N)C(=O)N[C@H](C(=O)N[C@H](C(=O)N1)CO)[C@@H](C)O)NC(=O)[C@H](CCC(=O)N)NC(=O)[C@H](CCC(=O)O)NC(=O)[C@H](C(C)C)NC(=O)[C@H]([C@@H](C)CC)NC(=O)CN,CC[C@H](C)[C@H](NC(=O)CN)C(=O)N[C@H](C(=O)N[C@@H](CCC(=O)O)C(=O)N[C@@H](CCC(N)=O)C(=O)N[C@H]1CSSC[C@@H]2NC(=O)[C@H]([C@@H](C)CC)NC(=O)[C@H](CO)NC(=O)[C@H]([C@@H](C)O)NC(=O)[C@H](CSSC[C@H](NC(=O)[C@H](CC(C)C)NC(=O)[C@H](Cc3cnc[nH]3)NC(=O)[C@H](CCC(N)=O)NC(=O)[C@H](CC(N)=O)NC(=O)[C@@H](NC(=O)[C@@H](N)Cc3ccccc3)C(C)C)C(=O)NCC(=O)N[C@@H](CO)C(=O)N[C@@H](Cc3cnc[nH]3)C(=O)N[C@@H](CC(C)C)C(=O)N[C@@H](C(C)C)C(=O)N[C@@H](CCC(=O)O)C(=O)N[C@@H](C)C(=O)N[C@@H](CC(C)C)C(=O)N[C@@H](Cc3ccc(O)cc3)C(=O)N[C@@H](CC(C)C)C(=O)N[C@@H](C(C)C)C(=O)N[C@H](C(=O)NCC(=O)N[C@@H](CCC(=O)O)C(=O)N[C@@H](CCCNC(=N)N)C(=O)NCC(=O)N[C@@H](Cc3ccccc3)C(=O)N[C@@H](Cc3ccccc3)C(=O)N[C@@H](Cc3ccc(O)cc3)C(=O)N[C@H](C(=O)N3CCC[C@H]3C(=O)N[C@@H](CCCCN)C(=O)N[C@H](C(=O)N[C@@H](CCCNC(=N)N)C(=O)N[C@@H](CCCNC(=N)N)C(=O)O)[C@@H](C)O)[C@@H](C)O)CSSC[C@@H](C(=O)NCC(=O)O)NC(=O)[C@H](Cc3ccc(O)cc3)NC(=O)[C@H](CC(N)=O)NC(=O)[C@H](CCC(=O)O)NC(=O)[C@H](CC(C)C)NC(=O)[C@H](CCC(N)=O)NC(=O)[C@H](Cc3ccc(O)cc3)NC(=O)[C@H](CC(C)C)NC(=O)[C@H](CO)NC2=O)NC1=O)C(C)C,O=C(CCc1ccccc1)NCC(=O)NCC(=O)NCC(=O)NC(Cc1cnc[nH]1)C(=O)NCC(=O)NC1CSSCC2NC(=O)CCSSCC(NC(=O)CNC(=O)CNC(=O)CNC2=O)C(=O)NCC(=O)NCC(=O)NC(Cc2ccccc2)C(=O)NCC(=O)NCC(=O)NCC(=O)NCC(=O)NC(Cc2ccccc2)C(=O)NCCSSCC(C(=O)NCC(=O)NCC(=O)NCC(=O)NCC(=O)NC(Cc2ccccc2)C(=O)NC(Cc2ccccc2)C(=O)NC(Cc2ccccc2)C(=O)NCC(=O)N2CCCC2)NC(=O)CNC(=O)CNC(=O)C(Cc2ccccc2)NC(=O)CNC(=O)CNC(=O)CNC(=O)CNC(=O)CNC(=O)C(Cc2cnc[nH]2)NC(=O)CNC(=O)CNC1=O,5,0,1,0,1,1,1,1,0,1,0,1,1,0,0,1,0,1,0,1,1,1,1,0,0,1,1,1
CC1CC2C3CCC4=CC(=O)C=CC4([C@]3(C(CC2([C@]1(C(=O)CCl)O)C)O)F)C,CC1CC2C3CCC4=CC(=O)C=CC4(C)[C@@]3(F)C(O)CC2(C)[C@@]1(O)C(=O)CCl,O=C1C=CC2C(=C1)CCC1C3CCCC3CCC21,6,0,1,0,1,0,0,1,0,1,0,0,1,1,0,0,0,1,0,1,0,0,1,0,0,0,1,1
CCCCCCOC(=O)N=C(C1=CC=C(C=C1)NCC2=NC3=C(N2C)C=CC(=C3)C(=O)N(CCC(=O)OCC)C4=CC=CC=N4)N,CCCCCCOC(=O)N=C(N)c1ccc(NCc2nc3cc(C(=O)N(CCC(=O)OCC)c4ccccn4)ccc3n2C)cc1,O=C(Nc1ccccn1)c1ccc2[nH]c(CNc3ccccc3)nc2c1,7,1,1,0,0,1,1,1,0,1,0,0,1,0,1,1,1,1,0,1,1,0,1,0,0,1,1,1
CSCCC(C(=O)NCC(=O)NC(CC1=CNC2=CC=CC=C21)C(=O)NC(CCSC)C(=O)NC(CC(=O)O)C(=O)NC(CC3=CC=CC=C3)C(=O)N)NC(=O)C(CC4=CC=C(C=C4)OS(=O)(=O)O)NC(=O)C(CC(=O)O)N,CSCCC(NC(=O)C(Cc1ccc(OS(=O)(=O)O)cc1)NC(=O)C(N)CC(=O)O)C(=O)NCC(=O)NC(Cc1c[nH]c2ccccc12)C(=O)NC(CCSC)C(=O)NC(CC(=O)O)C(=O)NC(Cc1ccccc1)C(N)=O,O=C(CCc1ccccc1)NCC(=O)NCC(=O)NC(Cc1c[nH]c2ccccc12)C(=O)NCC(=O)NCC(=O)NCCc1ccccc1,8,0,0,0,0,1,1,1,0,1,0,0,1,0,0,1,0,1,0,0,1,0,0,0,0,0,1,0
C1CC(N(C1)C(=O)C2CSSCC(C(=O)NC(C(=O)NC(C(=O)NC(C(=O)NC(C(=O)N2)CC(=O)N)CCC(=O)N)CC3=CC=CC=C3)CC4=CC=C(C=C4)O)N)C(=O)NC(CCCN=C(N)N)C(=O)NCC(=O)N,NC(=O)CCC1NC(=O)C(Cc2ccccc2)NC(=O)C(Cc2ccc(O)cc2)NC(=O)C(N)CSSCC(C(=O)N2CCCC2C(=O)NC(CCCN=C(N)N)C(=O)NCC(N)=O)NC(=O)C(CC(N)=O)NC1=O,O=C1CNC(=O)C(Cc2ccccc2)NC(=O)C(Cc2ccccc2)NC(=O)CCSSCC(C(=O)N2CCCC2)NC(=O)CN1,9,0,0,0,0,1,0,1,0,1,0,0,0,0,0,1,0,1,0,1,1,0,0,0,1,1,1,0
CC(C)CN(C[C@H]([C@H](CC1=CC=CC=C1)NC(=O)O[C@H]2CO[C@@H]3[C@H]2CCO3)O)S(=O)(=O)C4=CC=C(C=C4)N,CC(C)CN(C[C@@H](O)[C@H](Cc1ccccc1)NC(=O)O[C@H]1CO[C@H]2OCC[C@H]21)S(=O)(=O)c1ccc(N)cc1,O=C(NC(CCNS(=O)(=O)c1ccccc1)Cc1ccccc1)OC1COC2OCCC12,10,1,1,0,1,1,1,1,0,1,1,1,1,1,0,1,1,1,1,1,1,1,1,0,1,1,1,1
C1CC[C@H]([C@@H](C1)CN2CCN(CC2)C3=NSC4=CC=CC=C43)CN5C(=O)[C@H]6[C@@H]7CC[C@@H](C7)[C@H]6C5=O,O=C1[C@@H]2[C@H]3CC[C@H](C3)[C@@H]2C(=O)N1C[C@@H]1CCCC[C@H]1CN1CCN(c2nsc3ccccc23)CC1,O=C1C2C3CCC(C3)C2C(=O)N1CC1CCCCC1CN1CCN(c2nsc3ccccc23)CC1,11,1,1,0,1,1,1,1,0,0,1,0,1,1,0,1,1,1,0,1,1,1,1,1,1,1,1,1
CCCSC1=NC2=C(C(=N1)N[C@@H]3C[C@H]3C4=CC(=C(C=C4)F)F)N=NN2[C@@H]5C[C@@H]([C@H]([C@H]5O)O)OCCO,CCCSc1nc(N[C@@H]2C[C@H]2c2ccc(F)c(F)c2)c2nnn([C@@H]3C[C@H](OCCO)[C@@H](O)[C@H]3O)c2n1,c1ccc(C2CC2Nc2ncnc3c2nnn3C2CCCC2)cc1,12,0,1,0,1,1,1,1,0,1,1,1,1,0,0,1,1,1,0,0,1,1,1,0,1,1,1,1
C1CN(CC2=C1SC=C2)CC3=CC=CC=C3Cl,Clc1ccccc1CN1CCc2sccc2C1,c1ccc(CN2CCc3sccc3C2)cc1,13,1,1,0,1,1,1,1,0,1,0,1,1,0,0,1,1,1,0,1,1,0,1,0,1,0,1,1
Cl[Tl],[Cl][Tl],,14,0,0,0,1,1,0,1,0,1,0,0,1,0,0,1,0,1,0,1,1,0,0,0,0,0,1,0
CC1=NN=C(N1C2CC3CCC(C2)N3CC[C@@H](C4=CC=CC=C4)NC(=O)C5CCC(CC5)(F)F)C(C)C,Cc1nnc(C(C)C)n1C1CC2CCC(C1)N2CC[C@H](NC(=O)C1CCC(F)(F)CC1)c1ccccc1,O=C(NC(CCN1C2CCC1CC(n1cnnc1)C2)c1ccccc1)C1CCCCC1,15,1,1,0,1,1,1,1,0,1,1,1,1,1,0,1,1,1,0,1,1,1,1,0,1,1,1,1
C[N+](C)(C)CC(CC(=O)O)O,C[N+](C)(C)CC(O)CC(=O)O,,16,0,1,0,1,1,1,1,0,1,0,0,1,1,0,1,1,1,0,1,1,1,1,0,1,1,1,1
CN1C2=C(C=C(C=C2)N(CCCl)CCCl)N=C1CCCC(=O)O,Cn1c(CCCC(=O)O)nc2cc(N(CCCl)CCCl)ccc21,c1ccc2[nH]cnc2c1,17,0,1,0,0,1,1,1,0,1,0,1,1,0,0,1,1,1,0,1,1,1,1,0,0,1,1,1
CCN(CC)C(=O)/C(=C/C1=CC(=C(C(=C1)O)O)[N+](=O)[O-])/C#N.C[C@](CC1=CC(=C(C=C1)O)O)(C(=O)O)NN.C1=CC(=C(C=C1C[C@@H](C(=O)O)N)O)O,CCN(CC)C(=O)/C(C#N)=C/c1cc(O)c(O)c([N+](=O)[O-])c1.C[C@@](Cc1ccc(O)c(O)c1)(NN)C(=O)O,c1ccccc1.c1ccccc1,18,0,1,0,1,1,1,1,0,1,1,1,1,0,0,1,1,1,0,1,1,1,1,0,0,1,1,1
C(CC(=O)O)CN,NCCCC(=O)O,,19,0,0,0,0,0,0,0,0,1,0,0,1,0,0,0,0,1,0,0,0,0,0,0,0,0,0,0
C[C@H]1C[C@H]2[C@@H]3C[C@@H](C4=CC(=O)C=C[C@@]4([C@]3([C@H](C[C@@]2([C@]1(C(=O)CCl)O)C)O)F)C)F,C[C@H]1C[C@H]2[C@@H]3C[C@H](F)C4=CC(=O)C=C[C@]4(C)[C@@]3(F)[C@@H](O)C[C@]2(C)[C@@]1(O)C(=O)CCl,O=C1C=CC2C(=C1)CCC1C3CCCC3CCC21,20,0,0,0,0,0,0,0,0,0,0,0,1,0,0,0,0,1,0,1,0,0,0,0,0,0,1,0
CC(C)CN1C=NC2=C1C3=CC=CC=C3N=C2N,CC(C)Cn1cnc2c(N)nc3ccccc3c21,c1ccc2c(c1)ncc1nc[nH]c12,21,1,1,0,1,1,1,1,1,1,1,1,1,1,0,1,1,1,1,1,1,1,1,1,1,1,1,1
CC[C@]12CC[C@H]3[C@H]([C@@H]1CC[C@]2(C#C)O)CCC4=CC(=O)CC[C@H]34.C[C@]12CC[C@H]3[C@H]([C@@H]1CC[C@]2(C#C)O)CCC4=C3C=CC(=C4)O,C#C[C@]1(O)CC[C@H]2[C@@H]3CCC4=CC(=O)CC[C@@H]4[C@H]3CC[C@@]21CC.C#C[C@]1(O)CC[C@H]2[C@@H]3CCc4cc(O)ccc4[C@H]3CC[C@@]21C,O=C1C=C2CCC3C4CCCC4CCC3C2CC1.c1ccc2c(c1)CCC1C2CCC2CCCC21,22,0,1,0,1,1,0,1,0,1,1,0,0,0,0,0,0,1,1,0,0,1,0,0,0,0,1,0
CC1=CC(=C(N1)C=C2C3=CC=CC=C3NC2=O)C,Cc1cc(C)c(C=C2C(=O)Nc3ccccc32)[nH]1,O=C1Nc2ccccc2C1=Cc1ccc[nH]1,23,1,1,0,1,1,1,1,0,1,1,1,1,0,0,1,1,1,0,1,1,1,1,0,1,1,1,1
C(CC(=O)O)C(=O)CN,NCC(=O)CCC(=O)O,,24,1,0,0,1,1,0,1,0,0,0,1,1,0,0,1,1,1,0,1,1,1,0,0,0,1,1,1
C1C(N(C2=C(N1)NC(=NC2=O)N)C=O)CNC3=CC=C(C=C3)C(=O)NC(CCC(=O)O)C(=O)O,Nc1nc(=O)c2c([nH]1)NCC(CNc1ccc(C(=O)NC(CCC(=O)O)C(=O)O)cc1)N2C=O,O=c1nc[nH]c2c1NC(CNc1ccccc1)CN2,25,0,1,0,0,1,0,1,0,1,0,0,1,0,0,1,1,1,0,1,1,1,1,0,0,0,1,1
CCC12CC(=C)C3C(C1CC[C@]2(C#C)O)CCC4=CC(=O)CCC34.C[C@]12CC[C@H]3[C@H]([C@@H]1CC[C@]2(C#C)O)CCC4=C3C=CC(=C4)O,C#C[C@]1(O)CCC2C3CCC4=CC(=O)CCC4C3C(=C)CC21CC.C#C[C@]1(O)CC[C@H]2[C@@H]3CCc4cc(O)ccc4[C@H]3CC[C@@]21C,C=C1CC2CCCC2C2CCC3=CC(=O)CCC3C12.c1ccc2c(c1)CCC1C2CCC2CCCC21,26,0,1,1,1,1,1,1,0,1,1,1,1,0,0,1,0,1,0,1,1,1,1,0,0,0,1,1
CN1C(CNC2=C1C(=O)N=C(N2)N)CNC3=CC=C(C=C3)C(=O)NC(CCC(=O)O)C(=O)O,CN1c2c([nH]c(N)nc2=O)NCC1CNc1ccc(C(=O)NC(CCC(=O)O)C(=O)O)cc1,O=c1nc[nH]c2c1NC(CNc1ccccc1)CN2,27,0,0,0,0,0,0,0,0,1,0,0,0,0,0,0,0,0,0,0,0,0,0,0,0,0,0,0
CCCCC(=O)O[C@@]1([C@H](C[C@@H]2[C@@]1(C[C@@H]([C@]3([C@H]2CCC4=CC(=O)C=C[C@@]43C)F)O)C)C)C(=O)CO,CCCCC(=O)O[C@]1(C(=O)CO)[C@@H](C)C[C@H]2[C@@H]3CCC4=CC(=O)C=C[C@]4(C)[C@@]3(F)[C@@H](O)C[C@@]21C,O=C1C=CC2C(=C1)CCC1C3CCCC3CCC21,28,0,0,0,0,0,0,0,0,1,0,0,0,1,0,0,0,1,0,1,0,0,0,0,0,0,1,0
CC[C@H](C)[C@@H](C(=O)N[C@@H](CCC(=O)O)C(=O)N[C@@H](CCC(=O)O)C(=O)N[C@@H](CO)C(=O)N[C@@H](CCC(=O)N)C(=O)N[C@@H](CC(=O)N)C(=O)N[C@@H](CCC(=O)N)C(=O)N[C@@H](CCC(=O)N)C(=O)N[C@@H](CCC(=O)O)C(=O)N[C@@H](CCCCN)C(=O)N[C@@H](CC(=O)N)C(=O)N[C@@H](CCC(=O)O)C(=O)N[C@@H](CCC(=O)N)C(=O)N[C@@H](CCC(=O)O)C(=O)N[C@@H](CC(C)C)C(=O)N[C@@H](CC(C)C)C(=O)N[C@@H](CCC(=O)O)C(=O)N[C@@H](CC(C)C)C(=O)N[C@@H](CC(=O)O)C(=O)N[C@@H](CCCCN)C(=O)N[C@@H](CC1=CNC2=CC=CC=C21)C(=O)N[C@@H](C)C(=O)N[C@@H](CO)C(=O)N[C@@H](CC(C)C)C(=O)N[C@@H](CC3=CNC4=CC=CC=C43)C(=O)N[C@@H](CC(=O)N)C(=O)N[C@@H](CC5=CNC6=CC=CC=C65)C(=O)N[C@@H](CC7=CC=CC=C7)C(=O)N)NC(=O)[C@H](CC(C)C)NC(=O)[C@H](CO)NC(=O)[C@H](CC8=CN=CN8)NC(=O)[C@H]([C@@H](C)CC)NC(=O)[C@H](CC(C)C)NC(=O)[C@H](CO)NC(=O)[C@H]([C@@H](C)O)NC(=O)[C@H](CC9=CC=C(C=C9)O)NC(=O)C,CC[C@H](C)[C@H](NC(=O)[C@H](CC(C)C)NC(=O)[C@H](CO)NC(=O)[C@H](Cc1cnc[nH]1)NC(=O)[C@@H](NC(=O)[C@H](CC(C)C)NC(=O)[C@H](CO)NC(=O)[C@@H](NC(=O)[C@H](Cc1ccc(O)cc1)NC(C)=O)[C@@H](C)O)[C@@H](C)CC)C(=O)N[C@@H](CCC(=O)O)C(=O)N[C@@H](CCC(=O)O)C(=O)N[C@@H](CO)C(=O)N[C@@H](CCC(N)=O)C(=O)N[C@@H](CC(N)=O)C(=O)N[C@@H](CCC(N)=O)C(=O)N[C@@H](CCC(N)=O)C(=O)N[C@@H](CCC(=O)O)C(=O)N[C@@H](CCCCN)C(=O)N[C@@H](CC(N)=O)C(=O)N[C@@H](CCC(=O)O)C(=O)N[C@@H](CCC(N)=O)C(=O)N[C@@H](CCC(=O)O)C(=O)N[C@@H](CC(C)C)C(=O)N[C@@H](CC(C)C)C(=O)N[C@@H](CCC(=O)O)C(=O)N[C@@H](CC(C)C)C(=O)N[C@@H](CC(=O)O)C(=O)N[C@@H](CCCCN)C(=O)N[C@@H](Cc1c[nH]c2ccccc12)C(=O)N[C@@H](C)C(=O)N[C@@H](CO)C(=O)N[C@@H](CC(C)C)C(=O)N[C@@H](Cc1c[nH]c2ccccc12)C(=O)N[C@@H](CC(N)=O)C(=O)N[C@@H](Cc1c[nH]c2ccccc12)C(=O)N[C@@H](Cc1ccccc1)C(N)=O,O=C(CCc1ccccc1)NCC(=O)NCC(=O)NCC(=O)NCC(=O)NC(Cc1cnc[nH]1)C(=O)NCC(=O)NCC(=O)NCC(=O)NCC(=O)NCC(=O)NCC(=O)NCC(=O)NCC(=O)NCC(=O)NCC(=O)NCC(=O)NCC(=O)NCC(=O)NCC(=O)NCC(=O)NCC(=O)NCC(=O)NCC(=O)NCC(=O)NCC(=O)NCC(=O)NCC(=O)NC(Cc1c[nH]c2ccccc12)C(=O)NCC(=O)NCC(=O)NCC(=O)NC(Cc1c[nH]c2ccccc12)C(=O)NCC(=O)NC(Cc1c[nH]c2ccccc12)C(=O)NCCc1ccccc1,29,1,1,0,1,1,1,1,1,1,0,1,1,0,0,1,1,1,0,1,1,1,1,0,1,1,1,1
CCCCCC(C=CC1C(CC(=O)C1CC=CCCCC(=O)O)O)O,CCCCCC(O)C=CC1C(O)CC(=O)C1CC=CCCCC(=O)O,O=C1CCCC1,30,0,1,0,1,1,1,1,0,1,1,0,1,0,0,1,1,1,0,1,1,1,1,1,1,1,1,1
CCCCCC(C=CC1C(CC2C1CC(=CCCCC(=O)O)O2)O)O,CCCCCC(O)C=CC1C(O)CC2OC(=CCCCC(=O)O)CC21,C=C1CC2CCCC2O1,31,1,1,0,0,1,1,1,0,1,0,0,1,1,1,1,1,1,0,1,1,1,1,0,0,1,1,1
CCCCCC(C=CC1C(CC(C1CC=CCCCC(=O)O)O)O)O,CCCCCC(O)C=CC1C(O)CC(O)C1CC=CCCCC(=O)O,C1CCCC1,32,0,0,0,0,1,1,1,0,1,0,0,1,0,0,1,1,0,0,1,0,0,0,1,0,1,0,1
CC(=O)O.C(C(C(C(C(C=O)O)O)O)O)O,O=CC(O)C(O)C(O)C(O)CO,,33,0,1,0,0,1,0,0,0,1,0,0,1,0,0,1,0,0,0,1,0,1,1,0,0,0,1,0
CC(=O)[O-],CC(=O)O,,34,0,1,0,0,0,0,0,0,0,0,0,1,0,0,0,0,0,0,0,0,0,1,0,0,0,0,0
CC(=O)OCC[N+](C)(C)C,CC(=O)OCC[N+](C)(C)C,,35,0,0,0,1,0,0,0,0,0,0,0,0,0,0,1,0,1,0,0,1,0,0,0,0,1,0,0
C1=NC2=C(C(=N1)N)N=CN2C3C(C(C(O3)CO)O)O,Nc1ncnc2c1ncn2C1OC(CO)C(O)C1O,c1ncc2ncn(C3CCCO3)c2n1,36,0,0,1,1,1,1,1,0,1,0,0,1,0,0,1,0,1,0,0,1,1,1,0,1,1,1,1
CCCN(CCC1=CC=CS1)C2CCC3=C(C2)C=CC=C3O,CCCN(CCc1cccs1)C1CCc2c(O)cccc2C1,c1csc(CCNC2CCc3ccccc3C2)c1,37,0,1,0,1,1,1,1,0,1,1,1,1,0,0,1,0,1,0,1,1,1,0,0,1,0,1,1
C1=CO[C@@H]([C@H]([C@@H]1O)O)C(=O)O.Cl,O=C(O)[C@H]1OC=C[C@@H](O)[C@@H]1O,C1=COCCC1,38,0,0,0,0,1,0,1,0,1,0,0,0,0,0,1,0,0,0,0,0,0,0,0,0,1,0,0
C(C1C(C(C(C(O1)O)O)O)O)O,OCC1OC(O)C(O)C(O)C1O,C1CCOCC1,39,0,1,0,1,1,0,1,0,0,0,0,1,0,0,1,1,0,0,1,1,1,0,0,0,1,1,1
CCCCCC(C=CC1C(CC(=O)C1CCCCCCC(=O)O)O)O,CCCCCC(O)C=CC1C(O)CC(=O)C1CCCCCCC(=O)O,O=C1CCCC1,40,1,1,1,1,1,1,1,1,0,1,1,1,0,1,1,1,1,1,1,1,1,1,0,0,1,1,1
N,N,,41,0,1,0,0,1,0,0,0,0,0,0,1,0,0,1,0,0,0,1,0,0,0,0,0,0,0,0
CC1=CC2=C(C=C1C(=C)C3=CC=C(C=C3)C(=O)O)C(CCC2(C)C)(C)C,C=C(c1ccc(C(=O)O)cc1)c1cc2c(cc1C)C(C)(C)CCC2(C)C,C=C(c1ccccc1)c1ccc2c(c1)CCCC2,42,1,1,0,1,1,1,1,1,1,1,1,1,1,0,1,1,1,1,1,1,1,1,0,1,1,1,1
CC(=O)NCCC1=CC=CC2=C1C=C(C=C2)OC,COc1ccc2cccc(CCNC(C)=O)c2c1,c1ccc2ccccc2c1,43,1,0,0,1,1,1,1,0,0,0,0,1,0,0,0,0,1,0,1,0,1,0,0,1,0,1,0
C(CC(C(=O)O)N)CN=C(N)N,NC(N)=NCCCC(N)C(=O)O,,44,0,1,0,0,1,0,1,0,1,0,0,1,0,1,1,0,1,1,0,1,0,1,0,0,1,1,0
C1=CC=C(C=C1)CO,OCc1ccccc1,c1ccccc1,45,0,0,0,1,0,0,0,0,0,0,0,1,0,0,0,0,1,0,1,0,0,0,0,0,0,1,1
C[N+](C)(C)CC(=O)[O-],C[N+](C)(C)CC(=O)[O-],,46,0,1,0,0,0,0,1,0,0,0,0,0,0,0,0,0,1,1,0,1,1,1,0,0,0,1,0
CC[C@H](C)[C@@H](C(=O)N[C@@H](CC1=CC=C(C=C1)O)C(=O)NCC(=O)NCC(=O)N[C@@H](CS)C(=O)N[C@@H](CCC(=O)O)C(=O)NCC(=O)N[C@@H](CC(=O)N)C(=O)N[C@@H](CCC(=O)N)C(=O)N[C@@H](CC(=O)N)C(=O)N[C@@H](CCCNC(=N)N)C(=O)N[C@@H](CC2=CC=CC=C2)C(=O)N[C@@H](CCC(=O)O)C(=O)N[C@@H](CO)C(=O)N[C@@H](CC(C)C)C(=O)N[C@@H](CCC(=O)O)C(=O)N[C@@H](CCC(=O)O)C(=O)N[C@@H](CS)C(=O)N[C@@H](CCCCN)C(=O)N[C@@H](CCCCN)C(=O)N[C@@H](CCSC)C(=O)N[C@@H](CS)C(=O)N[C@@H]([C@@H](C)O)C(=O)N[C@@H](CCCNC(=N)N)C(=O)N[C@@H](CC(=O)O)C(=O)O)NC(=O)[C@H](CC3=CC=CC=C3)NC(=O)[C@H](CCC(=O)O)NC(=O)[C@H](CCC(=O)O)NC(=O)[C@H](CS)NC(=O)[C@H](CCC(=O)N)NC(=O)[C@H](CCCNC(=N)N)NC(=O)[C@H]([C@@H](C)O)NC(=O)[C@H](CC4=CC=CC=C4)NC(=O)[C@H]([C@@H](C)CC)NC(=O)[C@H](CC(=O)N)NC(=O)[C@H](CC5=CC=CC=C5)NC(=O)[C@H](CC6=CC=CC=C6)NC(=O)[C@H](CC7=CNC8=CC=CC=C87)NC(=O)[C@H](CCCNC(=N)N)NC(=O)[C@@H]9CCCN9C(=O)[C@H](CC1=CN=CN1)NC(=O)[C@H](C)NC(=O)[C@H](C)NC(=O)[C@H](CCCNC(=N)N)NC(=O)[C@H](CS)NC(=O)[C@@H]1CCCN1C(=O)CNC(=O)[C@H](CC(=O)O)NC(=O)[C@H](CC(=O)O)NC(=O)[C@H](C)NC(=O)[C@H](CCCCN)NC(=O)[C@H](CC1=CC=CC=C1)NC(=O)[C@H](C)NC(=O)[C@H](CS)NC(=O)[C@H](CC1=CC=CC=C1)NC(=O)[C@H](CO)NC(=O)[C@H](CC1=CN=CN1)NC(=O)[C@H](CCSC)NC(=O)[C@H](C)NC(=O)[C@H](CCC(=O)O)N,CC[C@H](C)[C@H](NC(=O)[C@H](Cc1ccccc1)NC(=O)[C@H](CCC(=O)O)NC(=O)[C@H](CCC(=O)O)NC(=O)[C@H](CS)NC(=O)[C@H](CCC(N)=O)NC(=O)[C@H](CCCNC(=N)N)NC(=O)[C@@H](NC(=O)[C@H](Cc1ccccc1)NC(=O)[C@@H](NC(=O)[C@H](CC(N)=O)NC(=O)[C@H](Cc1ccccc1)NC(=O)[C@H](Cc1ccccc1)NC(=O)[C@H](Cc1c[nH]c2ccccc12)NC(=O)[C@H](CCCNC(=N)N)NC(=O)[C@@H]1CCCN1C(=O)[C@H](Cc1cnc[nH]1)NC(=O)[C@H](C)NC(=O)[C@H](C)NC(=O)[C@H](CCCNC(=N)N)NC(=O)[C@H](CS)NC(=O)[C@@H]1CCCN1C(=O)CNC(=O)[C@H](CC(=O)O)NC(=O)[C@H](CC(=O)O)NC(=O)[C@H](C)NC(=O)[C@H](CCCCN)NC(=O)[C@H](Cc1ccccc1)NC(=O)[C@H](C)NC(=O)[C@H](CS)NC(=O)[C@H](Cc1ccccc1)NC(=O)[C@H](CO)NC(=O)[C@H](Cc1cnc[nH]1)NC(=O)[C@H](CCSC)NC(=O)[C@H](C)NC(=O)[C@@H](N)CCC(=O)O)[C@@H](C)CC)[C@@H](C)O)C(=O)N[C@@H](Cc1ccc(O)cc1)C(=O)NCC(=O)NCC(=O)N[C@@H](CS)C(=O)N[C@@H](CCC(=O)O)C(=O)NCC(=O)N[C@@H](CC(N)=O)C(=O)N[C@@H](CCC(N)=O)C(=O)N[C@@H](CC(N)=O)C(=O)N[C@@H](CCCNC(=N)N)C(=O)N[C@@H](Cc1ccccc1)C(=O)N[C@@H](CCC(=O)O)C(=O)N[C@@H](CO)C(=O)N[C@@H](CC(C)C)C(=O)N[C@@H](CCC(=O)O)C(=O)N[C@@H](CCC(=O)O)C(=O)N[C@@H](CS)C(=O)N[C@@H](CCCCN)C(=O)N[C@@H](CCCCN)C(=O)N[C@@H](CCSC)C(=O)N[C@@H](CS)C(=O)N[C@H](C(=O)N[C@@H](CCCNC(=N)N)C(=O)N[C@@H](CC(=O)O)C(=O)O)[C@@H](C)O,O=C(CCc1cnc[nH]1)NCC(=O)NC(Cc1ccccc1)C(=O)NCC(=O)NCC(=O)NC(Cc1ccccc1)C(=O)NCC(=O)NCC(=O)NCC(=O)NCC(=O)NCC(=O)N1CCCC1C(=O)NCC(=O)NCC(=O)NCC(=O)NCC(=O)NC(Cc1cnc[nH]1)C(=O)N1CCCC1C(=O)NCC(=O)NC(Cc1c[nH]c2ccccc12)C(=O)NC(Cc1ccccc1)C(=O)NC(Cc1ccccc1)C(=O)NCC(=O)NCC(=O)NC(Cc1ccccc1)C(=O)NCC(=O)NCC(=O)NCC(=O)NCC(=O)NCC(=O)NCC(=O)NC(Cc1ccccc1)C(=O)NCC(=O)NC(Cc1ccccc1)C(=O)NCC(=O)NCC(=O)NCC(=O)NCC(=O)NCC(=O)NCC(=O)NCC(=O)NCC(=O)NCC(=O)NCCc1ccccc1,47,0,0,0,0,1,0,1,0,1,0,0,1,0,0,0,0,1,0,1,0,0,0,0,0,0,1,1
CCCC1=NC(=C2N1NC(=NC2=O)C3=C(C=CC(=C3)S(=O)(=O)N4CCN(CC4)CC)OCC)C,CCCc1nc(C)c2c(=O)nc(-c3cc(S(=O)(=O)N4CCN(CC)CC4)ccc3OCC)[nH]n12,O=c1nc(-c2cccc(S(=O)(=O)N3CCNCC3)c2)[nH]n2cncc12,48,1,0,0,1,1,1,1,0,1,1,0,1,0,0,1,0,1,0,1,1,1,1,0,1,1,1,1
CN1CC(=O)N2[C@@H](C1=O)CC3=C([C@H]2C4=CC5=C(C=C4)OCO5)NC6=CC=CC=C36,CN1CC(=O)N2[C@H](c3ccc4c(c3)OCO4)c3[nH]c4ccccc4c3C[C@@H]2C1=O,O=C1NCC(=O)N2C1Cc1c([nH]c3ccccc13)C2c1ccc2c(c1)OCO2,49,0,0,0,1,1,1,1,0,1,1,0,1,0,0,1,0,1,0,1,1,1,1,0,1,1,1,1
I,I,,50,0,0,0,1,1,1,1,0,1,1,1,1,1,0,1,1,1,1,1,1,1,0,0,0,1,1,1
[Ca+2],[Ca+2],,51,0,1,0,0,0,0,1,0,1,0,0,1,0,1,1,0,1,0,1,0,1,0,0,0,1,1,0
C[C@]12CCC(=O)C=C1[C@@H]3C[C@@H]3[C@@H]4[C@@H]2CC[C@]5([C@H]4[C@@H]6C[C@@H]6[C@@]57CCC(=O)O7)C.C[C@]12CC[C@H]3[C@H]([C@@H]1CC[C@]2(C#C)O)CCC4=C3C=CC(=C4)O,C#C[C@]1(O)CC[C@H]2[C@@H]3CCc4cc(O)ccc4[C@H]3CC[C@@]21C.C[C@]12CCC(=O)C=C1[C@@H]1C[C@@H]1[C@H]1[C@@H]3[C@@H]4C[C@@H]4[C@@]4(CCC(=O)O4)[C@@]3(C)CC[C@@H]12,O=C1C=C2C(CC1)C1CCC3C(C4CC4C34CCC(=O)O4)C1C1CC21.c1ccc2c(c1)CCC1C2CCC2CCCC21,52,0,0,0,0,1,0,1,0,0,1,0,0,0,0,1,0,1,0,0,0,1,0,0,0,1,1,0
C,C,,53,0,1,0,0,0,0,1,0,0,0,0,0,0,0,0,0,0,0,0,1,0,0,0,0,0,0,0
C1=CC(=CC=C1C(C(CO)NC(=O)C(Cl)Cl)O)[N+](=O)[O-],O=C(NC(CO)C(O)c1ccc([N+](=O)[O-])cc1)C(Cl)Cl,c1ccccc1,54,0,0,0,1,1,0,1,0,1,0,1,1,0,0,1,1,1,0,1,1,1,1,0,0,1,1,0
CC(CCC(=O)O)C1CCC2C1(C(CC3C2C(CC4C3(CCC(C4)O)C)O)O)C,CC(CCC(=O)O)C1CCC2C3C(O)CC4CC(O)CCC4(C)C3CC(O)C12C,C1CCC2C(C1)CCC1C3CCCC3CCC21,55,1,0,0,0,1,0,1,0,0,0,0,1,0,0,0,0,1,0,0,0,0,0,0,0,0,1,0
CC1=NC=CN1.C1C(O1)CCl,Cc1ncc[nH]1,c1c[nH]cn1,56,1,1,0,0,1,1,1,0,0,0,0,1,1,0,1,0,1,0,1,0,1,0,0,0,1,1,0
C[N+](C)(C)CCO,C[N+](C)(C)CCO,,57,0,0,0,0,0,0,0,0,0,0,0,1,0,0,0,0,0,0,0,0,0,0,0,0,0,0,0
C(C(=O)O)C(CC(=O)O)(C(=O)O)O,O=C(O)CC(O)(CC(=O)O)C(=O)O,,58,1,1,0,0,1,0,1,0,0,0,0,1,0,0,1,0,0,0,0,0,1,0,0,0,0,1,1
[Cl-],Cl,,59,0,1,0,0,1,0,1,0,0,0,0,1,0,0,1,0,1,0,1,0,0,0,0,0,0,0,0
COC1=CC=C(C=C1)N2C3=C(CCN(C3=O)C4=CC=C(C=C4)N5CCCCC5=O)C(=N2)C(=O)N,COc1ccc(-n2nc(C(N)=O)c3c2C(=O)N(c2ccc(N4CCCCC4=O)cc2)CC3)cc1,O=C1CCCCN1c1ccc(N2CCc3cnn(-c4ccccc4)c3C2=O)cc1,60,1,1,0,1,1,1,1,0,1,1,0,1,0,0,1,1,1,0,0,1,0,1,0,0,0,1,1
CCOC1=CC=CC=C1O[C@H]([C@@H]2CNCCO2)C3=CC=CC=C3,CCOc1ccccc1O[C@@H](c1ccccc1)[C@@H]1CNCCO1,c1ccc(OC(c2ccccc2)C2CNCCO2)cc1,61,0,1,0,1,1,1,1,1,1,1,0,1,0,0,1,1,1,0,1,1,1,1,0,1,1,1,1
C1=CC2=C(C(=C1)Cl)SC=C2COC(CN3C=CN=C3)C4=C(C=C(C=C4)Cl)Cl,Clc1ccc(C(Cn2ccnc2)OCc2csc3c(Cl)cccc23)c(Cl)c1,c1ccc(C(Cn2ccnc2)OCc2csc3ccccc23)cc1,62,0,0,0,0,0,0,0,0,0,0,0,1,0,0,0,0,1,0,0,0,0,0,0,0,0,0,0
CC1=C(C(C(=C(N1)C)C(=O)OC(C)(C)CN(C)CCC(C2=CC=CC=C2)C3=CC=CC=C3)C4=CC(=CC=C4)[N+](=O)[O-])C(=O)OC,COC(=O)C1=C(C)NC(C)=C(C(=O)OC(C)(C)CN(C)CCC(c2ccccc2)c2ccccc2)C1c1cccc([N+](=O)[O-])c1,O=C(OCCNCCC(c1ccccc1)c1ccccc1)C1=CNC=CC1c1ccccc1,63,1,1,0,1,1,1,1,0,1,1,0,1,0,0,1,1,1,0,1,1,1,1,0,1,1,1,1
C1=CC=C(C(=C1)C(=O)O)O,O=C(O)c1ccccc1O,c1ccccc1,64,1,1,0,0,1,0,1,0,0,0,1,1,0,0,0,0,1,0,0,1,1,0,0,1,0,1,1
CC1=CC=CN2C1=NC=C(C2=O)C3=NNN=N3,Cc1cccn2c(=O)c(-c3nn[nH]n3)cnc12,O=c1c(-c2nn[nH]n2)cnc2ccccn12,65,0,0,0,1,1,1,0,0,1,1,0,1,0,0,0,0,0,0,1,1,0,0,0,0,0,1,0
CC1=CC(=C(C(=C1C=CC(=CC=CC(=CC(=O)O)C)C)C)C)OC,COc1cc(C)c(C=CC(C)=CC=CC(C)=CC(=O)O)c(C)c1C,c1ccccc1,66,1,1,0,1,1,1,1,1,1,1,1,1,0,0,1,1,1,1,1,1,1,1,0,1,1,1,1
C1C(C(=O)NO1)N,NC1CONC1=O,O=C1CCON1,67,0,0,0,0,0,1,0,0,1,0,0,1,0,0,0,0,1,0,0,0,1,0,0,1,1,1,1
CCN(CC)CCOC(=O)C1=C(C=C(C=C1)N)Cl,CCN(CC)CCOC(=O)c1ccc(N)cc1Cl,c1ccccc1,68,0,1,0,1,1,1,1,0,0,0,0,0,0,1,1,0,1,1,0,1,1,0,0,1,1,1,1
CCOC1=CC=CC=C1OCCN[C@@H](C)CC2=CC(=C(C=C2)OC)S(=O)(=O)N.Cl,CCOc1ccccc1OCCN[C@@H](C)Cc1ccc(OC)c(S(N)(=O)=O)c1,c1ccc(CCNCCOc2ccccc2)cc1,69,0,1,0,1,1,1,1,0,1,1,0,1,0,0,1,0,1,1,1,1,1,1,0,1,1,1,1
CC(C(=O)C1=CC(=CC=C1)Cl)NC(C)(C)C,CC(NC(C)(C)C)C(=O)c1cccc(Cl)c1,c1ccccc1,70,1,1,0,1,1,1,1,1,1,1,1,1,1,1,1,1,1,0,1,1,1,1,1,1,1,1,1
CC12CCC3C(C1CCC2O)CCC4=C3C=CC(=C4)O,CC12CCC3c4ccc(O)cc4CCC3C1CCC2O,c1ccc2c(c1)CCC1C2CCC2CCCC21,71,1,1,0,1,1,1,1,1,1,1,1,1,1,1,1,1,1,1,1,1,1,1,1,1,1,1,1
C(C(C(C(C(CO)O)O)O)O)O,OCC(O)C(O)C(O)C(O)CO,,72,0,1,0,1,1,1,1,0,1,0,0,1,0,0,1,0,1,0,1,1,1,1,0,1,1,1,1
CC[C@@H]([C@H](C)O)N1C(=O)N(C=N1)C2=CC=C(C=C2)N3CCN(CC3)C4=CC=C(C=C4)OCC5C[C@](OC5)(CN6C=NC=N6)C7=C(C=C(C=C7)F)F,CC[C@@H]([C@H](C)O)n1ncn(-c2ccc(N3CCN(c4ccc(OCC5CO[C@@](Cn6cncn6)(c6ccc(F)cc6F)C5)cc4)CC3)cc2)c1=O,O=c1[nH]ncn1-c1ccc(N2CCN(c3ccc(OCC4COC(Cn5cncn5)(c5ccccc5)C4)cc3)CC2)cc1,73,1,1,0,1,1,1,1,1,1,1,1,1,1,1,1,1,1,0,1,1,1,1,0,1,1,1,1
CC(C)CN(C[C@H]([C@H](CC1=CC=CC=C1)NC(=O)O[C@H]2CCOC2)OP(=O)([O-])[O-])S(=O)(=O)C3=CC=C(C=C3)N.[Ca+2],CC(C)CN(C[C@@H](OP(=O)(O)O)[C@H](Cc1ccccc1)NC(=O)O[C@H]1CCOC1)S(=O)(=O)c1ccc(N)cc1,O=C(NC(CCNS(=O)(=O)c1ccccc1)Cc1ccccc1)OC1CCOC1,74,0,1,0,0,1,1,1,0,1,1,0,1,1,0,1,1,1,0,1,0,0,1,0,0,1,1,0
C1=CC=C2C(=C1)C(=O)OC23C4=C(C=C(C=C4)O)OC5=C3C=CC(=C5)O,O=C1OC2(c3ccc(O)cc3Oc3cc(O)ccc32)c2ccccc21,O=C1OC2(c3ccccc3Oc3ccccc32)c2ccccc21,75,0,0,0,1,0,0,1,0,1,1,1,1,0,1,1,0,1,0,0,1,0,1,0,0,1,1,1
CCC1=NC=CC(=C1)C(=S)N,CCc1cc(C(N)=S)ccn1,c1ccncc1,76,1,1,0,1,1,0,1,0,1,1,0,0,1,0,1,1,1,0,0,0,1,0,0,0,0,1,0
C1C(C(OC1N2C=NC(=NC2=O)N)CO)O,Nc1ncn(C2CC(O)C(CO)O2)c(=O)n1,O=c1ncncn1C1CCCO1,77,1,1,0,1,1,1,1,0,1,0,1,1,0,0,1,1,1,0,1,1,1,1,0,1,1,1,1
C1=CC=C(C=C1)C2=NC3=C(N=C2N)N=C(N=C3N)N,Nc1nc(N)c2nc(-c3ccccc3)c(N)nc2n1,c1ccc(-c2cnc3ncncc3n2)cc1,78,1,1,0,0,1,0,1,0,1,0,0,1,0,0,0,1,1,0,0,0,0,1,0,0,0,1,1
CC1=C(C(=O)N2CCCC(C2=N1)O)CCN3CCC(CC3)C4=NOC5=C4C=CC(=C5)F,Cc1nc2n(c(=O)c1CCN1CCC(c3noc4cc(F)ccc34)CC1)CCCC2O,O=c1c(CCN2CCC(c3noc4ccccc34)CC2)cnc2n1CCCC2,79,1,1,0,1,1,1,1,1,1,1,1,1,1,1,1,1,1,1,1,1,1,1,1,1,1,1,1
C(CCC(=O)O)CCN,NCCCCCC(=O)O,,80,0,0,0,1,1,1,1,0,1,0,0,1,0,0,1,1,1,0,0,1,1,1,0,1,1,1,1
CC(=O)NC(CS)C(=O)O,CC(=O)NC(CS)C(=O)O,,81,0,0,0,1,1,0,1,1,1,0,0,1,0,0,1,0,1,0,1,1,1,0,0,1,1,1,0
CN1CCC23C4C1CC5=C2C(=C(C=C5)OC)OC3C(C=C4)O,COc1ccc2c3c1OC1C(O)C=CC4C(C2)N(C)CCC341,C1=CC2C3Cc4cccc5c4C2(CCN3)C(C1)O5,82,1,1,0,1,1,1,1,0,1,1,0,1,0,1,1,0,1,0,1,1,1,1,0,1,1,1,1
C1=CN(C(=O)N=C1N)C2C(C(C(O2)CO)O)O,Nc1ccn(C2OC(CO)C(O)C2O)c(=O)n1,O=c1ncccn1C1CCCO1,83,1,1,0,1,1,1,1,0,1,0,1,1,0,0,1,1,1,0,1,1,1,1,0,1,1,1,1
C(CS(=O)(=O)O)S,O=S(=O)(O)CCS,,84,1,1,0,1,1,1,1,0,1,0,0,1,0,0,1,1,1,0,1,1,1,1,0,0,1,1,1
CNC1=CC=C(C=C1)/C=C/C2=CN=C(C=C2)OCCOCCOCC[18F],CNc1ccc(/C=C/c2ccc(OCCOCCOCC[18F])nc2)cc1,C(=Cc1cccnc1)c1ccccc1,85,0,0,0,0,1,1,1,0,0,0,1,1,0,0,1,0,1,0,0,0,1,0,0,0,0,1,0
CC(C(=O)O)O,CC(O)C(=O)O,,86,0,0,0,0,0,0,0,0,0,0,0,1,0,0,0,0,1,1,0,0,0,0,0,0,0,0,0
CN1C2=C(C(=O)N(C1=O)C)NC=N2.C[N+](C)(C)CCO,Cn1c(=O)c2[nH]cnc2n(C)c1=O,O=c1[nH]c(=O)c2[nH]cnc2[nH]1,87,0,1,0,0,0,1,1,0,0,0,0,0,1,0,1,1,1,0,0,1,1,1,0,0,1,1,1
C#CCC(CC1=CN=C2C(=N1)C(=NC(=N2)N)N)C3=CC=C(C=C3)C(=O)N[C@@H](CCC(=O)O)C(=O)O,C#CCC(Cc1cnc2nc(N)nc(N)c2n1)c1ccc(C(=O)N[C@@H](CCC(=O)O)C(=O)O)cc1,c1ccc(CCc2cnc3ncncc3n2)cc1,88,0,1,0,0,1,1,1,0,0,0,1,1,0,0,0,1,1,0,1,1,0,1,0,0,1,0,1
C1CC(=O)C(C(=O)C1)C(=O)C2=C(C=C(C=C2)C(F)(F)F)[N+](=O)[O-],O=C1CCCC(=O)C1C(=O)c1ccc(C(F)(F)F)cc1[N+](=O)[O-],O=C1CCCC(=O)C1C(=O)c1ccccc1,89,1,1,0,1,1,0,1,0,0,1,1,1,0,0,1,1,1,1,1,1,1,0,0,0,1,1,1
C1=CC=C(C=C1)C(=C(C2=CC=CC=C2)C3=CC=C(C=C3)OCCO)CCCl,OCCOc1ccc(C(=C(CCCl)c2ccccc2)c2ccccc2)cc1,C(=C(c1ccccc1)c1ccccc1)c1ccccc1,90,0,0,0,0,0,1,0,0,0,1,1,0,0,0,1,0,1,0,0,0,0,0,0,0,1,1,0
[H+].[H+].CNC[C@@H]([C@H]([C@@H]([C@@H](CO)O)O)O)O.CNC[C@@H]([C@H]([C@@H]([C@@H](CO)O)O)O)O.C1=CC=C(C=C1)COCC(C(=O)[O-])N(CCN(CCN(CC(=O)[O-])CC(=O)[O-])CC(=O)[O-])CC(=O)[O-].[Gd+3],O=C(O)CN(CCN(CC(=O)O)CC(=O)O)CCN(CC(=O)O)C(COCc1ccccc1)C(=O)O,c1ccccc1,91,1,1,0,1,1,1,1,0,1,0,0,1,0,1,1,1,1,0,1,1,1,1,0,1,1,1,1
CN1C[C@@H]2C(C1)C3=CC=CC=C3OC4=C2C=C(C=C4)Cl,CN1CC2c3ccccc3Oc3ccc(Cl)cc3[C@@H]2C1,c1ccc2c(c1)Oc1ccccc1C1CNCC21,92,1,1,0,1,1,1,1,0,1,1,0,1,1,0,1,1,1,0,0,1,1,0,1,0,1,1,1
CS(=O)C,CS(C)=O,,93,0,0,0,0,0,0,0,0,0,0,0,1,0,0,0,0,0,0,0,0,0,0,0,0,0,0,1
C1=CC(=C(C=C1CCN)O)O,NCCc1ccc(O)c(O)c1,c1ccccc1,94,0,0,0,0,1,0,1,0,0,1,0,1,0,0,1,0,1,0,1,1,1,1,0,0,1,1,0
CC12CCC3C(C1CCC2=O)CCC4=C3C=CC(=C4)O,CC12CCC3c4ccc(O)cc4CCC3C1CCC2=O,O=C1CCC2C1CCC1c3ccccc3CCC12,95,1,1,0,1,1,1,1,0,1,1,1,1,0,0,1,0,1,1,1,1,1,0,0,0,1,1,0
CC12CCC3C(C1CCC2=O)CCC4=C3C=CC(=C4)OS(=O)(=O)O,CC12CCC3c4ccc(OS(=O)(=O)O)cc4CCC3C1CCC2=O,O=C1CCC2C1CCC1c3ccccc3CCC12,96,1,1,0,1,1,1,1,0,1,1,1,1,0,0,1,0,1,1,1,1,1,0,0,1,1,1,1
C(CO)N,NCCO,,97,0,0,0,1,1,0,1,0,1,0,0,1,0,0,1,1,0,0,1,1,0,1,0,0,0,1,1
C[C@]12CC[C@H]3[C@H]([C@@H]1CC[C@@H]2O)CCC4=C3C=CC(=C4)O.C[C@]12CC[C@H]3[C@H]([C@@H]1C[C@H]([C@@H]2O)O)CCC4=C3C=CC(=C4)O,C[C@]12CC[C@@H]3c4ccc(O)cc4CC[C@H]3[C@@H]1CC[C@@H]2O.C[C@]12CC[C@@H]3c4ccc(O)cc4CC[C@H]3[C@@H]1C[C@@H](O)[C@@H]2O,c1ccc2c(c1)CCC1C2CCC2CCCC21.c1ccc2c(c1)CCC1C2CCC2CCCC21,98,1,0,0,1,1,1,1,0,1,1,1,1,0,0,1,0,1,0,1,1,1,0,0,0,1,1,0
CC(C)OC(=O)CCCC=CC[C@H]1[C@H](C[C@H]([C@@H]1C=CC(COC2=CC=CC(=C2)C(F)(F)F)O)O)O,CC(C)OC(=O)CCCC=CC[C@@H]1[C@@H](C=CC(O)COc2cccc(C(F)(F)F)c2)[C@H](O)C[C@@H]1O,C(=CC1CCCC1)CCOc1ccccc1,99,0,1,0,1,1,1,1,0,1,1,1,1,0,0,1,0,1,0,1,1,1,1,0,1,1,1,1
CC(=O)OC1=CC=CC=C1C(=O)NC2=NC=C(S2)[N+](=O)[O-],CC(=O)Oc1ccccc1C(=O)Nc1ncc([N+](=O)[O-])s1,O=C(Nc1nccs1)c1ccccc1,100,0,1,0,0,1,1,1,0,1,1,0,1,0,0,1,1,1,0,1,1,1,1,0,1,1,1,0
CN(C)CCC1=CNC2=C1C=C(C=C2)CS(=O)(=O)N3CCCC3,CN(C)CCc1c[nH]c2ccc(CS(=O)(=O)N3CCCC3)cc12,O=S(=O)(Cc1ccc2[nH]ccc2c1)N1CCCC1,101,0,1,0,1,1,1,1,1,1,1,0,1,0,1,1,0,1,0,1,1,1,0,0,1,1,1,1
C1(C(C(C(C(C1Cl)Cl)Cl)Cl)Cl)Cl,ClC1C(Cl)C(Cl)C(Cl)C(Cl)C1Cl,C1CCCCC1,102,0,0,0,0,0,0,0,0,0,0,0,1,0,0,0,0,1,0,0,0,0,0,0,0,0,1,1
C1CC2C(=O)NC(CSSCCC(=O)NC(C(=O)NCC(=O)NC(C(=O)NC(C(=O)N2C1)CC3=CNC4=CC=CC=C43)CC(=O)O)CCCCN=C(N)N)C(=O)N,NC(=O)C1CSSCCC(=O)NC(CCCCN=C(N)N)C(=O)NCC(=O)NC(CC(=O)O)C(=O)NC(Cc2c[nH]c3ccccc23)C(=O)N2CCCC2C(=O)N1,O=C1CCSSCCNC(=O)C2CCCN2C(=O)C(Cc2c[nH]c3ccccc23)NC(=O)CNC(=O)CNC(=O)CN1,103,1,0,0,0,1,0,1,0,1,0,1,1,0,0,1,1,1,1,1,1,0,1,0,0,1,1,1
CO[C@@H]1[C@@H]([C@H]([C@@H]([C@H](O1)COS(=O)(=O)[O-])O[C@H]2[C@@H]([C@H]([C@@H]([C@@H](O2)C(=O)[O-])O[C@@H]3[C@@H]([C@H](C([C@H](O3)COS(=O)(=O)[O-])O[C@H]4[C@@H]([C@H]([C@@H]([C@H](O4)C(=O)[O-])O[C@@H]5[C@@H]([C@H]([C@@H]([C@H](O5)COS(=O)(=O)[O-])O)O)NS(=O)(=O)[O-])O)O)OS(=O)(=O)[O-])NS(=O)(=O)[O-])O)OS(=O)(=O)[O-])O)NS(=O)(=O)[O-].[Na+].[Na+].[Na+].[Na+].[Na+].[Na+].[Na+].[Na+].[Na+].[Na+],CO[C@H]1O[C@H](COS(=O)(=O)O)[C@@H](O[C@@H]2O[C@@H](C(=O)O)[C@@H](O[C@H]3O[C@H](COS(=O)(=O)O)C(O[C@@H]4O[C@H](C(=O)O)[C@@H](O[C@H]5O[C@H](COS(=O)(=O)O)[C@@H](O)[C@H](O)[C@H]5NS(=O)(=O)O)[C@H](O)[C@H]4O)[C@H](OS(=O)(=O)O)[C@H]3NS(=O)(=O)O)[C@H](O)[C@H]2OS(=O)(=O)O)[C@H](O)[C@H]1NS(=O)(=O)O,C1CCC(OC2CCC(OC3CCC(OC4CCC(OC5CCCOC5)OC4)OC3)OC2)OC1,104,1,1,1,1,1,1,1,0,1,1,0,1,0,1,1,1,1,0,1,1,1,1,0,1,1,1,1
CCC(=O)N(C1=CC=CC=C1)C2(CCN(CC2)CCC3=CC=CS3)COC,CCC(=O)N(c1ccccc1)C1(COC)CCN(CCc2cccs2)CC1,c1ccc(NC2CCN(CCc3cccs3)CC2)cc1,105,0,0,0,1,1,1,1,0,1,0,0,1,0,0,1,0,1,0,0,1,1,1,0,0,1,1,0
CC1CCC2CC(C(=CC=CC=CC(CC(C(=O)C(C(C(=CC(C(=O)CC(OC(=O)C3CCCCN3C(=O)C(=O)C1(O2)O)C(C)CC4CCC(C(C4)OC)OC(=O)C(C)(CO)CO)C)C)O)OC)C)C)C)OC,COC1CC2CCC(C)C(O)(O2)C(=O)C(=O)N2CCCCC2C(=O)OC(C(C)CC2CCC(OC(=O)C(C)(CO)CO)C(OC)C2)CC(=O)C(C)C=C(C)C(O)C(OC)C(=O)C(C)CC(C)C=CC=CC=C1C,O=C1CCC=CCC(=O)CC(CCC2CCCCC2)OC(=O)C2CCCCN2C(=O)C(=O)C2CCCC(CCC=CC=CC=CCCC1)O2,106,0,1,0,1,1,1,1,0,1,1,0,1,0,0,1,1,1,0,1,1,1,1,0,0,1,1,1
CC(C)(C)[C@@H](C(=O)N[C@@H](CC1=CC=CC=C1)[C@H](CN(CC2=CC=C(C=C2)C3=CC=CC=N3)NC(=O)[C@H](C(C)(C)C)NC(=O)OC)O)NC(=O)OC,COC(=O)N[C@H](C(=O)N[C@@H](Cc1ccccc1)[C@@H](O)CN(Cc1ccc(-c2ccccn2)cc1)NC(=O)[C@@H](NC(=O)OC)C(C)(C)C)C(C)(C)C,c1ccc(CCCCNCc2ccc(-c3ccccn3)cc2)cc1,107,1,1,0,1,1,1,1,1,1,1,0,1,1,0,1,1,1,0,1,1,1,1,0,1,1,1,1
C(CC(=O)N)C(C(=O)O)N,NC(=O)CCC(N)C(=O)O,,108,1,1,0,0,1,1,1,0,1,1,0,1,0,0,1,0,1,0,1,0,1,1,0,0,0,1,0
CC1=NC=C(C=C1)C2=NC=C(C=C2C3=CC=C(C=C3)S(=O)(=O)C)Cl,Cc1ccc(-c2ncc(Cl)cc2-c2ccc(S(C)(=O)=O)cc2)cn1,c1ccc(-c2cccnc2-c2cccnc2)cc1,109,1,1,0,1,1,1,1,0,1,1,1,1,0,0,1,1,1,0,1,1,1,1,0,1,1,1,1
C[C@@H]1C[C@H]2C3CCC4=CC(=O)C=C[C@@]4([C@]3([C@H](C[C@@]2([C@]1(C(=O)CCl)O)C)O)Cl)C,C[C@@H]1C[C@H]2C3CCC4=CC(=O)C=C[C@]4(C)[C@@]3(Cl)[C@@H](O)C[C@]2(C)[C@@]1(O)C(=O)CCl,O=C1C=CC2C(=C1)CCC1C3CCCC3CCC21,110,0,1,0,1,1,1,1,0,1,1,0,1,1,0,0,0,1,0,1,1,0,0,0,1,0,1,1
C[C@]12CCC(=O)C=C1C[C@H](C3[C@]24C(O4)C[C@]5([C@H]3CC[C@@]56CCC(=O)O6)C)C(=O)OC,COC(=O)[C@@H]1CC2=CC(=O)CC[C@]2(C)[C@@]23OC2C[C@@]2(C)[C@@H](CC[C@@]24CCC(=O)O4)C13,O=C1C=C2CCC3C4CCC5(CCC(=O)O5)C4CC4OC43C2CC1,111,1,1,0,0,1,1,1,0,0,1,0,1,1,0,1,1,1,0,1,1,1,1,0,1,1,1,1
CC1=C2C(=C(N(C1=O)C)NC3=C(C=C(C=C3)I)F)C(=O)N(C(=O)N2C4=CC(=CC=C4)NC(=O)C)C5CC5,CC(=O)Nc1cccc(-n2c(=O)n(C3CC3)c(=O)c3c(Nc4ccc(I)cc4F)n(C)c(=O)c(C)c32)c1,O=c1cc2c(c(Nc3ccccc3)[nH]1)c(=O)n(C1CC1)c(=O)n2-c1ccccc1,112,1,1,0,1,1,1,1,0,0,1,1,1,0,0,1,1,1,0,1,1,1,1,0,0,1,1,1
CCC(C)CC(C)CCCCCCCCC(=O)N[C@H]1C[C@@H]([C@H](NC(=O)C2[C@H](CCN2C(=O)[C@@H](NC(=O)[C@@H](NC(=O)[C@@H]3C[C@H](CN3C(=O)[C@@H](NC1=O)[C@@H](C)O)O)[C@@H]([C@H](C4=CC=C(C=C4)O)O)O)[C@@H](CCN)O)O)NCCN)O.CC(=O)O.CC(=O)O,CCC(C)CC(C)CCCCCCCCC(=O)N[C@H]1C[C@H](O)[C@@H](NCCN)NC(=O)C2[C@@H](O)CCN2C(=O)[C@H]([C@H](O)CCN)NC(=O)[C@H]([C@H](O)[C@@H](O)c2ccc(O)cc2)NC(=O)[C@@H]2C[C@@H](O)CN2C(=O)[C@H]([C@@H](C)O)NC1=O,O=C1CCCCNC(=O)C2CCCN2C(=O)CNC(=O)C(CCc2ccccc2)NC(=O)C2CCCN2C(=O)CN1,113,1,1,0,1,1,1,1,0,1,1,1,1,0,0,1,1,1,0,1,1,1,1,0,0,1,1,1
C(C(=O)O)N,NCC(=O)O,,114,0,1,0,1,0,1,1,0,1,0,0,1,0,0,1,0,1,0,1,1,0,1,0,1,1,1,1
COC1=C(C=C2C(=C1)N=CN=C2NC3=CC(=C(C=C3)F)Cl)OCCCN4CCOCC4,COc1cc2ncnc(Nc3ccc(F)c(Cl)c3)c2cc1OCCCN1CCOCC1,c1ccc(Nc2ncnc3ccc(OCCCN4CCOCC4)cc23)cc1,115,1,1,0,1,1,0,1,0,1,1,1,1,0,0,1,1,1,0,1,1,0,1,0,0,1,1,0
C(C(CO)O)O,OCC(O)CO,,116,0,0,0,1,0,0,0,0,1,0,0,1,0,0,1,0,1,0,1,1,0,0,0,0,1,1,0
CC(=O)O[C@]1(CC[C@@H]2[C@@]1(CC[C@H]3[C@H]2CCC4=CC(=O)CC[C@H]34)C)C#C.C[C@]12CC[C@H]3[C@H]([C@@H]1CC[C@@H]2O)CCC4=C3C=CC(=C4)O.C[C@]12CC[C@H]3[C@H]([C@@H]1C[C@H]([C@@H]2O)O)CCC4=C3C=CC(=C4)O,C#C[C@]1(OC(C)=O)CC[C@H]2[C@@H]3CCC4=CC(=O)CC[C@@H]4[C@H]3CC[C@@]21C.C[C@]12CC[C@@H]3c4ccc(O)cc4CC[C@H]3[C@@H]1CC[C@@H]2O.C[C@]12CC[C@@H]3c4ccc(O)cc4CC[C@H]3[C@@H]1C[C@@H](O)[C@@H]2O,O=C1C=C2CCC3C4CCCC4CCC3C2CC1.c1ccc2c(c1)CCC1C2CCC2CCCC21.c1ccc2c(c1)CCC1C2CCC2CCCC21,117,1,1,0,1,1,1,1,0,1,1,1,1,0,0,1,0,1,0,1,1,1,0,0,0,1,1,0
C1C[C@H]2CN(C(=O)C3=C2C(=CC=C3)C1)[C@@H]4CN5CCC4CC5,O=C1c2cccc3c2[C@@H](CCC3)CN1[C@@H]1CN2CCC1CC2,O=C1c2cccc3c2C(CCC3)CN1C1CN2CCC1CC2,118,1,1,0,1,1,1,1,0,1,1,0,1,0,0,1,1,1,0,1,1,1,1,0,1,1,1,1
C(=O)(O)O,O=C(O)O,,119,0,1,0,0,0,0,1,0,0,0,0,1,0,0,0,0,1,0,1,1,1,0,0,0,1,1,0
C[C@H](C1=CC=CC2=CC=CC=C21)NCCCC3=CC(=CC=C3)C(F)(F)F.Cl,C[C@@H](NCCCc1cccc(C(F)(F)F)c1)c1cccc2ccccc12,c1ccc(CCCNCc2cccc3ccccc23)cc1,120,0,1,0,0,1,1,1,0,1,0,1,1,1,0,1,1,1,0,1,1,1,1,0,0,1,1,1
CC(=O)NC1C(C(C(OC1O)COS(=O)(=O)O)OC2C(C(C(C(O2)C(=O)O)OC3C(C(C(C(O3)CO)OC4C(C(C(C(O4)C(=O)O)O)O)OS(=O)(=O)O)OS(=O)(=O)O)NS(=O)(=O)O)O)OS(=O)(=O)O)O,CC(=O)NC1C(O)OC(COS(=O)(=O)O)C(OC2OC(C(=O)O)C(OC3OC(CO)C(OC4OC(C(=O)O)C(O)C(O)C4OS(=O)(=O)O)C(OS(=O)(=O)O)C3NS(=O)(=O)O)C(O)C2OS(=O)(=O)O)C1O,C1CCC(OC2CCC(OC3CCC(OC4CCCOC4)OC3)OC2)OC1,121,1,1,0,0,1,1,1,0,1,0,0,1,0,0,1,1,1,0,1,1,1,1,0,0,1,1,1
C1=C(NC=N1)CCN,NCCc1cnc[nH]1,c1c[nH]cn1,122,0,1,0,0,1,1,1,0,1,1,1,1,1,0,1,1,1,0,1,1,1,0,0,1,1,1,0
CCCCC(=O)OCC(=O)[C@]1(C[C@@H](C2=C(C3=C(C(=C2C1)O)C(=O)C4=C(C3=O)C(=CC=C4)OC)O)OC5CC(C(C(O5)C)O)NC(=O)C(F)(F)F)O,CCCCC(=O)OCC(=O)[C@]1(O)Cc2c(O)c3c(c(O)c2[C@@H](OC2CC(NC(=O)C(F)(F)F)C(O)C(C)O2)C1)C(=O)c1c(OC)cccc1C3=O,O=C1c2ccccc2C(=O)c2cc3c(cc21)CCCC3OC1CCCCO1,123,0,1,0,0,1,1,1,0,0,1,0,1,0,1,0,1,1,0,1,0,1,1,0,0,0,1,0
C1=CC(=CC=C1O)O,Oc1ccc(O)cc1,c1ccccc1,124,0,0,0,0,0,0,0,0,1,0,0,1,0,0,0,0,1,0,0,0,0,0,0,0,0,0,0
CCOC1=C(C2=CC=CC=C2C=C1)C(=O)N[C@H]3[C@@H]4N(C3=O)[C@H](C(S4)(C)C)C(=O)O,CCOc1ccc2ccccc2c1C(=O)N[C@@H]1C(=O)N2[C@@H]1SC(C)(C)[C@@H]2C(=O)O,O=C(NC1C(=O)N2CCSC12)c1cccc2ccccc12,125,1,0,0,0,1,1,1,0,1,0,0,1,0,0,1,1,1,0,1,1,0,1,0,0,0,0,0
[K+],[K+],,126,0,1,0,0,1,0,1,0,0,0,0,1,0,0,1,0,1,0,1,1,1,0,1,0,1,1,1
C[C@@H]1[C@H]([C@@H]([C@H]([C@H](O1)O[C@@H]2[C@H](O[C@@H]([C@@H]([C@H]2O)O)O[C@@H]3[C@H](OC([C@@H]([C@H]3O)O)O)CO)CO)O)O)N[C@H]4C=C([C@H]([C@@H]([C@H]4O)O)O)CO,C[C@H]1O[C@H](O[C@H]2[C@H](O)[C@@H](O)[C@@H](O[C@H]3[C@H](O)[C@@H](O)C(O)O[C@@H]3CO)O[C@@H]2CO)[C@H](O)[C@@H](O)[C@@H]1N[C@H]1C=C(CO)[C@@H](O)[C@H](O)[C@H]1O,C1=CC(NC2CCC(OC3CCC(OC4CCCOC4)OC3)OC2)CCC1,127,1,0,0,0,1,0,1,0,1,0,0,1,0,0,1,1,1,0,0,0,0,0,0,0,0,0,1
C1C(C(C(C(C1N)OC2C(C(C(C(O2)CN)O)O)O)O)OC3C(C(C(C(O3)CO)O)N)O)N,NCC1OC(OC2C(N)CC(N)C(OC3OC(CO)C(O)C(N)C3O)C2O)C(O)C(O)C1O,C1CCC(OC2CCCC(OC3CCCCO3)C2)OC1,128,0,0,0,0,1,0,1,0,0,0,0,1,0,0,0,0,1,0,0,1,0,1,0,1,0,1,1
CC1=CC(=CC=C1)NC2=C(C=NC=C2)S(=O)(=O)NC(=O)NC(C)C,Cc1cccc(Nc2ccncc2S(=O)(=O)NC(=O)NC(C)C)c1,c1ccc(Nc2ccncc2)cc1,129,0,1,0,0,1,1,1,0,0,1,0,1,0,0,1,1,1,0,1,1,1,0,0,0,1,1,1
C1CC(N(C1)C(=O)CNC23CC4CC(C2)CC(C4)(C3)O)C#N,N#CC1CCCN1C(=O)CNC12CC3CC(CC(O)(C3)C1)C2,O=C(CNC12CC3CC(CC(C3)C1)C2)N1CCCC1,130,1,1,0,0,1,1,1,0,0,0,0,1,0,0,1,0,1,0,1,0,0,0,0,0,0,1,0
CNCC(C1=CC(=C(C=C1)O)O)O,CNCC(O)c1ccc(O)c(O)c1,c1ccccc1,131,0,1,0,1,1,0,1,0,0,0,0,1,0,0,1,0,1,0,1,1,1,1,0,0,1,1,1
CCC#CC(C)C1(C(=O)NC(=O)N(C1=O)C)CC=C,C=CCC1(C(C)C#CCC)C(=O)NC(=O)N(C)C1=O,O=C1CC(=O)NC(=O)N1,132,0,0,0,0,1,1,1,0,1,0,0,1,0,0,1,0,1,0,1,1,1,0,0,0,1,1,1
C(P(=O)(O)O)(P(=O)(O)O)(Cl)Cl,O=P(O)(O)C(Cl)(Cl)P(=O)(O)O,,133,1,1,0,0,1,1,1,0,1,0,1,1,1,0,0,1,1,0,1,1,0,1,0,0,1,0,1
C1=C(C=C(C(=C1I)OC2=CC(=C(C(=C2)I)O)I)I)CC(C(=O)O)N,NC(Cc1cc(I)c(Oc2cc(I)c(O)c(I)c2)c(I)c1)C(=O)O,c1ccc(Oc2ccccc2)cc1,134,0,1,0,0,1,1,1,0,1,1,0,1,1,0,1,0,1,1,0,1,1,0,0,0,1,1,1
C1=CC(=C(C=C1OC2=C(C=C(C=C2I)CC(C(=O)O)N)I)I)O,NC(Cc1cc(I)c(Oc2ccc(O)c(I)c2)c(I)c1)C(=O)O,c1ccc(Oc2ccccc2)cc1,135,0,0,0,0,1,1,0,0,0,0,0,0,0,0,1,0,0,0,0,0,0,0,0,0,1,0,0
[Mg+2],[Mg+2],,136,0,1,0,0,1,0,0,0,0,0,0,1,0,0,1,0,1,0,0,1,0,0,0,0,0,1,1
CC(=O)NCCC1=CNC2=C1C=C(C=C2)OC,COc1ccc2[nH]cc(CCNC(C)=O)c2c1,c1ccc2[nH]ccc2c1,137,1,1,0,1,1,1,1,0,1,1,0,1,0,0,1,1,1,0,1,0,1,1,0,1,1,1,0
CCNC(=NCCCC[C@H](C(=O)N[C@@H](CC(C)C)C(=O)N[C@@H](CCCCN=C(NCC)NCC)C(=O)N1CCC[C@H]1C(=O)N[C@H](C)C(=O)N)NC(=O)[C@H](CC2=CC=C(C=C2)O)NC(=O)[C@H](CO)NC(=O)[C@@H](CC3=CN=CC=C3)NC(=O)[C@@H](CC4=CC=C(C=C4)Cl)NC(=O)[C@@H](CC5=CC6=CC=CC=C6C=C5)NC(=O)C)NCC,CCNC(=NCCCC[C@H](NC(=O)[C@H](CC(C)C)NC(=O)[C@@H](CCCCN=C(NCC)NCC)NC(=O)[C@H](Cc1ccc(O)cc1)NC(=O)[C@H](CO)NC(=O)[C@@H](Cc1cccnc1)NC(=O)[C@@H](Cc1ccc(Cl)cc1)NC(=O)[C@@H](Cc1ccc2ccccc2c1)NC(C)=O)C(=O)N1CCC[C@H]1C(=O)N[C@H](C)C(N)=O)NCC,O=C(CNC(=O)CNC(=O)C(Cc1ccccc1)NC(=O)CNC(=O)C(Cc1cccnc1)NC(=O)C(Cc1ccccc1)NC(=O)CCc1ccc2ccccc2c1)NCC(=O)N1CCCC1,138,0,0,0,0,0,1,1,0,1,1,1,1,0,0,0,0,1,1,0,1,0,1,1,0,0,1,1
[Na+],[Na+],,139,0,1,0,1,1,0,1,0,1,0,0,1,0,0,1,1,1,0,1,1,1,1,0,0,1,1,1
C1=CC(=C(C=C1C[C@@H](C(=O)O)N)O)O.C1=CC(=C(C(=C1CNNC(=O)C(CO)N)O)O)O,NC(CO)C(=O)NNCc1ccc(O)c(O)c1O,c1ccccc1,140,0,1,0,1,1,1,1,0,0,0,0,1,0,1,1,1,1,0,0,1,1,1,0,0,1,1,0
C1=CC(=CN=C1)C(=O)[O-],O=C(O)c1cccnc1,c1ccncc1,141,1,1,0,1,1,1,1,0,1,1,1,1,1,0,1,1,1,0,1,1,1,1,0,1,1,1,1
CCO.C[C@@H]1C2C(C3[C@@H](C(=O)C(=C([C@]3(C(=O)C2=C(C4=C1C=CC=C4O)O)O)O)C(=O)N)N(C)C)O.C[C@@H]1C2C(C3[C@@H](C(=O)C(=C([C@]3(C(=O)C2=C(C4=C1C=CC=C4O)O)O)O)C(=O)N)N(C)C)O.O.Cl.Cl,C[C@H]1c2cccc(O)c2C(O)=C2C(=O)[C@]3(O)C(O)=C(C(N)=O)C(=O)[C@@H](N(C)C)C3C(O)C21,O=C1C=CC2C(=O)C3=Cc4ccccc4CC3CC2C1,142,1,1,0,0,1,1,1,0,1,1,0,1,0,0,1,1,1,0,1,1,1,1,0,0,1,1,1
CN1CCCC1C2=CN=CC=C2,CN1CCCC1c1cccnc1,c1cncc(C2CCCN2)c1,143,0,1,0,1,1,1,1,1,1,1,0,1,1,0,1,0,1,0,1,1,1,1,0,1,1,1,1
N(=O)[O-],O=NO,,144,0,1,0,1,0,0,1,0,0,0,0,1,0,0,1,1,1,0,0,0,1,0,0,0,1,1,0
N#[N+][O-],N#[N+][O-],,145,0,1,0,0,1,0,1,0,0,0,0,1,0,1,1,1,0,0,0,1,1,0,1,0,1,1,1
CC(=O)[O-].[Na+],CC(=O)O,,34,0,1,0,0,1,1,1,0,0,0,0,1,0,0,1,0,0,0,1,1,1,0,0,0,1,1,1
C1=CC(=C(C=C1C(CN)O)O)O,NCC(O)c1ccc(O)c(O)c1,c1ccccc1,146,0,1,0,1,1,0,1,0,0,0,0,1,0,0,1,0,1,0,1,1,1,0,0,0,1,1,0
[OH-],O,,147,0,1,0,0,1,0,0,0,0,0,0,1,0,0,1,1,0,0,1,1,0,0,0,0,0,0,0
FS(F)(F)(F)(F)F,FS(F)(F)(F)(F)F,,148,0,0,0,1,1,1,1,0,1,0,0,1,0,0,1,0,1,0,1,1,1,0,0,0,1,1,0
OP(=O)(O)[O-],O=P(O)(O)O,,149,0,1,0,0,1,1,1,0,1,0,0,1,0,0,1,0,1,0,0,1,1,1,0,0,1,1,1
CN[C@@H]1CCC2=C(C1)C3=C(N2)C=CC(=C3)C(=O)N,CN[C@@H]1CCc2[nH]c3ccc(C(N)=O)cc3c2C1,c1ccc2c3c([nH]c2c1)CCCC3,150,0,1,0,1,1,1,1,1,1,1,0,1,0,1,1,1,1,0,1,1,1,1,0,1,1,1,1
C[C@H](C(=O)N1CCC[C@H]1C(=O)O)N[C@@H](CCC2=CC=CC=C2)C(=O)O,C[C@@H](N[C@@H](CCc1ccccc1)C(=O)O)C(=O)N1CCC[C@H]1C(=O)O,O=C(CNCCCc1ccccc1)N1CCCC1,151,1,1,0,1,1,1,1,0,1,1,0,1,0,0,1,1,1,0,1,1,1,1,0,1,1,1,0
CC/C=C\C/C=C\C/C=C\C/C=C\C/C=C\CCCC(=O)OCC.CC/C=C\C/C=C\C/C=C\C/C=C\C/C=C\C/C=C\CCC(=O)OCC,CC/C=C\C/C=C\C/C=C\C/C=C\C/C=C\C/C=C\CCC(=O)OCC.CC/C=C\C/C=C\C/C=C\C/C=C\C/C=C\CCCC(=O)OCC,,152,0,1,0,1,1,1,1,0,1,1,1,1,0,0,1,1,1,0,1,1,1,1,0,1,1,1,1
C1CN(CCN1CCCCC2=CNC3=C2C=C(C=C3)C#N)C4=CC5=C(C=C4)OC(=C5)C(=O)N.Cl,N#Cc1ccc2[nH]cc(CCCCN3CCN(c4ccc5oc(C(N)=O)cc5c4)CC3)c2c1,c1ccc2c(CCCCN3CCN(c4ccc5occc5c4)CC3)c[nH]c2c1,153,0,1,0,1,0,1,1,0,0,1,0,1,0,0,0,1,1,0,1,0,1,1,0,0,1,1,1
C=CC1=C(N2[C@@H]([C@@H](C2=O)NC(=O)C(=NO)C3=CSC(=N3)N)SC1)C(=O)O,C=CC1=C(C(=O)O)N2C(=O)[C@@H](NC(=O)C(=NO)c3csc(N)n3)[C@H]2SC1,N=C(C(=O)NC1C(=O)N2C=CCSC12)c1cscn1,154,1,1,0,0,1,1,1,1,1,1,0,1,0,0,1,1,1,0,1,1,1,1,0,0,1,1,1
C[C@H](C=C[C@H](C)C(C)(C)O)[C@H]1CC[C@@H]2[C@@]1(CCCC2=CC=C3C[C@H](C[C@@H](C3)O)O)C,C[C@H](C=C[C@H](C)C(C)(C)O)[C@H]1CC[C@H]2C(=CC=C3C[C@@H](O)C[C@H](O)C3)CCC[C@]12C,C(C=C1CCCC2CCCC12)=C1CCCCC1,155,0,1,0,1,1,1,1,0,1,1,1,1,1,1,1,1,1,0,1,1,1,1,0,1,1,1,1
C1=CN=C(C=N1)C(=O)N,NC(=O)c1cnccn1,c1cnccn1,156,1,1,0,0,1,1,1,0,1,0,1,1,0,0,0,1,1,1,0,0,0,1,0,0,0,0,0
CC1=NC=C(C(=C1O)CO)CO,Cc1ncc(CO)c(CO)c1O,c1ccncc1,157,0,0,0,0,0,0,1,0,0,0,0,0,0,0,0,0,0,0,0,0,0,0,0,0,0,1,0
COC1=CC2=C(C=CN=C2C=C1)C(C3CC4CCN3CC4C=C)O,C=CC1CN2CCC1CC2C(O)c1ccnc2ccc(OC)cc12,c1ccc2c(CC3CC4CCN3CC4)ccnc2c1,158,1,1,0,1,1,1,1,0,1,1,0,1,0,1,1,1,1,1,1,1,1,1,0,1,1,1,1
CC1=C(C(CCC1)(C)C)C=CC(=CC=CC(=CCO)C)C,CC(C=CC1=C(C)CCCC1(C)C)=CC=CC(C)=CCO,C1=CCCCC1,159,0,0,0,0,0,0,0,0,1,0,0,0,0,0,0,0,0,0,0,0,0,0,0,0,0,0,0
CCC(=O)OC1([C@@H](C[C@@H]2[C@@]1(C[C@@H](C3([C@H]2C[C@@H](C4=CC(=O)C=C[C@@]43C)F)F)O)C)C)C(=O)SCF.C1=CC=C(C=C1)CCCCOCCCCCCNCC(C2=CC(=C(C=C2)O)CO)O,CCC(=O)OC1(C(=O)SCF)[C@H](C)C[C@H]2[C@@H]3C[C@H](F)C4=CC(=O)C=C[C@]4(C)C3(F)[C@@H](O)C[C@@]21C.OCc1cc(C(O)CNCCCCCCOCCCCc2ccccc2)ccc1O,O=C1C=CC2C(=C1)CCC1C3CCCC3CCC21.c1ccc(CCCCOCCCCCCNCCc2ccccc2)cc1,160,0,1,0,1,0,1,0,0,1,0,0,0,1,0,0,0,1,0,1,1,1,0,0,0,1,1,1
CC[C@H](C)[C@@H](C(=O)N[C@@H](CCC(=O)O)C(=O)N[C@@H](CC1=CNC2=CC=CC=C21)C(=O)N[C@@H](CC(C)C)C(=O)N[C@@H](CCCCN)C(=O)N[C@@H](CC(=O)N)C(=O)NCC(=O)NCC(=O)N3CCC[C@H]3C(=O)N[C@@H](CO)C(=O)N[C@@H](CO)C(=O)NCC(=O)N[C@@H](C)C(=O)N4CCC[C@H]4C(=O)N5CCC[C@H]5C(=O)N[C@@H](CO)C(=O)N[C@@H](CCCCN)C(=O)N[C@@H](CCCCN)C(=O)N[C@@H](CCCCN)C(=O)N[C@@H](CCCCN)C(=O)N[C@@H](CCCCN)C(=O)N[C@@H](CCCCN)C(=O)N)NC(=O)[C@H](CC6=CC=CC=C6)NC(=O)[C@H](CC(C)C)NC(=O)[C@H](CCCNC(=N)N)NC(=O)[C@H](C(C)C)NC(=O)[C@H](C)NC(=O)[C@H](CCC(=O)O)NC(=O)[C@H](CCC(=O)O)NC(=O)[C@H](CCC(=O)O)NC(=O)[C@H](CCSC)NC(=O)[C@H](CCC(=O)N)NC(=O)[C@H](CCCCN)NC(=O)[C@H](CO)NC(=O)[C@H](CC(C)C)NC(=O)[C@H](CC(=O)O)NC(=O)[C@H](CO)NC(=O)[C@H]([C@@H](C)O)NC(=O)[C@H](CC7=CC=CC=C7)NC(=O)[C@H]([C@@H](C)O)NC(=O)CNC(=O)[C@H](CCC(=O)O)NC(=O)CNC(=O)[C@H](CC8=CN=CN8)N,CC[C@H](C)[C@H](NC(=O)[C@H](Cc1ccccc1)NC(=O)[C@H](CC(C)C)NC(=O)[C@H](CCCNC(=N)N)NC(=O)[C@@H](NC(=O)[C@H](C)NC(=O)[C@H](CCC(=O)O)NC(=O)[C@H](CCC(=O)O)NC(=O)[C@H](CCC(=O)O)NC(=O)[C@H](CCSC)NC(=O)[C@H](CCC(N)=O)NC(=O)[C@H](CCCCN)NC(=O)[C@H](CO)NC(=O)[C@H](CC(C)C)NC(=O)[C@H](CC(=O)O)NC(=O)[C@H](CO)NC(=O)[C@@H](NC(=O)[C@H](Cc1ccccc1)NC(=O)[C@@H](NC(=O)CNC(=O)[C@H](CCC(=O)O)NC(=O)CNC(=O)[C@@H](N)Cc1cnc[nH]1)[C@@H](C)O)[C@@H](C)O)C(C)C)C(=O)N[C@@H](CCC(=O)O)C(=O)N[C@@H](Cc1c[nH]c2ccccc12)C(=O)N[C@@H](CC(C)C)C(=O)N[C@@H](CCCCN)C(=O)N[C@@H](CC(N)=O)C(=O)NCC(=O)NCC(=O)N1CCC[C@H]1C(=O)N[C@@H](CO)C(=O)N[C@@H](CO)C(=O)NCC(=O)N[C@@H](C)C(=O)N1CCC[C@H]1C(=O)N1CCC[C@H]1C(=O)N[C@@H](CO)C(=O)N[C@@H](CCCCN)C(=O)N[C@@H](CCCCN)C(=O)N[C@@H](CCCCN)C(=O)N[C@@H](CCCCN)C(=O)N[C@@H](CCCCN)C(=O)N[C@@H](CCCCN)C(N)=O,O=C(CCc1cnc[nH]1)NCC(=O)NCC(=O)NCC(=O)NCC(=O)NC(Cc1ccccc1)C(=O)NCC(=O)NCC(=O)NCC(=O)NCC(=O)NCC(=O)NCC(=O)NCC(=O)NCC(=O)NCC(=O)NCC(=O)NCC(=O)NCC(=O)NCC(=O)NCC(=O)NCC(=O)NC(Cc1ccccc1)C(=O)NCC(=O)NCC(=O)NC(Cc1c[nH]c2ccccc12)C(=O)NCC(=O)NCC(=O)NCC(=O)NCC(=O)NCC(=O)N1CCCC1C(=O)NCC(=O)NCC(=O)NCC(=O)NCC(=O)N1CCCC1C(=O)N1CCCC1,161,0,1,0,0,0,1,1,0,1,0,0,1,0,0,0,0,1,0,1,0,0,0,0,0,1,1,0
C[C@@H]1C[C@H]2[C@@H]3C[C@@H](C4=CC(=O)C=C[C@@]4(C3([C@H](C[C@@]2([C@]1(C(=O)COC(=O)C(C)(C)C)O)C)O)F)C)F.C1=CC2=C(C(=C(C=C2Cl)I)O)N=C1,C[C@@H]1C[C@H]2[C@@H]3C[C@H](F)C4=CC(=O)C=C[C@]4(C)C3(F)[C@@H](O)C[C@]2(C)[C@@]1(O)C(=O)COC(=O)C(C)(C)C,O=C1C=CC2C(=C1)CCC1C3CCCC3CCC21,162,0,0,0,0,0,0,0,0,1,0,0,0,0,0,0,0,1,0,0,0,0,0,0,0,0,1,0
CC1=CC(=NC(=N1)OC(C(=O)O)C(C2=CC=CC=C2)(C3=CC=CC=C3)OC)C,COC(c1ccccc1)(c1ccccc1)C(Oc1nc(C)cc(C)n1)C(=O)O,c1ccc(C(COc2ncccn2)c2ccccc2)cc1,163,1,1,0,0,1,1,1,0,1,1,0,1,0,0,1,1,1,0,1,1,1,1,0,0,1,1,1
C(C[Ge](=O)O[Ge](=O)CCC(=O)O)C(=O)O,O=C(O)C[CH2][Ge](=[O])[O][Ge](=[O])[CH2]CC(=O)O,,164,1,1,0,1,1,1,1,0,1,0,1,1,0,1,1,1,1,1,1,1,1,1,0,1,1,1,1
C1C[N+]2(CCC1(CC2)C(C3=CC=CC=C3)(C4=CC=CC=C4)O)CCOCC5=CC=CC=C5.[Br-],OC(c1ccccc1)(c1ccccc1)C12CC[N+](CCOCc3ccccc3)(CC1)CC2,c1ccc(COCC[N+]23CCC(C(c4ccccc4)c4ccccc4)(CC2)CC3)cc1,165,0,0,0,1,0,1,1,0,0,0,0,0,0,0,0,0,1,0,1,1,0,1,0,1,1,1,1
CC(C(C1CNC2=C(N1)C(=O)N=C(N2)N)O)O,CC(O)C(O)C1CNc2[nH]c(N)nc(=O)c2N1,O=c1nc[nH]c2c1NCCN2,166,0,1,0,0,1,1,1,0,1,0,1,1,0,0,0,1,1,1,1,1,1,1,0,0,1,1,1
C(COC[C@@H]1[C@H]([C@@H]([C@H]([C@H](O1)OCCO)OCCO)OCCO)OCCO)O.C([C@@H]1[C@H]([C@@H]([C@H]([C@H](O1)O)O)O)O)O,OCCOC[C@H]1O[C@H](OCCO)[C@H](OCCO)[C@@H](OCCO)[C@@H]1OCCO,C1CCOCC1,167,0,0,0,0,1,0,1,0,1,0,0,0,0,0,1,1,1,0,1,0,0,0,0,0,0,0,1
CC1=C(SC=[N+]1CC2=CN=C(N=C2N)C)CCO,Cc1ncc(C[n+]2csc(CCO)c2C)c(N)n1,c1ncc(C[n+]2ccsc2)cn1,168,0,0,0,0,1,0,1,0,1,0,0,1,0,0,1,0,1,0,0,1,1,0,0,0,1,0,0
CC1=CN(C(=O)NC1=O)C2CC(C(O2)CO)O,Cc1cn(C2CC(O)C(CO)O2)c(=O)[nH]c1=O,O=c1ccn(C2CCCO2)c(=O)[nH]1,169,1,1,0,0,1,1,1,0,0,0,0,1,0,0,0,1,1,0,1,1,1,1,0,0,0,1,1
CCCC1=C2C(=CC3=C1OC(=CC3=O)C(=O)O)C(=O)C=C(N2CC)C(=O)O,CCCc1c2oc(C(=O)O)cc(=O)c2cc2c(=O)cc(C(=O)O)n(CC)c12,O=c1cc[nH]c2cc3occc(=O)c3cc12,170,0,0,0,1,1,1,1,0,1,0,0,1,0,0,0,1,1,0,1,1,0,0,0,1,0,1,0
C(C(F)(F)F)(OC(F)F)F,FC(F)OC(F)C(F)(F)F,,171,1,1,0,1,1,1,1,0,0,0,0,1,0,1,1,1,1,0,1,1,1,1,0,0,1,1,1
C(C(C(=O)O)S)(C(=O)O)S,O=C(O)C(S)C(S)C(=O)O,,172,0,1,0,0,1,1,1,0,1,0,0,1,0,0,0,1,1,0,1,1,0,1,0,0,1,1,0
C[C@H](C(=O)N)NC(=O)[C@@H]1CCCN1C(=O)[C@H](CCCCNC(C)C)NC(=O)[C@H](CC(C)C)NC(=O)[C@@H](CC(=O)N)NC(=O)[C@H](CC2=CC=C(C=C2)O)N(C)C(=O)[C@H](CO)NC(=O)[C@@H](CC3=CN=CC=C3)NC(=O)[C@@H](CC4=CC=C(C=C4)Cl)NC(=O)[C@@H](CC5=CC6=CC=CC=C6C=C5)NC(=O)C,CC(=O)N[C@H](Cc1ccc2ccccc2c1)C(=O)N[C@H](Cc1ccc(Cl)cc1)C(=O)N[C@H](Cc1cccnc1)C(=O)N[C@@H](CO)C(=O)N(C)[C@@H](Cc1ccc(O)cc1)C(=O)N[C@H](CC(N)=O)C(=O)N[C@@H](CC(C)C)C(=O)N[C@@H](CCCCNC(C)C)C(=O)N1CCC[C@H]1C(=O)N[C@H](C)C(N)=O,O=C(CNC(=O)CNC(=O)C(Cc1ccccc1)NC(=O)CNC(=O)C(Cc1cccnc1)NC(=O)C(Cc1ccccc1)NC(=O)CCc1ccc2ccccc2c1)NCC(=O)N1CCCC1,173,0,0,0,0,1,1,1,0,1,1,0,1,0,0,1,0,0,0,1,0,1,1,0,0,0,1,0
CN1CCC(CC1)COC2=C(C=C3C(=C2)N=CN=C3NC4=C(C=C(C=C4)Br)F)OC,COc1cc2c(Nc3ccc(Br)cc3F)ncnc2cc1OCC1CCN(C)CC1,c1ccc(Nc2ncnc3cc(OCC4CCNCC4)ccc23)cc1,174,1,1,1,1,1,1,1,0,0,0,1,1,1,0,1,1,1,0,1,1,1,1,0,0,1,1,1
CCCCCCCCCCNCCN[C@]1(C[C@@H](O[C@H]([C@H]1O)C)O[C@@H]2[C@H]([C@@H]([C@H](O[C@H]2OC3=C4C=C5C=C3OC6=C(C=C(C=C6)[C@H]([C@H](C(=O)N[C@H](C(=O)N[C@H]5C(=O)N[C@@H]7C8=CC(=C(C=C8)O)C9=C(C(=C(C=C9[C@H](NC(=O)[C@H]([C@@H](C1=CC(=C(O4)C=C1)Cl)O)NC7=O)C(=O)O)O)CNCP(=O)(O)O)O)CC(=O)N)NC(=O)[C@@H](CC(C)C)NC)O)Cl)CO)O)O)C,CCCCCCCCCCNCCN[C@@]1(C)C[C@H](O[C@H]2[C@H](Oc3c4cc5cc3Oc3ccc(cc3Cl)[C@@H](O)[C@@H](NC(=O)[C@@H](CC(C)C)NC)C(=O)N[C@@H](CC(N)=O)C(=O)N[C@H]5C(=O)N[C@H]3C(=O)N[C@H](C(=O)N[C@H](C(=O)O)c5cc(O)c(CNCP(=O)(O)O)c(O)c5-c5cc3ccc5O)[C@H](O)c3ccc(c(Cl)c3)O4)O[C@H](CO)[C@@H](O)[C@@H]2O)O[C@@H](C)[C@H]1O,O=C1CCc2ccc(cc2)Oc2cc3cc(c2OC2OCCCC2OC2CCCCO2)Oc2ccc(cc2)CC2NC(=O)C(NC(=O)C3NC(=O)CN1)c1cccc(c1)-c1ccccc1CNC2=O,175,1,1,0,1,1,1,1,0,1,0,0,1,0,0,1,1,1,0,1,1,1,1,0,1,1,1,1
CC(=O)[C@]1(CC[C@@H]2[C@@]1(CC[C@H]3[C@H]2C=C(C4=CC(=O)[C@@H]5CC5[C@]34C)Cl)C)OC(=O)C.C[C@]12CC[C@H]3[C@H]([C@@H]1CC[C@]2(C#C)O)CCC4=C3C=CC(=C4)O,C#C[C@]1(O)CC[C@H]2[C@@H]3CCc4cc(O)ccc4[C@H]3CC[C@@]21C.CC(=O)O[C@]1(C(C)=O)CC[C@H]2[C@@H]3C=C(Cl)C4=CC(=O)[C@@H]5CC5[C@]4(C)[C@H]3CC[C@@]21C,O=C1C=C2C=CC3C4CCCC4CCC3C2C2CC12.c1ccc2c(c1)CCC1C2CCC2CCCC21,176,0,1,0,1,1,0,1,0,1,1,0,0,0,0,0,0,1,0,0,0,1,0,0,0,0,1,0
CC(CC1=CC=CC=C1)NC,CNC(C)Cc1ccccc1,c1ccccc1,177,0,0,0,0,0,0,1,0,1,1,0,0,0,0,0,0,1,1,0,0,1,0,0,0,1,1,0
C1CC2=C(C=CC(=C2)Cl)C(=C3CCNCC3)C4=C1C=CC=N4,Clc1ccc2c(c1)CCc1cccnc1C2=C1CCNCC1,c1ccc2c(c1)CCc1cccnc1C2=C1CCNCC1,178,1,1,0,0,1,1,1,0,1,1,0,1,0,0,0,0,1,0,1,1,1,0,0,0,1,1,1
CN1C2=C(C(=O)N(C1=O)C)NC=N2.CN1C2=C(C(=O)N(C1=O)C)NC=N2.C(CN)N,Cn1c(=O)c2[nH]cnc2n(C)c1=O,O=c1[nH]c(=O)c2[nH]cnc2[nH]1,87,0,1,0,0,1,1,1,0,1,0,0,0,0,0,1,0,1,0,0,1,1,1,0,0,1,1,1
C1CC(CCC1C2=CC=C(C=C2)Cl)C3=C(C4=CC=CC=C4C(=O)C3=O)O,O=C1C(=O)c2ccccc2C(O)=C1C1CCC(c2ccc(Cl)cc2)CC1,O=C1C(=O)c2ccccc2C=C1C1CCC(c2ccccc2)CC1,179,1,1,0,1,1,1,1,0,1,0,0,1,0,0,1,1,1,0,1,1,1,1,0,0,0,1,0
C[C@H]([C@@H](C(=O)N[C@@H](CC(C)C)C(=O)N[C@@H](CCC(=O)N)C(=O)N[C@@H](CC(=O)O)C(=O)N1CCC[C@H]1C(=O)N[C@@H](CCCNC(=N)N)C(=O)N[C@@H](C(C)C)C(=O)OC(=O)CNC(=O)CNC(=O)[C@H](C)NC(=O)[C@@H]2CCCN2C(=O)[C@H](CC3=CC=CC=C3)NC(=O)[C@H](CC4=CC=C(C=C4)O)NC(=O)[C@H](CC(C)C)NC(=O)CNC(=O)[C@H](CCCNC(=N)N)N)NC(=O)[C@H](CCC(=O)N)NC(=O)[C@H](CC5C=NC=N5)NC(=O)[C@H](CC6=CC=CC=C6)NC(=O)[C@H]([C@@H](C)O)NC(=O)[C@H]([C@@H](C)O)NC(=O)[C@H](CO)NC(=O)[C@H](CC(=O)N)NC(=O)[C@H](CC7=CNC8=CC=CC=C87)NC(=O)[C@H](CCC(=O)N)NC(=O)[C@H](CCSC)N)O,CSCC[C@H](N)C(=O)N[C@@H](CCC(N)=O)C(=O)N[C@@H](Cc1c[nH]c2ccccc12)C(=O)N[C@@H](CC(N)=O)C(=O)N[C@@H](CO)C(=O)N[C@H](C(=O)N[C@H](C(=O)N[C@@H](Cc1ccccc1)C(=O)N[C@@H](CC1C=NC=N1)C(=O)N[C@@H](CCC(N)=O)C(=O)N[C@H](C(=O)N[C@@H](CC(C)C)C(=O)N[C@@H](CCC(N)=O)C(=O)N[C@@H](CC(=O)O)C(=O)N1CCC[C@H]1C(=O)N[C@@H](CCCNC(=N)N)C(=O)N[C@H](C(=O)OC(=O)CNC(=O)CNC(=O)[C@H](C)NC(=O)[C@@H]1CCCN1C(=O)[C@H](Cc1ccccc1)NC(=O)[C@H](Cc1ccc(O)cc1)NC(=O)[C@H](CC(C)C)NC(=O)CNC(=O)[C@@H](N)CCCNC(=N)N)C(C)C)[C@@H](C)O)[C@@H](C)O)[C@@H](C)O,O=C(CCc1c[nH]c2ccccc12)NCC(=O)NCC(=O)NCC(=O)NCC(=O)NC(Cc1ccccc1)C(=O)NC(CC1C=NC=N1)C(=O)NCC(=O)NCC(=O)NCC(=O)NCC(=O)NCC(=O)N1CCCC1C(=O)NCC(=O)NCC(=O)OC(=O)CNC(=O)CNC(=O)CNC(=O)C1CCCN1C(=O)C(Cc1ccccc1)NC(=O)CCc1ccccc1,180,0,1,0,1,1,1,1,0,1,0,0,1,0,0,1,1,1,0,1,1,1,1,1,1,0,1,1
C[C@@H](CC1=CC2=C(C(=C1)C(=O)N)N(CC2)CCCO)NCCOC3=CC=CC=C3OCC(F)(F)F,C[C@@H](Cc1cc2c(c(C(N)=O)c1)N(CCCO)CC2)NCCOc1ccccc1OCC(F)(F)F,c1ccc(OCCNCCc2ccc3c(c2)CCN3)cc1,181,1,0,0,0,1,0,1,0,1,1,0,1,0,0,1,0,1,0,1,1,1,0,0,0,1,1,1
CCC1/C=C(/C(C/C=C/C=C(\C(=O)OC(C/C=C(/C=C(/C1OC2C(C(C(C(O2)(C)C)OC(=O)C(C)C)O)O)\C)\C)C(C)O)/COC3C(C(C(C(O3)C)OC(=O)C4=C(C(=C(C(=C4O)Cl)O)Cl)CC)O)OC)O)\C,CCc1c(Cl)c(O)c(Cl)c(O)c1C(=O)OC1C(C)OC(OC/C2=C/C=C/CC(O)/C(C)=C/C(CC)C(OC3OC(C)(C)C(OC(=O)C(C)C)C(O)C3O)/C(C)=C/C(C)=C/CC(C(C)O)OC2=O)C(OC)C1O,O=C1OCCC=CC=CC(OC2CCCCO2)CC=CCCC=CC=C1COC1CCC(OC(=O)c2ccccc2)CO1,182,1,1,0,0,1,0,1,0,1,0,0,0,0,0,0,1,1,0,0,1,0,0,0,0,0,1,0
CC(C1=CC2=C(C=C1)C=C(C=C2)OC)C(=O)[O-].[Na+],COc1ccc2cc(C(C)C(=O)O)ccc2c1,c1ccc2ccccc2c1,183,1,1,0,1,1,1,1,1,1,1,1,1,0,1,1,1,1,1,1,1,1,1,0,1,1,1,1
COC1=C(C=C(C=C1)CCO[C@@H]2CCCC[C@H]2N3CC[C@H](C3)O)OC.Cl,COc1ccc(CCO[C@@H]2CCCC[C@H]2N2CC[C@@H](O)C2)cc1OC,c1ccc(CCOC2CCCCC2N2CCCC2)cc1,184,0,0,0,1,1,1,1,0,0,1,0,1,0,0,1,0,1,0,1,1,0,0,0,0,1,1,0
C1[C@H](SC(=C(C#N)N2C=CN=C2)S1)C3=C(C=C(C=C3)Cl)Cl,N#CC(=C1SC[C@@H](c2ccc(Cl)cc2Cl)S1)n1ccnc1,C(=C1SCC(c2ccccc2)S1)n1ccnc1,185,0,0,0,0,0,0,0,0,0,0,0,0,0,0,0,0,1,0,1,0,0,0,0,0,0,0,0
CCCCC1=NC2(CCCC2)C(=O)N1CC3=CC=C(C=C3)C4=CC=CC=C4C5=NNN=N5.C1NC2=CC(=C(C=C2S(=O)(=O)N1)S(=O)(=O)N)Cl,CCCCC1=NC2(CCCC2)C(=O)N1Cc1ccc(-c2ccccc2-c2nn[nH]n2)cc1.NS(=O)(=O)c1cc2c(cc1Cl)NCNS2(=O)=O,O=C1N(Cc2ccc(-c3ccccc3-c3nn[nH]n3)cc2)C=NC12CCCC2.O=S1(=O)NCNc2ccccc21,186,1,1,0,1,1,1,1,0,1,1,0,1,0,0,1,1,1,0,1,1,1,1,0,1,1,1,1
CC[C@H](C)[C@@H](C(=O)N[C@@H]([C@@H](C)O)C(=O)N[C@@H](CC(=O)O)C(=O)O)NC(=O)[C@H](CCCCN)NC(=O)[C@H]([C@@H](C)O)NC(=O)[C@H](CCC(=O)N)NC(=O)[C@H]([C@@H](C)CC)NC(=O)[C@H](CC(C)C)NC(=O)[C@H](CC1=CNC2=CC=CC=C21)NC(=O)[C@H](CC(=O)N)NC(=O)[C@H]([C@@H](C)CC)NC(=O)[C@H](CC3=CC=CC=C3)NC(=O)[C@H](CC(=O)O)NC(=O)[C@H](CCCNC(=N)N)NC(=O)[C@H](C)NC(=O)[C@H](C)NC(=O)[C@H](CC(C)C)NC(=O)[C@H](CC(=O)N)NC(=O)[C@H](CC(=O)O)NC(=O)[C@H](CC(C)C)NC(=O)[C@H]([C@@H](C)CC)NC(=O)[C@H]([C@@H](C)O)NC(=O)[C@H](CC(=O)N)NC(=O)[C@H](CCSC)NC(=O)[C@H](CCC(=O)O)NC(=O)[C@H](CC(=O)O)NC(=O)[C@H](CO)NC(=O)[C@H](CC4=CC=CC=C4)NC(=O)[C@H](CO)NC(=O)CNC(=O)[C@H](CC(=O)O)NC(=O)CNC(=O)[C@H](CC5=CN=CN5)N,CC[C@H](C)[C@H](NC(=O)[C@H](Cc1ccccc1)NC(=O)[C@H](CC(=O)O)NC(=O)[C@H](CCCNC(=N)N)NC(=O)[C@H](C)NC(=O)[C@H](C)NC(=O)[C@H](CC(C)C)NC(=O)[C@H](CC(N)=O)NC(=O)[C@H](CC(=O)O)NC(=O)[C@H](CC(C)C)NC(=O)[C@@H](NC(=O)[C@@H](NC(=O)[C@H](CC(N)=O)NC(=O)[C@H](CCSC)NC(=O)[C@H](CCC(=O)O)NC(=O)[C@H](CC(=O)O)NC(=O)[C@H](CO)NC(=O)[C@H](Cc1ccccc1)NC(=O)[C@H](CO)NC(=O)CNC(=O)[C@H](CC(=O)O)NC(=O)CNC(=O)[C@@H](N)Cc1cnc[nH]1)[C@@H](C)O)[C@@H](C)CC)C(=O)N[C@@H](CC(N)=O)C(=O)N[C@@H](Cc1c[nH]c2ccccc12)C(=O)N[C@@H](CC(C)C)C(=O)N[C@H](C(=O)N[C@@H](CCC(N)=O)C(=O)N[C@H](C(=O)N[C@@H](CCCCN)C(=O)N[C@H](C(=O)N[C@H](C(=O)N[C@@H](CC(=O)O)C(=O)O)[C@@H](C)O)[C@@H](C)CC)[C@@H](C)O)[C@@H](C)CC,O=C(CCc1cnc[nH]1)NCC(=O)NCC(=O)NCC(=O)NCC(=O)NC(Cc1ccccc1)C(=O)NCC(=O)NCC(=O)NCC(=O)NCC(=O)NCC(=O)NCC(=O)NCC(=O)NCC(=O)NCC(=O)NCC(=O)NCC(=O)NCC(=O)NCC(=O)NCC(=O)NCC(=O)NC(Cc1ccccc1)C(=O)NCC(=O)NCC(=O)NCCc1c[nH]c2ccccc12,187,1,1,0,0,1,1,1,0,0,0,0,1,0,0,1,0,1,0,1,1,1,1,0,0,1,1,1
C[C@]12C[C@@H]([C@]3([C@H]([C@@H]1C[C@H]([C@@]2(C(=O)CO)O)O)C[C@@H](C4=CC(=O)C=C[C@@]43C)F)F)O,C[C@]12C=CC(=O)C=C1[C@@H](F)C[C@H]1[C@@H]3C[C@@H](O)[C@](O)(C(=O)CO)[C@@]3(C)C[C@H](O)[C@@]12F,O=C1C=CC2C(=C1)CCC1C3CCCC3CCC21,188,0,0,0,0,0,0,0,0,0,0,0,0,0,0,0,0,1,0,1,0,0,0,0,0,0,0,0
[C-]#N.[C-]#N.[C-]#N.[C-]#N.[C-]#N.[C-]#N.[Fe+2],C#N,,189,0,0,0,0,0,0,1,0,0,0,0,0,0,0,0,0,0,0,0,0,0,0,0,0,0,0,0
CC1=C(C=CC2=C1N=C(C=C2OC3C[C@@H]4[C@@H](C3)C(=O)N(CCCC/C=C\[C@@H]5CC5(NC4=O)C(=O)NS(=O)(=O)C6CC6)C)C7=NC(=CS7)C(C)C)OC,COc1ccc2c(OC3C[C@H]4C(=O)NC5(C(=O)NS(=O)(=O)C6CC6)C[C@H]5/C=C\CCCCN(C)C(=O)[C@@H]4C3)cc(-c3nc(C(C)C)cs3)nc2c1C,O=C1NCCCCC=CC2CC2(C(=O)NS(=O)(=O)C2CC2)NC(=O)C2CC(Oc3cc(-c4nccs4)nc4ccccc34)CC12,190,1,0,0,0,1,1,1,0,0,0,0,1,0,0,0,1,1,0,1,1,1,0,0,0,0,1,0
CCCCC(=O)O[C@@]1(CCC2C1(CC(C3C2CCC4=CC(=O)CCC34C)O)C)C(=O)CO,CCCCC(=O)O[C@]1(C(=O)CO)CCC2C3CCC4=CC(=O)CCC4(C)C3C(O)CC21C,O=C1C=C2CCC3C4CCCC4CCC3C2CC1,191,0,0,0,0,0,1,1,0,0,0,0,1,1,0,0,0,1,0,1,0,0,0,0,0,0,0,0
CN1C(=NN=N1)SCC2=C(N3C([C@@](C3=O)(NC(=O)C4SC(=C(C(=O)N)C(=O)O)S4)OC)SC2)C(=O)O,CO[C@@]1(NC(=O)C2SC(=C(C(N)=O)C(=O)O)S2)C(=O)N2C(C(=O)O)=C(CSc3nnnn3C)CSC21,C=C1SC(C(=O)NC2C(=O)N3C=C(CSc4nnn[nH]4)CSC23)S1,192,1,0,0,0,1,0,1,0,1,1,0,1,0,0,1,1,1,0,1,0,0,1,0,0,0,1,1
CC[PH+](CC)CC.CC[PH+](CC)CC.CC(=O)OCC1C(C(C(C(O1)[SH2+])OC(=O)C)OC(=O)C)OC(=O)C.[Au].[Au],CC(=O)OCC1OC(S)C(OC(C)=O)C(OC(C)=O)C1OC(C)=O,C1CCOCC1,193,1,1,0,1,1,0,1,0,0,0,0,0,0,0,0,1,1,0,1,1,0,1,0,0,0,1,0
CCCCCCCCC1=CC=C(C=C1)CCC(CO)(CO)N.Cl,CCCCCCCCc1ccc(CCC(N)(CO)CO)cc1,c1ccccc1,194,1,0,0,1,1,1,1,0,1,0,1,1,0,0,1,1,1,1,1,1,1,0,0,0,1,1,1
CC[C@H](C)[C@H]1C(=O)N[C@H](C(=O)N[C@H](C(=O)N[C@H](C(=O)N[C@H](C(=O)N[C@H](C(=O)N[C@H](C(=O)N[C@H](C(=O)N[C@H](C(=O)N[C@H](C(=O)NCC(=O)N[C@H](C(=O)N[C@H]2CSSC[C@H]3C(=O)N[C@H](C(=O)N[C@H](C(=O)N[C@H](C(=O)N[C@@H](CSSC[C@@H](C(=O)N[C@H](C(=O)N[C@H](C(=O)N4CCC[C@H]4C(=O)N5CCC[C@H]5C(=O)N[C@H](C(=O)N[C@H](C(=O)NCC(=O)N6CCC[C@H]6C(=O)N[C@@H](CSSC[C@@H](C(=O)N[C@H](C(=O)N[C@H](C(=O)N[C@H](C(=O)N[C@H](C(=O)N[C@H](C(=O)N[C@H](C(=O)N[C@H](C(=O)N[C@H](C(=O)N[C@H](C(=O)N[C@H](C(=O)N[C@H](C(=O)N[C@H](C(=O)N3)CC(=O)O)CCC(=O)O)C)CO)CCCCN)CC7=CC=CC=C7)CC(=O)N)CC(=O)N)CCCNC(=N)N)CCCCN)C)CCCNC(=N)N)NC(=O)CNC(=O)CNC(=O)[C@@H](NC(=O)[C@@H](NC(=O)[C@@H](NC(=O)[C@@H](NC(=O)[C@@H](NC2=O)CCC(=O)N)[C@@H](C)O)CC8=CC=CC=C8)C(C)C)CC9=CC=C(C=C9)O)C(=O)N[C@H](C(=O)N[C@H](C(=O)N[C@H](C(=O)N1)CCCNC(=N)N)C)CCCCN)[C@@H](C)O)CC1=CC=C(C=C1)O)CCC(=O)O)CC(C)C)NC(=O)[C@H](CC1=CC=CC=C1)NC(=O)[C@H](CC(=O)O)NC(=O)[C@@H]1CCCN1C(=O)[C@H](CCCNC(=N)N)N)C(=O)NCC(=O)NCC(=O)N[C@@H](C)C(=O)O)[C@@H](C)O)CCCNC(=N)N)CCSC)CC(C)C)C)CCCCN)C)CC(=O)N)CC1=CC=C(C=C1)O)CC1=CC=CC=C1)CC1=CC=C(C=C1)O)CCCNC(=N)N)[C@@H](C)CC,CC[C@H](C)[C@@H]1NC(=O)[C@H](CCCNC(=N)N)NC(=O)[C@H](C)NC(=O)[C@H](CCCCN)NC(=O)[C@@H]2CSSC[C@@H]3NC(=O)CNC(=O)CNC(=O)[C@H](Cc4ccc(O)cc4)NC(=O)[C@H](C(C)C)NC(=O)[C@H](Cc4ccccc4)NC(=O)[C@H]([C@@H](C)O)NC(=O)[C@H](CCC(N)=O)NC(=O)[C@H](CSSC[C@H](NC(=O)[C@H](CC(=O)O)NC(=O)[C@H](CCC(=O)O)NC(=O)[C@H](C)NC(=O)[C@H](CO)NC(=O)[C@H](CCCCN)NC(=O)[C@H](Cc4ccccc4)NC(=O)[C@H](CC(N)=O)NC(=O)[C@H](CC(N)=O)NC(=O)[C@H](CCCNC(=N)N)NC(=O)[C@H](CCCCN)NC(=O)[C@H](C)NC(=O)[C@H](CCCNC(=N)N)NC3=O)C(=O)N[C@@H](CCSC)C(=O)N[C@@H](CCCNC(=N)N)C(=O)N[C@@H]([C@@H](C)O)C(=O)N[C@H](C(=O)NCC(=O)NCC(=O)N[C@@H](C)C(=O)O)CSSC[C@H](NC(=O)[C@H](Cc3ccccc3)NC(=O)[C@H](CC(=O)O)NC(=O)[C@@H]3CCCN3C(=O)[C@@H](N)CCCNC(=N)N)C(=O)N[C@@H](CC(C)C)C(=O)N[C@@H](CCC(=O)O)C(=O)N3CCC[C@H]3C(=O)N3CCC[C@H]3C(=O)N[C@@H](Cc3ccc(O)cc3)C(=O)N[C@@H]([C@@H](C)O)C(=O)NCC(=O)N3CCC[C@H]3C(=O)N2)NC(=O)[C@H](CC(C)C)NC(=O)CNC(=O)[C@H](C)NC(=O)[C@H](CCCCN)NC(=O)[C@H](C)NC(=O)[C@H](CC(N)=O)NC(=O)[C@H](Cc2ccc(O)cc2)NC(=O)[C@H](Cc2ccccc2)NC(=O)[C@H](Cc2ccc(O)cc2)NC(=O)[C@H](CCCNC(=N)N)NC(=O)[C@H]([C@@H](C)CC)NC1=O,O=C1CNC(=O)CNC(=O)CNC(=O)C2CSSCC3NC(=O)CNC(=O)CNC(=O)CNC(=O)CNC(=O)CNC(=O)CNC(=O)C(Cc4ccccc4)NC(=O)C(Cc4ccccc4)NC(=O)C(Cc4ccccc4)NC(=O)CNC(=O)CNC(=O)CNC(=O)CNC(=O)CNC(=O)CNC(=O)C(CSSCC(NC(=O)CNC(=O)CNC(=O)C(Cc4ccccc4)NC(=O)CNC(=O)C(Cc4ccccc4)NC(=O)CNC(=O)CNC3=O)C(=O)NCC(=O)NCC(=O)NCC(=O)NCC(=O)NCC(=O)NCC(=O)NC(Cc3ccccc3)C(=O)NCC(=O)NCC(=O)NCC(=O)NCC(=O)NCC(=O)N2)NC(=O)C2CCCN2C(=O)CNC(=O)CNC(=O)C(Cc2ccccc2)NC(=O)C2CCCN2C(=O)C2CCCN2C(=O)CNC(=O)CNC(=O)C(NC(=O)C(Cc2ccccc2)NC(=O)CNC(=O)C2CCCN2)CSSCCN1,195,1,1,0,0,1,1,1,0,1,0,0,1,0,0,1,1,1,0,1,1,1,1,0,0,1,1,1
CC(C)[C@@H](CO)N1C=C(C(=O)C2=CC(=C(C=C21)OC)CC3=C(C(=CC=C3)Cl)F)C(=O)O,COc1cc2c(cc1Cc1cccc(Cl)c1F)c(=O)c(C(=O)O)cn2[C@H](CO)C(C)C,O=c1cc[nH]c2ccc(Cc3ccccc3)cc12,196,0,0,0,0,0,1,1,0,1,0,0,1,1,0,0,0,1,0,1,0,1,0,0,0,0,1,0
C[C@H]1C=CC=C(C(=O)NC2=C3C(=NC4(N3)CCN(CC4)CC(C)C)C5=C6C(=C(C(=C5C2=O)O)C)O[C@@](C6=O)(OC=C[C@@H]([C@H]([C@H]([C@@H]([C@@H]([C@@H]([C@H]1O)C)O)C)OC(=O)C)C)OC)C)C,CO[C@H]1C=CO[C@@]2(C)Oc3c(C)c(O)c4c(c3C2=O)C2=NC3(CCN(CC(C)C)CC3)NC2=C(NC(=O)C(C)=CC=C[C@H](C)[C@H](O)[C@@H](C)[C@@H](O)[C@@H](C)[C@H](OC(C)=O)[C@@H]1C)C4=O,O=C1C=CC=CCCCCCCCCC=COC2Oc3ccc4c(c3C2=O)C2=NC3(CCNCC3)NC2=C(N1)C4=O,197,1,1,0,1,1,1,1,0,1,1,1,1,0,0,1,1,1,1,1,1,1,1,0,0,0,1,1
C[C@@H](C(=O)N1CC2=CC=CC=C2C[C@H]1C(=O)O)N[C@@H](CCC3=CC=CC=C3)C(=O)O,C[C@H](N[C@@H](CCc1ccccc1)C(=O)O)C(=O)N1Cc2ccccc2C[C@H]1C(=O)O,O=C(CNCCCc1ccccc1)N1CCc2ccccc2C1,198,1,1,0,1,1,1,1,0,1,1,0,1,0,1,1,1,1,0,1,1,1,1,0,1,1,1,1
CC[C@H](C)[C@@H](C(=O)N[C@@H](CCC(=O)O)C(=O)N[C@@H](CC1=CNC2=CC=CC=C21)C(=O)N[C@@H](CC(C)C)C(=O)N[C@@H](CCCCN)C(=O)N[C@@H](CC(=O)N)C(=O)NCC(=O)NCC(=O)N3CCC[C@H]3C(=O)N[C@@H](CO)C(=O)N[C@@H](CO)C(=O)NCC(=O)N[C@@H](C)C(=O)N4CCC[C@H]4C(=O)N5CCC[C@H]5C(=O)N6CCC[C@H]6C(=O)N[C@@H](CO)C(=O)N)NC(=O)[C@@H](CC7=CC=CC=C7)NC(=O)[C@H](CC(C)C)NC(=O)[C@H](CCCNC(=N)N)NC(=O)[C@H](C(C)C)NC(=O)[C@H](C)NC(=O)[C@H](CCC(=O)O)NC(=O)[C@H](CCC(=O)O)NC(=O)[C@H](CCC(=O)O)NC(=O)[C@H](CCSC)NC(=O)[C@H](CCC(=O)N)NC(=O)[C@H](CCCCN)NC(=O)[C@H](CO)NC(=O)[C@H](CC(C)C)NC(=O)[C@H](CC(=O)O)NC(=O)[C@H](CO)NC(=O)[C@H]([C@@H](C)O)NC(=O)[C@H](CC8=CC=CC=C8)NC(=O)[C@H]([C@@H](C)O)NC(=O)CNC(=O)[C@H](CCC(=O)O)NC(=O)CNC(=O)[C@H](CC9=CNC=N9)N,CC[C@H](C)[C@H](NC(=O)[C@@H](Cc1ccccc1)NC(=O)[C@H](CC(C)C)NC(=O)[C@H](CCCNC(=N)N)NC(=O)[C@@H](NC(=O)[C@H](C)NC(=O)[C@H](CCC(=O)O)NC(=O)[C@H](CCC(=O)O)NC(=O)[C@H](CCC(=O)O)NC(=O)[C@H](CCSC)NC(=O)[C@H](CCC(N)=O)NC(=O)[C@H](CCCCN)NC(=O)[C@H](CO)NC(=O)[C@H](CC(C)C)NC(=O)[C@H](CC(=O)O)NC(=O)[C@H](CO)NC(=O)[C@@H](NC(=O)[C@H](Cc1ccccc1)NC(=O)[C@@H](NC(=O)CNC(=O)[C@H](CCC(=O)O)NC(=O)CNC(=O)[C@@H](N)Cc1c[nH]cn1)[C@@H](C)O)[C@@H](C)O)C(C)C)C(=O)N[C@@H](CCC(=O)O)C(=O)N[C@@H](Cc1c[nH]c2ccccc12)C(=O)N[C@@H](CC(C)C)C(=O)N[C@@H](CCCCN)C(=O)N[C@@H](CC(N)=O)C(=O)NCC(=O)NCC(=O)N1CCC[C@H]1C(=O)N[C@@H](CO)C(=O)N[C@@H](CO)C(=O)NCC(=O)N[C@@H](C)C(=O)N1CCC[C@H]1C(=O)N1CCC[C@H]1C(=O)N1CCC[C@H]1C(=O)N[C@@H](CO)C(N)=O,O=C(CCc1c[nH]cn1)NCC(=O)NCC(=O)NCC(=O)NCC(=O)NC(Cc1ccccc1)C(=O)NCC(=O)NCC(=O)NCC(=O)NCC(=O)NCC(=O)NCC(=O)NCC(=O)NCC(=O)NCC(=O)NCC(=O)NCC(=O)NCC(=O)NCC(=O)NCC(=O)NCC(=O)NC(Cc1ccccc1)C(=O)NCC(=O)NCC(=O)NC(Cc1c[nH]c2ccccc12)C(=O)NCC(=O)NCC(=O)NCC(=O)NCC(=O)NCC(=O)N1CCCC1C(=O)NCC(=O)NCC(=O)NCC(=O)NCC(=O)N1CCCC1C(=O)N1CCCC1C(=O)N1CCCC1,199,0,1,0,0,1,1,1,0,1,1,0,1,0,0,1,0,1,0,1,1,1,1,0,0,1,1,1
CC(=O)C1(CCC2C1(CC(C3=C4CCC(=O)C=C4CCC23)C5=CC=C(C=C5)N(C)C)C)O,CC(=O)C1(O)CCC2C3CCC4=CC(=O)CCC4=C3C(c3ccc(N(C)C)cc3)CC21C,O=C1C=C2CCC3C(=C2CC1)C(c1ccccc1)CC1CCCC13,200,0,0,0,0,0,0,1,0,0,1,0,1,0,0,0,0,1,0,0,0,0,0,0,0,0,1,0
CN(C)CC[C@@](C1=CC=CC2=CC=CC=C21)([C@@H](C3=CC=CC=C3)C4=C(N=C5C=CC(=CC5=C4)Br)OC)O,COc1nc2ccc(Br)cc2cc1[C@H](c1ccccc1)[C@@](O)(CCN(C)C)c1cccc2ccccc12,c1ccc(C(Cc2cccc3ccccc23)c2cnc3ccccc3c2)cc1,201,1,1,0,0,1,1,1,0,0,0,0,1,0,0,0,0,1,0,1,1,0,0,0,0,1,1,1
C1CCC(CC1)[C@@H]2C[C@H](NC2)C(=O)O,O=C(O)[C@@H]1C[C@@H](C2CCCCC2)CN1,C1CCC(C2CCNC2)CC1,202,0,0,0,1,1,1,1,0,1,0,0,1,0,0,1,0,1,0,0,1,0,1,0,0,1,1,1
C1C2=CC=CC=C2N(C3=CC=CC=C3C1=O)C(=O)N,NC(=O)N1c2ccccc2CC(=O)c2ccccc21,O=C1Cc2ccccc2Nc2ccccc21,203,1,1,0,1,1,1,1,1,1,1,0,1,1,1,1,1,1,0,1,1,1,1,0,1,1,1,1
C1C(C(OC1N2C=NC3=C2N=C(N=C3N)Cl)CO)O,Nc1nc(Cl)nc2c1ncn2C1CC(O)C(CO)O1,c1ncc2ncn(C3CCCO3)c2n1,204,1,1,0,1,1,1,1,0,1,0,1,1,0,0,1,1,1,0,1,1,1,1,0,0,1,1,1
[H-].[H-].[Ba+2],[Ba+2],,205,0,0,0,0,0,0,1,0,0,0,0,1,0,0,0,0,0,0,1,1,0,0,0,0,0,0,0
C[C@]12CCC(=O)C=C1CC[C@@H]3[C@@H]2C(=O)C[C@]4([C@H]3CC[C@@]4(C(=O)CO)O)C,C[C@]12CCC(=O)C=C1CC[C@@H]1[C@@H]2C(=O)C[C@@]2(C)[C@H]1CC[C@]2(O)C(=O)CO,O=C1C=C2CCC3C4CCCC4CC(=O)C3C2CC1,206,0,1,0,1,1,1,1,0,1,1,0,1,0,0,1,0,1,0,0,0,0,0,0,1,1,1,1
CCOC(=O)N[C@@H]1CC[C@@H]2[C@@H](C1)C[C@@H]3[C@H](C2/C=C/C4=NC=C(C=C4)C5=CC(=CC=C5)F)[C@H](OC3=O)C,CCOC(=O)N[C@@H]1CC[C@H]2C(/C=C/c3ccc(-c4cccc(F)c4)cn3)[C@@H]3[C@@H](C)OC(=O)[C@@H]3C[C@@H]2C1,O=C1OCC2C1CC1CCCCC1C2C=Cc1ccc(-c2ccccc2)cn1,207,0,1,0,1,1,0,1,0,0,0,0,0,0,0,1,1,1,0,0,0,1,0,0,0,1,1,0
CC1=C(SC=N1)C=CC2=C(N3[C@@H]([C@@H](C3=O)NC(=O)C(=NOC)C4=CSC(=N4)N)SC2)C(=O)OCOC(=O)C(C)(C)C,CON=C(C(=O)N[C@@H]1C(=O)N2C(C(=O)OCOC(=O)C(C)(C)C)=C(C=Cc3scnc3C)CS[C@H]12)c1csc(N)n1,N=C(C(=O)NC1C(=O)N2C=C(C=Cc3cncs3)CSC12)c1cscn1,208,1,1,0,0,1,1,1,1,1,1,0,1,0,0,1,1,1,0,1,1,1,1,0,0,0,1,1
COCCNC(=O)CN(CCN(CCN(CC(=O)NCCOC)CC(=O)[O-])CC(=O)[O-])CC(=O)[O-].[Gd+3],COCCNC(=O)CN(CCN(CCN(CC(=O)O)CC(=O)NCCOC)CC(=O)O)CC(=O)O,,209,1,1,0,1,1,1,1,0,1,1,0,1,0,1,1,1,1,0,1,1,1,1,0,1,1,1,1
CCNC(=O)C1CCCN1C(=O)C(CCCN=C(N)N)NC(=O)C(CC(C)C)NC(=O)C(COC(C)(C)C)NC(=O)C(CC2=CC=C(C=C2)O)NC(=O)C(CO)NC(=O)C(CC3=CNC4=CC=CC=C43)NC(=O)C(CC5=CN=CN5)NC(=O)C6CCC(=O)N6,CCNC(=O)C1CCCN1C(=O)C(CCCN=C(N)N)NC(=O)C(CC(C)C)NC(=O)C(COC(C)(C)C)NC(=O)C(Cc1ccc(O)cc1)NC(=O)C(CO)NC(=O)C(Cc1c[nH]c2ccccc12)NC(=O)C(Cc1cnc[nH]1)NC(=O)C1CCC(=O)N1,O=C(CNC(=O)CNC(=O)C(Cc1ccccc1)NC(=O)CNC(=O)C(Cc1c[nH]c2ccccc12)NC(=O)C(Cc1cnc[nH]1)NC(=O)C1CCC(=O)N1)NCC(=O)N1CCCC1,210,0,1,0,1,1,1,1,1,1,1,1,1,1,0,1,1,1,0,1,1,1,1,1,1,1,1,1
CC(C)C(=O)OCC(=O)[C@@]12[C@@H](C[C@@H]3[C@@]1(C[C@@H]([C@H]4[C@H]3CCC5=CC(=O)C=C[C@]45C)O)C)OC(O2)C6CCCCC6,CC(C)C(=O)OCC(=O)[C@@]12OC(C3CCCCC3)O[C@@H]1C[C@H]1[C@@H]3CCC4=CC(=O)C=C[C@]4(C)[C@H]3[C@@H](O)C[C@@]12C,O=C1C=CC2C(=C1)CCC1C2CCC2C1CC1OC(C3CCCCC3)OC12,211,0,1,0,1,1,1,1,0,1,0,0,1,1,0,1,0,1,0,1,1,0,0,0,1,1,1,1
C(CC(C(F)F)(C(=O)O)N)CN,NCCCC(N)(C(=O)O)C(F)F,,212,0,1,0,0,0,0,1,0,0,0,1,1,0,0,1,0,1,0,1,0,0,0,0,1,0,1,0
[H-].[H-].[Sr+2],[Sr+2],,213,0,0,0,0,1,0,0,0,0,0,0,1,0,0,0,1,0,0,1,0,0,0,0,0,0,0,0
CC1C(C(CC(O1)OC2CC(CC3=C(C4=C(C(=C23)O)C(=O)C5=C(C4=O)C=CC=C5OC)O)(C(=O)CO)O)[NH3+])O,COc1cccc2c1C(=O)c1c(O)c3c(c(O)c1C2=O)CC(O)(C(=O)CO)CC3OC1CC(N)C(O)C(C)O1,O=C1c2ccccc2C(=O)c2cc3c(cc21)CCCC3OC1CCCCO1,214,1,1,0,1,1,1,1,1,1,1,1,1,0,1,1,1,1,1,1,1,1,1,0,1,1,1,1
C[C@@H](C(=O)O)N.CC(=O)O.C1=CC(=CC=C1C[C@@H](C(=O)O)N)O.C(CCN)C[C@@H](C(=O)O)N.C(CC(=O)O)[C@@H](C(=O)O)N,N[C@@H](Cc1ccc(O)cc1)C(=O)O,c1ccccc1,215,1,1,0,1,1,1,1,1,1,1,1,1,1,1,1,1,1,0,1,1,1,1,1,1,1,1,1
CC(C)C[C@@H](C(=O)N[C@@H](CCCN=C(N)N)C(=O)N1CCC[C@H]1C(=O)NCC(=O)N)NC(=O)[C@@H](CC2=CC3=CC=CC=C3C=C2)NC(=O)[C@H](CC4=CC=C(C=C4)O)NC(=O)[C@H](CO)NC(=O)[C@H](CC5=CNC6=CC=CC=C65)NC(=O)[C@H](CC7=CN=CN7)NC(=O)[C@@H]8CCC(=O)N8,CC(C)C[C@H](NC(=O)[C@@H](Cc1ccc2ccccc2c1)NC(=O)[C@H](Cc1ccc(O)cc1)NC(=O)[C@H](CO)NC(=O)[C@H](Cc1c[nH]c2ccccc12)NC(=O)[C@H](Cc1cnc[nH]1)NC(=O)[C@@H]1CCC(=O)N1)C(=O)N[C@@H](CCCN=C(N)N)C(=O)N1CCC[C@H]1C(=O)NCC(N)=O,O=C(CNC(=O)C(Cc1ccc2ccccc2c1)NC(=O)C(Cc1ccccc1)NC(=O)CNC(=O)C(Cc1c[nH]c2ccccc12)NC(=O)C(Cc1cnc[nH]1)NC(=O)C1CCC(=O)N1)NCC(=O)N1CCCC1,216,1,1,0,1,1,1,1,1,0,1,1,1,1,0,1,0,1,0,1,1,1,1,1,1,1,1,1
CC1(C(=O)N(C(=S)N1C2=CC(=C(C=C2)C(=O)NC)F)C3=CC(=C(C=C3)C#N)C(F)(F)F)C,CNC(=O)c1ccc(N2C(=S)N(c3ccc(C#N)c(C(F)(F)F)c3)C(=O)C2(C)C)cc1F,O=C1CN(c2ccccc2)C(=S)N1c1ccccc1,217,0,0,0,0,0,1,1,0,0,1,0,1,0,0,1,1,1,0,1,1,1,1,0,1,0,1,1
C[C@]12CC[C@H]3[C@H]([C@@H]1CC[C@@H]2O)CCC4=CC(=O)CC[C@H]34,C[C@]12CC[C@H]3[C@@H](CCC4=CC(=O)CC[C@@H]43)[C@@H]1CC[C@@H]2O,O=C1C=C2CCC3C4CCCC4CCC3C2CC1,218,1,0,0,0,1,0,1,0,0,1,1,1,0,0,1,0,1,0,1,0,1,0,0,0,0,0,0
CS(=O)(=O)O.C1CNC[C@H]([C@@H]1C2=CC=CC=C2)COC3=CC4=C(C=C3)OCO4,c1ccc([C@@H]2CCNC[C@H]2COc2ccc3c(c2)OCO3)cc1,c1ccc(C2CCNCC2COc2ccc3c(c2)OCO3)cc1,219,1,1,0,1,1,1,1,1,1,1,0,1,1,1,1,1,1,1,1,1,1,1,1,1,1,1,1
C1CC1C2=NC3=CC=CC=C3C(=C2C=C[C@H](C[C@H](CC(=O)O)O)O)C4=CC=C(C=C4)F,O=C(O)C[C@H](O)C[C@H](O)C=Cc1c(C2CC2)nc2ccccc2c1-c1ccc(F)cc1,c1ccc(-c2cc(C3CC3)nc3ccccc23)cc1,220,1,0,0,0,1,1,1,0,1,1,0,1,0,0,0,0,1,0,1,1,1,1,0,0,0,1,1
CC12CCC3C(C1CCC2O)CCC4=C3C=CC(=C4)OC(=O)N(CCCl)CCCl,CC12CCC3c4ccc(OC(=O)N(CCCl)CCCl)cc4CCC3C1CCC2O,c1ccc2c(c1)CCC1C2CCC2CCCC21,221,0,1,0,1,1,1,1,0,0,1,0,1,0,0,1,1,1,1,0,1,1,0,0,1,1,1,0
CC1CC2C3C(CC4=CC(=O)C=CC4(C3C(CC2(C1(C(=O)CO)O)C)O)C)Cl,CC1CC2C3C(Cl)CC4=CC(=O)C=CC4(C)C3C(O)CC2(C)C1(O)C(=O)CO,O=C1C=CC2C(=C1)CCC1C3CCCC3CCC21,222,0,0,0,0,0,0,0,0,0,0,0,0,0,0,0,0,1,0,1,0,0,0,0,0,0,0,0
C1=CC=C(C=C1)C2(C(=O)NC(=O)N2)C3=CC=CC=C3,O=C1NC(=O)C(c2ccccc2)(c2ccccc2)N1,O=C1NC(=O)C(c2ccccc2)(c2ccccc2)N1,223,1,1,0,1,1,1,1,1,1,1,1,1,1,1,1,1,1,0,1,1,1,1,0,1,1,1,1
[H+].[H+].C(CN(CC(=O)[O-])CC(=O)[O-])N(CCN(CC(=O)[O-])CC(=O)[O-])CC(=O)[O-].[Gd+3],O=C(O)CN(CCN(CC(=O)O)CC(=O)O)CCN(CC(=O)O)CC(=O)O,,224,0,0,0,1,1,1,1,0,1,0,0,1,0,1,1,0,1,0,1,1,1,1,0,1,1,1,1
CC1=NN=C(O1)C(=O)NC(C)(C)C2=NC(=C(C(=O)N2C)[O-])C(=O)NCC3=CC=C(C=C3)F.[K+],Cc1nnc(C(=O)NC(C)(C)c2nc(C(=O)NCc3ccc(F)cc3)c(O)c(=O)n2C)o1,O=C(NCc1ccccc1)c1cc(=O)[nH]c(CNC(=O)c2nnco2)n1,225,1,1,0,1,1,1,1,1,1,1,1,1,1,0,1,1,1,0,1,1,1,1,0,1,1,1,1
CC(=O)NC1=[N+](N=C(S1)S(=O)(=O)N)C,CC(=O)Nc1sc(S(N)(=O)=O)n[n+]1C,c1n[nH+]cs1,226,1,1,0,1,1,0,1,0,1,0,0,1,0,0,0,1,1,0,0,0,1,1,0,1,0,1,1
C1=NC(=NC(=O)N1C2C(C(C(O2)CO)O)O)N,Nc1ncn(C2OC(CO)C(O)C2O)c(=O)n1,O=c1ncncn1C1CCCO1,227,1,1,0,1,1,1,1,0,1,0,1,1,0,0,1,1,1,0,1,1,1,1,0,0,1,1,1
CC1CC2C3CCC(C3(CC(C2C4(C1=CC(=O)C=C4)C)O)C)(C(=O)COC(=O)CCC(=O)O)O,CC1CC2C(C(O)CC3(C)C2CCC3(O)C(=O)COC(=O)CCC(=O)O)C2(C)C=CC(=O)C=C12,O=C1C=CC2C(=C1)CCC1C3CCCC3CCC21,228,0,1,0,1,1,1,1,0,1,1,0,1,1,0,1,0,1,0,1,1,1,1,0,1,1,1,1
C[C@]12CC[C@@H](CC1=CC[C@@H]3[C@@H]2CC[C@]4([C@H]3CC=C4C5=CN=CC=C5)C)O,C[C@]12CC[C@H](O)CC1=CC[C@@H]1[C@@H]2CC[C@]2(C)C(c3cccnc3)=CC[C@@H]12,C1=C2CCCCC2C2CCC3C(c4cccnc4)=CCC3C2C1,229,1,1,0,0,1,1,1,0,0,1,0,1,0,0,1,1,1,0,1,1,1,1,0,0,1,0,1
CNC(=O)C1=NC=CC(=C1)OC2=CC(=C(C=C2)NC(=O)NC3=CC(=C(C=C3)Cl)C(F)(F)F)F,CNC(=O)c1cc(Oc2ccc(NC(=O)Nc3ccc(Cl)c(C(F)(F)F)c3)c(F)c2)ccn1,O=C(Nc1ccccc1)Nc1ccc(Oc2ccncc2)cc1,230,1,1,0,0,1,1,1,0,0,0,1,1,1,0,1,1,1,0,1,1,0,1,0,0,1,1,1
CCC(=O)O[C@](CC1=CC=CC=C1)(C2=CC=CC=C2)[C@H](C)CN(C)C,CCC(=O)O[C@](Cc1ccccc1)(c1ccccc1)[C@H](C)CN(C)C,c1ccc(CCc2ccccc2)cc1,231,1,1,0,1,1,1,1,0,1,0,0,1,0,0,1,0,1,0,0,1,1,0,0,0,1,1,1
CN(CCCN1CCC2=CC(=C(C=C2CC1=O)OC)OC)C[C@H]3CC4=CC(=C(C=C34)OC)OC,COc1cc2c(cc1OC)CC(=O)N(CCCN(C)C[C@H]1Cc3cc(OC)c(OC)cc31)CC2,O=C1Cc2ccccc2CCN1CCCNCC1Cc2ccccc21,232,0,1,0,1,1,1,1,0,0,0,0,1,0,0,1,1,1,0,0,1,0,0,0,1,1,1,1
CCCC1=CC(=O)NC(=S)N1,CCCc1cc(=O)[nH]c(=S)[nH]1,O=c1cc[nH]c(=S)[nH]1,233,1,0,0,0,1,1,1,0,0,0,0,1,0,0,1,1,1,0,0,1,0,1,0,1,0,1,1
C(C=O)C(C=O)O,O=CCC(O)C=O,,234,0,1,1,0,1,1,1,0,1,0,0,1,0,0,1,1,1,1,1,1,1,0,0,0,1,1,1
C1CC1NC2=NC(=NC3=C2N=CN3C4CC(C=C4)CO)N,Nc1nc(NC2CC2)c2ncn(C3C=CC(CO)C3)c2n1,C1=CC(n2cnc3c(NC4CC4)ncnc32)CC1,235,1,1,0,0,1,1,1,0,1,1,0,1,1,0,1,1,1,0,1,1,1,1,0,1,1,1,1
CC1C=CC=CC=CC=CC=CC=CC=CC(CC2C(C(CC(O2)(CC(CC(C(CCC(CC(CC(=O)OC(C(C1O)C)C)O)O)O)O)O)O)O)C(=O)O)OC3C(C(C(C(O3)C)O)N)O,CC1C=CC=CC=CC=CC=CC=CC=CC(OC2OC(C)C(O)C(N)C2O)CC2OC(O)(CC(O)CC(O)C(O)CCC(O)CC(O)CC(=O)OC(C)C(C)C1O)CC(O)C2C(=O)O,O=C1CCCCCCCCCCCC2CCCC(CC(OC3CCCCO3)C=CC=CC=CC=CC=CC=CC=CCCCCO1)O2,236,1,1,0,1,1,1,1,1,1,1,0,1,0,0,1,1,1,0,1,1,1,1,0,1,1,1,1
CCCC(=O)NC1=CC(=C(C=C1)OCC(CNC(C)C)O)C(=O)C,CCCC(=O)Nc1ccc(OCC(O)CNC(C)C)c(C(C)=O)c1,c1ccccc1,237,0,1,0,1,1,1,1,0,0,1,0,1,0,0,1,1,1,0,1,1,1,1,0,1,1,1,0
CC(=O)NC1=CC=C(C=C1)O,CC(=O)Nc1ccc(O)cc1,c1ccccc1,238,1,1,0,1,1,1,1,0,1,1,0,1,0,1,1,1,1,0,1,1,1,1,0,0,1,1,1
CC(=O)NC1=NN=C(S1)S(=O)(=O)N,CC(=O)Nc1nnc(S(N)(=O)=O)s1,c1nncs1,239,1,1,0,1,1,1,1,0,1,0,0,1,0,0,1,1,1,0,0,0,1,1,0,1,0,1,1
CC(=O)NO,CC(=O)NO,,240,0,1,0,0,0,0,1,0,0,0,0,1,0,0,1,1,1,0,0,0,1,1,0,0,1,1,1
CCCCCCCCCCCCCCCCCCCCCCO,CCCCCCCCCCCCCCCCCCCCCCO,,241,0,0,0,0,0,0,0,0,0,0,0,1,0,0,0,0,1,0,0,0,0,0,0,0,0,1,0
CCCCC(C)(CC=C[C@H]1[C@@H](CC(=O)[C@@H]1CCCCCCC(=O)OC)O)O,CCCCC(C)(O)CC=C[C@H]1[C@H](O)CC(=O)[C@@H]1CCCCCCC(=O)OC,O=C1CCCC1,242,0,1,0,1,1,1,1,0,1,1,0,1,0,0,1,1,1,1,1,1,1,1,1,1,1,1,1
C1C[C@H](N(C1)C(=O)[C@@H]2CSSC[C@@H](C(=O)N[C@H](C(=O)N[C@H](C(=O)N[C@H](C(=O)N[C@H](C(=O)N2)CC(=O)N)CCC(=O)N)CC3=CC=CC=C3)CC4=CC=C(C=C4)O)NC(=O)CNC(=O)CNC(=O)CN)C(=O)N[C@@H](CCCCN)C(=O)NCC(=O)N,NCCCC[C@H](NC(=O)[C@@H]1CCCN1C(=O)[C@@H]1CSSC[C@H](NC(=O)CNC(=O)CNC(=O)CN)C(=O)N[C@@H](Cc2ccc(O)cc2)C(=O)N[C@@H](Cc2ccccc2)C(=O)N[C@@H](CCC(N)=O)C(=O)N[C@@H](CC(N)=O)C(=O)N1)C(=O)NCC(N)=O,O=C1CNC(=O)C(Cc2ccccc2)NC(=O)C(Cc2ccccc2)NC(=O)CCSSCC(C(=O)N2CCCC2)NC(=O)CN1,243,0,1,0,0,1,0,1,0,0,1,0,1,0,0,1,0,1,0,0,1,0,0,1,0,1,1,0
C([C@@H]([C@@H]1C(=O)C(=C(O1)[O-])[O-])O)O.[Ca+2],O=C1C(O)=C(O)O[C@@H]1[C@@H](O)CO,O=C1C=COC1,244,0,0,0,0,0,0,0,0,0,0,0,1,0,0,1,0,0,0,0,0,0,0,0,0,0,1,0
CC1C(C(=O)NC(C(=O)N2CCCC2C(=O)N(CC(=O)N(C(C(=O)O1)C(C)C)C)C)C(C)C)NC(=O)C3=C4C(=C(C=C3)C)OC5=C(C(=O)C(=C(C5=N4)C(=O)NC6C(OC(=O)C(N(C(=O)CN(C(=O)C7CCCN7C(=O)C(NC6=O)C(C)C)C)C)C(C)C)C)N)C,Cc1c2oc3c(C)ccc(C(=O)NC4C(=O)NC(C(C)C)C(=O)N5CCCC5C(=O)N(C)CC(=O)N(C)C(C(C)C)C(=O)OC4C)c3nc-2c(C(=O)NC2C(=O)NC(C(C)C)C(=O)N3CCCC3C(=O)N(C)CC(=O)N(C)C(C(C)C)C(=O)OC2C)c(N)c1=O,O=C1CNC(=O)C2CCCN2C(=O)CNC(=O)C(NC(=O)c2cc(=O)cc3oc4cccc(C(=O)NC5COC(=O)CNC(=O)CNC(=O)C6CCCN6C(=O)CNC5=O)c4nc2-3)COC(=O)CN1,245,1,1,0,0,1,1,1,0,1,0,0,1,0,0,1,1,1,1,1,0,0,0,0,0,0,1,1
CC1CC(=O)C2(C(O1)OC3C(C(C(C(C3O2)NC)O)NC)O)O,CNC1C(O)C(NC)C2OC3(O)C(=O)CC(C)OC3OC2C1O,O=C1CCOC2OC3CCCCC3OC12,246,0,0,0,0,1,0,1,0,1,0,0,1,0,0,0,0,1,0,0,0,1,1,0,0,0,1,0
C1=NC2=C(N1COCCO)NC(=NC2=O)N,Nc1nc(=O)c2ncn(COCCO)c2[nH]1,O=c1nc[nH]c2[nH]cnc12,247,1,1,0,1,1,1,1,0,1,1,0,1,0,0,1,1,1,0,1,1,1,1,0,1,1,1,1
C=CCN.C1C(O1)CCl.C(=O)(O)O,ClCC1CO1,C1CO1,248,0,0,0,0,0,0,1,0,0,0,0,0,0,0,0,0,1,0,1,0,0,0,0,0,0,0,0
[As],[As],,249,0,1,0,1,1,1,1,0,1,1,1,1,0,0,1,1,1,0,1,1,1,1,0,1,1,1,1
CO[C@@H]1[C@H]([C@@H]([C@@H](O[C@@H]1C(=O)[O-])O[C@H]2[C@@H](O[C@H]([C@H]([C@@H]2[O-])NOS(=O)(=O)O)OC)COS(=O)(=O)O)OS(=O)(=O)O)O,CO[C@@H]1O[C@@H](COS(=O)(=O)O)[C@H](O[C@@H]2O[C@H](C(=O)O)[C@H](OC)[C@@H](O)[C@@H]2OS(=O)(=O)O)[C@@H](O)[C@@H]1NOS(=O)(=O)O,C1CCC(OC2CCCOC2)OC1,250,0,1,0,1,1,1,1,0,1,1,0,1,1,0,1,1,1,0,1,1,0,1,0,0,1,1,0
CC[C@@]12C=CCN3[C@@H]1[C@]4(CC3)[C@H]([C@]([C@@H]2OC(=O)C)(C(=O)OC)O)N(C5=CC(=C(C=C45)[C@]6(C[C@@H]7C[C@@H](CN(C7)CC8=C6NC9=CC=CC=C89)C(C)(F)F)C(=O)OC)OC)C,CC[C@]12C=CCN3CC[C@@]4(c5cc([C@@]6(C(=O)OC)C[C@@H]7C[C@H](C(C)(F)F)CN(Cc8c6[nH]c6ccccc86)C7)c(OC)cc5N(C)[C@H]4[C@@](O)(C(=O)OC)[C@@H]1OC(C)=O)[C@@H]32,C1=CC2CCC3Nc4ccc(C5CC6CCCN(Cc7c5[nH]c5ccccc75)C6)cc4C34CCN(C1)C24,251,1,1,0,1,1,1,1,0,1,1,1,1,1,0,1,1,1,0,1,1,1,1,0,1,1,1,1
CCOC1=NC2=CC=CC(=C2N1CC3=CC=C(C=C3)C4=CC=CC=C4C5=NC(=O)ON5)C(=O)O,CCOc1nc2cccc(C(=O)O)c2n1Cc1ccc(-c2ccccc2-c2nc(=O)o[nH]2)cc1,O=c1nc(-c2ccccc2-c2ccc(Cn3cnc4ccccc43)cc2)[nH]o1,252,0,0,0,0,1,1,1,0,0,0,0,1,0,0,1,1,1,0,0,1,0,1,0,0,0,1,0
CCCSC1=CC2=C(C=C1)N=C(N2)NC(=O)OC,CCCSc1ccc2nc(NC(=O)OC)[nH]c2c1,c1ccc2[nH]cnc2c1,253,1,0,0,0,1,0,1,0,1,0,0,0,0,0,0,1,1,0,0,0,0,1,0,1,0,1,1
CC(C)(C)NCC(C1=CC(=C(C=C1)O)CO)O,CC(C)(C)NCC(O)c1ccc(O)c(CO)c1,c1ccccc1,254,1,1,0,1,1,1,1,1,1,1,0,1,0,1,1,1,1,0,1,1,1,1,1,1,1,1,1
CCC(=O)OCC(=O)C1(C(CC2C1(CC(C3C2C(CC4=CC(=O)C=CC34C)Cl)O)C)C)OC(=O)CC,CCC(=O)OCC(=O)C1(OC(=O)CC)C(C)CC2C3C(Cl)CC4=CC(=O)C=CC4(C)C3C(O)CC21C,O=C1C=CC2C(=C1)CCC1C3CCCC3CCC21,255,0,0,0,0,0,0,0,0,0,0,0,0,0,0,0,0,1,0,1,0,0,0,0,0,0,0,0
C(CC(O)(P(=O)(O)O)P(=O)(O)O)CN,NCCCC(O)(P(=O)(O)O)P(=O)(O)O,,256,0,1,0,1,1,1,1,1,1,0,1,1,0,0,1,1,1,1,1,1,0,1,0,1,0,1,1
CN(CCCNC(=O)C1CCCO1)C2=NC3=CC(=C(C=C3C(=N2)N)OC)OC,COc1cc2nc(N(C)CCCNC(=O)C3CCCO3)nc(N)c2cc1OC,O=C(NCCCNc1ncc2ccccc2n1)C1CCCO1,257,1,0,0,1,1,1,1,0,0,1,0,1,0,0,1,1,1,0,1,1,1,1,0,1,1,1,1
C1=C2C(=NC=NC2=O)NN1,O=c1ncnc2[nH][nH]cc1-2,O=c1ncnc2[nH][nH]cc1-2,258,1,1,0,1,1,1,1,0,1,1,1,1,0,1,1,1,1,1,1,1,1,1,0,1,1,1,1
CC1=C(N=CN1)CN2CCC3=C(C2=O)C4=CC=CC=C4N3C,Cc1[nH]cnc1CN1CCc2c(c3ccccc3n2C)C1=O,O=C1c2c([nH]c3ccccc23)CCN1Cc1c[nH]cn1,259,1,1,0,1,1,1,1,0,1,1,0,1,1,0,1,0,1,0,1,1,1,1,0,0,1,1,1
CCC(=O)N(C1=CC=CC=C1)C2(CCN(CC2)CCN3C(=O)N(N=N3)CC)COC,CCC(=O)N(c1ccccc1)C1(COC)CCN(CCn2nnn(CC)c2=O)CC1,O=c1[nH]nnn1CCN1CCC(Nc2ccccc2)CC1,260,0,0,0,1,1,1,1,0,1,0,0,1,0,0,1,0,1,0,0,1,1,0,0,0,1,1,1
CC1=NN=C2N1C3=C(C=C(C=C3)Cl)C(=NC2)C4=CC=CC=C4,Cc1nnc2n1-c1ccc(Cl)cc1C(c1ccccc1)=NC2,c1ccc(C2=NCc3nncn3-c3ccccc32)cc1,261,1,1,0,1,1,1,1,1,1,1,0,1,1,1,1,0,1,0,1,1,1,1,0,1,1,1,1
CN(C)C1=NC(=NC(=N1)N(C)C)N(C)C,CN(C)c1nc(N(C)C)nc(N(C)C)n1,c1ncncn1,262,0,1,0,0,1,0,1,0,0,0,1,1,0,0,0,1,0,0,0,0,1,0,0,1,0,1,1
C1C2CC3CC1CC(C2)(C3)N,NC12CC3CC(CC(C3)C1)C2,C1C2CC3CC1CC(C2)C3,263,0,1,0,1,1,1,1,1,1,0,0,1,0,0,1,1,1,0,0,1,1,1,0,0,1,1,1
CC(=O)OCC(=O)C12C(CC3C1(CC(C4(C3CCC5=CC(=O)C=CC54C)F)O)C)OC6(O2)CCCC6,CC(=O)OCC(=O)C12OC3(CCCC3)OC1CC1C3CCC4=CC(=O)C=CC4(C)C3(F)C(O)CC12C,O=C1C=CC2C(=C1)CCC1C2CCC2C1CC1OC3(CCCC3)OC12,264,0,0,0,1,0,0,0,0,0,0,0,1,1,0,0,0,1,0,1,0,0,0,0,0,0,0,0
C[C@@]1([C@@H]2C[C@@H]3[C@H](C(=O)C(=C(N)[O-])C(=O)[C@]3(C(=O)C2=C(C4=C1C=CC=C4O)[O-])O)[NH+](C)C)O,CN(C)[C@H]1C(=O)C(=C(N)O)C(=O)[C@@]2(O)C(=O)C3=C(O)c4c(O)cccc4[C@@](C)(O)[C@@H]3C[C@H]12,C=C1C(=O)CC2CC3Cc4ccccc4C=C3C(=O)C2C1=O,265,1,1,0,0,1,1,1,0,1,1,0,0,0,0,0,1,1,1,0,0,0,1,0,0,1,1,0
CN(C)CC(C1=CC=C(C=C1)O)C2(CCCCC2)O,CN(C)CC(c1ccc(O)cc1)C1(O)CCCCC1,c1ccc(CC2CCCCC2)cc1,266,0,1,0,1,1,1,1,1,1,1,0,1,0,0,1,1,1,0,0,1,1,1,0,1,1,1,1
CC(=O)NC1=C(C(=C(C(=C1I)C(=O)O)I)NC(=O)C)I,CC(=O)Nc1c(I)c(NC(C)=O)c(I)c(C(=O)O)c1I,c1ccccc1,267,0,0,0,1,1,1,1,0,1,0,0,1,0,1,1,1,1,0,1,1,1,1,0,0,1,1,1
C(CN)CNCCSP(=O)(O)O,NCCCNCCSP(=O)(O)O,,268,0,1,0,0,1,0,1,0,1,0,0,1,1,0,1,0,1,0,0,1,0,1,0,0,1,1,1
C1C(C(C(C(C1NC(=O)C(CCN)O)OC2C(C(C(C(O2)CO)O)N)O)O)OC3C(C(C(C(O3)CN)O)O)O)N,NCCC(O)C(=O)NC1CC(N)C(OC2OC(CN)C(O)C(O)C2O)C(O)C1OC1OC(CO)C(O)C(N)C1O,C1CCC(OC2CCCC(OC3CCCCO3)C2)OC1,269,0,1,0,1,1,1,1,0,0,0,0,0,0,0,1,1,1,0,0,1,0,1,0,1,0,1,1
CCC1(CCC(=O)NC1=O)C2=CC=C(C=C2)N,CCC1(c2ccc(N)cc2)CCC(=O)NC1=O,O=C1CCC(c2ccccc2)C(=O)N1,270,1,1,0,0,1,1,1,0,1,0,0,0,1,0,1,1,1,0,0,1,0,0,0,0,1,1,0
C1=CC(=CC=C1C(=O)NCC(=O)O)N,Nc1ccc(C(=O)NCC(=O)O)cc1,c1ccccc1,271,0,0,0,0,0,1,1,0,1,0,0,1,0,0,1,0,1,0,0,0,0,0,0,0,0,1,0
CN1C2=C(C(=O)N(C1=O)C)NC=N2,Cn1c(=O)c2[nH]cnc2n(C)c1=O,O=c1[nH]c(=O)c2[nH]cnc2[nH]1,87,0,1,0,0,1,1,1,0,1,0,0,1,1,0,1,0,1,0,1,1,1,1,0,0,1,1,1
CCCCC1=C(C2=CC=CC=C2O1)C(=O)C3=CC(=C(C(=C3)I)OCC[NH+](CC)CC)I,CCCCc1oc2ccccc2c1C(=O)c1cc(I)c(OCCN(CC)CC)c(I)c1,O=C(c1ccccc1)c1coc2ccccc12,272,1,1,1,1,1,1,1,0,1,1,1,1,1,0,1,1,1,0,1,1,1,1,0,1,1,1,1
CCN1CCCC1CNC(=O)C2=CC(=C(C=C2OC)N)S(=O)(=O)CC,CCN1CCCC1CNC(=O)c1cc(S(=O)(=O)CC)c(N)cc1OC,O=C(NCC1CCCN1)c1ccccc1,273,0,1,0,1,1,1,1,0,1,1,0,1,1,0,1,1,1,0,1,1,1,0,1,0,1,1,1
CN(C)CCC=C1C2=CC=CC=C2CCC3=CC=CC=C31,CN(C)CCC=C1c2ccccc2CCc2ccccc21,C=C1c2ccccc2CCc2ccccc21,274,1,1,0,1,1,1,1,1,0,1,0,1,1,0,1,1,1,0,0,0,1,1,0,1,1,1,1
CC(C)C1=CC2=C(C=C1)OC3=NC(=C(C=C3C2=O)C(=O)O)N,CC(C)c1ccc2oc3nc(N)c(C(=O)O)cc3c(=O)c2c1,O=c1c2ccccc2oc2ncccc12,275,0,0,0,0,1,0,1,0,0,0,0,1,0,0,0,0,0,0,0,1,0,0,0,0,0,1,1
CCOC(=O)C1=C(NC(=C(C1C2=CC=CC=C2Cl)C(=O)OC)C)COCCN,CCOC(=O)C1=C(COCCN)NC(C)=C(C(=O)OC)C1c1ccccc1Cl,C1=CC(c2ccccc2)C=CN1,276,1,1,0,1,1,1,1,0,1,1,0,1,0,0,1,1,1,0,1,1,1,1,0,1,1,1,1
CCC1(C(=O)NC(=NC1=O)[O-])CCC(C)C,CCC1(CCC(C)C)C(=O)N=C(O)NC1=O,O=C1CC(=O)NC=N1,277,1,0,0,0,1,0,1,1,1,0,0,1,0,0,1,1,1,0,0,1,1,0,0,0,1,1,0
CCC(C)(C)C1=CC=C(C=C1)CC(C)CN2CC(OC(C2)C)C,CCC(C)(C)c1ccc(CC(C)CN2CC(C)OC(C)C2)cc1,c1ccc(CCCN2CCOCC2)cc1,278,0,0,0,0,0,0,0,0,1,0,0,0,0,0,0,0,1,0,0,0,0,0,0,0,0,1,0
C1CN(CCN1)C2=NC3=CC=CC=C3OC4=C2C=C(C=C4)Cl,Clc1ccc2c(c1)C(N1CCNCC1)=Nc1ccccc1O2,c1ccc2c(c1)N=C(N1CCNCC1)c1ccccc1O2,279,1,1,0,1,1,0,1,1,0,1,0,1,1,0,1,1,1,0,0,1,1,1,0,1,1,1,1
CC1(C(N2C(S1)C(C2=O)NC(=O)C(C3=CC=C(C=C3)O)N)C(=O)O)C,CC1(C)SC2C(NC(=O)C(N)c3ccc(O)cc3)C(=O)N2C1C(=O)O,O=C(Cc1ccccc1)NC1C(=O)N2CCSC12,280,1,1,0,0,1,0,1,0,1,0,0,1,0,0,1,1,1,0,1,0,1,1,0,0,0,1,1
CC1(C(N2C(S1)C(C2=O)NC(=O)C(C3=CC=CC=C3)N)C(=O)[O-])C,CC1(C)SC2C(NC(=O)C(N)c3ccccc3)C(=O)N2C1C(=O)O,O=C(Cc1ccccc1)NC1C(=O)N2CCSC12,281,0,0,0,0,1,0,1,0,1,0,0,0,0,0,0,1,1,0,1,1,0,0,0,0,0,0,0
CC(C)CN(CC(C(CC1=CC=CC=C1)NC(=O)OC2CCOC2)O)S(=O)(=O)C3=CC=C(C=C3)N,CC(C)CN(CC(O)C(Cc1ccccc1)NC(=O)OC1CCOC1)S(=O)(=O)c1ccc(N)cc1,O=C(NC(CCNS(=O)(=O)c1ccccc1)Cc1ccccc1)OC1CCOC1,282,1,1,0,0,1,1,1,0,0,1,0,1,0,0,0,1,1,0,1,0,1,1,0,0,1,1,1
COC1=C(C=CC(=C1)NS(=O)(=O)C)NC2=C3C=CC=CC3=NC4=CC=CC=C42,COc1cc(NS(C)(=O)=O)ccc1Nc1c2ccccc2nc2ccccc12,c1ccc(Nc2c3ccccc3nc3ccccc23)cc1,283,1,1,0,1,1,1,1,0,1,0,0,1,0,0,1,1,1,1,1,1,1,1,0,0,1,1,1
C1C2=C(C=CC(=C2Cl)Cl)NC3=NC(=O)CN31,O=C1CN2Cc3c(ccc(Cl)c3Cl)NC2=N1,O=C1CN2Cc3ccccc3NC2=N1,284,1,1,0,1,1,1,1,0,0,1,1,1,0,0,1,1,1,0,1,1,1,1,0,1,1,1,1
CC(C)(C#N)C1=CC(=CC(=C1)CN2C=NC=N2)C(C)(C)C#N,CC(C)(C#N)c1cc(Cn2cncn2)cc(C(C)(C)C#N)c1,c1ccc(Cn2cncn2)cc1,285,1,1,0,1,1,1,1,1,1,1,1,1,1,1,1,1,1,0,1,1,1,0,0,0,1,1,1
CN1CCC2=CC=CC3=C2C1CC4=C3C(=C(C=C4)O)O,CN1CCc2cccc3c2C1Cc1ccc(O)c(O)c1-3,c1ccc2c(c1)CC1NCCc3cccc-2c31,286,0,1,0,0,0,1,1,0,0,1,0,1,0,0,1,0,1,0,1,1,1,0,0,0,1,1,1
C1CN=C(N1)NC2=C(C=C(C=C2Cl)N)Cl,Nc1cc(Cl)c(NC2=NCCN2)c(Cl)c1,c1ccc(NC2=NCCN2)cc1,287,0,0,0,1,1,1,1,0,1,0,0,1,0,1,1,0,1,0,1,1,1,0,0,0,1,1,0
C[C@@H](C(=O)N[C@@H](CCC(=O)O)C(=O)N[C@@H](CC(=O)O)C(=O)N[C@@H](CCC(=O)O)C(=O)N[C@@H](CO)C(=O)N[C@@H](C)C(=O)N[C@@H](CCC(=O)O)C(=O)N[C@@H](C)C(=O)N[C@@H](CC1=CC=CC=C1)C(=O)N2CCC[C@H]2C(=O)N[C@@H](CC(C)C)C(=O)N[C@@H](CCC(=O)O)C(=O)N[C@@H](CC3=CC=CC=C3)C(=O)O)NC(=O)CNC(=O)[C@H](CC(=O)N)NC(=O)[C@@H]4CCCN4C(=O)[C@H](CC5=CC=C(C=C5)O)NC(=O)[C@H](C(C)C)NC(=O)[C@H](CCCCN)NC(=O)[C@H](C(C)C)NC(=O)[C@@H]6CCCN6C(=O)[C@H](CCCNC(=N)N)NC(=O)[C@H](CCCNC(=N)N)NC(=O)[C@H](CCCCN)NC(=O)[C@H](CCCCN)NC(=O)CNC(=O)[C@H](C(C)C)NC(=O)[C@@H]7CCCN7C(=O)[C@H](CCCCN)NC(=O)CNC(=O)[C@H](CC8=CNC9=CC=CC=C98)NC(=O)[C@H](CCCNC(=N)N)NC(=O)[C@H](CC1=CC=CC=C1)NC(=O)[C@H](CC1=CN=CN1)NC(=O)[C@H](CCC(=O)O)NC(=O)[C@H](CCSC)NC(=O)[C@H](CO)NC(=O)[C@H](CC1=CC=C(C=C1)O)NC(=O)[C@H](CO)N,CSCC[C@H](NC(=O)[C@H](CO)NC(=O)[C@H](Cc1ccc(O)cc1)NC(=O)[C@@H](N)CO)C(=O)N[C@@H](CCC(=O)O)C(=O)N[C@@H](Cc1cnc[nH]1)C(=O)N[C@@H](Cc1ccccc1)C(=O)N[C@@H](CCCNC(=N)N)C(=O)N[C@@H](Cc1c[nH]c2ccccc12)C(=O)NCC(=O)N[C@@H](CCCCN)C(=O)N1CCC[C@H]1C(=O)N[C@H](C(=O)NCC(=O)N[C@@H](CCCCN)C(=O)N[C@@H](CCCCN)C(=O)N[C@@H](CCCNC(=N)N)C(=O)N[C@@H](CCCNC(=N)N)C(=O)N1CCC[C@H]1C(=O)N[C@H](C(=O)N[C@@H](CCCCN)C(=O)N[C@H](C(=O)N[C@@H](Cc1ccc(O)cc1)C(=O)N1CCC[C@H]1C(=O)N[C@@H](CC(N)=O)C(=O)NCC(=O)N[C@@H](C)C(=O)N[C@@H](CCC(=O)O)C(=O)N[C@@H](CC(=O)O)C(=O)N[C@@H](CCC(=O)O)C(=O)N[C@@H](CO)C(=O)N[C@@H](C)C(=O)N[C@@H](CCC(=O)O)C(=O)N[C@@H](C)C(=O)N[C@@H](Cc1ccccc1)C(=O)N1CCC[C@H]1C(=O)N[C@@H](CC(C)C)C(=O)N[C@@H](CCC(=O)O)C(=O)N[C@@H](Cc1ccccc1)C(=O)O)C(C)C)C(C)C)C(C)C,O=C(CCc1ccccc1)NCC(=O)NCC(=O)NCC(=O)NC(Cc1cnc[nH]1)C(=O)NC(Cc1ccccc1)C(=O)NCC(=O)NC(Cc1c[nH]c2ccccc12)C(=O)NCC(=O)NCC(=O)N1CCCC1C(=O)NCC(=O)NCC(=O)NCC(=O)NCC(=O)NCC(=O)NCC(=O)N1CCCC1C(=O)NCC(=O)NCC(=O)NCC(=O)NC(Cc1ccccc1)C(=O)N1CCCC1C(=O)NCC(=O)NCC(=O)NCC(=O)NCC(=O)NCC(=O)NCC(=O)NCC(=O)NCC(=O)NCC(=O)NCC(=O)NC(Cc1ccccc1)C(=O)N1CCCC1C(=O)NCC(=O)NCC(=O)NCCc1ccccc1,288,0,1,0,1,1,1,1,0,1,1,0,1,1,0,1,0,1,0,1,1,1,0,0,1,1,1,1
C(CC(=O)O)CO,O=C(O)CCCO,,289,1,1,0,1,1,1,1,1,1,1,0,1,0,0,1,1,1,0,1,1,1,1,0,1,1,1,1
CC1CCN(C(C1)C(=O)O)C(=O)C(CCCN=C(N)N)NS(=O)(=O)C2=CC=CC3=C2NCC(C3)C,CC1CNc2c(cccc2S(=O)(=O)NC(CCCN=C(N)N)C(=O)N2CCC(C)CC2C(=O)O)C1,O=C(CNS(=O)(=O)c1cccc2c1NCCC2)N1CCCCC1,290,0,0,0,0,1,1,1,0,1,0,0,1,0,1,1,1,1,0,1,1,1,1,0,0,1,1,1
C[C@H]([C@@H](C(=O)N[C@@H](CC1=CC=CC=C1)C(=O)N[C@@H]([C@@H](C)O)C(=O)N[C@@H](CO)C(=O)N[C@@H](CC(=O)O)C(=O)N[C@@H](CC2=CC=C(C=C2)O)C(=O)N[C@@H](CO)C(=O)N[C@@H](CCCCN)C(=O)N[C@@H](CC3=CC=C(C=C3)O)C(=O)N[C@@H](CC(C)C)C(=O)N[C@@H](CC(=O)O)C(=O)N[C@@H](CO)C(=O)N[C@@H](CCCNC(=N)N)C(=O)N[C@@H](CCCNC(=N)N)C(=O)N[C@@H](C)C(=O)N[C@@H](CCC(=O)N)C(=O)N[C@@H](CC(=O)O)C(=O)N[C@@H](CC4=CC=CC=C4)C(=O)N[C@@H](C(C)C)C(=O)N[C@@H](CCC(=O)N)C(=O)N[C@@H](CC5=CNC6=CC=CC=C65)C(=O)N[C@@H](CC(C)C)C(=O)N[C@@H](CCSC)C(=O)N[C@@H](CC(=O)N)C(=O)N[C@@H]([C@@H](C)O)C(=O)O)NC(=O)CNC(=O)[C@H](CCC(=O)N)NC(=O)[C@H](CO)NC(=O)[C@H](CC7=CN=CN7)N)O,CSCC[C@H](NC(=O)[C@H](CC(C)C)NC(=O)[C@H](Cc1c[nH]c2ccccc12)NC(=O)[C@H](CCC(N)=O)NC(=O)[C@@H](NC(=O)[C@H](Cc1ccccc1)NC(=O)[C@H](CC(=O)O)NC(=O)[C@H](CCC(N)=O)NC(=O)[C@H](C)NC(=O)[C@H](CCCNC(=N)N)NC(=O)[C@H](CCCNC(=N)N)NC(=O)[C@H](CO)NC(=O)[C@H](CC(=O)O)NC(=O)[C@H](CC(C)C)NC(=O)[C@H](Cc1ccc(O)cc1)NC(=O)[C@H](CCCCN)NC(=O)[C@H](CO)NC(=O)[C@H](Cc1ccc(O)cc1)NC(=O)[C@H](CC(=O)O)NC(=O)[C@H](CO)NC(=O)[C@@H](NC(=O)[C@H](Cc1ccccc1)NC(=O)[C@@H](NC(=O)CNC(=O)[C@H](CCC(N)=O)NC(=O)[C@H](CO)NC(=O)[C@@H](N)Cc1cnc[nH]1)[C@@H](C)O)[C@@H](C)O)C(C)C)C(=O)N[C@@H](CC(N)=O)C(=O)N[C@H](C(=O)O)[C@@H](C)O,O=C(CCc1cnc[nH]1)NCC(=O)NCC(=O)NCC(=O)NCC(=O)NC(Cc1ccccc1)C(=O)NCC(=O)NCC(=O)NCC(=O)NC(Cc1ccccc1)C(=O)NCC(=O)NCC(=O)NC(Cc1ccccc1)C(=O)NCC(=O)NCC(=O)NCC(=O)NCC(=O)NCC(=O)NCC(=O)NCC(=O)NCC(=O)NC(Cc1ccccc1)C(=O)NCC(=O)NCC(=O)NCCc1c[nH]c2ccccc12,291,0,0,0,0,1,0,1,0,1,0,0,1,0,0,1,0,0,0,0,0,0,0,0,0,1,1,0
CC(=O)OC1=CC=CC=C1C(=O)O,CC(=O)Oc1ccccc1C(=O)O,c1ccccc1,292,1,1,0,0,1,1,1,1,1,0,0,1,0,0,1,1,1,0,1,1,1,1,0,1,1,1,1
CC(C)NCC(COC1=CC=C(C=C1)CC(=O)N)O,CC(C)NCC(O)COc1ccc(CC(N)=O)cc1,c1ccccc1,293,1,1,0,1,1,1,1,0,0,1,0,1,0,0,1,1,1,1,0,1,1,1,0,1,1,1,1
CC(C)C1=C(C(=C(N1CCC(CC(CC(=O)O)O)O)C2=CC=C(C=C2)F)C3=CC=CC=C3)C(=O)NC4=CC=CC=C4,CC(C)c1c(C(=O)Nc2ccccc2)c(-c2ccccc2)c(-c2ccc(F)cc2)n1CCC(O)CC(O)CC(=O)O,O=C(Nc1ccccc1)c1c[nH]c(-c2ccccc2)c1-c1ccccc1,294,1,1,0,1,1,1,1,0,1,1,0,1,0,0,1,1,1,0,1,1,1,1,0,1,1,1,1
CN1C=NC(=C1SC2=NC=NC3=C2NC=N3)[N+](=O)[O-],Cn1cnc([N+](=O)[O-])c1Sc1ncnc2nc[nH]c12,c1nc(Sc2cnc[nH]2)c2[nH]cnc2n1,295,1,0,0,1,1,1,1,0,1,1,1,1,0,0,1,1,1,1,1,1,0,0,0,0,1,1,0
C(CCCC(=O)O)CCCC(=O)O,O=C(O)CCCCCCCC(=O)O,,296,0,0,0,1,0,0,0,0,1,0,0,1,0,0,0,0,1,0,1,1,0,0,0,0,0,1,0
CN1CCCC(CC1)N2C(=O)C3=CC=CC=C3C(=N2)CC4=CC=C(C=C4)Cl,CN1CCCC(n2nc(Cc3ccc(Cl)cc3)c3ccccc3c2=O)CC1,O=c1c2ccccc2c(Cc2ccccc2)nn1C1CCCNCC1,297,0,1,0,1,1,1,1,1,1,1,0,1,0,0,1,0,1,1,1,1,1,1,0,1,1,1,1
CCC1C(C(C(N(CC(CC(C(C(C(C(C(=O)O1)C)OC2CC(C(C(O2)C)O)(C)OC)C)OC3C(C(CC(O3)C)N(C)C)O)(C)O)C)C)C)O)(C)O,CCC1OC(=O)C(C)C(OC2CC(C)(OC)C(O)C(C)O2)C(C)C(OC2OC(C)CC(N(C)C)C2O)C(C)(O)CC(C)CN(C)C(C)C(O)C1(C)O,O=C1CC(OC2CCCCO2)CC(OC2CCCCO2)CCCCNCCCCO1,298,1,1,0,1,1,1,1,1,1,1,0,1,0,0,1,1,1,1,1,1,1,1,0,1,1,1,1
CCCCC([C@]1(CC[C@H]2[C@H](O1)CC(=O)[C@@H]2CCCCCCC(=O)O)O)(F)F,CCCCC(F)(F)[C@@]1(O)CC[C@H]2[C@@H](CC(=O)[C@@H]2CCCCCCC(=O)O)O1,O=C1CC2CCCOC2C1,299,0,1,0,0,1,1,1,0,1,0,0,1,0,0,1,0,1,0,1,1,1,1,0,0,1,1,1
COC(=O)CCC(=O)CN.Cl,COC(=O)CCC(=O)CN,,300,0,0,0,1,0,0,1,0,1,0,1,1,0,0,0,0,1,0,1,0,0,0,0,0,0,1,0
CC1C(C(=O)N1S(=O)(=O)O)NC(=O)C(=NOC(C)(C)C(=O)O)C2=CSC(=N2)N,CC1C(NC(=O)C(=NOC(C)(C)C(=O)O)c2csc(N)n2)C(=O)N1S(=O)(=O)O,N=C(C(=O)NC1CNC1=O)c1cscn1,301,1,0,0,1,1,1,1,0,1,1,0,1,0,0,1,1,1,0,1,1,1,0,0,1,1,1,1
C([C@@H]1[C@H]([C@@H]([C@H]([C@H](O1)O[C@]2([C@H]([C@@H]([C@H](O2)CO)O)O)CO)O)O)O)O.[O-2].[O-2].[O-2].[Fe+3].[Fe+3],OC[C@H]1O[C@@](CO)(O[C@H]2O[C@H](CO)[C@@H](O)[C@H](O)[C@H]2O)[C@@H](O)[C@@H]1O,C1CCC(OC2CCCO2)OC1,302,0,1,0,1,1,1,1,0,1,0,0,1,0,0,1,0,1,0,1,1,1,0,0,1,1,1,1
CCNC(=O)[C@@H]1CCCN1C(=O)[C@H](CCCN=C(N)N)NC(=O)[C@H](CC(C)C)NC(=O)[C@@H](CC(C)C)NC(=O)[C@H](CC2=CC=C(C=C2)O)NC(=O)[C@H](CO)NC(=O)[C@H](CC3=CNC4=CC=CC=C43)NC(=O)[C@H](CC5C=NC=N5)NC(=O)[C@@H]6CCC(=O)N6.CC(=O)O,CCNC(=O)[C@@H]1CCCN1C(=O)[C@H](CCCN=C(N)N)NC(=O)[C@H](CC(C)C)NC(=O)[C@@H](CC(C)C)NC(=O)[C@H](Cc1ccc(O)cc1)NC(=O)[C@H](CO)NC(=O)[C@H](Cc1c[nH]c2ccccc12)NC(=O)[C@H](CC1C=NC=N1)NC(=O)[C@@H]1CCC(=O)N1,O=C(CNC(=O)CNC(=O)C(Cc1ccccc1)NC(=O)CNC(=O)C(Cc1c[nH]c2ccccc12)NC(=O)C(CC1C=NC=N1)NC(=O)C1CCC(=O)N1)NCC(=O)N1CCCC1,303,1,1,0,1,1,1,1,1,1,1,1,1,1,0,1,1,1,0,1,1,1,1,0,1,1,1,1
CCNC(=O)[C@@H]1CCCN1C(=O)[C@H](CCCN=C(N)N)NC(=O)[C@H](CC(C)C)NC(=O)[C@@H](CC2=CN(C=N2)CC3=CC=CC=C3)NC(=O)[C@H](CC4=CC=C(C=C4)O)NC(=O)[C@H](CO)NC(=O)[C@H](CC5=CNC6=CC=CC=C65)NC(=O)[C@H](CC7=CN=CN7)NC(=O)[C@@H]8CCC(=O)N8,CCNC(=O)[C@@H]1CCCN1C(=O)[C@H](CCCN=C(N)N)NC(=O)[C@H](CC(C)C)NC(=O)[C@@H](Cc1cn(Cc2ccccc2)cn1)NC(=O)[C@H](Cc1ccc(O)cc1)NC(=O)[C@H](CO)NC(=O)[C@H](Cc1c[nH]c2ccccc12)NC(=O)[C@H](Cc1cnc[nH]1)NC(=O)[C@@H]1CCC(=O)N1,O=C(CNC(=O)C(Cc1cn(Cc2ccccc2)cn1)NC(=O)C(Cc1ccccc1)NC(=O)CNC(=O)C(Cc1c[nH]c2ccccc12)NC(=O)C(Cc1cnc[nH]1)NC(=O)C1CCC(=O)N1)NCC(=O)N1CCCC1,304,1,1,1,1,1,1,1,0,0,1,1,1,1,0,1,1,1,1,1,1,1,1,0,0,1,1,1
C1=CC(=CC=C1C(CC(=O)O)CN)Cl,NCC(CC(=O)O)c1ccc(Cl)cc1,c1ccccc1,305,1,1,0,1,1,1,1,1,0,1,1,1,0,1,1,1,1,0,1,1,1,1,0,1,1,1,1
CC[C@H](C)[C@@H](C(=O)N[C@@H](CO)C(=O)N[C@@H](CC(C)C)C(=O)N[C@@H](CC(=O)O)C(=O)N[C@@H](CC(C)C)C(=O)N[C@@H]([C@@H](C)O)C(=O)N[C@@H](CC1=CC=CC=C1)C(=O)N[C@@H](CC2=CN=CN2)C(=O)N[C@@H](CC(C)C)C(=O)N[C@@H](CC(C)C)C(=O)N[C@@H](CCCNC(=N)N)C(=O)N[C@@H](CCC(=O)O)C(=O)N[C@@H](C(C)C)C(=O)N[C@@H](CC(C)C)C(=O)N[C@@H](CCC(=O)O)C(=O)N[C@@H](CCSC)C(=O)N[C@@H]([C@@H](C)O)C(=O)N[C@@H](CCCCN)C(=O)N[C@@H](C)C(=O)N[C@@H](CC(=O)O)C(=O)N[C@@H](CCC(=O)N)C(=O)N[C@@H](CC(C)C)C(=O)N[C@@H](C)C(=O)N[C@@H](CCC(=O)N)C(=O)N[C@@H](CCC(=O)N)C(=O)N[C@@H](C)C(=O)N[C@@H](CC3=CN=CN3)C(=O)N[C@@H](CO)C(=O)N[C@@H](CC(=O)N)C(=O)N[C@@H](CCCNC(=N)N)C(=O)N[C@@H](CCCCN)C(=O)N[C@@H](CC(C)C)C(=O)N[C@@H](CC(C)C)C(=O)N[C@@H](CC(=O)O)C(=O)N[C@@H]([C@@H](C)CC)C(=O)N[C@@H](C)C(=O)N)NC(=O)[C@@H]4CCCN4C(=O)[C@@H]5CCCN5C(=O)[C@H](CCC(=O)O)NC(=O)[C@H](CCC(=O)N)NC(=O)[C@H](CO)N,CC[C@H](C)[C@H](NC(=O)[C@H](CC(=O)O)NC(=O)[C@H](CC(C)C)NC(=O)[C@H](CC(C)C)NC(=O)[C@H](CCCCN)NC(=O)[C@H](CCCNC(=N)N)NC(=O)[C@H](CC(N)=O)NC(=O)[C@H](CO)NC(=O)[C@H](Cc1cnc[nH]1)NC(=O)[C@H](C)NC(=O)[C@H](CCC(N)=O)NC(=O)[C@H](CCC(N)=O)NC(=O)[C@H](C)NC(=O)[C@H](CC(C)C)NC(=O)[C@H](CCC(N)=O)NC(=O)[C@H](CC(=O)O)NC(=O)[C@H](C)NC(=O)[C@H](CCCCN)NC(=O)[C@@H](NC(=O)[C@H](CCSC)NC(=O)[C@H](CCC(=O)O)NC(=O)[C@H](CC(C)C)NC(=O)[C@@H](NC(=O)[C@H](CCC(=O)O)NC(=O)[C@H](CCCNC(=N)N)NC(=O)[C@H](CC(C)C)NC(=O)[C@H](CC(C)C)NC(=O)[C@H](Cc1cnc[nH]1)NC(=O)[C@H](Cc1ccccc1)NC(=O)[C@@H](NC(=O)[C@H](CC(C)C)NC(=O)[C@H](CC(=O)O)NC(=O)[C@H](CC(C)C)NC(=O)[C@H](CO)NC(=O)[C@@H](NC(=O)[C@@H]1CCCN1C(=O)[C@@H]1CCCN1C(=O)[C@H](CCC(=O)O)NC(=O)[C@H](CCC(N)=O)NC(=O)[C@@H](N)CO)[C@@H](C)CC)[C@@H](C)O)C(C)C)[C@@H](C)O)C(=O)N[C@@H](C)C(N)=O,O=C(CNC(=O)CNC(=O)CNC(=O)CNC(=O)CNC(=O)CNC(=O)CNC(=O)CNC(=O)CNC(=O)CNC(=O)CNC(=O)CNC(=O)CNC(=O)CNC(=O)CNC(=O)CNC(=O)CNC(=O)CNC(=O)C(Cc1cnc[nH]1)NC(=O)C(Cc1ccccc1)NC(=O)CNC(=O)CNC(=O)CNC(=O)CNC(=O)CNC(=O)CNC(=O)C1CCCN1C(=O)C1CCCN1)NCCc1cnc[nH]1,306,0,0,0,0,0,0,0,0,0,0,0,1,1,0,1,0,0,0,0,1,0,0,0,0,1,1,0
CCC(=O)OCC(=O)C1(C(CC2C1(CC(C3(C2CCC4=CC(=O)C=CC43C)Cl)O)C)C)OC(=O)CC,CCC(=O)OCC(=O)C1(OC(=O)CC)C(C)CC2C3CCC4=CC(=O)C=CC4(C)C3(Cl)C(O)CC21C,O=C1C=CC2C(=C1)CCC1C3CCCC3CCC21,307,0,0,0,1,1,1,1,0,1,1,0,1,1,0,0,0,1,0,1,1,0,0,0,0,0,1,0
CC1CC2C3CCC4=CC(=O)C=CC4(C3(C(CC2(C1(C(=O)CO)O)C)O)Cl)C,CC1CC2C3CCC4=CC(=O)C=CC4(C)C3(Cl)C(O)CC2(C)C1(O)C(=O)CO,O=C1C=CC2C(=C1)CCC1C3CCCC3CCC21,308,0,0,0,1,1,1,1,0,1,1,0,1,1,0,0,0,1,0,1,1,1,0,0,0,0,1,0
CCOC(=O)C(CCC1=CC=CC=C1)NC2CCC3=CC=CC=C3N(C2=O)CC(=O)O,CCOC(=O)C(CCc1ccccc1)NC1CCc2ccccc2N(CC(=O)O)C1=O,O=C1Nc2ccccc2CCC1NCCCc1ccccc1,309,1,1,0,0,1,1,1,0,1,1,0,1,0,0,1,1,1,0,1,1,1,1,0,1,1,1,1
C1=CC=C(C=C1)CC2NC3=C(C=C(C(=C3)C(F)(F)F)S(=O)(=O)N)S(=O)(=O)N2,NS(=O)(=O)c1cc2c(cc1C(F)(F)F)NC(Cc1ccccc1)NS2(=O)=O,O=S1(=O)NC(Cc2ccccc2)Nc2ccccc21,310,0,1,0,0,1,1,1,0,0,1,0,1,0,0,1,1,1,0,0,0,0,1,0,0,0,1,1
CCCCCOC1=CC=C(C=C1)C2=CC(=NO2)C3=CC=C(C=C3)C(=O)N[C@H]4C[C@H]([C@H](NC(=O)[C@@H]5[C@H]([C@H](CN5C(=O)[C@@H](NC(=O)[C@@H](NC(=O)[C@@H]6C[C@H](CN6C(=O)[C@@H](NC4=O)[C@@H](C)O)O)[C@@H]([C@H](C7=CC(=C(C=C7)O)OS(=O)(=O)O)O)O)[C@@H](CC(=O)N)O)C)O)O)O,CCCCCOc1ccc(-c2cc(-c3ccc(C(=O)N[C@H]4C[C@@H](O)[C@@H](O)NC(=O)[C@@H]5[C@@H](O)[C@@H](C)CN5C(=O)[C@H]([C@H](O)CC(N)=O)NC(=O)[C@H]([C@H](O)[C@@H](O)c5ccc(O)c(OS(=O)(=O)O)c5)NC(=O)[C@@H]5C[C@@H](O)CN5C(=O)[C@H]([C@@H](C)O)NC4=O)cc3)no2)cc1,O=C(NC1CCCNC(=O)C2CCCN2C(=O)CNC(=O)C(CCc2ccccc2)NC(=O)C2CCCN2C(=O)CNC1=O)c1ccc(-c2cc(-c3ccccc3)on2)cc1,311,1,1,0,0,1,1,1,0,1,0,1,1,1,0,1,1,1,0,1,1,1,1,0,0,1,1,1
CCOC(=O)C1=CC=C(C=C1)N,CCOC(=O)c1ccc(N)cc1,c1ccccc1,312,0,0,0,0,0,0,1,0,1,0,0,1,0,0,0,1,1,0,0,1,0,0,0,0,1,0,0
CC(CC1=CC=CC=C1)N(C)CC2=CC=CC=C2,CC(Cc1ccccc1)N(C)Cc1ccccc1,c1ccc(CCNCc2ccccc2)cc1,313,0,1,0,0,0,0,1,0,1,0,0,0,0,0,0,0,1,0,0,0,1,0,0,0,1,1,0
CN1C2CCC1CC(C2)OC(C3=CC=CC=C3)C4=CC=CC=C4,CN1C2CCC1CC(OC(c1ccccc1)c1ccccc1)C2,c1ccc(C(OC2CC3CCC(C2)N3)c2ccccc2)cc1,314,0,1,0,1,1,0,1,0,1,0,0,1,0,0,0,0,1,0,0,0,1,1,0,0,1,1,1
C1=CC=C(C=C1)COC(=O)C2=CC=CC=C2,O=C(OCc1ccccc1)c1ccccc1,O=C(OCc1ccccc1)c1ccccc1,315,0,0,0,0,0,0,0,0,0,0,0,1,0,0,0,0,1,0,0,0,0,0,0,0,0,1,0
COCCOCCOCCOCCOCCOCCOCCOCCOCCOCCOCCOCCOCCOCCOCCOCCOCCOCCOCCOCCOCCOCCOCCOCCOCCOCCOCCO,COCCOCCOCCOCCOCCOCCOCCOCCOCCOCCOCCOCCOCCOCCOCCOCCOCCOCCOCCOCCOCCOCCOCCOCCOCCOCCOCCO,,316,0,0,0,0,0,1,1,0,1,0,0,1,0,0,0,0,1,0,1,1,0,0,0,0,1,0,0
CC1(C(N2C(S1)C(C2=O)NC(=O)CC3=CC=CC=C3)C(=O)O)C,CC1(C)SC2C(NC(=O)Cc3ccccc3)C(=O)N2C1C(=O)O,O=C(Cc1ccccc1)NC1C(=O)N2CCSC12,317,0,1,0,1,1,1,1,0,1,1,0,1,0,1,1,1,1,0,1,1,1,1,0,1,1,1,1
C1CN(CCC1OC(C2=CC=C(C=C2)Cl)C3=CC=CC=N3)CCCC(=O)O,O=C(O)CCCN1CCC(OC(c2ccc(Cl)cc2)c2ccccn2)CC1,c1ccc(C(OC2CCNCC2)c2ccccn2)cc1,318,0,0,0,1,0,0,1,0,1,0,0,0,0,0,0,0,1,0,1,0,0,0,0,0,0,1,0
CC(C)COCC(CN(CC1=CC=CC=C1)C2=CC=CC=C2)N3CCCC3,CC(C)COCC(CN(Cc1ccccc1)c1ccccc1)N1CCCC1,c1ccc(CN(CCN2CCCC2)c2ccccc2)cc1,319,0,1,0,1,1,1,1,0,0,1,0,1,0,1,1,0,1,0,1,1,1,0,0,1,1,1,0
CCOP(=O)(OCC)SCC[N+](C)(C)C.[I-],CCOP(=O)(OCC)SCC[N+](C)(C)C,,320,0,0,0,1,0,1,0,0,0,0,0,1,0,0,0,0,1,0,0,0,0,0,0,0,0,0,0
C1=CC=C(C=C1)[C@H](CNCCC2=CC=C(C=C2)NC(=O)CC3=CSC(=N3)N)O,Nc1nc(CC(=O)Nc2ccc(CCNC[C@H](O)c3ccccc3)cc2)cs1,O=C(Cc1cscn1)Nc1ccc(CCNCCc2ccccc2)cc1,321,0,1,0,1,1,1,1,0,0,1,1,1,0,0,1,0,1,0,1,0,0,1,0,0,1,1,1
CCCCCCOC(=O)CCC(=O)CN.Cl,CCCCCCOC(=O)CCC(=O)CN,,322,0,0,0,0,1,0,0,0,1,0,0,0,0,0,0,0,0,0,1,0,0,1,0,0,0,0,0
CCC(C(=O)N)N1CCCC1=O,CCC(C(N)=O)N1CCCC1=O,O=C1CCCN1,323,1,1,0,1,1,1,1,1,1,1,0,1,0,0,0,1,1,1,1,1,1,1,1,1,0,1,1
CNCCC1=CC=CC=N1,CNCCc1ccccn1,c1ccncc1,324,0,0,0,0,0,0,1,0,1,0,0,1,0,1,1,0,1,0,0,1,1,0,0,0,1,1,1
CC1CC2C3CCC4=CC(=O)C=CC4(C3(C(CC2(C1(C(=O)COP(=O)(O)O)O)C)O)F)C,CC1CC2C3CCC4=CC(=O)C=CC4(C)C3(F)C(O)CC2(C)C1(O)C(=O)COP(=O)(O)O,O=C1C=CC2C(=C1)CCC1C3CCCC3CCC21,325,0,1,0,1,1,1,1,0,1,1,0,1,1,0,1,1,1,1,1,1,1,0,1,1,1,1,1
CC(C)NCC(COC1=CC=C(C=C1)CCOCC2CC2)O,CC(C)NCC(O)COc1ccc(CCOCC2CC2)cc1,c1ccc(CCOCC2CC2)cc1,326,0,1,0,1,1,1,1,1,1,1,1,1,1,0,1,1,1,1,1,1,1,1,0,1,1,1,1
CC(C[N+](C)(C)C)OC(=O)N,CC(C[N+](C)(C)C)OC(N)=O,,327,0,0,0,1,0,0,1,0,0,0,0,1,0,0,1,0,1,0,0,1,0,1,0,0,1,1,1
CCC(C1=CC(=CC=C1)O)C(C)CN(C)C,CCC(c1cccc(O)c1)C(C)CN(C)C,c1ccccc1,328,0,1,0,1,1,1,1,1,1,1,0,1,0,0,1,0,1,0,1,1,1,1,0,1,1,1,1
CC(CS(=O)(=O)C1=CC=C(C=C1)F)(C(=O)NC2=CC(=C(C=C2)C#N)C(F)(F)F)O,CC(O)(CS(=O)(=O)c1ccc(F)cc1)C(=O)Nc1ccc(C#N)c(C(F)(F)F)c1,O=C(CCS(=O)(=O)c1ccccc1)Nc1ccccc1,329,1,1,0,1,1,1,1,0,1,1,1,1,0,0,1,1,1,0,1,1,1,1,0,0,1,1,1
CC(C)OC(=O)CCC/C=C/CC1C(CC(C1/C=C/C(COC2=CC=CC=C2)(F)F)O)O,CC(C)OC(=O)CCC/C=C/CC1C(O)CC(O)C1/C=C/C(F)(F)COc1ccccc1,C(=CC1CCCC1)CCOc1ccccc1,330,0,0,0,1,0,0,0,0,0,0,0,0,0,0,0,0,1,0,1,1,0,0,0,0,0,1,0
CC[C@H](C)[C@@H](C(=O)N[C@@H](C(C)C)C(=O)N[C@@H](CCC(=O)O)C(=O)N[C@@H](CCC(=O)N)C(=O)N[C@@H](CS)C(=O)N[C@@H](CS)C(=O)N[C@@H]([C@@H](C)O)C(=O)N[C@@H](CO)C(=O)N[C@@H]([C@@H](C)CC)C(=O)N[C@@H](CS)C(=O)N[C@@H](CO)C(=O)N[C@@H](CC(C)C)C(=O)N[C@@H](CC1=CC=C(C=C1)O)C(=O)N[C@@H](CCC(=O)N)C(=O)N[C@@H](CC(C)C)C(=O)N[C@@H](CCC(=O)O)C(=O)N[C@@H](CC(=O)N)C(=O)N[C@@H](CC2=CC=C(C=C2)O)C(=O)N[C@@H](CS)C(=O)N[C@@H](CC(=O)N)C(=O)O)NC(=O)CN.C[C@H]([C@@H](C(=O)N[C@@H](CCCCN)C(=O)N1CCC[C@H]1C(=O)N[C@@H]([C@@H](C)O)C(=O)O)NC(=O)[C@H](CC2=CC=C(C=C2)O)NC(=O)[C@H](CC3=CC=CC=C3)NC(=O)[C@H](CC4=CC=CC=C4)NC(=O)CNC(=O)[C@H](CCCNC(=N)N)NC(=O)[C@H](CCC(=O)O)NC(=O)CNC(=O)[C@H](CS)NC(=O)[C@H](C(C)C)NC(=O)[C@H](CC(C)C)NC(=O)[C@H](CC5=CC=C(C=C5)O)NC(=O)[C@H](CC(C)C)NC(=O)[C@H](C)NC(=O)[C@H](CCC(=O)O)NC(=O)[C@H](C(C)C)NC(=O)[C@H](CC(C)C)NC(=O)[C@H](CC6=CN=CN6)NC(=O)[C@H](CO)NC(=O)CNC(=O)[C@H](CS)NC(=O)[C@H](CC(C)C)NC(=O)[C@H](CC7=CN=CN7)NC(=O)[C@H](CCC(=O)N)NC(=O)[C@H](CC(=O)N)NC(=O)[C@H](C(C)C)NC(=O)[C@H](CC8=CC=CC=C8)N)O,CC(C)C[C@H](NC(=O)[C@H](C)NC(=O)[C@H](CCC(=O)O)NC(=O)[C@@H](NC(=O)[C@H](CC(C)C)NC(=O)[C@H](Cc1cnc[nH]1)NC(=O)[C@H](CO)NC(=O)CNC(=O)[C@H](CS)NC(=O)[C@H](CC(C)C)NC(=O)[C@H](Cc1cnc[nH]1)NC(=O)[C@H](CCC(N)=O)NC(=O)[C@H](CC(N)=O)NC(=O)[C@@H](NC(=O)[C@@H](N)Cc1ccccc1)C(C)C)C(C)C)C(=O)N[C@@H](Cc1ccc(O)cc1)C(=O)N[C@@H](CC(C)C)C(=O)N[C@H](C(=O)N[C@@H](CS)C(=O)NCC(=O)N[C@@H](CCC(=O)O)C(=O)N[C@@H](CCCNC(=N)N)C(=O)NCC(=O)N[C@@H](Cc1ccccc1)C(=O)N[C@@H](Cc1ccccc1)C(=O)N[C@@H](Cc1ccc(O)cc1)C(=O)N[C@H](C(=O)N[C@@H](CCCCN)C(=O)N1CCC[C@H]1C(=O)N[C@H](C(=O)O)[C@@H](C)O)[C@@H](C)O)C(C)C.CC[C@H](C)[C@H](NC(=O)CN)C(=O)N[C@H](C(=O)N[C@@H](CCC(=O)O)C(=O)N[C@@H](CCC(N)=O)C(=O)N[C@@H](CS)C(=O)N[C@@H](CS)C(=O)N[C@H](C(=O)N[C@@H](CO)C(=O)N[C@H](C(=O)N[C@@H](CS)C(=O)N[C@@H](CO)C(=O)N[C@@H](CC(C)C)C(=O)N[C@@H](Cc1ccc(O)cc1)C(=O)N[C@@H](CCC(N)=O)C(=O)N[C@@H](CC(C)C)C(=O)N[C@@H](CCC(=O)O)C(=O)N[C@@H](CC(N)=O)C(=O)N[C@@H](Cc1ccc(O)cc1)C(=O)N[C@@H](CS)C(=O)N[C@@H](CC(N)=O)C(=O)O)[C@@H](C)CC)[C@@H](C)O)C(C)C,O=C(CCc1ccccc1)NCC(=O)NCC(=O)NCC(=O)NC(Cc1cnc[nH]1)C(=O)NCC(=O)NCC(=O)NCC(=O)NCC(=O)NC(Cc1cnc[nH]1)C(=O)NCC(=O)NCC(=O)NCC(=O)NCC(=O)NCC(=O)NC(Cc1ccccc1)C(=O)NCC(=O)NCC(=O)NCC(=O)NCC(=O)NCC(=O)NCC(=O)NCC(=O)NC(Cc1ccccc1)C(=O)NC(Cc1ccccc1)C(=O)NC(Cc1ccccc1)C(=O)NCC(=O)NCC(=O)N1CCCC1.O=C(CCc1ccccc1)NCC(=O)NCC(=O)NCC(=O)NCC(=O)NCCc1ccccc1,331,0,1,0,1,1,1,1,0,1,1,0,1,0,0,1,0,1,0,1,1,0,1,0,0,1,1,1
CC(=O)OC1=CC=C(C=C1)C(C2=CC=C(C=C2)OC(=O)C)C3=CC=CC=N3,CC(=O)Oc1ccc(C(c2ccc(OC(C)=O)cc2)c2ccccn2)cc1,c1ccc(C(c2ccccc2)c2ccccn2)cc1,332,0,1,0,0,0,1,1,0,1,0,0,0,0,0,1,0,1,0,0,0,0,0,0,0,0,1,0
CC[C@H](C)[C@@H](C(=O)N[C@@H](CC(C)C)C(=O)NCC(=O)N[C@@H](CO)C(=O)N[C@@H](CC(=O)O)C(=O)NCC(=O)N[C@@H](CCC(=O)O)C(=O)N[C@@H](CCCCN)C(=O)N[C@@H](CC(=O)N)C(=O)N[C@@H](CCC(=O)N)C(=O)N[C@@H](CS)C(=O)N[C@@H](C(C)C)C(=O)N[C@@H]([C@@H](C)O)C(=O)NCC(=O)N[C@@H](CCC(=O)O)C(=O)NCC(=O)N[C@@H]([C@@H](C)O)C(=O)N1CCC[C@H]1C(=O)N[C@@H](CCCCN)C(=O)N2CCC[C@H]2C(=O)N[C@@H](CCC(=O)N)C(=O)N[C@@H](CO)C(=O)N[C@@H](CC3=CN=CN3)C(=O)N[C@@H](CC(=O)N)C(=O)N[C@@H](CC(=O)O)C(=O)NCC(=O)N[C@@H](CC(=O)O)C(=O)N[C@@H](CC4=CC=CC=C4)C(=O)N[C@@H](CCC(=O)O)C(=O)N[C@@H](CCC(=O)O)C(=O)N[C@@H]([C@@H](C)CC)C(=O)N5CCC[C@H]5C(=O)N[C@@H](CCC(=O)O)C(=O)N[C@@H](CCC(=O)O)C(=O)N[C@@H](CC6=CC=C(C=C6)O)C(=O)N[C@@H](CC(C)C)C(=O)N[C@@H](CCC(=O)N)C(=O)O)NC(=O)[C@H](CS)NC(=O)[C@H](CCCCN)NC(=O)[C@H](CC(=O)N)NC(=O)CNC(=O)[C@H](CCC(=O)N)NC(=O)CNC(=O)[C@H](CS)NC(=O)[C@H](C(C)C)NC(=O)[C@H](CC(=O)N)NC(=O)[C@H](CO)NC(=O)CNC(=O)[C@H](CCC(=O)O)NC(=O)[C@H](CS)NC(=O)[C@H](CC(C)C)NC(=O)[C@H](CS)NC(=O)[C@H](CC(C)C)NC(=O)[C@H](CC(=O)N)NC(=O)[C@H](CCC(=O)N)NC(=O)CNC(=O)[C@H](CO)NC(=O)[C@H](CCC(=O)O)NC(=O)[C@H]([C@@H](C)O)NC(=O)[C@H](CS)NC(=O)[C@H](CC(=O)O)NC(=O)[C@H]([C@@H](C)O)NC(=O)[C@H](CC7=CC=C(C=C7)O)NC(=O)[C@H]([C@@H](C)O)NC(=O)[C@H](CC(C)C)N,CC[C@H](C)[C@H](NC(=O)[C@H](CS)NC(=O)[C@H](CCCCN)NC(=O)[C@H](CC(N)=O)NC(=O)CNC(=O)[C@H](CCC(N)=O)NC(=O)CNC(=O)[C@H](CS)NC(=O)[C@@H](NC(=O)[C@H](CC(N)=O)NC(=O)[C@H](CO)NC(=O)CNC(=O)[C@H](CCC(=O)O)NC(=O)[C@H](CS)NC(=O)[C@H](CC(C)C)NC(=O)[C@H](CS)NC(=O)[C@H](CC(C)C)NC(=O)[C@H](CC(N)=O)NC(=O)[C@H](CCC(N)=O)NC(=O)CNC(=O)[C@H](CO)NC(=O)[C@H](CCC(=O)O)NC(=O)[C@@H](NC(=O)[C@H](CS)NC(=O)[C@H](CC(=O)O)NC(=O)[C@@H](NC(=O)[C@H](Cc1ccc(O)cc1)NC(=O)[C@@H](NC(=O)[C@@H](N)CC(C)C)[C@@H](C)O)[C@@H](C)O)[C@@H](C)O)C(C)C)C(=O)N[C@@H](CC(C)C)C(=O)NCC(=O)N[C@@H](CO)C(=O)N[C@@H](CC(=O)O)C(=O)NCC(=O)N[C@@H](CCC(=O)O)C(=O)N[C@@H](CCCCN)C(=O)N[C@@H](CC(N)=O)C(=O)N[C@@H](CCC(N)=O)C(=O)N[C@@H](CS)C(=O)N[C@H](C(=O)N[C@H](C(=O)NCC(=O)N[C@@H](CCC(=O)O)C(=O)NCC(=O)N[C@H](C(=O)N1CCC[C@H]1C(=O)N[C@@H](CCCCN)C(=O)N1CCC[C@H]1C(=O)N[C@@H](CCC(N)=O)C(=O)N[C@@H](CO)C(=O)N[C@@H](Cc1cnc[nH]1)C(=O)N[C@@H](CC(N)=O)C(=O)N[C@@H](CC(=O)O)C(=O)NCC(=O)N[C@@H](CC(=O)O)C(=O)N[C@@H](Cc1ccccc1)C(=O)N[C@@H](CCC(=O)O)C(=O)N[C@@H](CCC(=O)O)C(=O)N[C@H](C(=O)N1CCC[C@H]1C(=O)N[C@@H](CCC(=O)O)C(=O)N[C@@H](CCC(=O)O)C(=O)N[C@@H](Cc1ccc(O)cc1)C(=O)N[C@@H](CC(C)C)C(=O)N[C@@H](CCC(N)=O)C(=O)O)[C@@H](C)CC)[C@@H](C)O)[C@@H](C)O)C(C)C,O=C(CCc1ccccc1)NCC(=O)NCC(=O)NCC(=O)NCC(=O)NCC(=O)NCC(=O)NCC(=O)NCC(=O)NCC(=O)NCC(=O)NCC(=O)NCC(=O)NCC(=O)NCC(=O)NCC(=O)NCC(=O)NCC(=O)NCC(=O)NCC(=O)NCC(=O)NCC(=O)NCC(=O)NCC(=O)NCC(=O)NCC(=O)NCC(=O)NCC(=O)NCC(=O)NCC(=O)NCC(=O)NCC(=O)NCC(=O)NCC(=O)NCC(=O)NCC(=O)NCC(=O)NCC(=O)NCC(=O)NCC(=O)NCC(=O)NCC(=O)NCC(=O)N1CCCC1C(=O)NCC(=O)N1CCCC1C(=O)NCC(=O)NCC(=O)NC(Cc1cnc[nH]1)C(=O)NCC(=O)NCC(=O)NCC(=O)NCC(=O)NC(Cc1ccccc1)C(=O)NCC(=O)NCC(=O)NCC(=O)N1CCCC1C(=O)NCC(=O)NCC(=O)NCCc1ccccc1,333,1,1,0,0,1,0,1,0,1,1,0,1,0,1,1,1,1,0,1,1,1,1,0,0,1,1,1
CCC1=C(C=C2CC(CC2=C1)NCC(C3=C4C=CC(=O)NC4=C(C=C3)O)O)CC,CCc1cc2c(cc1CC)CC(NCC(O)c1ccc(O)c3[nH]c(=O)ccc13)C2,O=c1ccc2c(CCNC3Cc4ccccc4C3)cccc2[nH]1,334,0,1,0,0,0,1,1,0,1,0,0,1,0,0,0,1,1,0,1,1,0,0,0,1,1,1,0
CC[C@H](C)[C@@H](C(=O)N[C@@H](CC(C)C)C(=O)N1CCC[C@H]1C(=O)N2CCC[C@H]2C(=O)N[C@@H]([C@@H](C)O)C(=O)N[C@@H](CC(=O)N)C(=O)N[C@@H](C(C)C)C(=O)NCC(=O)N[C@@H](CO)C(=O)N[C@@H](CC(=O)N)C(=O)N[C@@H]([C@@H](C)O)C(=O)N[C@@H](CC3=CC=C(C=C3)O)C(=O)N)NC(=O)[C@@H]4CCCN4C(=O)CNC(=O)[C@H](CC5=CC=CC=C5)NC(=O)[C@H](CC(=O)N)NC(=O)[C@H](CC(=O)N)NC(=O)[C@H](CO)NC(=O)[C@H](CO)NC(=O)[C@H](CC6=CN=CN6)NC(=O)[C@H](C(C)C)NC(=O)[C@H](CC(C)C)NC(=O)[C@H](CC7=CC=CC=C7)NC(=O)[C@H](CC(=O)N)NC(=O)[C@H](C)NC(=O)[C@H](CC(C)C)NC(=O)[C@H](CCCNC(=N)N)NC(=O)[C@H](CCC(=O)N)NC(=O)[C@H]([C@@H](C)O)NC(=O)[C@H](C)NC(=O)[C@H](CS)NC(=O)[C@H]([C@@H](C)O)NC(=O)[C@H](C)NC(=O)[C@H]([C@@H](C)O)NC(=O)[C@H](CC(=O)N)NC(=O)[C@H](CS)NC(=O)[C@H](CCCCN)N,CC[C@H](C)[C@H](NC(=O)[C@@H]1CCCN1C(=O)CNC(=O)[C@H](Cc1ccccc1)NC(=O)[C@H](CC(N)=O)NC(=O)[C@H](CC(N)=O)NC(=O)[C@H](CO)NC(=O)[C@H](CO)NC(=O)[C@H](Cc1cnc[nH]1)NC(=O)[C@@H](NC(=O)[C@H](CC(C)C)NC(=O)[C@H](Cc1ccccc1)NC(=O)[C@H](CC(N)=O)NC(=O)[C@H](C)NC(=O)[C@H](CC(C)C)NC(=O)[C@H](CCCNC(=N)N)NC(=O)[C@H](CCC(N)=O)NC(=O)[C@@H](NC(=O)[C@H](C)NC(=O)[C@H](CS)NC(=O)[C@@H](NC(=O)[C@H](C)NC(=O)[C@@H](NC(=O)[C@H](CC(N)=O)NC(=O)[C@H](CS)NC(=O)[C@@H](N)CCCCN)[C@@H](C)O)[C@@H](C)O)[C@@H](C)O)C(C)C)C(=O)N[C@@H](CC(C)C)C(=O)N1CCC[C@H]1C(=O)N1CCC[C@H]1C(=O)N[C@H](C(=O)N[C@@H](CC(N)=O)C(=O)N[C@H](C(=O)NCC(=O)N[C@@H](CO)C(=O)N[C@@H](CC(N)=O)C(=O)N[C@H](C(=O)N[C@@H](Cc1ccc(O)cc1)C(N)=O)[C@@H](C)O)C(C)C)[C@@H](C)O,O=C(CCc1ccccc1)NCC(=O)NCC(=O)NC(Cc1cnc[nH]1)C(=O)NCC(=O)NCC(=O)NCC(=O)NCC(=O)NC(Cc1ccccc1)C(=O)NCC(=O)N1CCCC1C(=O)NCC(=O)NCC(=O)N1CCCC1C(=O)N1CCCC1C(=O)NCC(=O)NCC(=O)NCC(=O)NCC(=O)NCC(=O)NCC(=O)NCC(=O)NCCc1ccccc1,335,0,1,0,0,0,1,1,0,1,0,0,1,0,0,0,0,0,0,1,1,0,0,0,0,0,1,1
C1COCC(=O)N1C2=CC=C(C=C2)N3CC(OC3=O)CNC(=O)C4=CC=C(S4)Cl,O=C(NCC1CN(c2ccc(N3CCOCC3=O)cc2)C(=O)O1)c1ccc(Cl)s1,O=C(NCC1CN(c2ccc(N3CCOCC3=O)cc2)C(=O)O1)c1cccs1,336,1,0,0,1,1,1,1,0,1,1,0,1,0,0,1,1,1,0,1,1,0,1,0,0,1,1,1
CC(C)NCC(COC1=CC=C(C=C1)COCCOC(C)C)O,CC(C)NCC(O)COc1ccc(COCCOC(C)C)cc1,c1ccccc1,337,1,1,0,1,1,1,1,0,1,1,0,1,0,0,1,1,1,1,1,1,1,1,1,1,1,1,1
CC(C)NCC(COC1=CC=C(C=C1)CCC(=O)OC)O,COC(=O)CCc1ccc(OCC(O)CNC(C)C)cc1,c1ccccc1,338,0,1,0,1,1,0,1,1,0,0,0,1,0,0,1,0,1,0,1,1,1,1,0,0,1,1,1
C1C(C(C(C(N1CCO)CO)O)O)O,OCCN1CC(O)C(O)C(O)C1CO,C1CCNCC1,339,0,0,0,0,0,0,1,0,0,0,0,0,0,0,0,0,1,0,0,0,0,0,0,0,0,0,0
CC[N+](C)(C)CC1=CC=CC=C1Br,CC[N+](C)(C)Cc1ccccc1Br,c1ccccc1,340,0,0,0,0,1,0,1,0,0,0,0,1,0,0,1,0,1,0,1,1,1,0,0,1,1,1,0
C1CN=C(N1)NC2=C(C3=NC=CN=C3C=C2)Br,Brc1c(NC2=NCCN2)ccc2nccnc12,c1cnc2cc(NC3=NCCN3)ccc2n1,341,0,1,0,1,1,1,1,0,1,0,0,1,0,1,1,0,1,1,1,1,1,0,0,0,1,1,1
C[C@H]1C[C@@H]2[C@H](CC[C@]3([C@H]2CC[C@@]3(C(=O)C)O)C)[C@@]4(C1=CC(=O)CC4)C,CC(=O)[C@@]1(O)CC[C@H]2[C@@H]3C[C@H](C)C4=CC(=O)CC[C@]4(C)[C@H]3CC[C@@]21C,O=C1C=C2CCC3C4CCCC4CCC3C2CC1,342,1,1,0,1,1,1,1,0,1,1,1,1,1,0,1,1,1,1,1,1,1,1,1,0,1,1,1
C1C(=O)NC2=C(C=C(C=C2)Br)C(=N1)C3=CC=CC=N3,O=C1CN=C(c2ccccn2)c2cc(Br)ccc2N1,O=C1CN=C(c2ccccn2)c2ccccc2N1,343,0,1,0,1,1,1,1,0,1,0,0,1,0,0,1,0,1,0,0,1,1,1,0,0,1,1,1
CN(CC1=CC(=CC(=C1N)Br)Br)C2CCCCC2,CN(Cc1cc(Br)cc(Br)c1N)C1CCCCC1,c1ccc(CNC2CCCCC2)cc1,344,0,0,0,0,0,0,1,0,1,0,0,0,0,0,0,0,1,0,0,1,0,0,0,0,0,0,0
CC(C)CC1C(=O)N2CCCC2C3(N1C(=O)C(O3)(C(C)C)NC(=O)C4CN(C5CC6=C(NC7=CC=CC(=C67)C5=C4)Br)C)O,CC(C)CC1C(=O)N2CCCC2C2(O)OC(NC(=O)C3C=C4c5cccc6[nH]c(Br)c(c56)CC4N(C)C3)(C(C)C)C(=O)N12,O=C(NC1OC2C3CCCN3C(=O)CN2C1=O)C1C=C2c3cccc4[nH]cc(c34)CC2NC1,345,0,1,0,1,1,1,1,0,0,0,1,1,1,0,1,1,1,0,1,1,1,1,0,1,1,1,1
CC1([C@@H]2[C@H]1[C@H](N(C2)C(=O)[C@H](C(C)(C)C)NC(=O)NC(C)(C)C)C(=O)NC(CC3CCC3)C(=O)C(=O)N)C,CC(C)(C)NC(=O)N[C@H](C(=O)N1C[C@H]2[C@@H]([C@H]1C(=O)NC(CC1CCC1)C(=O)C(N)=O)C2(C)C)C(C)(C)C,O=C(NCCC1CCC1)C1NCC2CC21,346,1,1,0,1,1,1,1,1,1,1,1,1,1,0,1,1,1,1,1,1,1,1,0,1,1,1,1
C[C@H]([C@@H](C(=O)O)N)O[C@@H]1[C@@H]([C@H]([C@H]([C@H](O1)CO[C@@]2(C[C@@H]([C@H]([C@@H](O2)[C@@H]([C@@H](CO)O)O)NC(=O)CNC(=O)OCCOC)O)C(=O)O)O)O)NC(=O)C,COCCOC(=O)NCC(=O)N[C@H]1[C@H]([C@H](O)[C@H](O)CO)O[C@@](OC[C@H]2O[C@H](O[C@H](C)[C@H](N)C(=O)O)[C@H](NC(C)=O)[C@@H](O)[C@H]2O)(C(=O)O)C[C@@H]1O,C1CCC(COC2CCCCO2)OC1,347,0,1,0,0,1,1,0,0,1,0,0,1,0,0,0,1,1,0,0,1,0,0,0,0,0,1,1
CCCC1OC2CC3C4CCC5=CC(=O)C=CC5(C4C(CC3(C2(O1)C(=O)CO)C)O)C,CCCC1OC2CC3C4CCC5=CC(=O)C=CC5(C)C4C(O)CC3(C)C2(C(=O)CO)O1,O=C1C=CC2C(=C1)CCC1C2CCC2C1CC1OCOC12,348,0,1,0,1,1,1,1,0,1,1,0,1,1,0,1,1,1,1,1,1,1,1,0,1,1,1,1
CN1C2=C(C(=O)N(C1=O)C)NC(=N2)Cl.CN(C)CCOC(C1=CC=CC=C1)C2=CC=CC=C2,CN(C)CCOC(c1ccccc1)c1ccccc1,c1ccc(Cc2ccccc2)cc1,349,0,1,0,1,0,0,1,0,0,0,0,1,0,0,0,0,1,0,0,0,1,1,0,0,1,1,0
CCCCNC1=C(C(=CC(=C1)C(=O)O)S(=O)(=O)N)OC2=CC=CC=C2,CCCCNc1cc(C(=O)O)cc(S(N)(=O)=O)c1Oc1ccccc1,c1ccc(Oc2ccccc2)cc1,350,1,1,0,0,1,1,1,0,0,1,0,1,0,0,1,1,1,0,0,1,1,1,0,1,0,1,1
CCCCN1CCCCC1C(=O)NC2=C(C=CC=C2C)C,CCCCN1CCCCC1C(=O)Nc1c(C)cccc1C,O=C(Nc1ccccc1)C1CCCCN1,351,0,1,0,1,1,1,1,0,1,1,0,1,0,1,1,1,1,0,1,1,1,1,1,1,1,1,1
CC(C)(C)C(C)(C1CC23CCC1(C4C25CCN(C3CC6=C5C(=C(C=C6)O)O4)CC7CC7)OC)O,COC12CCC3(CC1C(C)(O)C(C)(C)C)C1Cc4ccc(O)c5c4C3(CCN1CC1CC1)C2O5,c1cc2c3c(c1)OC1C4CCC5(CC4)C(C2)N(CC2CC2)CCC315,352,1,1,0,1,1,1,1,1,1,1,0,1,0,1,1,0,1,0,1,1,1,1,0,1,1,1,1
C1CCC2(C1)CC(=O)N(C(=O)C2)CCCCN3CCN(CC3)C4=NC=CC=N4,O=C1CC2(CCCC2)CC(=O)N1CCCCN1CCN(c2ncccn2)CC1,O=C1CC2(CCCC2)CC(=O)N1CCCCN1CCN(c2ncccn2)CC1,353,0,1,0,1,1,1,1,1,1,1,0,1,0,0,1,1,1,0,1,1,1,1,0,1,1,1,1
CS(=O)(=O)OCCCCOS(=O)(=O)C,CS(=O)(=O)OCCCCOS(C)(=O)=O,,354,1,1,0,1,1,1,1,1,1,1,1,1,1,1,1,1,1,1,1,1,1,1,0,1,1,1,1
CCC(C)C1(C(=O)NC(=O)NC1=O)CC,CCC(C)C1(CC)C(=O)NC(=O)NC1=O,O=C1CC(=O)NC(=O)N1,355,1,0,0,0,1,0,1,0,1,0,0,1,0,0,1,0,1,0,0,1,1,0,0,0,1,1,0
CCCCN1C[C@@H]([C@H]([C@@H]([C@H]1CO)O)O)O,CCCCN1C[C@H](O)[C@@H](O)[C@H](O)[C@H]1CO,C1CCNCC1,356,0,1,0,1,1,1,1,0,0,1,1,1,0,0,1,1,0,1,0,0,1,0,0,1,0,1,1
CC(C)(C)C1=CC=C(C=C1)CN(C)CC2=CC=CC3=CC=CC=C32,CN(Cc1ccc(C(C)(C)C)cc1)Cc1cccc2ccccc12,c1ccc(CNCc2cccc3ccccc23)cc1,357,0,0,0,0,0,0,0,0,0,0,0,1,0,0,0,0,1,0,0,0,0,0,0,0,0,1,0
CC(C)C(=O)OC1=C(C=C(C=C1)CO)[C@H](CCN(C(C)C)C(C)C)C2=CC=CC=C2,CC(C)C(=O)Oc1ccc(CO)cc1[C@H](CCN(C(C)C)C(C)C)c1ccccc1,c1ccc(Cc2ccccc2)cc1,358,1,0,0,1,1,1,1,0,1,1,0,1,0,0,0,0,1,0,1,1,1,1,0,1,1,1,0
C1CCC2(C3CC4=C(C2(C1)CCN3CC5CCC5)C=C(C=C4)O)O,Oc1ccc2c(c1)C13CCCCC1(O)C(C2)N(CC1CCC1)CC3,c1ccc2c(c1)CC1C3CCCCC23CCN1CC1CCC1,359,0,1,0,1,1,1,1,1,0,0,0,1,0,1,1,0,1,0,1,1,1,0,0,1,1,1,1
C1=CC(=CC=C1NC(=NC(=NCCCCCCN=C(N)N=C(N)NC2=CC=C(C=C2)Cl)N)N)Cl.C([C@H]([C@H]([C@@H]([C@H](C(=O)O)O)O)O)O)O.C([C@H]([C@H]([C@@H]([C@H](C(=O)O)O)O)O)O)O,NC(=NCCCCCCN=C(N)N=C(N)Nc1ccc(Cl)cc1)N=C(N)Nc1ccc(Cl)cc1,C(=NC=NCCCCCCN=CN=CNc1ccccc1)Nc1ccccc1,360,0,0,0,0,0,0,1,0,1,0,0,1,0,0,0,0,1,0,1,0,0,1,0,1,0,1,1
CCNC(=O)N(CCCN(C)C)C(=O)C1CC2C(CC3=CNC4=CC=CC2=C34)N(C1)CC=C,C=CCN1CC(C(=O)N(CCCN(C)C)C(=O)NCC)CC2c3cccc4[nH]cc(c34)CC21,c1cc2c3c(c[nH]c3c1)CC1NCCCC21,361,1,1,0,1,1,1,1,1,1,1,1,1,0,0,1,0,1,1,1,1,1,0,0,1,1,1,1
CC(C[N+](C)(C)C)OC(=O)C,CC(=O)OC(C)C[N+](C)(C)C,,362,0,0,0,0,0,0,1,0,1,0,0,1,0,0,1,0,1,1,0,1,0,0,1,0,1,1,1
CN1C=NC2=C1C(=O)N(C(=O)N2C)C,Cn1c(=O)c2c(ncn2C)n(C)c1=O,O=c1[nH]c(=O)c2[nH]cnc2[nH]1,363,0,1,0,1,1,0,1,0,1,0,0,1,0,0,1,1,1,0,1,1,1,1,0,1,1,1,1
CC(C)C(CCCN(C)CCC1=CC(=C(C=C1)OC)OC)(C#N)C2=CC(=C(C=C2)OC)OC,COc1ccc(CCN(C)CCCC(C#N)(c2ccc(OC)c(OC)c2)C(C)C)cc1OC,c1ccc(CCCCNCCc2ccccc2)cc1,364,1,0,0,1,1,1,1,0,1,1,0,1,1,0,1,0,1,1,1,1,1,1,0,1,1,1,1
CC(C=CC(C1CC1)O)C2CCC3C2(CCCC3=CC=C4CC(CC(C4=C)O)O)C,C=C1C(=CC=C2CCCC3(C)C2CCC3C(C)C=CC(O)C2CC2)CC(O)CC1O,C=C1CCCCC1=CC=C1CCCC2C(CC=CCC3CC3)CCC12,365,0,1,0,0,0,0,0,0,1,0,0,1,0,0,0,0,1,0,1,0,0,0,0,0,0,1,0
CC(CCCC(C)(C)O)C1CCC2C1(CCCC2=CC=C3CC(CC(C3=C)O)O)C,C=C1C(=CC=C2CCCC3(C)C2CCC3C(C)CCCC(C)(C)O)CC(O)CC1O,C=C1CCCCC1=CC=C1CCCC2CCCC12,366,0,1,0,1,1,1,1,0,1,0,1,1,0,0,1,1,1,0,1,1,1,1,0,0,1,1,1
COC1=C(C=C2C(=C1)CC(C2=O)CC3CCN(CC3)CC4=CC=CC=C4)OC,COc1cc2c(cc1OC)C(=O)C(CC1CCN(Cc3ccccc3)CC1)C2,O=C1c2ccccc2CC1CC1CCN(Cc2ccccc2)CC1,367,1,1,1,1,1,1,1,1,1,1,1,1,1,1,1,1,1,0,1,1,1,1,0,1,1,1,1
CCOC1=NC2=CC=CC(=C2N1CC3=CC=C(C=C3)C4=CC=CC=C4C5=NNN=N5)C(=O)OC(C)OC(=O)OC6CCCCC6,CCOc1nc2cccc(C(=O)OC(C)OC(=O)OC3CCCCC3)c2n1Cc1ccc(-c2ccccc2-c2nn[nH]n2)cc1,O=C(OCOC(=O)c1cccc2ncn(Cc3ccc(-c4ccccc4-c4nn[nH]n4)cc3)c12)OC1CCCCC1,368,1,1,0,1,1,1,1,0,1,1,0,1,0,0,1,1,1,0,1,1,1,1,0,1,1,1,1
CCOC1=NC2=CC=CC(=C2N1CC3=CC=C(C=C3)C4=CC=CC=C4C5=NNN=N5)C(=O)O,CCOc1nc2cccc(C(=O)O)c2n1Cc1ccc(-c2ccccc2-c2nn[nH]n2)cc1,c1ccc(-c2nn[nH]n2)c(-c2ccc(Cn3cnc4ccccc43)cc2)c1,369,1,1,0,0,1,1,1,0,0,0,0,1,0,0,1,1,1,0,1,1,1,1,0,1,1,1,0
C1CN=C(NC1C2C(=O)NCC(C(=O)NC(C(=O)NC(C(=O)NC(=CNC(=O)N)C(=O)N2)CNC(=O)CC(CCCN)N)CO)N)N,NCCCC(N)CC(=O)NCC1NC(=O)C(CO)NC(=O)C(N)CNC(=O)C(C2CCN=C(N)N2)NC(=O)C(=CNC(N)=O)NC1=O,C=C1NC(=O)CNC(=O)CNC(=O)CCNC(=O)C(C2CCN=CN2)NC1=O,370,1,1,0,0,1,0,0,0,1,0,0,1,0,0,0,1,1,0,1,0,0,1,0,1,0,0,1
CC(C)C=CCCCCC(=O)NCC1=CC(=C(C=C1)O)OC,COc1cc(CNC(=O)CCCCC=CC(C)C)ccc1O,c1ccccc1,371,0,0,0,1,1,1,1,0,0,0,0,1,0,0,1,0,1,0,1,1,0,0,0,0,1,1,1
CC(CS)C(=O)N1CCCC1C(=O)O,CC(CS)C(=O)N1CCCC1C(=O)O,C1CCNC1,372,1,1,0,1,1,1,1,0,1,1,0,1,0,0,1,1,1,1,1,1,1,1,1,0,1,1,1
C[N+](C)(C)CCOC(=O)N,C[N+](C)(C)CCOC(N)=O,,373,0,0,0,1,0,1,1,0,0,0,0,1,0,0,1,0,1,0,0,1,0,0,0,0,1,1,0
C1=CC=C2C(=C1)C=CC3=CC=CC=C3N2C(=O)N,NC(=O)N1c2ccccc2C=Cc2ccccc21,C1=Cc2ccccc2Nc2ccccc21,374,1,1,0,1,1,1,1,1,1,1,1,1,1,0,1,1,1,1,1,1,1,1,1,1,1,1,1
CC1(C(N2C(S1)C(C2=O)NC(=O)C(C3=CC=CC=C3)C(=O)[O-])C(=O)[O-])C,CC1(C)SC2C(NC(=O)C(C(=O)O)c3ccccc3)C(=O)N2C1C(=O)O,O=C(Cc1ccccc1)NC1C(=O)N2CCSC12,375,0,1,0,1,1,0,1,0,1,1,0,0,0,0,0,1,1,0,1,0,0,0,0,0,0,1,0
CC(CC1=CC(=C(C=C1)O)O)(C(=O)O)NN,CC(Cc1ccc(O)c(O)c1)(NN)C(=O)O,c1ccccc1,376,0,1,0,1,1,1,1,0,1,1,1,1,0,0,1,1,1,0,1,1,1,1,0,0,1,1,1
CN(C)CCOC(C1=CC=C(C=C1)Cl)C2=CC=CC=N2,CN(C)CCOC(c1ccc(Cl)cc1)c1ccccn1,c1ccc(Cc2ccccn2)cc1,377,0,1,0,1,0,0,1,0,0,0,0,1,0,0,1,1,1,0,1,1,1,1,0,1,1,1,1
CCCC(C)(COC(=O)N)COC(=O)NC(C)C,CCCC(C)(COC(N)=O)COC(=O)NC(C)C,,378,0,0,0,0,0,1,1,0,0,0,0,0,0,0,1,1,0,0,1,1,1,0,0,1,1,1,1
CC1=CN=C(C=[N+]1[O-])C(=O)O,Cc1cnc(C(=O)O)c[n+]1[O-],c1c[nH+]ccn1,379,0,0,0,0,0,1,1,0,1,0,0,1,0,1,1,0,1,0,0,1,0,0,0,0,0,1,0
C(CCl)NC(=O)N(CCCl)N=O,O=NN(CCCl)C(=O)NCCCl,,380,1,1,0,1,1,1,1,1,1,1,1,1,1,0,1,1,1,1,1,1,1,1,0,0,1,1,1
CC(C)(C)NCC(COC1=CC=CC2=C1CCC(=O)N2)O,CC(C)(C)NCC(O)COc1cccc2c1CCC(=O)N2,O=C1CCc2ccccc2N1,381,0,1,0,1,1,0,1,0,1,0,0,1,0,0,1,0,1,0,1,1,1,0,0,0,1,1,0
COC1=CC=CC=C1OCCNCC(COC2=CC=CC3=C2C4=CC=CC=C4N3)O,COc1ccccc1OCCNCC(O)COc1cccc2[nH]c3ccccc3c12,c1ccc(OCCNCCCOc2cccc3[nH]c4ccccc4c23)cc1,382,1,1,0,1,1,1,1,1,1,1,0,1,0,1,1,1,1,0,1,1,1,1,0,1,1,1,1
C1C(=C(N2C(S1)C(C2=O)NC(=O)C(C3=CC=CC=C3)N)C(=O)O)Cl,NC(C(=O)NC1C(=O)N2C(C(=O)O)=C(Cl)CSC12)c1ccccc1,O=C(Cc1ccccc1)NC1C(=O)N2C=CCSC12,383,1,1,0,0,1,1,1,0,1,1,0,1,0,0,1,1,1,0,1,1,1,1,0,1,1,1,1
CC1=C(N2C(C(C2=O)NC(=O)C(C3=CC=C(C=C3)O)N)SC1)C(=O)O,CC1=C(C(=O)O)N2C(=O)C(NC(=O)C(N)c3ccc(O)cc3)C2SC1,O=C(Cc1ccccc1)NC1C(=O)N2C=CCSC12,384,1,0,0,0,1,1,1,0,1,1,0,1,0,0,1,1,1,0,1,0,1,1,0,1,0,1,1
C1CC(N(C1)C(=O)C2CSSCC(C(=O)NC(C(=O)NC(C(=O)NC(C(=O)NC(C(=O)N2)CC(=O)N)CCC(=O)N)CC3=CC=CC=C3)CC4=CC=C(C=C4)O)N)C(=O)NC(CCCCN)C(=O)NCC(=O)N.C1CC(N(C1)C(=O)C2CSSCC(C(=O)NC(C(=O)NC(C(=O)NC(C(=O)NC(C(=O)N2)CC(=O)N)CCC(=O)N)CC3=CC=CC=C3)CC4=CC=C(C=C4)O)N)C(=O)NC(CCCN=C(N)N)C(=O)NCC(=O)N,NC(=O)CCC1NC(=O)C(Cc2ccccc2)NC(=O)C(Cc2ccc(O)cc2)NC(=O)C(N)CSSCC(C(=O)N2CCCC2C(=O)NC(CCCN=C(N)N)C(=O)NCC(N)=O)NC(=O)C(CC(N)=O)NC1=O.NCCCCC(NC(=O)C1CCCN1C(=O)C1CSSCC(N)C(=O)NC(Cc2ccc(O)cc2)C(=O)NC(Cc2ccccc2)C(=O)NC(CCC(N)=O)C(=O)NC(CC(N)=O)C(=O)N1)C(=O)NCC(N)=O,O=C1CNC(=O)C(Cc2ccccc2)NC(=O)C(Cc2ccccc2)NC(=O)CCSSCC(C(=O)N2CCCC2)NC(=O)CN1.O=C1CNC(=O)C(Cc2ccccc2)NC(=O)C(Cc2ccccc2)NC(=O)CCSSCC(C(=O)N2CCCC2)NC(=O)CN1,385,0,1,0,0,1,0,1,0,1,0,0,0,0,0,1,0,1,0,1,1,0,1,0,1,1,1,0
CC1=NN=C(S1)SCC2=C(N3C(C(C3=O)NC(=O)CN4C=NN=N4)SC2)C(=O)[O-],Cc1nnc(SCC2=C(C(=O)O)N3C(=O)C(NC(=O)Cn4cnnn4)C3SC2)s1,O=C(Cn1cnnn1)NC1C(=O)N2C=C(CSc3nncs3)CSC12,386,1,1,0,0,1,0,1,0,1,1,0,1,0,0,1,1,1,0,1,0,1,1,0,0,0,1,1
C[N+]1(CCCC1)CC2=C(N3C(C(C3=O)NC(=O)C(=NOC)C4=CSC(=N4)N)SC2)C(=O)[O-],CON=C(C(=O)NC1C(=O)N2C(C(=O)[O-])=C(C[N+]3(C)CCCC3)CSC12)c1csc(N)n1,N=C(C(=O)NC1C(=O)N2C=C(C[NH+]3CCCC3)CSC12)c1cscn1,387,1,1,0,0,1,1,1,1,1,1,0,1,0,1,1,1,1,0,1,1,1,1,0,0,0,1,1
CC(=O)OCC1=C(N2C(C(C2=O)NC(=O)C(=NOC)C3=CSC(=N3)N)SC1)C(=O)[O-],CON=C(C(=O)NC1C(=O)N2C(C(=O)O)=C(COC(C)=O)CSC12)c1csc(N)n1,N=C(C(=O)NC1C(=O)N2C=CCSC12)c1cscn1,388,1,0,0,0,1,0,1,0,1,1,0,1,0,0,1,1,1,0,1,1,0,1,0,0,1,1,1
COC1(C2N(C1=O)C(=C(CS2)COC(=O)N)C(=O)[O-])NC(=O)CC3=CC=CS3,COC1(NC(=O)Cc2cccs2)C(=O)N2C(C(=O)O)=C(COC(N)=O)CSC21,O=C(Cc1cccs1)NC1C(=O)N2C=CCSC12,389,1,0,0,0,1,0,1,0,1,1,0,1,0,0,1,1,1,0,1,1,0,1,0,0,0,1,1
C(CSC[C@@H]1[C@@H]2[C@@H]([C@H]([C@H](O1)O[C@@H]3[C@H](O[C@@H]([C@@H]([C@H]3O)O)O[C@@H]4[C@H](O[C@@H]([C@@H]([C@H]4O)O)O[C@@H]5[C@H](O[C@@H]([C@@H]([C@H]5O)O)O[C@@H]6[C@H](O[C@@H]([C@@H]([C@H]6O)O)O[C@@H]7[C@H](O[C@@H]([C@@H]([C@H]7O)O)O[C@@H]8[C@H](O[C@@H]([C@@H]([C@H]8O)O)O[C@@H]9[C@H](O[C@H](O2)[C@@H]([C@H]9O)O)CSCCC(=O)[O-])CSCCC(=O)[O-])CSCCC(=O)[O-])CSCCC(=O)[O-])CSCCC(=O)[O-])CSCCC(=O)[O-])CSCCC(=O)[O-])O)O)C(=O)[O-].[Na+].[Na+].[Na+].[Na+].[Na+].[Na+].[Na+].[Na+],O=C(O)CCSC[C@H]1O[C@@H]2O[C@H]3[C@H](O)[C@@H](O)[C@@H](O[C@H]4[C@H](O)[C@@H](O)[C@@H](O[C@H]5[C@H](O)[C@@H](O)[C@@H](O[C@H]6[C@H](O)[C@@H](O)[C@@H](O[C@H]7[C@H](O)[C@@H](O)[C@@H](O[C@H]8[C@H](O)[C@@H](O)[C@@H](O[C@H]9[C@H](O)[C@@H](O)[C@@H](O[C@H]1[C@H](O)[C@H]2O)O[C@@H]9CSCCC(=O)O)O[C@@H]8CSCCC(=O)O)O[C@@H]7CSCCC(=O)O)O[C@@H]6CSCCC(=O)O)O[C@@H]5CSCCC(=O)O)O[C@@H]4CSCCC(=O)O)O[C@@H]3CSCCC(=O)O,C1CC2OCC1OC1CCC(CO1)OC1CCC(CO1)OC1CCC(CO1)OC1CCC(CO1)OC1CCC(CO1)OC1CCC(CO1)OC1CCC(CO1)O2,390,0,1,0,0,1,1,1,0,1,0,0,1,0,1,1,0,1,0,1,1,1,1,0,1,1,1,1
CC=CC1=C(N2C(C(C2=O)NC(=O)C(C3=CC=C(C=C3)O)N)SC1)C(=O)O,CC=CC1=C(C(=O)O)N2C(=O)C(NC(=O)C(N)c3ccc(O)cc3)C2SC1,O=C(Cc1ccccc1)NC1C(=O)N2C=CCSC12,391,1,0,0,0,1,0,1,0,1,1,0,1,0,0,1,1,1,1,1,0,1,1,0,0,0,1,1
CC(C)(C(=O)O)ON=C(C1=CSC(=N1)N)C(=O)NC2C3N(C2=O)C(=C(CS3)C[N+]4=CC=CC=C4)C(=O)[O-],CC(C)(ON=C(C(=O)NC1C(=O)N2C(C(=O)[O-])=C(C[n+]3ccccc3)CSC12)c1csc(N)n1)C(=O)O,N=C(C(=O)NC1C(=O)N2C=C(C[n+]3ccccc3)CSC12)c1cscn1,392,1,1,0,1,1,0,1,0,1,1,0,1,0,0,1,1,1,0,1,1,1,1,1,0,1,1,1
C1C=C(N2C(S1)C(C2=O)NC(=O)C(=CCC(=O)O)C3=CSC(=N3)N)C(=O)O,Nc1nc(C(=CCC(=O)O)C(=O)NC2C(=O)N3C(C(=O)O)=CCSC23)cs1,C=C(C(=O)NC1C(=O)N2C=CCSC12)c1cscn1,393,1,1,0,0,1,0,1,1,1,1,0,1,0,0,1,1,1,0,1,1,1,1,0,0,0,1,1
CON=C(C1=CSC(=N1)N)C(=O)NC2C3N(C2=O)C(=CCS3)C(=O)O,CON=C(C(=O)NC1C(=O)N2C(C(=O)O)=CCSC12)c1csc(N)n1,N=C(C(=O)NC1C(=O)N2C=CCSC12)c1cscn1,394,0,0,0,0,1,0,1,0,1,1,0,1,0,0,1,1,1,0,1,0,0,1,0,0,0,1,1
CN1C(=NC(=O)C(=N1)[O-])SCC2=C(N3C(C(C3=O)NC(=O)C(=NOC)C4=CSC(=N4)N)SC2)C(=O)[O-],CON=C(C(=O)NC1C(=O)N2C(C(=O)O)=C(CSc3nc(=O)c(O)nn3C)CSC12)c1csc(N)n1,N=C(C(=O)NC1C(=O)N2C=C(CSc3nc(=O)cn[nH]3)CSC12)c1cscn1,395,1,0,0,0,1,0,1,0,1,1,0,1,0,0,1,1,1,0,1,1,1,1,0,0,1,1,1
CON=C(C1=CC=CO1)C(=O)NC2C3N(C2=O)C(=C(CS3)COC(=O)N)C(=O)[O-],CON=C(C(=O)NC1C(=O)N2C(C(=O)O)=C(COC(N)=O)CSC12)c1ccco1,N=C(C(=O)NC1C(=O)N2C=CCSC12)c1ccco1,396,1,1,0,0,1,1,1,1,1,1,0,1,0,0,1,1,1,0,1,1,1,1,0,0,1,1,1
CC1=CC=C(C=C1)C2=CC(=NN2C3=CC=C(C=C3)S(=O)(=O)N)C(F)(F)F,Cc1ccc(-c2cc(C(F)(F)F)nn2-c2ccc(S(N)(=O)=O)cc2)cc1,c1ccc(-c2ccnn2-c2ccccc2)cc1,397,1,1,0,1,1,1,1,0,1,1,1,1,0,0,1,1,1,0,1,1,1,1,0,1,1,1,1
CCN(CC)C(=O)NC1=CC(=C(C=C1)OCC(CNC(C)(C)C)O)C(=O)C,CCN(CC)C(=O)Nc1ccc(OCC(O)CNC(C)(C)C)c(C(C)=O)c1,c1ccccc1,398,0,1,0,1,1,0,1,0,0,1,0,1,1,0,1,0,1,0,0,1,1,0,0,0,1,1,0
CC1=C(N2C(C(C2=O)NC(=O)C(C3=CC=CC=C3)N)SC1)C(=O)O,CC1=C(C(=O)O)N2C(=O)C(NC(=O)C(N)c3ccccc3)C2SC1,O=C(Cc1ccccc1)NC1C(=O)N2C=CCSC12,399,1,0,0,0,1,1,1,0,1,1,0,1,0,0,1,1,1,0,1,0,1,1,0,0,0,1,1
CC1C(C(C(C(O1)OCC2C(C(C(C(O2)OC3=C(OC4=CC(=CC(=C4C3=O)O)OCCO)C5=CC(=C(C=C5)OCCO)OCCO)O)O)O)O)O)O,CC1OC(OCC2OC(Oc3c(-c4ccc(OCCO)c(OCCO)c4)oc4cc(OCCO)cc(O)c4c3=O)C(O)C(O)C2O)C(O)C(O)C1O,O=c1c(OC2CCCC(COC3CCCCO3)O2)c(-c2ccccc2)oc2ccccc12,400,0,0,0,0,0,0,1,0,0,0,0,1,0,0,1,0,1,0,0,0,0,0,0,0,0,1,0
[CH2]CC=O,[CH2]CC=O,,401,0,0,0,1,0,0,0,0,1,0,0,1,0,0,1,0,0,0,0,0,0,0,0,0,0,0,0
C=CC1=C(N2C(C(C2=O)NC(=O)C(=NOCC(=O)O)C3=CSC(=N3)N)SC1)C(=O)O,C=CC1=C(C(=O)O)N2C(=O)C(NC(=O)C(=NOCC(=O)O)c3csc(N)n3)C2SC1,N=C(C(=O)NC1C(=O)N2C=CCSC12)c1cscn1,402,1,0,0,0,1,0,1,0,1,1,0,1,0,0,1,1,1,0,1,0,0,1,0,0,0,1,1
CC(C)C1=C(C(=C(C(=N1)C(C)C)C=CC(CC(CC(=O)O)O)O)C2=CC=C(C=C2)F)COC,COCc1c(C(C)C)nc(C(C)C)c(C=CC(O)CC(O)CC(=O)O)c1-c1ccc(F)cc1,c1ccc(-c2ccncc2)cc1,403,1,1,0,1,1,1,1,0,1,1,1,1,0,0,1,1,1,0,1,1,1,1,0,1,1,1,1
C1CN(CCN1CCOCC(=O)O)C(C2=CC=CC=C2)C3=CC=C(C=C3)Cl,O=C(O)COCCN1CCN(C(c2ccccc2)c2ccc(Cl)cc2)CC1,c1ccc(C(c2ccccc2)N2CCNCC2)cc1,404,1,1,0,1,1,1,1,1,1,1,0,1,1,0,1,1,1,1,1,1,1,1,1,1,1,1,1
CC(C)[C@H]1C(=O)N[C@H](C(=O)N([C@H](C(=O)N[C@H](C(=O)N[C@@H](C(=O)N[C@H](C(=O)N1)CCCCN)CC2=CNC3=CC=CC=C32)CC4=CC=C(C=C4)O)CC5=CC=CC=C5)C)CCSCC(=O)NC[C@@H](C(=O)N[C@@H](CCCCN)C(=O)N[C@@H](CS)C(=O)N[C@@H](CCCCN)C(=O)N)N,CC(C)[C@@H]1NC(=O)[C@H](CCCCN)NC(=O)[C@@H](Cc2c[nH]c3ccccc23)NC(=O)[C@H](Cc2ccc(O)cc2)NC(=O)[C@H](Cc2ccccc2)N(C)C(=O)[C@H](CCSCC(=O)NC[C@H](N)C(=O)N[C@@H](CCCCN)C(=O)N[C@@H](CS)C(=O)N[C@@H](CCCCN)C(N)=O)NC1=O,O=C1CNC(=O)CNC(=O)C(Cc2c[nH]c3ccccc23)NC(=O)C(Cc2ccccc2)NC(=O)C(Cc2ccccc2)NC(=O)CN1,405,0,0,0,0,0,0,1,0,0,0,0,1,0,0,1,0,0,0,0,0,0,0,0,0,0,1,0
CC1OC2(CN3CCC2CC3)CS1,CC1OC2(CS1)CN1CCC2CC1,C1OC2(CS1)CN1CCC2CC1,406,1,1,0,1,1,1,1,1,1,1,1,1,1,1,1,1,1,1,1,1,1,1,0,1,1,1,1
CC1=C[C@@H]2[C@H](CC[C@]3([C@H]2CC[C@@]3(C(=O)C)O)C)[C@@]4(C1=CC(=O)CC4)C,CC(=O)[C@@]1(O)CC[C@H]2[C@@H]3C=C(C)C4=CC(=O)CC[C@]4(C)[C@H]3CC[C@@]21C,O=C1C=C2C=CC3C4CCCC4CCC3C2CC1,407,1,1,0,1,1,0,1,1,1,1,1,1,1,0,1,1,1,0,1,1,1,1,1,0,1,1,1
CC(C)(CC1=CC=C(C=C1)OC)NCC(C2=CC(=CC3=C2OCC(=O)N3)O)O,COc1ccc(CC(C)(C)NCC(O)c2cc(O)cc3c2OCC(=O)N3)cc1,O=C1COc2c(CCNCCc3ccccc3)cccc2N1,408,0,0,0,0,1,1,1,0,0,0,1,0,0,0,0,0,1,0,1,1,0,0,0,0,1,1,0
CCCCCOC1=CC=C(C=C1)C2=CC=C(C=C2)C3=CC=C(C=C3)C(=O)N[C@H]4C[C@H]([C@H](NC(=O)[C@@H]5[C@H]([C@H](CN5C(=O)[C@@H](NC(=O)[C@@H](NC(=O)[C@@H]6C[C@H](CN6C(=O)[C@@H](NC4=O)[C@@H](C)O)O)[C@@H]([C@H](C7=CC=C(C=C7)O)O)O)[C@@H](C)O)C)O)O)O,CCCCCOc1ccc(-c2ccc(-c3ccc(C(=O)N[C@H]4C[C@@H](O)[C@@H](O)NC(=O)[C@@H]5[C@@H](O)[C@@H](C)CN5C(=O)[C@H]([C@@H](C)O)NC(=O)[C@H]([C@H](O)[C@@H](O)c5ccc(O)cc5)NC(=O)[C@@H]5C[C@@H](O)CN5C(=O)[C@H]([C@@H](C)O)NC4=O)cc3)cc2)cc1,O=C(NC1CCCNC(=O)C2CCCN2C(=O)CNC(=O)C(CCc2ccccc2)NC(=O)C2CCCN2C(=O)CNC1=O)c1ccc(-c2ccc(-c3ccccc3)cc2)cc1,409,1,1,0,1,1,1,1,0,1,1,0,1,0,0,1,1,1,0,1,1,1,1,0,0,1,1,1
CN=C1CN(C(=C2C=C(C=CC2=N1)Cl)C3=CC=CC=C3)O,CN=C1CN(O)C(c2ccccc2)=c2cc(Cl)ccc2=N1,N=C1CNC(c2ccccc2)=c2ccccc2=N1,410,1,0,0,0,0,0,1,0,0,1,0,1,0,0,1,1,1,0,0,0,1,0,0,0,0,1,0
C1=CC(=CC=C1NC(=NC(=NCCCCCCN=C(N)N=C(N)NC2=CC=C(C=C2)Cl)N)N)Cl,NC(=NCCCCCCN=C(N)N=C(N)Nc1ccc(Cl)cc1)N=C(N)Nc1ccc(Cl)cc1,C(=NC=NCCCCCCN=CN=CNc1ccccc1)Nc1ccccc1,360,0,0,0,0,0,1,1,0,1,1,0,1,0,0,1,0,1,0,1,1,0,0,0,0,0,1,1
C1=CN=CC=C1N,Nc1ccncc1,c1ccncc1,411,0,0,0,0,0,1,1,0,1,0,0,1,0,0,1,0,1,0,1,1,1,0,0,0,0,1,1
CCN(CC)CCCC(C)NC1=C2C=CC(=CC2=NC=C1)Cl,CCN(CC)CCCC(C)Nc1ccnc2cc(Cl)ccc12,c1ccc2ncccc2c1,412,1,1,0,1,1,1,1,0,1,0,0,1,0,0,1,1,1,0,0,0,1,0,0,1,1,1,1
C1=C2C(=CC(=C1Cl)S(=O)(=O)N)S(=O)(=O)N=CN2,NS(=O)(=O)c1cc2c(cc1Cl)NC=NS2(=O)=O,O=S1(=O)N=CNc2ccccc21,413,1,1,0,1,1,1,1,0,1,1,0,1,0,0,1,1,1,0,1,1,1,1,0,1,0,1,0
CN(C)CCC(C1=CC=C(C=C1)Cl)C2=CC=CC=N2,CN(C)CCC(c1ccc(Cl)cc1)c1ccccn1,c1ccc(Cc2ccccn2)cc1,414,0,1,0,1,0,0,1,1,0,0,0,1,0,0,1,1,1,0,1,1,1,1,0,1,1,1,1
CN(C)CCCN1C2=CC=CC=C2SC3=C1C=C(C=C3)Cl,CN(C)CCCN1c2ccccc2Sc2ccc(Cl)cc21,c1ccc2c(c1)Nc1ccccc1S2,415,1,1,0,1,1,1,1,0,1,1,0,1,1,0,1,1,1,0,1,1,1,1,0,0,1,1,1
CCCNC(=O)NS(=O)(=O)C1=CC=C(C=C1)Cl,CCCNC(=O)NS(=O)(=O)c1ccc(Cl)cc1,c1ccccc1,416,1,1,0,0,0,0,1,0,0,0,0,1,1,0,0,1,1,1,0,0,0,0,0,0,0,1,1
C(O)(P(=O)(O)O)P(=O)(O)O,O=P(O)(O)C(O)P(=O)(O)O,,417,0,0,0,0,0,0,1,0,1,0,0,0,0,0,0,0,0,0,0,0,0,0,0,0,0,0,0
C1=CC=C2C(=C1)C(=O)NC2(C3=CC(=C(C=C3)Cl)S(=O)(=O)N)O,NS(=O)(=O)c1cc(C2(O)NC(=O)c3ccccc32)ccc1Cl,O=C1NC(c2ccccc2)c2ccccc21,418,1,1,0,1,1,1,1,0,1,1,0,1,0,0,1,1,1,0,0,1,1,1,0,1,1,1,0
C1=CC2=C(C=C1Cl)NC(=O)O2,O=c1[nH]c2cc(Cl)ccc2o1,O=c1[nH]c2ccccc2o1,419,0,0,0,0,0,0,1,0,1,0,0,1,0,0,0,0,1,0,0,0,0,1,0,0,0,1,0
[Se],[Se],,420,0,0,0,0,0,0,0,0,0,0,0,0,0,0,0,0,1,0,0,0,0,0,0,0,0,0,0
CC1=CC(=O)N(C(=C1)C2CCCCC2)O,Cc1cc(C2CCCCC2)n(O)c(=O)c1,O=c1cccc(C2CCCCC2)[nH]1,421,0,0,0,1,0,0,0,0,1,0,0,1,0,0,0,0,1,0,0,0,0,0,0,0,1,1,0
CCOC(=O)C(CCC1=CC=CC=C1)NC2CCCN3CCCC(N3C2=O)C(=O)O,CCOC(=O)C(CCc1ccccc1)NC1CCCN2CCCC(C(=O)O)N2C1=O,O=C1C(NCCCc2ccccc2)CCCN2CCCCN12,422,1,1,0,1,1,1,1,0,1,1,0,1,0,0,1,1,1,0,1,1,1,1,0,1,1,1,1
C1CCC(CC1)N2C(=NN=N2)CCCCOC3=CC4=C(C=C3)NC(=O)CC4,O=C1CCc2cc(OCCCCc3nnnn3C3CCCCC3)ccc2N1,O=C1CCc2cc(OCCCCc3nnnn3C3CCCCC3)ccc2N1,423,1,1,0,1,1,1,1,0,0,1,0,1,0,1,1,1,1,0,1,1,1,1,0,1,1,1,1
CC1=C(N=CN1)CSCCNC(=NC)NC#N,CN=C(NC#N)NCCSCc1nc[nH]c1C,c1c[nH]cn1,424,1,0,0,0,1,1,1,0,1,1,0,1,0,0,0,1,1,0,1,0,1,1,0,0,1,1,1
CCN1C2=CC3=C(C=C2C(=O)C(=N1)C(=O)O)OCO3,CCn1nc(C(=O)O)c(=O)c2cc3c(cc21)OCO3,O=c1cn[nH]c2cc3c(cc12)OCO3,425,0,1,0,1,0,0,1,0,1,0,0,1,0,0,0,1,1,0,0,0,1,0,0,1,0,1,0
C1CC1N2C=C(C(=O)C3=CC(=C(C=C32)N4CCNCC4)F)C(=O)O,O=C(O)c1cn(C2CC2)c2cc(N3CCNCC3)c(F)cc2c1=O,O=c1ccn(C2CC2)c2cc(N3CCNCC3)ccc12,426,1,1,0,1,1,1,1,1,1,1,1,1,0,1,1,1,1,1,1,1,1,1,0,1,1,1,1
[NH2-].[NH2-].Cl[Pt+2]Cl,[Cl][Pt+2][Cl],,427,1,1,0,1,1,1,1,0,1,1,1,1,1,0,1,1,1,1,1,1,1,1,0,1,1,1,1
CN(C)CCCC1(C2=C(CO1)C=C(C=C2)C#N)C3=CC=C(C=C3)F,CN(C)CCCC1(c2ccc(F)cc2)OCc2cc(C#N)ccc21,c1ccc(C2OCc3ccccc32)cc1,428,1,1,0,1,1,1,1,1,1,1,1,1,1,1,1,1,1,1,1,1,1,1,1,1,1,1,1
CCCC1=NC2=C(C=C(C=C2N1CC3=CC=C(C=C3)C4=CC=CC=C4C(=O)O)C5=NC6=CC=CC=C6N5C)C,CCCc1nc2c(C)cc(-c3nc4ccccc4n3C)cc2n1Cc1ccc(-c2ccccc2C(=O)O)cc1,c1ccc(-c2ccc(Cn3cnc4ccc(-c5nc6ccccc6[nH]5)cc43)cc2)cc1,429,1,1,0,1,1,1,1,0,1,1,0,1,0,0,1,1,1,0,1,1,1,1,0,1,1,1,1
CC(C1=CC=CC=C1)(C2=CC=C(C=C2)Cl)OCCC3CCCN3C,CN1CCCC1CCOC(C)(c1ccccc1)c1ccc(Cl)cc1,c1ccc(C(OCCC2CCCN2)c2ccccc2)cc1,430,0,1,0,1,0,0,1,0,1,0,0,1,0,0,1,1,1,0,1,1,1,1,0,1,1,1,1
CCCC1CC(N(C1)C)C(=O)NC(C2C(C(C(C(O2)SC)O)O)O)C(C)Cl,CCCC1CC(C(=O)NC(C(C)Cl)C2OC(SC)C(O)C(O)C2O)N(C)C1,O=C(NCC1CCCCO1)C1CCCN1,431,1,0,0,0,1,1,1,0,1,1,0,1,1,0,1,1,1,0,1,1,0,1,1,1,1,1,1
CN1C(=O)CC(=O)N(C2=C1C=CC(=C2)Cl)C3=CC=CC=C3,CN1C(=O)CC(=O)N(c2ccccc2)c2cc(Cl)ccc21,O=C1CC(=O)N(c2ccccc2)c2ccccc2N1,432,0,1,0,1,1,1,1,0,0,0,0,1,0,0,1,1,1,0,1,1,1,0,0,0,0,1,0
CCC(=O)OC1(C(CC2C1(CC(C3(C2CCC4=CC(=O)C=CC43C)F)O)C)C)C(=O)CCl,CCC(=O)OC1(C(=O)CCl)C(C)CC2C3CCC4=CC(=O)C=CC4(C)C3(F)C(O)CC21C,O=C1C=CC2C(=C1)CCC1C3CCCC3CCC21,433,0,1,0,1,0,1,0,0,1,0,0,1,1,0,0,0,1,0,1,0,1,1,0,0,0,1,1
CCCC(=O)OC1(C(CC2C1(CC(=O)C3(C2CCC4=CC(=O)C=CC43C)F)C)C)C(=O)CCl,CCCC(=O)OC1(C(=O)CCl)C(C)CC2C3CCC4=CC(=O)C=CC4(C)C3(F)C(=O)CC21C,O=C1C=CC2C(=C1)CCC1C3CCCC3CC(=O)C21,434,0,1,0,1,1,1,0,0,1,0,0,1,1,0,1,0,1,0,1,0,0,1,0,0,0,0,1
CC(C)N=C1C=C2C(=NC3=CC=CC=C3N2C4=CC=C(C=C4)Cl)C=C1NC5=CC=C(C=C5)Cl,CC(C)N=c1cc2n(-c3ccc(Cl)cc3)c3ccccc3nc-2cc1Nc1ccc(Cl)cc1,N=c1cc2n(-c3ccccc3)c3ccccc3nc-2cc1Nc1ccccc1,435,1,1,0,1,1,1,1,0,0,0,0,1,0,0,1,1,1,1,1,0,1,1,0,0,0,1,0
CCN(CC)CCOC1=CC=C(C=C1)C(=C(C2=CC=CC=C2)Cl)C3=CC=CC=C3,CCN(CC)CCOc1ccc(C(=C(Cl)c2ccccc2)c2ccccc2)cc1,C(=C(c1ccccc1)c1ccccc1)c1ccccc1,436,1,1,0,1,1,1,1,1,1,1,1,1,1,0,1,1,1,1,1,1,1,1,1,1,1,1,1
CN(C)CCCN1C2=CC=CC=C2CCC3=C1C=C(C=C3)Cl,CN(C)CCCN1c2ccccc2CCc2ccc(Cl)cc21,c1ccc2c(c1)CCc1ccccc1N2,437,1,1,0,1,1,1,1,1,1,1,1,1,1,1,1,1,1,0,1,1,1,1,0,1,1,1,1
C1C(=O)NC2=C(C=C(C=C2)[N+](=O)[O-])C(=N1)C3=CC=CC=C3Cl,O=C1CN=C(c2ccccc2Cl)c2cc([N+](=O)[O-])ccc2N1,O=C1CN=C(c2ccccc2)c2ccccc2N1,438,1,1,0,1,1,1,1,1,1,1,0,1,1,1,1,1,1,0,1,1,1,1,0,1,1,1,1
C1CN=C(N1)NC2=C(C=CC=C2Cl)Cl,Clc1cccc(Cl)c1NC1=NCCN1,c1ccc(NC2=NCCN2)cc1,439,1,1,0,1,1,1,1,0,1,1,0,1,1,0,1,1,1,0,1,1,1,1,0,1,1,1,1
CC(C)CCCCCCCCC(=O)N[C@@H]1[C@H]([C@@H]([C@H](O[C@H]1OC2=C3C=C4C=C2OC5=C(C=C(C=C5)[C@H]([C@H]6C(=O)N[C@@H](C7=CC(=CC(=C7C8=C(C=CC(=C8)[C@H](C(=O)N6)NC(=O)[C@@H]4NC(=O)[C@@H]9C1=CC(=CC(=C1Cl)O)OC1=C(C=C(C=C1)[C@H](C(=O)N[C@H](CC1=CC=C(O3)C=C1)C(=O)N9)NC)O)O)O[C@@H]1[C@H]([C@H]([C@@H]([C@H](O1)CO)O)O)O)O)C(=O)NCCCN(C)C)O)Cl)C(=O)O)O)O,CN[C@H]1C(=O)N[C@@H]2Cc3ccc(cc3)Oc3cc4cc(c3O[C@@H]3O[C@H](C(=O)O)[C@@H](O)[C@H](O)[C@H]3NC(=O)CCCCCCCCC(C)C)Oc3ccc(cc3Cl)[C@@H](O)[C@@H]3NC(=O)[C@H](NC(=O)[C@@H]4NC(=O)[C@@H](NC2=O)c2cc(cc(O)c2Cl)Oc2ccc1cc2O)c1ccc(O)c(c1)-c1c(O[C@H]2O[C@H](CO)[C@@H](O)[C@H](O)[C@@H]2O)cc(O)cc1[C@@H](C(=O)NCCCN(C)C)NC3=O,O=C1Cc2ccc(cc2)Oc2cccc(c2)C2NC(=O)C(Cc3ccc(cc3)Oc3cc4cc(c3OC3CCCCO3)Oc3ccc(cc3)CC3NC(=O)C(NC(=O)C4NC2=O)c2cccc(c2)-c2c(cccc2OC2CCCCO2)CNC3=O)N1,440,1,1,0,0,1,0,1,0,1,0,0,0,0,0,1,1,1,0,1,1,0,0,0,0,0,1,1
COC(=O)C(C1=CC=CC=C1Cl)N2CCC3=C(C2)C=CS3,COC(=O)C(c1ccccc1Cl)N1CCc2sccc2C1,c1ccc(CN2CCc3sccc3C2)cc1,441,1,1,0,1,1,1,1,0,1,1,1,1,0,1,1,1,1,1,1,1,1,1,0,1,1,1,1
C1=CC=C(C=C1)C2=NC(C(=O)NC3=C2C=C(C=C3)Cl)C(=O)O,O=C(O)C1N=C(c2ccccc2)c2cc(Cl)ccc2NC1=O,O=C1CN=C(c2ccccc2)c2ccccc2N1,442,0,0,0,1,1,0,1,0,0,0,0,1,0,0,0,0,1,0,0,0,1,0,0,0,0,1,0
C1=CC=C(C=C1)C(C2=CC=CC=C2)(C3=CC=CC=C3Cl)N4C=CN=C4,Clc1ccccc1C(c1ccccc1)(c1ccccc1)n1ccnc1,c1ccc(C(c2ccccc2)(c2ccccc2)n2ccnc2)cc1,443,0,0,0,0,1,1,1,0,0,1,0,1,0,0,1,0,1,0,1,0,0,1,0,0,0,1,0
CN1N=C(N=N1)C2=NC=C(C=C2)C3=C(C=C(C=C3)N4C[C@@H](OC4=O)CO)F,Cn1nnc(-c2ccc(-c3ccc(N4C[C@H](CO)OC4=O)cc3F)cn2)n1,O=C1OCCN1c1ccc(-c2ccc(-c3nn[nH]n3)nc2)cc1,444,0,0,0,1,1,0,1,0,1,0,0,0,0,0,1,1,1,0,1,0,1,0,0,0,1,1,1
CN1CCN(CC1)C2=C3C=CC=CC3=NC4=C(N2)C=C(C=C4)Cl,CN1CCN(C2=c3ccccc3=Nc3ccc(Cl)cc3N2)CC1,c1ccc2c(c1)N=c1ccccc1=C(N1CCNCC1)N2,445,1,1,0,1,1,1,1,0,1,1,1,1,0,0,1,1,1,1,1,1,1,1,0,1,1,1,1
COC1=C(C=C(C=C1)C2=CC3=C(C=C2)C=C(C=C3)C(=O)O)C45CC6CC(C4)CC(C6)C5,COc1ccc(-c2ccc3cc(C(=O)O)ccc3c2)cc1C12CC3CC(CC(C3)C1)C2,c1cc(-c2ccc3ccccc3c2)cc(C23CC4CC(CC(C4)C2)C3)c1,446,1,0,0,1,0,0,1,0,1,0,0,1,0,0,0,0,1,0,1,0,0,0,1,0,0,1,1
CN1CCC(=C2C3=C(CCC4=CC=CC=C42)SC=C3)CC1,CN1CCC(=C2c3ccccc3CCc3sccc32)CC1,c1ccc2c(c1)CCc1sccc1C2=C1CCNCC1,447,0,1,0,0,1,1,1,0,0,1,0,1,0,0,1,0,0,0,0,0,1,0,0,0,0,1,0
CN1C2CCC1C(C(C2)OC(=O)C3=CC=CC=C3)C(=O)OC,COC(=O)C1C(OC(=O)c2ccccc2)CC2CCC1N2C,O=C(OC1CC2CCC(C1)N2)c1ccccc1,448,0,0,0,1,0,0,1,0,1,0,0,1,0,0,0,0,0,0,0,1,1,0,0,0,0,1,1
C1=NC2=C(C(=N1)N)N=CN2CCOCP(=O)(O)O,Nc1ncnc2c1ncn2CCOCP(=O)(O)O,c1ncc2nc[nH]c2n1,449,1,1,0,0,1,1,1,0,0,0,0,1,0,0,0,0,1,1,0,0,0,1,0,0,0,1,1
CC(=O)NC1CCC2=CC(=C(C(=C2C3=CC=C(C(=O)C=C13)OC)OC)OC)OC,COc1cc2c(c(OC)c1OC)-c1ccc(OC)c(=O)cc1C(NC(C)=O)CC2,O=c1cccc2c(c1)CCCc1ccccc1-2,450,1,1,0,1,1,1,1,0,1,1,0,1,1,0,1,1,1,0,0,1,0,1,0,0,0,1,0
CCC[C@@H](C(=O)OCC)N[C@H](C)C(=O)N1[C@H]2CCCC[C@H]2C[C@H]1C(=O)O.CC(C)(C)N,CCC[C@H](N[C@H](C)C(=O)N1[C@H](C(=O)O)C[C@@H]2CCCC[C@@H]21)C(=O)OCC,C1CCC2NCCC2C1,451,1,1,0,1,1,1,1,0,1,1,0,1,0,1,1,1,1,0,1,1,1,1,0,1,1,1,1
CCC[C@@H](C(=O)OCC)N[C@H](C)C(=O)N1[C@H]2CCCC[C@H]2C[C@H]1C(=O)O,CCC[C@H](N[C@H](C)C(=O)N1[C@H](C(=O)O)C[C@@H]2CCCC[C@@H]21)C(=O)OCC,C1CCC2NCCC2C1,451,1,1,0,1,1,1,1,0,1,1,0,1,0,1,1,1,1,0,1,1,1,1,0,1,1,1,1
C[C@]12CC[C@H]3[C@H]([C@@H]1CCC2=O)CC(=C)C4=CC(=O)C=C[C@]34C,C=C1C[C@@H]2[C@H](CC[C@]3(C)C(=O)CC[C@@H]23)[C@@]2(C)C=CC(=O)C=C12,C=C1CC2C(CCC3C(=O)CCC32)C2C=CC(=O)C=C12,452,1,1,0,1,1,1,1,0,1,1,1,1,0,0,1,1,1,0,1,1,1,0,0,0,1,1,1
C1=CC(=CC=C1[C@@H]2[C@H](C(=O)N2C3=CC=C(C=C3)F)CC[C@@H](C4=CC=C(C=C4)F)O)O,O=C1[C@H](CC[C@H](O)c2ccc(F)cc2)[C@@H](c2ccc(O)cc2)N1c1ccc(F)cc1,O=C1C(CCCc2ccccc2)C(c2ccccc2)N1c1ccccc1,453,1,1,0,0,1,1,1,0,1,1,1,1,0,0,1,1,1,1,1,1,1,0,0,0,1,1,0
C1=CC2=C(C(=C1)OCC(COC3=CC=CC4=C3C(=O)C=C(O4)C(=O)[O-])O)C(=O)C=C(O2)C(=O)[O-],O=C(O)c1cc(=O)c2c(OCC(O)COc3cccc4oc(C(=O)O)cc(=O)c34)cccc2o1,O=c1ccoc2cccc(OCCCOc3cccc4occc(=O)c34)c12,454,1,0,0,1,1,1,1,0,1,0,0,1,0,0,1,1,1,0,1,1,1,1,0,1,1,1,1
CCN(C1=CC=CC=C1C)C(=O)C=CC,CC=CC(=O)N(CC)c1ccccc1C,c1ccccc1,455,0,0,0,0,0,0,0,0,0,0,0,0,0,0,0,0,1,0,0,0,0,0,0,0,0,0,0
CC1=CC2=C(C=C1C)N(C=N2)C3C(C(C(O3)CO)OP(=O)(O)OC(C)CNC(=O)CCC4(C(C5C6(C(C(C(=N6)C(=C7C(C(C(=N7)C=C8C(C(C(=N8)C(=C4[N-]5)C)CCC(=O)N)(C)C)CCC(=O)N)(C)CC(=O)N)C)CCC(=O)N)(C)CC(=O)N)C)CC(=O)N)C)O.[C-]#N.[Co+2],CC1=C2N=C(C=C3N=C(C(C)=C4NC(C(CC(N)=O)C4(C)CCC(=O)NCC(C)OP(=O)(O)OC4C(CO)OC(n5cnc6cc(C)c(C)cc65)C4O)C4(C)N=C1C(CCC(N)=O)C4(C)CC(N)=O)C(CCC(N)=O)C3(C)C)C(CCC(N)=O)C2(C)CC(N)=O,O=C(CCC1CC2NC1=CC1=NC(=CC3=NC(=CC4=NC2CC4)CC3)CC1)NCCO[PH](=O)OC1COC(n2cnc3ccccc32)C1,456,0,0,0,0,0,1,1,0,1,0,1,1,0,0,1,0,1,0,1,1,1,0,0,0,1,1,0
CN(C)CCC=C1C2=CC=CC=C2C=CC3=CC=CC=C31,CN(C)CCC=C1c2ccccc2C=Cc2ccccc21,C=C1c2ccccc2C=Cc2ccccc21,457,1,1,0,1,1,1,1,1,1,1,0,1,1,0,1,1,1,0,1,1,1,1,0,1,1,1,1
CN(C)CCOC(=O)C(C1=CC=CC=C1)C2(CCCC2)O,CN(C)CCOC(=O)C(c1ccccc1)C1(O)CCCC1,c1ccc(CC2CCCC2)cc1,458,0,0,0,1,1,0,1,0,0,0,0,1,0,1,1,0,1,0,1,0,1,1,0,1,1,1,1
C1CNP(=O)(OC1)N(CCCl)CCCl,O=P1(N(CCCl)CCCl)NCCCO1,O=[PH]1NCCCO1,459,1,1,0,1,1,1,1,0,1,1,1,1,1,0,1,1,1,1,1,1,1,1,1,1,1,1,1
CCC1C(=O)N(CC(=O)N(C(C(=O)NC(C(=O)N(C(C(=O)NC(C(=O)NC(C(=O)N(C(C(=O)N(C(C(=O)N(C(C(=O)N(C(C(=O)N1)C(C(C)CC=CC)O)C)C(C)C)C)CC(C)C)C)CC(C)C)C)C)C)CC(C)C)C)C(C)C)CC(C)C)C)C,CC=CCC(C)C(O)C1C(=O)NC(CC)C(=O)N(C)CC(=O)N(C)C(CC(C)C)C(=O)NC(C(C)C)C(=O)N(C)C(CC(C)C)C(=O)NC(C)C(=O)NC(C)C(=O)N(C)C(CC(C)C)C(=O)N(C)C(CC(C)C)C(=O)N(C)C(C(C)C)C(=O)N1C,O=C1CNC(=O)CNC(=O)CNC(=O)CNC(=O)CNC(=O)CNC(=O)CNC(=O)CNC(=O)CNC(=O)CNC(=O)CN1,460,1,1,0,1,1,1,1,1,1,1,1,1,1,0,1,1,1,1,1,1,1,1,0,1,1,1,1
CN1CCC(=C2C3=CC=CC=C3C=CC4=CC=CC=C42)CC1,CN1CCC(=C2c3ccccc3C=Cc3ccccc32)CC1,C1=Cc2ccccc2C(=C2CCNCC2)c2ccccc21,461,1,1,0,1,1,0,1,0,0,0,0,1,0,0,1,1,1,0,1,1,1,1,0,1,1,1,1
CC(=O)C1(CCC2C1(CCC3C2C=C(C4=CC(=O)C5CC5C34C)Cl)C)OC(=O)C,CC(=O)OC1(C(C)=O)CCC2C3C=C(Cl)C4=CC(=O)C5CC5C4(C)C3CCC21C,O=C1C=C2C=CC3C4CCCC4CCC3C2C2CC12,462,1,1,0,1,1,1,1,0,1,1,1,1,1,0,1,1,1,1,0,1,1,1,0,1,1,1,0
[Li+].[Li+].C(=O)([O-])[O-],O=C(O)O,,119,0,1,0,1,1,1,1,0,1,1,0,1,1,0,1,1,1,1,1,1,1,1,0,1,1,1,1
C[C@@H]1CC2C3C[C@@H](C4=CC(=O)C=CC4([C@]3(C(CC2(C1C(=O)CO)C)O)Cl)C)F,C[C@@H]1CC2C3C[C@H](F)C4=CC(=O)C=CC4(C)[C@@]3(Cl)C(O)CC2(C)C1C(=O)CO,O=C1C=CC2C(=C1)CCC1C3CCCC3CCC21,463,0,0,0,0,0,0,0,0,0,0,0,0,0,0,0,0,1,0,1,0,0,0,0,0,0,0,0
CC1=C(SC(=N1)C2=CC(=C(C=C2)OCC(C)C)C#N)C(=O)O,Cc1nc(-c2ccc(OCC(C)C)c(C#N)c2)sc1C(=O)O,c1ccc(-c2nccs2)cc1,464,1,1,0,1,1,1,1,1,1,1,0,1,1,0,1,1,1,0,1,1,1,1,0,1,1,1,1
C1=CC(=C2C(=C1NCCN)C(=O)C3=C(C2=O)C=NC=C3)NCCN,NCCNc1ccc(NCCN)c2c1C(=O)c1ccncc1C2=O,O=C1c2ccccc2C(=O)c2cnccc21,465,1,1,0,1,1,1,1,0,1,1,1,1,0,0,1,1,1,0,1,1,1,1,0,1,1,1,0
CC12CCC3C(C1CCC2(C#C)O)CCC4=CC5=C(CC34C)C=NO5,C#CC1(O)CCC2C3CCC4=Cc5oncc5CC4(C)C3CCC21C,C1=C2CCC3C4CCCC4CCC3C2Cc2cnoc21,466,1,1,0,1,1,1,1,0,0,1,1,1,0,0,1,1,1,0,1,1,1,1,0,1,1,1,1
C1C(=O)N=C(N1N=CC2=CC=C(O2)C3=CC=C(C=C3)[N+](=O)[O-])[O-],O=C1CN(N=Cc2ccc(-c3ccc([N+](=O)[O-])cc3)o2)C(O)=N1,O=C1CN(N=Cc2ccc(-c3ccccc3)o2)C=N1,467,1,1,0,1,1,1,1,0,1,0,1,1,0,0,1,1,1,0,0,1,1,1,0,0,1,1,1
C1=CC(=CC=C1N)S(=O)(=O)C2=CC=C(C=C2)N,Nc1ccc(S(=O)(=O)c2ccc(N)cc2)cc1,O=S(=O)(c1ccccc1)c1ccccc1,468,0,1,0,1,1,1,1,0,0,1,0,1,0,0,0,0,1,1,1,1,1,1,0,1,1,1,1
CC1C(C(CC(O1)OC2CC(CC3=C(C4=C(C(=C23)O)C(=O)C5=C(C4=O)C=CC=C5OC)O)(C(=O)C)O)N)O,COc1cccc2c1C(=O)c1c(O)c3c(c(O)c1C2=O)CC(O)(C(C)=O)CC3OC1CC(N)C(O)C(C)O1,O=C1c2ccccc2C(=O)c2cc3c(cc21)CCCC3OC1CCCCO1,469,1,1,0,1,1,1,1,1,1,1,1,1,0,0,1,1,1,0,1,1,1,1,0,1,1,1,1
CC1=C(C(=O)C=CN1C)O,Cc1c(O)c(=O)ccn1C,O=c1cc[nH]cc1,470,1,1,0,1,1,1,1,1,1,0,0,1,0,1,1,1,1,0,1,1,1,1,0,0,1,1,1
CC(=O)N(CCCCCNC(=O)CCC(=O)N(CCCCCNC(=O)CCC(=O)N(CCCCCN)O)O)O,CC(=O)N(O)CCCCCNC(=O)CCC(=O)N(O)CCCCCNC(=O)CCC(=O)N(O)CCCCCN,,471,1,0,0,1,1,1,1,1,1,0,0,1,0,0,1,1,1,1,1,1,1,1,0,1,1,1,1
CCCCCC1=CC2=C(C3C=C(CCC3C(O2)(C)C)C)C(=C1)O,CCCCCc1cc(O)c2c(c1)OC(C)(C)C1CCC(C)=CC21,C1=CC2c3ccccc3OCC2CC1,472,0,1,0,0,0,1,1,1,1,0,0,1,0,1,1,0,1,0,1,1,1,0,0,1,1,1,1
CNCCCN1C2=CC=CC=C2CCC3=CC=CC=C31,CNCCCN1c2ccccc2CCc2ccccc21,c1ccc2c(c1)CCc1ccccc1N2,473,1,1,0,1,1,0,1,0,0,1,0,1,1,0,1,1,1,0,0,0,1,1,0,1,1,1,1
CC1CC2C3CCC4=CC(=O)C=CC4(C3(C(CC2(C1C(=O)CO)C)O)F)C,CC1CC2C3CCC4=CC(=O)C=CC4(C)C3(F)C(O)CC2(C)C1C(=O)CO,O=C1C=CC2C(=C1)CCC1C3CCCC3CCC21,474,0,1,0,1,0,0,0,0,0,0,0,1,1,0,0,0,1,0,1,0,0,1,0,0,0,1,0
CC1CC2C3CCC4=CC(=O)C=CC4(C3(C(CC2(C1(C(=O)CO)O)C)O)F)C,CC1CC2C3CCC4=CC(=O)C=CC4(C)C3(F)C(O)CC2(C)C1(O)C(=O)CO,O=C1C=CC2C(=C1)CCC1C3CCCC3CCC21,475,1,1,1,1,1,1,1,0,1,1,0,1,1,0,1,1,1,1,1,1,1,1,1,1,1,1,1
CC(CC1=CC=CC=C1)N,CC(N)Cc1ccccc1,c1ccccc1,476,0,1,0,1,1,1,1,1,1,1,0,1,0,0,1,0,1,1,1,1,1,1,0,0,1,1,1
CN1CCC23CCCCC2C1CC4=C3C=C(C=C4)OC,COc1ccc2c(c1)C13CCCCC1C(C2)N(C)CC3,c1ccc2c(c1)CC1NCCC23CCCCC13,477,0,1,0,0,1,0,1,0,1,0,0,1,0,0,0,0,0,0,0,1,1,0,0,0,0,1,0
CC(C)C[C@H](CC(=O)O)CN,CC(C)C[C@@H](CN)CC(=O)O,,478,1,1,0,1,1,1,1,1,1,1,1,1,1,1,1,1,1,1,1,1,1,1,1,1,1,1,1
CC(=O)C1(CCC2C1(CCC3C2C=C(C4=CC(=O)C5CC5C34C)Cl)C)O,CC(=O)C1(O)CCC2C3C=C(Cl)C4=CC(=O)C5CC5C4(C)C3CCC21C,O=C1C=C2C=CC3C4CCCC4CCC3C2C2CC12,479,1,1,0,1,1,1,1,0,1,1,1,1,0,1,1,1,1,0,0,1,1,1,0,1,1,1,0
CN1C(=O)CN=C(C2=C1C=CC(=C2)Cl)C3=CC=CC=C3,CN1C(=O)CN=C(c2ccccc2)c2cc(Cl)ccc21,O=C1CN=C(c2ccccc2)c2ccccc2N1,480,1,1,0,1,1,1,1,1,1,1,0,1,0,1,1,1,1,0,1,1,1,1,0,1,1,1,1
CC1=NS(=O)(=O)C2=C(N1)C=CC(=C2)Cl,CC1=NS(=O)(=O)c2cc(Cl)ccc2N1,O=S1(=O)N=CNc2ccccc21,481,0,1,0,1,1,0,1,0,1,1,0,1,0,0,1,1,1,0,1,0,1,1,0,0,1,1,1
C1CN2C(=NN=C2C(F)(F)F)CN1C(=O)C[C@@H](CC3=CC(=C(C=C3F)F)F)N,N[C@@H](CC(=O)N1CCn2c(nnc2C(F)(F)F)C1)Cc1cc(F)c(F)cc1F,O=C(CCCc1ccccc1)N1CCn2cnnc2C1,482,1,1,0,1,1,1,1,0,1,1,0,1,0,0,1,0,1,0,1,1,1,1,0,1,1,1,1
C1=CC=C(C(=C1)CC(=O)[O-])NC2=C(C=CC=C2Cl)Cl,O=C(O)Cc1ccccc1Nc1c(Cl)cccc1Cl,c1ccc(Nc2ccccc2)cc1,483,1,1,0,1,1,1,1,1,1,1,1,1,0,1,1,1,1,1,1,1,1,1,0,1,1,1,1
C1=C(C=C(C(=C1S(=O)(=O)N)Cl)Cl)S(=O)(=O)N,NS(=O)(=O)c1cc(Cl)c(Cl)c(S(N)(=O)=O)c1,c1ccccc1,484,1,1,0,0,1,0,1,0,0,0,0,1,0,0,0,1,1,0,0,0,1,1,0,1,0,1,0
CC1=C(C(=NO1)C2=C(C=CC=C2Cl)Cl)C(=O)NC3C4N(C3=O)C(C(S4)(C)C)C(=O)[O-],Cc1onc(-c2c(Cl)cccc2Cl)c1C(=O)NC1C(=O)N2C1SC(C)(C)C2C(=O)O,O=C(NC1C(=O)N2CCSC12)c1conc1-c1ccccc1,485,1,0,0,0,1,1,1,0,1,0,0,1,0,0,1,1,1,0,1,1,1,1,0,0,0,1,1
CCN(CC)CCOC(=O)C1(CCCCC1)C2CCCCC2,CCN(CC)CCOC(=O)C1(C2CCCCC2)CCCCC1,C1CCC(C2CCCCC2)CC1,486,0,1,0,1,0,1,1,0,1,1,0,1,0,0,1,0,1,0,0,1,1,1,0,0,1,1,0
C1CC(OC1CO)N2C=NC3=C2NC=NC3=O,O=c1nc[nH]c2c1ncn2C1CCC(CO)O1,O=c1nc[nH]c2c1ncn2C1CCCO1,487,1,1,0,1,1,1,1,1,1,0,0,1,0,0,0,1,1,0,1,0,0,1,0,0,0,1,1
C(CN(CC(=O)O)CC(=O)O)N(CCN(CC(=O)O)CC(=O)O)CC(=O)O,O=C(O)CN(CCN(CC(=O)O)CC(=O)O)CCN(CC(=O)O)CC(=O)O,,224,0,0,0,0,0,0,1,0,1,1,0,1,0,0,0,0,1,0,0,1,0,0,0,0,0,1,0
CC1CC2C3CC(C4=CC(=O)C=CC4(C3(C(CC2(C1(C(=O)COC(=O)C)OC(=O)C)C)O)F)C)F,CC(=O)OCC(=O)C1(OC(C)=O)C(C)CC2C3CC(F)C4=CC(=O)C=CC4(C)C3(F)C(O)CC21C,O=C1C=CC2C(=C1)CCC1C3CCCC3CCC21,488,0,0,0,0,0,0,0,0,0,0,0,0,0,0,0,0,1,0,1,0,0,0,0,0,0,0,0
C1=CC(=C(C=C1C2=C(C=C(C=C2)F)F)C(=O)O)O,O=C(O)c1cc(-c2ccc(F)cc2F)ccc1O,c1ccc(-c2ccccc2)cc1,489,1,1,0,1,1,1,1,0,1,0,0,1,0,0,1,1,1,0,1,1,1,1,0,1,1,1,1
CCCC(=O)OC1(CCC2C1(CC(C3(C2CC(C4=CC(=O)C=CC43C)F)F)O)C)C(=O)COC(=O)C,CCCC(=O)OC1(C(=O)COC(C)=O)CCC2C3CC(F)C4=CC(=O)C=CC4(C)C3(F)C(O)CC21C,O=C1C=CC2C(=C1)CCC1C3CCCC3CCC21,490,0,0,0,1,1,0,0,0,0,1,0,1,0,0,1,0,1,1,1,0,0,0,1,0,0,1,1
CC1C(C(CC(O1)OC2C(OC(CC2O)OC3C(OC(CC3O)OC4CCC5(C(C4)CCC6C5CC(C7(C6(CCC7C8=CC(=O)OC8)O)C)O)C)C)C)O)O,CC1OC(OC2C(O)CC(OC3C(O)CC(OC4CCC5(C)C(CCC6C5CC(O)C5(C)C(C7=CC(=O)OC7)CCC65O)C4)OC3C)OC2C)CC(O)C1O,O=C1C=C(C2CCC3C2CCC2C4CCC(OC5CCC(OC6CCC(OC7CCCCO7)CO6)CO5)CC4CCC23)CO1,491,0,1,0,1,1,0,1,0,0,1,0,1,0,0,0,1,1,0,0,0,1,0,0,0,1,1,1
CN1CCC23C4C1CC5=C2C(=C(C=C5)OC)OC3C(CC4)O,COc1ccc2c3c1OC1C(O)CCC4C(C2)N(C)CCC341,c1cc2c3c(c1)OC1CCCC4C(C2)NCCC314,492,1,0,0,0,1,0,1,0,1,0,0,1,0,0,1,0,1,0,0,1,1,1,0,1,0,1,1
CC1(C(=O)N2C(C(=O)N3CCCC3C2(O1)O)CC4=CC=CC=C4)NC(=O)C5CC6C(CC7=CNC8=CC=CC6=C78)N(C5)C,CN1CC(C(=O)NC2(C)OC3(O)C4CCCN4C(=O)C(Cc4ccccc4)N3C2=O)CC2c3cccc4[nH]cc(c34)CC21,O=C(NC1OC2C3CCCN3C(=O)C(Cc3ccccc3)N2C1=O)C1CNC2Cc3c[nH]c4cccc(c34)C2C1,493,0,1,0,1,1,1,1,1,1,1,0,1,0,0,1,0,1,0,1,1,1,1,0,1,1,1,1
CC(=O)OC1C(SC2=CC=CC=C2N(C1=O)CC[NH+](C)C)C3=CC=C(C=C3)OC,COc1ccc(C2Sc3ccccc3N(CCN(C)C)C(=O)C2OC(C)=O)cc1,O=C1CC(c2ccccc2)Sc2ccccc2N1,494,1,1,1,1,1,1,1,1,1,1,1,1,0,1,1,1,1,0,1,1,1,1,0,1,1,1,1
CC[C@H](C)[C@H]1C(=O)NC(C(=O)N[C@H](C(=O)N[C@@H](CSSCCC(=O)N[C@@H](C(=O)N1)CC2=CC=C(C=C2)OCC)C(=O)N3CCC[C@H]3C(=O)N[C@@H](CCCN)C(=O)NCC(=O)N)CC(=O)N)[C@@H](C)O,CCOc1ccc(C[C@H]2NC(=O)CCSSC[C@@H](C(=O)N3CCC[C@H]3C(=O)N[C@@H](CCCN)C(=O)NCC(N)=O)NC(=O)[C@H](CC(N)=O)NC(=O)C([C@@H](C)O)NC(=O)[C@H]([C@@H](C)CC)NC2=O)cc1,O=C1CNC(=O)CNC(=O)C(Cc2ccccc2)NC(=O)CCSSCC(C(=O)N2CCCC2)NC(=O)CN1,495,0,1,0,0,1,0,1,0,1,1,0,1,0,0,1,0,1,0,0,1,1,0,1,0,1,1,0
C(C(CS)S)O,OCC(S)CS,,496,0,0,0,1,1,1,1,0,0,0,0,1,0,0,0,0,1,0,1,1,1,0,0,0,1,1,0
C1[C@@H]([C@@H]2[C@H](O1)[C@@H](CO2)O[N+](=O)[O-])O,O=[N+]([O-])O[C@@H]1CO[C@H]2[C@@H]1OC[C@@H]2O,C1CC2OCCC2O1,497,1,1,0,1,1,1,1,1,1,1,0,1,0,0,1,1,1,0,1,1,1,1,0,1,1,1,0
CN(C)CCOC(C1=CC=CC=C1)C2=CC=CC=C2,CN(C)CCOC(c1ccccc1)c1ccccc1,c1ccc(Cc2ccccc2)cc1,349,0,1,0,1,0,0,1,0,0,0,0,1,0,0,1,1,1,0,1,1,1,1,0,1,1,1,1
CC(C)(C)C(=O)OC1=C(C=C(C=C1)C(CNC)O)OC(=O)C(C)(C)C,CNCC(O)c1ccc(OC(=O)C(C)(C)C)c(OC(=O)C(C)(C)C)c1,c1ccccc1,498,0,0,0,1,0,0,0,0,1,0,0,1,0,0,1,0,0,0,1,0,0,0,0,0,1,0,0
C1CCN(CC1)C2=NC(=NC3=C2N=C(N=C3N4CCCCC4)N(CCO)CCO)N(CCO)CCO,OCCN(CCO)c1nc(N2CCCCC2)c2nc(N(CCO)CCO)nc(N3CCCCC3)c2n1,c1nc(N2CCCCC2)c2ncnc(N3CCCCC3)c2n1,499,1,1,0,1,1,1,1,0,1,1,0,1,0,0,1,1,1,0,1,1,1,1,0,1,1,1,1
CC(C)N(CCC(C1=CC=CC=C1)(C2=CC=CC=N2)C(=O)N)C(C)C,CC(C)N(CCC(C(N)=O)(c1ccccc1)c1ccccn1)C(C)C,c1ccc(Cc2ccccn2)cc1,500,1,1,0,1,1,1,1,0,0,1,0,1,0,0,1,1,1,0,0,1,1,1,0,1,1,1,1
CCN(CC)C(=S)SSC(=S)N(CC)CC,CCN(CC)C(=S)SSC(=S)N(CC)CC,,501,1,0,0,1,0,0,1,0,0,1,0,1,0,0,0,0,1,0,0,0,1,0,0,0,0,1,0
CCCC(CCC)C(=O)O,CCCC(CCC)C(=O)O,,502,1,1,0,1,1,1,1,1,1,1,1,1,1,1,1,1,1,1,1,1,1,1,1,1,1,1,1
CC(CC1=CC=C(C=C1)O)(C(=O)O)N,CC(N)(Cc1ccc(O)cc1)C(=O)O,c1ccccc1,503,0,0,0,0,1,1,1,0,1,1,0,1,0,0,0,1,1,0,0,1,1,1,0,0,0,1,0
CCCC1=NC(=C(N1CC2=CC=C(C=C2)C3=CC=CC=C3C4=NNN=N4)C(=O)O)C(C)(C)O,CCCc1nc(C(C)(C)O)c(C(=O)O)n1Cc1ccc(-c2ccccc2-c2nn[nH]n2)cc1,c1ccc(-c2nn[nH]n2)c(-c2ccc(Cn3ccnc3)cc2)c1,504,1,1,0,1,1,1,1,0,1,1,0,1,0,0,1,1,1,0,1,1,1,1,0,1,1,1,1
COCCOC(=O)NCCCC[C@@H](C(=O)NCCCCCOP(=O)(C)O)NC(=O)OCCOC,COCCOC(=O)NCCCC[C@H](NC(=O)OCCOC)C(=O)NCCCCCOP(C)(=O)O,,505,0,1,0,1,1,1,1,0,1,0,0,1,0,0,1,0,1,0,1,1,0,1,0,1,0,1,1
CC1=C2C(C(=O)C3(C(CC4C(C3C(C(C2(C)C)(CC1OC(=O)C(C(C5=CC=CC=C5)NC(=O)OC(C)(C)C)O)O)OC(=O)C6=CC=CC=C6)(CO4)OC(=O)C)O)C)O,CC(=O)OC12COC1CC(O)C1(C)C(=O)C(O)C3=C(C)C(OC(=O)C(O)C(NC(=O)OC(C)(C)C)c4ccccc4)CC(O)(C(OC(=O)c4ccccc4)C21)C3(C)C,O=C(CCc1ccccc1)OC1C=C2CC(=O)C3CCC4OCC4C3C(OC(=O)c3ccccc3)C(C2)C1,506,1,1,0,1,1,1,1,0,1,1,1,1,0,0,1,1,1,0,1,1,1,1,0,1,1,1,1
CC(C1=CC2=CC=CC=C2S1)N(C(=O)N)O,CC(c1cc2ccccc2s1)N(O)C(N)=O,c1ccc2sccc2c1,507,1,0,0,0,1,1,1,0,1,1,0,1,0,0,0,1,1,0,1,1,1,0,0,0,0,1,1
C1C2CC3CC(CC1N3CC2=O)OC(=O)C4=CNC5=CC=CC=C54,O=C(OC1CC2CC3CC(C1)N2CC3=O)c1c[nH]c2ccccc12,O=C(OC1CC2CC3CC(C1)N2CC3=O)c1c[nH]c2ccccc12,508,1,1,0,1,1,1,1,0,1,0,0,1,0,0,1,1,1,0,1,1,1,1,0,1,1,1,1
C1CN(CCC1N2C3=C(C=C(C=C3)Cl)NC2=O)CCCN4C5=CC=CC=C5NC4=O,O=c1[nH]c2ccccc2n1CCCN1CCC(n2c(=O)[nH]c3cc(Cl)ccc32)CC1,O=c1[nH]c2ccccc2n1CCCN1CCC(n2c(=O)[nH]c3ccccc32)CC1,509,0,0,0,0,1,1,1,0,0,1,0,1,0,0,1,0,1,0,1,0,1,1,0,0,1,1,0
CCOC(=O)C1=C(NC(=C(C1C2=CC=CC=C2Cl)C(=O)OC)C)COCCN.C1=CC=C(C=C1)S(=O)(=O)O,CCOC(=O)C1=C(COCCN)NC(C)=C(C(=O)OC)C1c1ccccc1Cl,C1=CC(c2ccccc2)C=CN1,276,1,1,0,1,1,1,1,0,1,1,0,1,0,0,1,1,1,0,1,1,1,1,0,1,1,1,1
C[C@@H]1[C@@H]2[C@H](C(=O)N2C(=C1S[C@H]3C[C@H](NC3)C(=O)NC4=CC=CC(=C4)C(=O)O)C(=O)O)[C@@H](C)O,C[C@@H](O)[C@H]1C(=O)N2C(C(=O)O)=C(S[C@@H]3CN[C@H](C(=O)Nc4cccc(C(=O)O)c4)C3)[C@H](C)[C@H]12,O=C(Nc1ccccc1)C1CC(SC2=CN3C(=O)CC3C2)CN1,510,1,1,0,1,1,1,1,0,1,1,0,1,0,0,1,1,1,1,1,1,1,1,1,1,1,1,1
CN(C)CCC=C1C2=CC=CC=C2CSC3=CC=CC=C31,CN(C)CCC=C1c2ccccc2CSc2ccccc21,C=C1c2ccccc2CSc2ccccc21,511,1,1,0,1,1,0,1,1,1,1,0,1,1,0,1,1,1,0,0,0,1,1,0,0,1,1,1
CCN1CC(C(C1=O)(C2=CC=CC=C2)C3=CC=CC=C3)CCN4CCOCC4,CCN1CC(CCN2CCOCC2)C(c2ccccc2)(c2ccccc2)C1=O,O=C1NCC(CCN2CCOCC2)C1(c1ccccc1)c1ccccc1,512,0,0,0,1,1,0,1,0,0,0,0,1,0,0,1,1,1,0,0,1,1,1,0,0,1,1,1
COC1=C(C=C2C(=C1)C(=NC(=N2)N3CCN(CC3)C(=O)C4COC5=CC=CC=C5O4)N)OC,COc1cc2nc(N3CCN(C(=O)C4COc5ccccc5O4)CC3)nc(N)c2cc1OC,O=C(C1COc2ccccc2O1)N1CCN(c2ncc3ccccc3n2)CC1,513,1,1,0,1,1,1,1,1,1,1,1,1,0,0,1,1,1,1,1,1,1,1,0,1,1,1,1
CN(C)CCC=C1C2=CC=CC=C2COC3=CC=CC=C31,CN(C)CCC=C1c2ccccc2COc2ccccc21,C=C1c2ccccc2COc2ccccc21,514,1,1,0,1,1,1,1,1,1,1,1,1,1,0,1,1,1,0,1,1,1,1,0,1,1,1,1
C1CN(CC=C1N2C3=CC=CC=C3NC2=O)CCCC(=O)C4=CC=C(C=C4)F,O=C(CCCN1CC=C(n2c(=O)[nH]c3ccccc32)CC1)c1ccc(F)cc1,O=C(CCCN1CC=C(n2c(=O)[nH]c3ccccc32)CC1)c1ccccc1,515,0,1,0,1,1,1,0,0,1,1,0,1,1,1,1,0,1,0,0,1,1,0,0,0,1,1,0
C1=CC(=C(C=C1C(C(C(=O)O)N)O)O)O,NC(C(=O)O)C(O)c1ccc(O)c(O)c1,c1ccccc1,516,0,0,0,0,1,0,1,0,0,0,0,1,0,0,1,0,0,0,1,0,1,0,0,0,1,1,0
CN1C2=C(C(=O)N(C1=O)C)N(C=N2)CC(CO)O,Cn1c(=O)c2c(ncn2CC(O)CO)n(C)c1=O,O=c1[nH]c(=O)c2[nH]cnc2[nH]1,517,0,1,0,0,0,1,1,0,0,0,0,0,1,0,1,0,0,0,0,1,1,1,0,0,1,1,1
C1=CC(=CC=C1COC(CN2C=CN=C2)C3=C(C=C(C=C3)Cl)Cl)Cl,Clc1ccc(COC(Cn2ccnc2)c2ccc(Cl)cc2Cl)cc1,c1ccc(COC(Cn2ccnc2)c2ccccc2)cc1,518,0,0,0,0,0,0,0,0,0,0,0,1,0,0,0,0,1,0,0,0,0,0,0,0,0,1,0
CC1=C(C(=C2C3C4C5C6=C(C(N4C(C(N3C)CC2=C1)O)COC(=O)C7(CS5)C8=CC(=C(C=C8CCN7)O)OC)C9=C(C(=C6OC(=O)C)C)OCO9)O)OC,COc1cc2c(cc1O)CCNC21CSC2c3c(OC(C)=O)c(C)c4c(c3C(COC1=O)N1C(O)C3Cc5cc(C)c(OC)c(O)c5C(C21)N3C)OCO4,O=C1OCC2c3c(ccc4c3OCO4)C(SCC13NCCc1ccccc13)C1C3NC(Cc4ccccc43)CN21,519,1,1,0,0,1,1,1,0,1,0,0,1,0,0,1,1,1,0,1,1,1,0,0,0,1,1,1
CC[N+](C)(C)C1=CC(=CC=C1)O,CC[N+](C)(C)c1cccc(O)c1,c1ccccc1,520,0,0,0,1,0,1,1,0,0,0,0,1,0,0,1,0,1,0,0,1,1,1,0,0,1,1,1
C1CC1C#CC2(C3=C(C=CC(=C3)Cl)NC(=O)O2)C(F)(F)F,O=C1Nc2ccc(Cl)cc2C(C#CC2CC2)(C(F)(F)F)O1,O=C1Nc2ccccc2C(C#CC2CC2)O1,521,1,1,0,1,1,1,1,1,1,1,1,1,1,0,1,1,1,1,1,1,1,1,1,1,1,1,1
C1=CN(C=N1)CC(O)(P(=O)(O)O)P(=O)(O)O,O=P(O)(O)C(O)(Cn1ccnc1)P(=O)(O)O,c1c[nH]cn1,522,0,1,0,1,1,1,1,0,1,0,1,1,1,0,1,1,1,0,1,1,1,1,0,1,1,1,1
CCC=CCC=CCC=CCC=CCC=CCCCC(=O)O,CCC=CCC=CCC=CCC=CCC=CCCCC(=O)O,,523,0,0,0,0,0,1,0,0,0,0,0,0,0,0,0,0,0,0,0,1,0,0,0,0,0,0,0
CC(C)[C@H](CC1=CC(=C(C=C1)OC)OCCCOC)C[C@@H]([C@H](C[C@@H](C(C)C)C(=O)NCC(C)(C)C(=O)N)O)N,COCCCOc1cc(C[C@H](C[C@H](N)[C@@H](O)C[C@H](C(=O)NCC(C)(C)C(N)=O)C(C)C)C(C)C)ccc1OC,c1ccccc1,524,1,1,0,1,1,1,1,0,1,0,1,1,0,0,1,1,1,0,1,1,1,1,0,1,1,1,1
CN1C2=C(C=C(C=C2)C(=O)N(CCC(=O)O)C3=CC=CC=N3)N=C1CNC4=CC=C(C=C4)C(=N)N,Cn1c(CNc2ccc(C(=N)N)cc2)nc2cc(C(=O)N(CCC(=O)O)c3ccccn3)ccc21,O=C(Nc1ccccn1)c1ccc2[nH]c(CNc3ccccc3)nc2c1,525,0,0,0,0,1,1,1,0,1,0,0,0,0,1,1,1,1,0,0,0,0,0,0,0,1,1,0
CCOCCN1C2=CC=CC=C2N=C1N3CCCN(CC3)C,CCOCCn1c(N2CCCN(C)CC2)nc2ccccc21,c1ccc2[nH]c(N3CCCNCC3)nc2c1,526,0,0,0,1,1,0,0,0,0,0,0,1,0,0,1,0,1,0,1,0,1,0,0,0,1,1,0
CCOC(=O)C(CCC1=CC=CC=C1)NC(C)C(=O)N2CCCC2C(=O)O,CCOC(=O)C(CCc1ccccc1)NC(C)C(=O)N1CCCC1C(=O)O,O=C(CNCCCc1ccccc1)N1CCCC1,527,1,1,0,1,1,1,1,0,1,1,0,1,1,0,1,1,1,0,1,1,1,1,0,1,1,1,1
CC12CCC3C(C1CCC2OP(=O)(O)O)CCC4=C3C=CC(=C4)OC(=O)N(CCCl)CCCl,CC12CCC3c4ccc(OC(=O)N(CCCl)CCCl)cc4CCC3C1CCC2OP(=O)(O)O,c1ccc2c(c1)CCC1C2CCC2CCCC21,528,0,1,0,1,1,1,1,0,0,1,0,1,0,0,1,1,1,1,0,1,1,1,0,1,1,1,0
C(C(OC(F)F)(F)F)(F)Cl,FC(F)OC(F)(F)C(F)Cl,,529,1,1,0,0,1,0,1,0,0,0,0,1,0,0,1,0,0,0,0,1,0,0,0,0,1,1,1
CCC(=O)OCC(=O)C1(CCC2C1(CC(C3C2CCC4=CC(=O)C=CC34C)O)C)OC(=O)OCC,CCOC(=O)OC1(C(=O)COC(=O)CC)CCC2C3CCC4=CC(=O)C=CC4(C)C3C(O)CC21C,O=C1C=CC2C(=C1)CCC1C3CCCC3CCC21,530,0,0,0,0,0,0,0,0,0,0,0,1,0,0,0,0,1,0,1,0,0,0,0,0,0,1,0
C1C2C3=CC=CC=C3CC4=CC=CC=C4N2C(=N1)N,NC1=NCC2c3ccccc3Cc3ccccc3N12,C1=NCC2c3ccccc3Cc3ccccc3N12,531,0,0,0,1,0,0,0,0,0,0,0,0,0,0,1,0,1,0,1,1,0,0,0,0,0,1,0
CC1=CC2=C(C=C1CC(=O)C3=C(C=CS3)S(=O)(=O)NC4=C(C(=NO4)C)Cl)OCO2,Cc1cc2c(cc1CC(=O)c1sccc1S(=O)(=O)Nc1onc(C)c1Cl)OCO2,O=C(Cc1ccc2c(c1)OCO2)c1sccc1S(=O)(=O)Nc1ccno1,532,1,1,0,1,1,1,1,1,1,1,1,1,1,1,1,1,1,0,1,1,1,1,1,1,1,1,1
CC1=CC=CC=C1C(=O)NC2=CC(=C(C=C2)C(=O)N3CCCC(C4=C3C=CC(=C4)Cl)O)C,Cc1ccccc1C(=O)Nc1ccc(C(=O)N2CCCC(O)c3cc(Cl)ccc32)c(C)c1,O=C(Nc1ccc(C(=O)N2CCCCc3ccccc32)cc1)c1ccccc1,533,0,1,0,0,1,1,1,0,1,1,0,1,0,0,1,1,1,0,0,1,0,1,0,0,1,1,0
CNC(=O)C1=NC=CC(=C1)OC2=CC=C(C=C2)NC(=O)NC3=CC(=C(C=C3)Cl)C(F)(F)F,CNC(=O)c1cc(Oc2ccc(NC(=O)Nc3ccc(Cl)c(C(F)(F)F)c3)cc2)ccn1,O=C(Nc1ccccc1)Nc1ccc(Oc2ccncc2)cc1,534,1,1,0,0,1,1,1,0,1,1,1,1,1,0,1,1,1,0,1,1,1,1,0,1,1,1,1
CC(C)C(C)C=CC(C)C1CCC2C1(CCCC2=CC=C3CC(CCC3=C)O)C,C=C1CCC(O)CC1=CC=C1CCCC2(C)C1CCC2C(C)C=CC(C)C(C)C,C=C1CCCCC1=CC=C1CCCC2CCCC12,535,0,1,0,0,1,1,1,1,0,0,0,1,0,0,1,1,0,0,0,0,0,1,0,0,0,1,1
CC(CO)NC(=O)C1CN(C2CC3=CNC4=CC=CC(=C34)C2=C1)C,CC(CO)NC(=O)C1C=C2c3cccc4[nH]cc(c34)CC2N(C)C1,C1=C2c3cccc4[nH]cc(c34)CC2NCC1,536,0,1,0,0,0,1,1,0,0,0,0,1,0,0,1,0,1,0,1,1,1,1,0,1,1,1,0
CC1(C(=O)N2C(C(=O)N3CCCC3C2(O1)O)CC4=CC=CC=C4)NC(=O)C5CN(C6CC7=CNC8=CC=CC(=C78)C6=C5)C,CN1CC(C(=O)NC2(C)OC3(O)C4CCCN4C(=O)C(Cc4ccccc4)N3C2=O)C=C2c3cccc4[nH]cc(c34)CC21,O=C(NC1OC2C3CCCN3C(=O)C(Cc3ccccc3)N2C1=O)C1C=C2c3cccc4[nH]cc(c34)CC2NC1,537,0,0,0,0,1,1,1,0,0,0,0,1,0,0,1,0,1,0,1,0,1,0,0,1,1,1,0
CCC1C(C(C(C(=O)C(CC(C(C(C(C(C(=O)O1)C)OC2CC(C(C(O2)C)O)(C)OC)C)OC3C(C(CC(O3)C)N(C)C)O)(C)O)C)C)O)(C)O,CCC1OC(=O)C(C)C(OC2CC(C)(OC)C(O)C(C)O2)C(C)C(OC2OC(C)CC(N(C)C)C2O)C(C)(O)CC(C)C(=O)C(C)C(O)C1(C)O,O=C1CCCCOC(=O)CC(OC2CCCCO2)CC(OC2CCCCO2)CCC1,538,1,1,0,1,1,0,1,0,1,0,0,1,0,0,0,0,1,1,1,0,1,1,0,1,1,1,1
CCC1C(C(C(C(=O)C(CC(C(C(C(C(C(=O)O1)C)OC2CC(C(C(O2)C)O)(C)OC)C)OC3C(C(CC(O3)C)N(C)C)OC(=O)CCC(=O)OCC)(C)O)C)C)O)(C)O,CCOC(=O)CCC(=O)OC1C(OC2C(C)C(OC3CC(C)(OC)C(O)C(C)O3)C(C)C(=O)OC(CC)C(C)(O)C(O)C(C)C(=O)C(C)CC2(C)O)OC(C)CC1N(C)C,O=C1CCCCOC(=O)CC(OC2CCCCO2)CC(OC2CCCCO2)CCC1,539,1,1,0,0,1,0,1,0,1,0,0,0,0,0,0,0,1,0,1,0,0,0,0,1,1,1,1
C1C2=NN=CN2C3=C(C=C(C=C3)Cl)C(=N1)C4=CC=CC=C4,Clc1ccc2c(c1)C(c1ccccc1)=NCc1nncn1-2,c1ccc(C2=NCc3nncn3-c3ccccc32)cc1,540,0,1,0,1,1,1,1,1,1,1,1,1,0,0,1,1,1,0,1,1,1,1,0,1,1,1,1
CC12CCC3C(C1CCC2OC(=O)CCC4CCCC4)CCC5=C3C=CC(=C5)O,CC12CCC3c4ccc(O)cc4CCC3C1CCC2OC(=O)CCC1CCCC1,O=C(CCC1CCCC1)OC1CCC2C1CCC1c3ccccc3CCC12,541,1,1,0,1,1,1,1,0,1,1,1,1,0,0,1,0,1,1,1,1,1,0,0,0,1,1,0
C[C@@H]1CC[C@H]2C[C@@H](/C(=C/C=C/C=C/[C@H](C[C@H](C(=O)[C@@H]([C@@H](/C(=C/[C@H](C(=O)C[C@H](OC(=O)[C@@H]3CCCCN3C(=O)C(=O)[C@@]1(O2)O)[C@H](C)C[C@@H]4CC[C@H]([C@@H](C4)OC)OCCO)C)/C)O)OC)C)C)/C)OC,CO[C@H]1C[C@@H]2CC[C@@H](C)[C@@](O)(O2)C(=O)C(=O)N2CCCC[C@H]2C(=O)O[C@H]([C@H](C)C[C@@H]2CC[C@@H](OCCO)[C@H](OC)C2)CC(=O)[C@H](C)/C=C(\C)[C@@H](O)[C@@H](OC)C(=O)[C@H](C)C[C@H](C)/C=C/C=C/C=C/1C,O=C1CCC=CCC(=O)CC(CCC2CCCCC2)OC(=O)C2CCCCN2C(=O)C(=O)C2CCCC(CCC=CC=CC=CCCC1)O2,542,1,1,0,1,1,1,1,0,1,1,1,1,1,0,1,1,1,1,1,1,1,1,0,0,1,1,1
CCC(C)CCCCC(=O)NC(CCNCS(=O)(=O)[O-])C(=O)NC(C(C)O)C(=O)NC(CCNCS(=O)(=O)[O-])C(=O)NC1CCNC(=O)C(NC(=O)C(NC(=O)C(NC(=O)C(NC(=O)C(NC(=O)C(NC1=O)CCNCS(=O)(=O)[O-])CC(C)C)CC(C)C)CCNCS(=O)(=O)[O-])CCNCS(=O)(=O)[O-])C(C)O.[Na+].[Na+].[Na+].[Na+].[Na+],CCC(C)CCCCC(=O)NC(CCNCS(=O)(=O)O)C(=O)NC(C(=O)NC(CCNCS(=O)(=O)O)C(=O)NC1CCNC(=O)C(C(C)O)NC(=O)C(CCNCS(=O)(=O)O)NC(=O)C(CCNCS(=O)(=O)O)NC(=O)C(CC(C)C)NC(=O)C(CC(C)C)NC(=O)C(CCNCS(=O)(=O)O)NC1=O)C(C)O,O=C1CCCNC(=O)CNC(=O)CNC(=O)CNC(=O)CNC(=O)CNC(=O)CN1,543,0,1,0,0,1,1,1,0,1,0,0,1,0,0,0,0,1,0,1,1,1,1,0,1,0,1,1
CCCCC(=O)OC1CCC2C1(CCC3C2CCC4=C3C=CC(=C4)O)C,CCCCC(=O)OC1CCC2C3CCc4cc(O)ccc4C3CCC12C,c1ccc2c(c1)CCC1C2CCC2CCCC21,544,1,1,0,1,1,1,1,0,1,1,1,1,0,0,1,0,1,1,1,1,1,0,0,0,1,1,0
CC1=C(C(=CC=C1)[C@@H](C)C2=CN=CN2)C,Cc1cccc([C@@H](C)c2cnc[nH]2)c1C,c1ccc(Cc2cnc[nH]2)cc1,545,1,1,0,1,1,0,1,0,0,0,0,1,0,1,1,1,1,0,1,1,1,1,1,0,1,1,1
C1=CN(C(=O)N=C1N)C[C@@H](CO)OCP(=O)(O)O,Nc1ccn(C[C@@H](CO)OCP(=O)(O)O)c(=O)n1,O=c1nccc[nH]1,546,1,1,0,1,1,1,1,0,1,1,1,1,1,0,1,1,1,1,1,1,1,1,0,1,1,1,1
CCC(=C)C(=O)C1=C(C(=C(C=C1)OCC(=O)O)Cl)Cl,C=C(CC)C(=O)c1ccc(OCC(=O)O)c(Cl)c1Cl,c1ccccc1,547,1,1,0,1,1,0,1,0,0,0,0,1,0,0,0,1,1,0,0,0,1,1,0,1,0,1,1
CCC(CO)NCCNC(CC)CO,CCC(CO)NCCNC(CC)CO,,548,1,1,0,1,1,1,1,0,1,0,0,1,0,0,0,1,1,1,1,1,1,1,0,0,1,1,1
CCC1(CC(=O)NC1=O)C,CCC1(C)CC(=O)NC1=O,O=C1CCC(=O)N1,549,0,1,0,1,1,1,1,1,1,1,0,1,0,0,0,1,1,0,0,1,1,1,0,0,0,1,0
CCN1C(=O)C(NC1=O)C2=CC=CC=C2,CCN1C(=O)NC(c2ccccc2)C1=O,O=C1NC(=O)C(c2ccccc2)N1,550,0,0,0,1,1,1,1,0,0,0,1,1,0,0,0,1,1,0,0,0,1,0,0,0,0,1,0
CC(O)(P(=O)(O)O)P(=O)(O)O,CC(O)(P(=O)(O)O)P(=O)(O)O,,551,0,0,0,0,0,1,1,0,1,0,1,1,1,0,0,1,1,0,1,1,1,0,0,0,0,1,1
CCC1=CC=CC2=C1NC3=C2CCOC3(CC)CC(=O)O,CCc1cccc2c3c([nH]c12)C(CC)(CC(=O)O)OCC3,c1ccc2c3c([nH]c2c1)COCC3,552,1,1,0,1,1,1,1,0,1,1,0,1,0,0,1,1,1,0,1,1,1,1,0,1,1,1,1
CC1OCC2C(O1)C(C(C(O2)OC3C4COC(=O)C4C(C5=CC6=C(C=C35)OCO6)C7=CC(=C(C(=C7)OC)O)OC)O)O,COc1cc(C2c3cc4c(cc3C(OC3OC5COC(C)OC5C(O)C3O)C3COC(=O)C23)OCO4)cc(OC)c1O,O=C1OCC2C(OC3CCC4OCOCC4O3)c3cc4c(cc3C(c3ccccc3)C12)OCO4,553,1,1,0,1,1,1,1,0,1,0,1,1,0,0,1,1,1,0,1,1,1,1,0,1,1,1,1
CC1OCC2C(O1)C(C(C(O2)O[C@H]3[C@H]4COC(=O)[C@@H]4[C@@H](C5=CC6=C(C=C35)OCO6)C7=CC(=C(C(=C7)OC)OP(=O)(O)O)OC)O)O,COc1cc([C@@H]2c3cc4c(cc3[C@@H](OC3OC5COC(C)OC5C(O)C3O)[C@H]3COC(=O)[C@H]23)OCO4)cc(OC)c1OP(=O)(O)O,O=C1OCC2C(OC3CCC4OCOCC4O3)c3cc4c(cc3C(c3ccccc3)C12)OCO4,554,1,1,0,1,1,1,1,0,0,0,1,1,0,0,1,1,1,0,1,1,0,0,0,0,1,1,1
C1=C(N=C(S1)N=C(N)N)CSCCC(=NS(=O)(=O)N)N,NC(N)=Nc1nc(CSCCC(N)=NS(N)(=O)=O)cs1,c1cscn1,555,1,1,0,1,1,1,1,0,1,1,0,1,0,0,1,1,1,0,1,1,1,1,0,1,1,1,1
C1=CC=C(C=C1)C(COC(=O)N)COC(=O)N,NC(=O)OCC(COC(N)=O)c1ccccc1,c1ccccc1,556,1,1,0,1,1,1,1,1,1,1,1,1,1,1,1,1,1,1,1,1,1,1,1,1,1,1,1
CCOC(=O)C1=C(NC(=C(C1C2=C(C(=CC=C2)Cl)Cl)C(=O)OC)C)C,CCOC(=O)C1=C(C)NC(C)=C(C(=O)OC)C1c1cccc(Cl)c1Cl,C1=CC(c2ccccc2)C=CN1,557,1,0,0,1,1,1,1,0,1,1,0,1,0,1,1,1,1,0,1,1,1,1,0,1,1,1,1
C1CC(=O)NC(=O)C1N2CC3=C(C2=O)C=CC=C3N,Nc1cccc2c1CN(C1CCC(=O)NC1=O)C2=O,O=C1CCC(N2Cc3ccccc3C2=O)C(=O)N1,558,1,1,0,1,1,1,1,0,1,1,1,1,1,1,1,1,1,1,1,1,1,1,0,1,1,1,1
CC(C)OC(=O)C(C)(C)OC1=CC=C(C=C1)C(=O)C2=CC=C(C=C2)Cl,CC(C)OC(=O)C(C)(C)Oc1ccc(C(=O)c2ccc(Cl)cc2)cc1,O=C(c1ccccc1)c1ccccc1,559,1,1,0,1,1,1,1,1,1,1,0,1,0,1,1,1,1,0,1,1,1,1,1,1,1,1,1
C1C[NH2+]CC(C2=CC(=C(C(=C21)Cl)O)O)C3=CC=C(C=C3)O,Oc1ccc(C2CNCCc3c2cc(O)c(O)c3Cl)cc1,c1ccc(C2CNCCc3ccccc32)cc1,560,0,1,0,0,1,1,1,0,0,0,0,1,0,0,1,1,1,0,1,1,1,1,0,0,1,1,0
CC(C1=CC(=CC=C1)OC2=CC=CC=C2)C(=O)O,CC(C(=O)O)c1cccc(Oc2ccccc2)c1,c1ccc(Oc2ccccc2)cc1,561,1,1,0,1,1,0,1,0,1,1,0,1,0,0,1,1,1,0,1,1,1,1,0,1,1,1,1
CCC(=O)N(C1CCN(CC1)CCC2=CC=CC=C2)C3=CC=CC=C3,CCC(=O)N(c1ccccc1)C1CCN(CCc2ccccc2)CC1,c1ccc(CCN2CCC(Nc3ccccc3)CC2)cc1,562,1,1,0,1,1,1,1,1,1,1,1,1,1,1,1,1,1,0,1,1,1,1,1,1,1,1,1
CC(C)(C1=CC=C(C=C1)C(CCCN2CCC(CC2)C(C3=CC=CC=C3)(C4=CC=CC=C4)O)O)C(=O)O,CC(C)(C(=O)O)c1ccc(C(O)CCCN2CCC(C(O)(c3ccccc3)c3ccccc3)CC2)cc1,c1ccc(CCCCN2CCC(C(c3ccccc3)c3ccccc3)CC2)cc1,563,0,1,0,1,1,1,1,0,1,1,0,1,0,0,1,0,1,0,1,1,1,1,0,1,1,1,1
CC12CCC3C(C1CCC2C(=O)NC(C)(C)C)CCC4C3(C=CC(=O)N4)C,CC(C)(C)NC(=O)C1CCC2C3CCC4NC(=O)C=CC4(C)C3CCC12C,O=C1C=CC2C(CCC3C4CCCC4CCC23)N1,564,0,0,0,0,1,1,0,0,1,1,1,1,0,0,1,0,1,0,1,1,1,0,0,0,0,1,1
CC(=O)O[C@H]1[C@H](CC2[C@@]1(CCC3C2CCC4[C@@]3(C[C@@H]([C@H](C4)O)N5CCOCC5)C)C)[N+]6(CCCC6)CC=C.[Br-],C=CC[N+]1([C@H]2CC3C4CCC5C[C@H](O)[C@@H](N6CCOCC6)C[C@]5(C)C4CC[C@]3(C)[C@H]2OC(C)=O)CCCC1,C1CC[NH+](C2CC3CCC4C5CC(N6CCOCC6)CCC5CCC4C3C2)C1,565,0,0,0,0,1,1,1,0,1,0,0,1,0,0,1,0,1,0,0,1,0,0,0,0,1,1,0
CC1=C(OC2=C(C1=O)C=CC=C2C(=O)OCCN3CCCCC3)C4=CC=CC=C4,Cc1c(-c2ccccc2)oc2c(C(=O)OCCN3CCCCC3)cccc2c1=O,O=C(OCCN1CCCCC1)c1cccc2c(=O)cc(-c3ccccc3)oc12,566,0,0,0,1,0,0,1,0,0,0,0,1,0,0,0,1,1,0,0,0,1,0,0,1,1,1,0
C1CCNC(C1)C[NH2+]C(=O)C2=C(C=CC(=C2)OCC(F)(F)F)OCC(F)(F)F,O=C(NCC1CCCCN1)c1cc(OCC(F)(F)F)ccc1OCC(F)(F)F,O=C(NCC1CCCCN1)c1ccccc1,567,1,1,0,1,1,1,1,0,1,1,0,1,0,0,1,1,1,0,1,1,1,1,0,1,1,1,1
C[C@@H]1C2C(C(=O)N2C(=C1S[C@H]3C[C@H](NC3)C(=O)N(C)C)C(=O)O)[C@H](C)O.O.O.O,C[C@H](O)C1C(=O)N2C(C(=O)O)=C(S[C@@H]3CN[C@H](C(=O)N(C)C)C3)[C@H](C)C12,O=C1CC2CC(SC3CCNC3)=CN12,568,1,1,0,0,1,1,1,0,1,1,0,1,0,0,1,1,1,0,1,1,1,1,0,0,1,1,1
C1C(C(OC1N2C=C(C(=O)NC2=O)F)CO)O,O=c1[nH]c(=O)n(C2CC(O)C(CO)O2)cc1F,O=c1ccn(C2CCCO2)c(=O)[nH]1,569,1,1,0,1,1,1,1,0,1,0,0,1,0,0,1,1,1,0,1,1,1,0,0,0,1,1,0
CC1=C(C(=NO1)C2=C(C=CC=C2Cl)F)C(=O)NC3C4N(C3=O)C(C(S4)(C)C)C(=O)O,Cc1onc(-c2c(F)cccc2Cl)c1C(=O)NC1C(=O)N2C1SC(C)(C)C2C(=O)O,O=C(NC1C(=O)N2CCSC12)c1conc1-c1ccccc1,570,1,1,0,0,1,1,1,0,1,1,0,1,0,0,0,1,1,0,1,1,0,1,0,0,0,1,1
C1=CC(=C(C=C1F)F)C(CN2C=NC=N2)(CN3C=NC=N3)O,OC(Cn1cncn1)(Cn1cncn1)c1ccc(F)cc1F,c1ccc(C(Cn2cncn2)Cn2cncn2)cc1,571,1,1,0,1,1,1,1,0,1,1,1,1,0,0,1,1,1,0,1,1,1,1,1,1,1,1,1
C1=NC(=O)NC(=C1F)N,Nc1[nH]c(=O)ncc1F,O=c1nccc[nH]1,572,1,1,0,0,1,0,1,0,1,0,0,1,0,0,1,1,1,0,0,1,1,1,0,1,1,1,1
C1=NC2=C(N1C3C(C(C(O3)CO)O)O)N=C(N=C2N)F,Nc1nc(F)nc2c1ncn2C1OC(CO)C(O)C1O,c1ncc2ncn(C3CCCO3)c2n1,573,1,1,0,1,1,1,1,0,1,0,1,1,0,0,1,1,1,1,1,1,1,1,0,1,1,1,1
C1=NC2=C(N1C3C(C(C(O3)COP(=O)(O)O)O)O)N=C(N=C2N)F,Nc1nc(F)nc2c1ncn2C1OC(COP(=O)(O)O)C(O)C1O,c1ncc2ncn(C3CCCO3)c2n1,574,1,1,0,1,1,1,1,0,1,0,1,1,0,0,1,1,1,1,1,1,1,1,0,1,1,1,1
CC(=O)OCC(=O)C1(CCC2C1(CC(C3(C2CCC4=CC(=O)CCC43C)F)O)C)O,CC(=O)OCC(=O)C1(O)CCC2C3CCC4=CC(=O)CCC4(C)C3(F)C(O)CC21C,O=C1C=C2CCC3C4CCCC4CCC3C2CC1,575,0,1,0,1,1,1,1,0,1,1,0,1,0,0,1,0,1,0,1,0,1,1,0,1,1,1,1
C1CN(CCN1CCCN2C3=CC=CC=C3SC4=C2C=C(C=C4)C(F)(F)F)CCO,OCCN1CCN(CCCN2c3ccccc3Sc3ccc(C(F)(F)F)cc32)CC1,c1ccc2c(c1)Sc1ccccc1N2CCCN1CCNCC1,576,1,1,0,1,1,1,1,0,1,1,0,1,0,0,1,1,1,0,1,1,1,1,0,0,1,1,1
CCOC(=O)C1=C2CN(C(=O)C3=C(N2C=N1)C=CC(=C3)F)C,CCOC(=O)c1ncn2c1CN(C)C(=O)c1cc(F)ccc1-2,O=C1NCc2cncn2-c2ccccc21,577,0,1,0,1,0,0,1,0,1,1,0,1,0,1,1,0,1,1,0,1,1,0,0,1,1,1,1
CC1CC2C3CC(C4=CC(=O)C=CC4(C3(C(CC2(C1(C(=O)CO)O)C)O)F)C)F,CC1CC2C3CC(F)C4=CC(=O)C=CC4(C)C3(F)C(O)CC2(C)C1(O)C(=O)CO,O=C1C=CC2C(=C1)CCC1C3CCCC3CCC21,578,0,0,0,0,0,0,0,0,0,0,0,0,0,0,0,0,1,0,1,0,0,0,0,0,0,0,0
CC1(OC2CC3C4CC(C5=CC(=O)C=CC5(C4C(CC3(C2(O1)C(=O)CO)C)O)C)F)C,CC1(C)OC2CC3C4CC(F)C5=CC(=O)C=CC5(C)C4C(O)CC3(C)C2(C(=O)CO)O1,O=C1C=CC2C(=C1)CCC1C2CCC2C1CC1OCOC12,579,0,1,0,1,1,1,1,0,1,1,0,1,1,0,1,1,1,0,1,1,1,0,0,1,1,1,1
CN1C(=O)CN=C(C2=C1C=CC(=C2)[N+](=O)[O-])C3=CC=CC=C3F,CN1C(=O)CN=C(c2ccccc2F)c2cc([N+](=O)[O-])ccc21,O=C1CN=C(c2ccccc2)c2ccccc2N1,580,0,0,0,1,0,1,1,0,0,0,0,1,0,0,1,0,1,0,0,1,1,0,0,0,1,1,0
CC1(OC2CC3C4CC(C5=CC(=O)C=CC5(C4(C(CC3(C2(O1)C(=O)CO)C)O)F)C)F)C,CC1(C)OC2CC3C4CC(F)C5=CC(=O)C=CC5(C)C4(F)C(O)CC3(C)C2(C(=O)CO)O1,O=C1C=CC2C(=C1)CCC1C2CCC2C1CC1OCOC12,581,0,1,1,1,1,1,1,0,1,0,0,1,0,0,0,0,1,0,1,1,1,0,0,1,0,1,1
C1=CC(=C(C(=C1)CC(=O)O)N)C(=O)C2=CC=C(C=C2)Br,Nc1c(CC(=O)O)cccc1C(=O)c1ccc(Br)cc1,O=C(c1ccccc1)c1ccccc1,582,0,0,0,1,0,0,0,0,0,0,0,1,0,1,0,0,1,0,0,1,0,0,0,0,0,1,0
CC1CC2C3CCC(C3(CC(C2(C4(C1=CC(=O)C=C4)C)F)O)C)(C(=O)C)O,CC(=O)C1(O)CCC2C3CC(C)C4=CC(=O)C=CC4(C)C3(F)C(O)CC21C,O=C1C=CC2C(=C1)CCC1C3CCCC3CCC21,583,0,0,0,1,0,0,0,0,1,0,0,1,1,0,0,0,1,0,1,0,0,0,0,0,0,1,1
C1=C(C(=O)NC(=O)N1)F,O=c1[nH]cc(F)c(=O)[nH]1,O=c1cc[nH]c(=O)[nH]1,584,1,1,0,1,1,1,1,0,1,0,0,1,0,0,1,1,1,1,1,1,1,0,1,0,1,1,1
CNCCC(C1=CC=CC=C1)OC2=CC=C(C=C2)C(F)(F)F,CNCCC(Oc1ccc(C(F)(F)F)cc1)c1ccccc1,c1ccc(COc2ccccc2)cc1,585,1,1,0,1,1,1,1,1,1,1,1,1,1,1,1,1,1,1,1,1,1,1,1,1,1,1,1
CC12CCC(=O)C=C1CCC3C2(C(CC4(C3CCC4(C)O)C)O)F,CC1(O)CCC2C3CCC4=CC(=O)CCC4(C)C3(F)C(O)CC21C,O=C1C=C2CCC3C4CCCC4CCC3C2CC1,586,1,0,0,0,1,0,1,0,1,1,0,0,1,0,1,1,1,0,0,0,1,0,0,0,0,1,0
CCCCCCCCCC(=O)OCCN1CCN(CC1)CCCN2C3=CC=CC=C3SC4=C2C=C(C=C4)C(F)(F)F,CCCCCCCCCC(=O)OCCN1CCN(CCCN2c3ccccc3Sc3ccc(C(F)(F)F)cc32)CC1,c1ccc2c(c1)Sc1ccccc1N2CCCN1CCNCC1,587,1,1,0,1,1,1,1,0,1,1,0,1,1,0,1,1,1,1,1,1,1,1,0,0,1,1,1
CC1(OC2CC3C4CC(C5=CC(=O)CCC5(C4C(CC3(C2(O1)C(=O)CO)C)O)C)F)C,CC1(C)OC2CC3C4CC(F)C5=CC(=O)CCC5(C)C4C(O)CC3(C)C2(C(=O)CO)O1,O=C1C=C2CCC3C(CCC4C3CC3OCOC34)C2CC1,588,0,0,0,0,0,0,0,0,1,0,0,0,0,0,0,0,1,0,1,0,0,0,0,0,0,0,0
CCN(CC)CCN1C(=O)CN=C(C2=C1C=CC(=C2)Cl)C3=CC=CC=C3F,CCN(CC)CCN1C(=O)CN=C(c2ccccc2F)c2cc(Cl)ccc21,O=C1CN=C(c2ccccc2)c2ccccc2N1,589,0,1,0,1,1,1,1,1,1,0,0,1,0,0,1,1,1,0,0,1,1,0,0,0,1,1,0
CC(C1=CC(=C(C=C1)C2=CC=CC=C2)F)C(=O)O,CC(C(=O)O)c1ccc(-c2ccccc2)c(F)c1,c1ccc(-c2ccccc2)cc1,590,1,1,0,1,1,1,1,0,1,1,0,1,0,1,1,1,1,0,1,1,1,1,0,1,1,1,1
CC(C)C(=O)NC1=CC(=C(C=C1)[N+](=O)[O-])C(F)(F)F,CC(C)C(=O)Nc1ccc([N+](=O)[O-])c(C(F)(F)F)c1,c1ccccc1,591,1,1,0,0,1,0,1,0,0,1,1,1,0,0,1,1,1,0,1,1,1,1,0,0,0,1,1
CCC(=O)OC1(C(CC2C1(CC(C3(C2CC(C4=CC(=O)C=CC43C)F)F)O)C)C)C(=O)SCF,CCC(=O)OC1(C(=O)SCF)C(C)CC2C3CC(F)C4=CC(=O)C=CC4(C)C3(F)C(O)CC21C,O=C1C=CC2C(=C1)CCC1C3CCCC3CCC21,592,0,1,0,1,1,1,1,1,1,0,1,1,1,0,1,0,1,0,1,1,1,0,0,0,0,1,1
CC(C)N1C2=CC=CC=C2C(=C1C=CC(CC(CC(=O)O)O)O)C3=CC=C(C=C3)F,CC(C)n1c(C=CC(O)CC(O)CC(=O)O)c(-c2ccc(F)cc2)c2ccccc21,c1ccc(-c2c[nH]c3ccccc23)cc1,593,1,1,0,1,1,1,1,0,1,1,1,1,0,0,1,1,1,0,1,1,1,1,0,1,1,1,1
COCCCCC(=NOCCN)C1=CC=C(C=C1)C(F)(F)F,COCCCCC(=NOCCN)c1ccc(C(F)(F)F)cc1,c1ccccc1,594,1,1,0,1,1,1,1,1,1,1,1,1,1,1,1,1,1,1,1,1,1,1,1,1,1,1,1
C1=CC(=CC=C1C(=O)NC(CCC(=O)O)C(=O)O)NCC2=CN=C3C(=N2)C(=O)N=C(N3)N,Nc1nc(=O)c2nc(CNc3ccc(C(=O)NC(CCC(=O)O)C(=O)O)cc3)cnc2[nH]1,O=c1nc[nH]c2ncc(CNc3ccccc3)nc12,595,0,1,0,0,0,0,1,0,1,0,0,1,0,0,0,0,1,0,0,1,1,0,0,0,0,1,1
CC1=CNN=C1,Cc1cn[nH]c1,c1cn[nH]c1,596,0,1,0,1,1,1,1,0,0,0,0,1,0,0,1,1,1,0,1,1,1,1,0,1,1,1,1
C1CC2=NC1=C(C3=CC=C(N3)C(=C4C=CC(=N4)C(=C5C=CC(=C2C6=CC(=CC=C6)O)N5)C7=CC(=CC=C7)O)C8=CC(=CC=C8)O)C9=CC(=CC=C9)O,Oc1cccc(-c2c3nc(c(-c4cccc(O)c4)c4ccc([nH]4)c(-c4cccc(O)c4)c4nc(c(-c5cccc(O)c5)c5ccc2[nH]5)CC4)C=C3)c1,C1=Cc2nc1c(-c1ccccc1)c1ccc([nH]1)c(-c1ccccc1)c1nc(c(-c3ccccc3)c3ccc([nH]3)c2-c2ccccc2)CC1,597,0,0,0,0,1,1,1,0,0,0,0,1,0,0,1,1,1,0,1,1,0,0,0,0,0,1,1
CCCCCCCN(CC)CCCC(C1=CC=C(C=C1)NS(=O)(=O)C)O.CCCCCCCN(CC)CCCC(C1=CC=C(C=C1)NS(=O)(=O)C)O.C(=CC(=O)O)C(=O)O,CCCCCCCN(CC)CCCC(O)c1ccc(NS(C)(=O)=O)cc1,c1ccccc1,598,0,0,0,0,0,0,1,0,0,0,0,0,0,0,1,0,0,0,0,0,0,1,0,0,1,1,0
CC(CC1=CC=C(C=C1)OC)NCC(C2=CC(=C(C=C2)O)NC=O)O,COc1ccc(CC(C)NCC(O)c2ccc(O)c(NC=O)c2)cc1,c1ccc(CCNCCc2ccccc2)cc1,599,0,1,0,1,1,1,1,0,1,1,1,1,0,0,1,1,1,0,1,1,1,1,0,0,1,1,1
C(=O)([O-])P(=O)([O-])[O-],O=C(O)P(=O)(O)O,,600,0,1,0,1,1,1,1,0,0,0,1,1,1,0,1,1,1,1,1,1,1,1,0,0,1,1,1
C1CC(N(C1)C(=O)C2CSSCCC(=O)NC(C(=O)NC(C(=O)NC(C(=O)NC(C(=O)N2)CC(=O)N)CCC(=O)N)CC3=CC=CC=C3)CC4=CC=C(C=C4)O)C(=O)NC(CCCN=C(N)N)C(=O)NCC(=O)N,NC(=O)CCC1NC(=O)C(Cc2ccccc2)NC(=O)C(Cc2ccc(O)cc2)NC(=O)CCSSCC(C(=O)N2CCCC2C(=O)NC(CCCN=C(N)N)C(=O)NCC(N)=O)NC(=O)C(CC(N)=O)NC1=O,O=C1CNC(=O)C(Cc2ccccc2)NC(=O)C(Cc2ccccc2)NC(=O)CCSSCC(C(=O)N2CCCC2)NC(=O)CN1,601,0,1,0,1,1,1,1,1,1,1,0,1,1,1,1,0,1,0,1,1,1,1,0,1,1,1,1
CC12CCC3C(=CCC4=C3C=CC(=C4)OS(=O)(=O)O)C1CCC2=O,CC12CCC3C(=CCc4cc(OS(=O)(=O)O)ccc43)C1CCC2=O,O=C1CCC2C3=CCc4ccccc4C3CCC12,602,1,1,0,1,1,1,1,0,1,1,1,1,1,1,1,1,1,1,1,1,1,1,0,0,1,1,1
CCC(=O)OC(C(C)C)OP(=O)(CCCCC1=CC=CC=C1)CC(=O)N2CC(CC2C(=O)[O-])C3CCCCC3,CCC(=O)OC(OP(=O)(CCCCc1ccccc1)CC(=O)N1CC(C2CCCCC2)CC1C(=O)O)C(C)C,O=C(C[PH](=O)CCCCc1ccccc1)N1CCC(C2CCCCC2)C1,603,1,1,0,1,1,1,1,0,1,1,0,1,0,0,1,1,1,1,1,1,1,1,1,1,1,1,1
C1CCN(C1)CCOC2=CC=C(C=C2)[C@H]3[C@H](CCC4=C3C=CC(=C4)O)C5=CC=CC=C5,Oc1ccc2c(c1)CC[C@H](c1ccccc1)[C@@H]2c1ccc(OCCN2CCCC2)cc1,c1ccc(C2CCc3ccccc3C2c2ccc(OCCN3CCCC3)cc2)cc1,604,1,1,0,1,1,1,1,0,1,1,1,1,1,0,1,1,1,1,1,1,1,1,0,1,1,1,1
CC=C1C(=O)NC(C(=O)OC2CC(=O)NC(C(=O)NC(CSSCCC=C2)C(=O)N1)C(C)C)C(C)C,CC=C1NC(=O)C2CSSCCC=CC(CC(=O)NC(C(C)C)C(=O)N2)OC(=O)C(C(C)C)NC1=O,C=C1NC(=O)C2CSSCCC=CC(CC(=O)NCC(=O)N2)OC(=O)CNC1=O,605,1,1,0,0,1,0,1,0,1,0,1,1,0,0,1,1,1,0,1,1,0,1,0,0,1,1,1
C1=COC(=C1)CNC2=CC(=C(C=C2C(=O)O)S(=O)(=O)N)Cl,NS(=O)(=O)c1cc(C(=O)O)c(NCc2ccco2)cc1Cl,c1ccc(NCc2ccco2)cc1,606,1,1,0,1,1,1,1,1,1,1,0,1,0,0,1,1,1,1,0,0,1,1,0,1,1,1,1
CC(C)(C)NC(=O)[C@@H]1CC2CCCCC2CN1C[C@H]([C@H](CC3=CC=CC=C3)NC(=O)[C@H](CC(=O)N)NC(=O)C4=NC5=CC=CC=C5C=C4)O,CC(C)(C)NC(=O)[C@@H]1CC2CCCCC2CN1C[C@@H](O)[C@H](Cc1ccccc1)NC(=O)[C@H](CC(N)=O)NC(=O)c1ccc2ccccc2n1,O=C(CNC(=O)c1ccc2ccccc2n1)NC(CCN1CCC2CCCCC2C1)Cc1ccccc1,607,1,1,0,1,1,1,1,0,1,1,1,1,1,0,1,1,1,1,1,1,1,1,0,1,1,1,1
C1CCC(CC1)(CC(=O)O)CN,NCC1(CC(=O)O)CCCCC1,C1CCCCC1,608,1,1,0,1,1,1,1,1,1,1,1,1,1,1,1,1,1,0,1,1,1,1,0,1,1,1,1
CN1CCC23C=CC(CC2OC4=C(C=CC(=C34)C1)OC)O,COc1ccc2c3c1OC1CC(O)C=CC31CCN(C)C2,C1=CC23CCNCc4cccc(c42)OC3CC1,609,1,1,0,1,1,1,1,0,1,0,0,1,0,0,1,1,1,0,1,1,1,1,0,1,1,1,1
C1CC(=O)NC2=C1C=CC(=C2)OCCCCN3CCN(CC3)C4=C(C(=CC=C4)Cl)Cl,O=C1CCc2ccc(OCCCCN3CCN(c4cccc(Cl)c4Cl)CC3)cc2N1,O=C1CCc2ccc(OCCCCN3CCN(c4ccccc4)CC3)cc2N1,610,1,1,0,1,1,1,1,1,1,1,1,1,1,1,1,1,1,0,1,1,1,1,1,1,1,1,1
C1=NC2=C(N1COC(CO)CO)NC(=NC2=O)N,Nc1nc(=O)c2ncn(COC(CO)CO)c2[nH]1,O=c1nc[nH]c2[nH]cnc12,611,1,1,0,1,1,1,1,1,1,1,0,1,1,0,1,1,1,1,1,1,1,1,0,1,1,1,1
C1=CN(C(=O)N=C1N)C2C(C(C(O2)CO)O)(F)F,Nc1ccn(C2OC(CO)C(O)C2(F)F)c(=O)n1,O=c1ncccn1C1CCCO1,612,1,1,0,0,1,1,1,0,1,1,1,1,0,0,1,1,1,0,1,1,1,1,0,1,1,1,1
CCCCC(C)(C)C(C=CC1C(CC(=O)C1CCCCC=CC(=O)OC)O)O,CCCCC(C)(C)C(O)C=CC1C(O)CC(=O)C1CCCCC=CC(=O)OC,O=C1CCCC1,613,0,0,0,0,1,1,1,0,1,1,0,1,0,1,1,0,0,0,0,1,0,0,0,0,1,1,0
CC1=CC(=C(C=C1)C)OCCCC(C)(C)C(=O)O,Cc1ccc(C)c(OCCCC(C)(C)C(=O)O)c1,c1ccccc1,614,1,1,0,1,1,1,1,0,1,1,1,1,0,0,1,1,1,0,1,1,1,1,0,1,1,1,1
CCN[C@H]1CN(S(=O)(=O)C2=C1C=C(S2)S(=O)(=O)N)CCCOC,CCN[C@H]1CN(CCCOC)S(=O)(=O)c2sc(S(N)(=O)=O)cc21,O=S1(=O)NCCc2ccsc21,615,1,1,0,1,1,1,1,0,1,1,0,1,0,0,1,0,1,0,1,1,1,1,0,1,1,1,1
CC(C1CCC(C(O1)OC2C(CC(C(C2O)OC3C(C(C(CO3)(C)O)NC)O)N)N)N)NC,CNC(C)C1CCC(N)C(OC2C(N)CC(N)C(OC3OCC(C)(O)C(NC)C3O)C2O)O1,C1CCC(OC2CCCC(OC3CCCCO3)C2)OC1,616,1,1,0,1,1,1,1,0,1,0,0,1,0,0,1,1,1,0,0,1,1,1,0,1,0,1,1
CCC(=O)N(C1=CC=CC=C1)C2(CCN(CC2)CCC(=O)OC)C(=O)OC.Cl,CCC(=O)N(c1ccccc1)C1(C(=O)OC)CCN(CCC(=O)OC)CC1,c1ccc(NC2CCNCC2)cc1,617,1,1,0,1,1,1,1,0,1,0,0,1,0,0,1,1,1,0,1,1,1,1,0,0,1,1,1
CC[C@H](C)[C@H]1C(=O)N[C@H](C(=O)N[C@@H](C(=O)N[C@H](C(=O)N[C@H](C(=O)NCC(=O)N[C@H](C(=O)NCC(=O)N[C@@H](CSSC[C@@H](C(=O)N[C@H](C(=O)NCC(=O)N[C@H](C(=O)N[C@H](C(=O)N[C@H](C(=O)N[C@H](C(=O)N[C@H](C(=O)N1)CCCNC(=N)N)CC(=O)O)CCSC)CCCCN)CCCNC(=N)N)CC2=CC=CC=C2)NC(=O)CNC(=O)[C@H](CO)NC(=O)CNC(=O)[C@H](CCC(=O)N)NC(=O)[C@H](C(C)C)NC(=O)[C@H](CCSC)NC(=O)[C@H](CCCCN)NC(=O)[C@@H]3CCCN3C(=O)[C@H](CO)N)C(=O)N[C@@H](CCCCN)C(=O)N[C@@H](C(C)C)C(=O)N[C@@H](CC(C)C)C(=O)N[C@@H](CCCNC(=N)N)C(=O)N[C@@H](CCCNC(=N)N)C(=O)N[C@@H](CC4C=NC=N4)C(=O)O)CC(C)C)CO)CO)CO)CO,CC[C@H](C)[C@@H]1NC(=O)[C@H](CCCNC(=N)N)NC(=O)[C@H](CC(=O)O)NC(=O)[C@H](CCSC)NC(=O)[C@H](CCCCN)NC(=O)[C@H](CCCNC(=N)N)NC(=O)CNC(=O)[C@H](Cc2ccccc2)NC(=O)[C@@H](NC(=O)CNC(=O)[C@H](CO)NC(=O)CNC(=O)[C@H](CCC(N)=O)NC(=O)[C@@H](NC(=O)[C@H](CCSC)NC(=O)[C@H](CCCCN)NC(=O)[C@@H]2CCCN2C(=O)[C@@H](N)CO)C(C)C)CSSC[C@@H](C(=O)N[C@@H](CCCCN)C(=O)N[C@H](C(=O)N[C@@H](CC(C)C)C(=O)N[C@@H](CCCNC(=N)N)C(=O)N[C@@H](CCCNC(=N)N)C(=O)N[C@@H](CC2C=NC=N2)C(=O)O)C(C)C)NC(=O)CNC(=O)[C@H](CC(C)C)NC(=O)CNC(=O)[C@H](CO)NC(=O)[C@H](CO)NC(=O)[C@@H](CO)NC(=O)[C@H](CO)NC1=O,O=C(CNC(=O)CNC(=O)CNC(=O)CNC(=O)CNC(=O)C1CSSCC(NC(=O)CNC(=O)CNC(=O)CNC(=O)CNC(=O)CNC(=O)CNC(=O)CNC(=O)C2CCCN2)C(=O)NC(Cc2ccccc2)C(=O)NCC(=O)NCC(=O)NCC(=O)NCC(=O)NCC(=O)NCC(=O)NCC(=O)NCC(=O)NCC(=O)NCC(=O)NCC(=O)NCC(=O)NCC(=O)NCC(=O)N1)NCCC1C=NC=N1,618,0,1,0,0,1,1,1,0,1,0,0,1,0,0,1,0,1,0,0,1,0,1,0,0,1,1,0
CC1=CC=C(C=C1)S(=O)(=O)NC(=O)NN2CC3CCCC3C2,Cc1ccc(S(=O)(=O)NC(=O)NN2CC3CCCC3C2)cc1,O=C(NN1CC2CCCC2C1)NS(=O)(=O)c1ccccc1,619,1,1,0,1,1,1,1,1,1,1,1,1,1,0,1,1,1,1,1,1,1,1,0,1,1,1,1
CCC1=C(CN(C1=O)C(=O)NCCC2=CC=C(C=C2)S(=O)(=O)NC(=O)NC3CCC(CC3)C)C,CCC1=C(C)CN(C(=O)NCCc2ccc(S(=O)(=O)NC(=O)NC3CCC(C)CC3)cc2)C1=O,O=C(NC1CCCCC1)NS(=O)(=O)c1ccc(CCNC(=O)N2CC=CC2=O)cc1,620,1,1,0,1,1,1,1,1,1,1,0,1,1,1,1,1,1,1,1,1,1,1,0,0,1,1,1
CC1=NC=C(N=C1)C(=O)NCCC2=CC=C(C=C2)S(=O)(=O)NC(=O)NC3CCCCC3,Cc1cnc(C(=O)NCCc2ccc(S(=O)(=O)NC(=O)NC3CCCCC3)cc2)cn1,O=C(NC1CCCCC1)NS(=O)(=O)c1ccc(CCNC(=O)c2cnccn2)cc1,621,1,1,0,1,1,1,1,0,1,0,0,1,1,0,1,1,1,1,1,1,1,1,0,1,1,1,1
C[N+]1(C2CC(CC1C3C2O3)OC(=O)C(C4=CC=CS4)(C5=CC=CS5)O)C.[Br-],C[N+]1(C)C2CC(OC(=O)C(O)(c3cccs3)c3cccs3)CC1C1OC12,O=C(OC1CC2[NH2+]C(C1)C1OC21)C(c1cccs1)c1cccs1,622,0,1,0,1,1,1,1,0,1,1,0,1,0,0,1,0,1,0,1,1,1,1,0,0,1,1,1
COC1=C(C=C(C=C1)Cl)C(=O)NCCC2=CC=C(C=C2)S(=O)(=O)NC(=O)NC3CCCCC3,COc1ccc(Cl)cc1C(=O)NCCc1ccc(S(=O)(=O)NC(=O)NC2CCCCC2)cc1,O=C(NC1CCCCC1)NS(=O)(=O)c1ccc(CCNC(=O)c2ccccc2)cc1,623,1,1,0,1,0,1,1,0,1,0,0,1,1,0,1,1,1,1,0,1,1,1,0,1,0,1,1
CNCC[C@@H](C1=CC=CS1)OC2=CC=CC3=CC=CC=C32.Cl,CNCC[C@H](Oc1cccc2ccccc12)c1cccs1,c1csc(COc2cccc3ccccc23)c1,624,1,1,0,1,1,1,1,0,1,1,0,1,1,0,1,1,1,0,1,1,1,1,0,1,1,1,1
C[N+]1(CCC(C1)OC(=O)C(C2CCCC2)(C3=CC=CC=C3)O)C,C[N+]1(C)CCC(OC(=O)C(O)(c2ccccc2)C2CCCC2)C1,O=C(OC1CC[NH2+]C1)C(c1ccccc1)C1CCCC1,625,0,1,0,1,1,1,1,0,1,1,0,1,0,0,1,0,1,0,1,1,1,1,1,0,1,1,1
C1=CC(=CC=C1CCC2=CNC3=C2C(=O)N=C(N3)N)C(=O)N[C@H](CCC(=O)O)C(=O)O,Nc1nc(=O)c2c(CCc3ccc(C(=O)N[C@H](CCC(=O)O)C(=O)O)cc3)c[nH]c2[nH]1,O=c1nc[nH]c2[nH]cc(CCc3ccccc3)c12,626,1,1,0,1,1,1,1,0,1,0,1,1,0,0,1,1,1,0,1,1,1,1,0,0,1,1,1
CCCCCN(C)CCC(O)(P(=O)(O)O)P(=O)(O)O,CCCCCN(C)CCC(O)(P(=O)(O)O)P(=O)(O)O,,627,1,1,0,1,1,1,1,0,1,1,1,1,1,0,1,1,1,0,1,1,1,1,0,1,1,1,1
C1CN(CCN1CCC2=C(C=C3C(=C2)CC(=O)N3)Cl)C4=NSC5=CC=CC=C54.O.Cl,O=C1Cc2cc(CCN3CCN(c4nsc5ccccc45)CC3)c(Cl)cc2N1,O=C1Cc2cc(CCN3CCN(c4nsc5ccccc45)CC3)ccc2N1,628,1,1,0,1,1,1,1,1,1,1,1,1,1,1,1,1,1,1,1,1,1,1,1,1,1,1,1
CN1C2CCCC1CC(C2)NC(=O)C3=NN(C4=CC=CC=C43)C,CN1C2CCCC1CC(NC(=O)c1nn(C)c3ccccc13)C2,O=C(NC1CC2CCCC(C1)N2)c1n[nH]c2ccccc12,629,1,1,0,1,1,1,1,0,1,0,0,1,0,0,1,1,1,0,1,1,1,1,0,1,1,1,1
CC1CC(=O)C=C(C12C(=O)C3=C(O2)C(=C(C=C3OC)OC)Cl)OC,COC1=CC(=O)CC(C)C12Oc1c(Cl)c(OC)cc(OC)c1C2=O,O=C1C=CC2(CC1)Oc1ccccc1C2=O,630,1,0,0,0,1,1,1,0,1,0,0,1,0,0,0,1,1,0,1,0,1,1,0,0,0,1,0
C1=CC(=CC(=C1)I)CN=C(N)N,NC(N)=NCc1cccc(I)c1,c1ccccc1,631,0,0,0,0,0,0,0,0,1,0,0,1,0,0,1,0,1,0,0,0,0,0,0,0,0,1,1
C1=CC(=C(C(=C1)Cl)C=NN=C(N)N)Cl,NC(N)=NN=Cc1c(Cl)cccc1Cl,c1ccccc1,632,0,1,1,1,1,1,1,1,1,1,0,1,1,0,1,1,1,0,1,1,1,1,0,1,1,1,1
C1=CC(=C(C(=C1)Cl)CC(=O)N=C(N)N)Cl,NC(N)=NC(=O)Cc1c(Cl)cccc1Cl,c1ccccc1,633,0,1,0,1,1,1,1,0,1,1,0,1,0,0,1,0,1,0,1,1,1,1,0,1,1,1,1
CN(C)CCC=C1C2=CC=CC=C2COC3=C1C=C(C=C3)CC(=O)O.Cl,CN(C)CCC=C1c2ccccc2COc2ccc(CC(=O)O)cc21,C=C1c2ccccc2COc2ccccc21,634,0,0,0,1,1,1,1,0,1,0,0,1,0,0,1,1,1,0,1,1,1,0,0,0,0,1,0
CC1CC(=O)NN=C1C2=CC=C(C=C2)NN=C(C#N)C#N,CC1CC(=O)NN=C1c1ccc(NN=C(C#N)C#N)cc1,O=C1CCC(c2ccccc2)=NN1,635,0,1,0,0,1,0,1,0,0,0,0,0,0,0,1,0,0,0,0,0,1,0,0,0,1,1,0
CC(C)(C)C(=O)OCOP(=O)(COCCN1C=NC2=C1N=CN=C2N)OCOC(=O)C(C)(C)C,CC(C)(C)C(=O)OCOP(=O)(COCCn1cnc2c(N)ncnc21)OCOC(=O)C(C)(C)C,c1ncc2nc[nH]c2n1,636,1,1,0,0,1,1,1,0,0,0,0,1,0,0,0,1,1,1,1,1,0,1,0,0,0,1,1
C1[C@H](O[C@H](S1)CO)N2C=C(C(=NC2=O)N)F,Nc1nc(=O)n([C@@H]2CS[C@H](CO)O2)cc1F,O=c1ncccn1C1CSCO1,637,1,1,0,0,1,1,1,1,1,1,1,1,1,0,0,1,1,1,1,1,1,1,0,0,0,1,1
CCCCC1=NC=C(N1CC2=CC=C(C=C2)C(=O)O)C=C(CC3=CC=CS3)C(=O)O.CS(=O)(=O)O,CCCCc1ncc(C=C(Cc2cccs2)C(=O)O)n1Cc1ccc(C(=O)O)cc1,C(=Cc1cncn1Cc1ccccc1)Cc1cccs1,638,0,1,0,1,1,1,1,0,1,1,0,1,0,0,1,1,1,0,1,1,1,1,0,1,1,1,0
CC1(OC2CC3C4CCC5=CC(=O)CCC5(C4(C(CC3(C2(O1)C(=O)CCl)C)O)F)C)C,CC1(C)OC2CC3C4CCC5=CC(=O)CCC5(C)C4(F)C(O)CC3(C)C2(C(=O)CCl)O1,O=C1C=C2CCC3C(CCC4C3CC3OCOC34)C2CC1,639,0,0,0,1,0,1,1,0,0,0,0,1,1,0,1,0,1,0,1,0,0,0,0,0,0,1,0
C1CN(CCC1(C2=CC=C(C=C2)Cl)O)CCCC(=O)C3=CC=C(C=C3)F,O=C(CCCN1CCC(O)(c2ccc(Cl)cc2)CC1)c1ccc(F)cc1,O=C(CCCN1CCC(c2ccccc2)CC1)c1ccccc1,640,1,1,0,1,1,1,1,0,1,1,0,1,1,0,1,1,1,1,0,1,1,1,1,1,1,1,1
CC(=O)OCC(CCN1C=NC2=CN=C(N=C21)N)COC(=O)C,CC(=O)OCC(CCn1cnc2cnc(N)nc21)COC(C)=O,c1ncc2nc[nH]c2n1,641,1,1,0,1,1,1,1,0,0,1,0,1,0,0,0,1,1,0,1,1,1,1,0,1,1,1,1
CCOC(=O)C1=CN=CN1C(C)C2=CC=CC=C2,CCOC(=O)c1cncn1C(C)c1ccccc1,c1ccc(Cn2ccnc2)cc1,642,0,0,0,0,0,0,1,0,0,0,0,1,0,0,1,0,0,0,0,1,1,0,0,0,1,1,1
C[C@H]1C(=O)N[C@H]2CSSC[C@H]3C(=O)N[C@H](C(=O)N[C@H](C(=O)N[C@@H](CSSC[C@H](NC(=O)CNC(=O)[C@@H](NC2=O)[C@@H](C)O)C(=O)N[C@@H](CC4=CC=C(C=C4)O)C(=O)O)C(=O)N[C@@H](CSSC[C@@H](C(=O)N3)N)C(=O)N[C@H](C(=O)N5CCC[C@H]5C(=O)N1)CC(=O)N)CC6=CC=C(C=C6)O)CCC(=O)O.CC(=O)O,C[C@@H]1NC(=O)[C@@H]2CCCN2C(=O)[C@H](CC(N)=O)NC(=O)[C@@H]2CSSC[C@H](N)C(=O)N[C@H]3CSSC[C@H](NC1=O)C(=O)N[C@@H]([C@@H](C)O)C(=O)NCC(=O)N[C@H](C(=O)N[C@@H](Cc1ccc(O)cc1)C(=O)O)CSSC[C@H](NC(=O)[C@H](Cc1ccc(O)cc1)NC(=O)[C@H](CCC(=O)O)NC3=O)C(=O)N2,O=C1CNC(=O)C2CSSCC3NC(=O)CCSSCC(NC(=O)C(CSSCC(C(=O)NCCc4ccccc4)NC(=O)CN1)NC(=O)C(Cc1ccccc1)NC(=O)CNC3=O)C(=O)NCC(=O)N1CCCC1C(=O)NCC(=O)N2,643,0,1,0,0,1,0,1,0,1,0,0,1,0,0,1,0,1,0,1,0,0,0,0,0,0,1,1
C1=CC(=CC=C1SC(P(=O)(O)[O-])P(=O)(O)[O-])Cl.[Na+].[Na+],O=P(O)(O)C(Sc1ccc(Cl)cc1)P(=O)(O)O,c1ccccc1,644,0,0,0,0,0,1,1,0,0,0,0,1,0,0,0,0,0,1,1,0,0,0,0,1,0,1,0
C1=C(C(=C(C(=C1Cl)Cl)CC2=C(C(=CC(=C2Cl)Cl)Cl)O)O)Cl,Oc1c(Cl)cc(Cl)c(Cl)c1Cc1c(O)c(Cl)cc(Cl)c1Cl,c1ccc(Cc2ccccc2)cc1,645,0,0,0,0,0,0,0,0,0,0,0,0,0,0,0,0,1,0,0,0,0,0,0,0,0,0,0
C=CCN.C1C(O1)CCl.Cl,ClCC1CO1,C1CO1,248,0,1,0,0,1,1,1,0,0,0,0,1,0,0,1,0,1,0,1,1,0,0,0,0,0,1,1
C1=C(C=C(C(=C1NC(=O)C(=O)O)Cl)NC(=O)C(=O)O)C#N.C(C(CO)(CO)N)O,N#Cc1cc(NC(=O)C(=O)O)c(Cl)c(NC(=O)C(=O)O)c1,c1ccccc1,646,0,0,0,1,0,0,1,0,1,0,0,1,0,0,1,0,1,0,0,1,0,0,0,0,0,1,1
C1=C(C=C(C(=C1NC(=O)C(=O)O)Cl)NC(=O)C(=O)O)C#N,N#Cc1cc(NC(=O)C(=O)O)c(Cl)c(NC(=O)C(=O)O)c1,c1ccccc1,646,0,0,0,1,0,0,1,0,1,0,0,1,0,0,1,0,1,0,0,1,0,0,0,0,0,1,1
CCCCCOC(=O)NC1=NC(=O)N(C=C1F)[C@H]2[C@@H]([C@@H]([C@H](O2)C)O)O,CCCCCOC(=O)Nc1nc(=O)n([C@@H]2O[C@H](C)[C@@H](O)[C@H]2O)cc1F,O=c1ncccn1C1CCCO1,647,1,1,0,1,1,1,1,1,1,1,1,1,1,0,1,1,1,1,1,1,1,1,0,1,1,1,1
C1=CC=C(C=C1)C(=O)C2=C(C(=CC=C2)CC(=O)N)N,NC(=O)Cc1cccc(C(=O)c2ccccc2)c1N,O=C(c1ccccc1)c1ccccc1,648,0,1,0,1,1,1,1,0,1,1,0,1,0,0,1,0,1,1,1,0,0,0,1,0,0,1,0
CN1C2CCC1CC(C2)OC(=O)C(C3=CC=CC=C3)O,CN1C2CCC1CC(OC(=O)C(O)c1ccccc1)C2,O=C(Cc1ccccc1)OC1CC2CCC(C1)N2,649,0,0,0,1,1,0,1,0,0,0,0,1,0,1,1,0,1,1,1,1,1,1,0,0,1,1,1
CCCC[N+]1(C2CC(CC1C3C2O3)OC(=O)C(CO)C4=CC=CC=C4)C,CCCC[N+]1(C)C2CC(OC(=O)C(CO)c3ccccc3)CC1C1OC12,O=C(Cc1ccccc1)OC1CC2[NH2+]C(C1)C1OC21,650,0,0,0,1,1,0,1,0,1,0,0,0,0,0,1,0,1,0,0,1,0,1,0,0,1,1,0
C1=CC=C2C(=C1)C=NN=C2NN,NNc1nncc2ccccc12,c1ccc2cnncc2c1,651,1,1,0,1,1,1,1,0,1,0,0,1,0,0,1,1,1,0,1,1,1,1,0,0,1,1,1
C1NC2=CC(=C(C=C2S(=O)(=O)N1)S(=O)(=O)N)Cl,NS(=O)(=O)c1cc2c(cc1Cl)NCNS2(=O)=O,O=S1(=O)NCNc2ccccc21,652,1,1,0,1,1,1,1,0,1,1,0,1,0,0,1,1,1,0,1,1,1,1,0,1,1,1,0
CC12CCC(=O)C=C1CCC3C2C(CC4(C3CCC4(C(=O)CO)O)C)O,CC12CCC(=O)C=C1CCC1C2C(O)CC2(C)C1CCC2(O)C(=O)CO,O=C1C=C2CCC3C4CCCC4CCC3C2CC1,653,1,1,0,1,1,1,1,0,1,1,0,1,1,0,1,1,1,1,1,1,1,1,0,1,1,1,1
CCCC(=O)OC1(CCC2C1(CC(C3C2CCC4=CC(=O)CCC34C)O)C)C(=O)CO,CCCC(=O)OC1(C(=O)CO)CCC2C3CCC4=CC(=O)CCC4(C)C3C(O)CC21C,O=C1C=C2CCC3C4CCCC4CCC3C2CC1,654,0,0,0,1,1,0,0,0,1,0,0,1,0,0,0,0,1,0,1,0,0,0,0,0,0,0,0
C1NC2=C(C=C(C(=C2)C(F)(F)F)S(=O)(=O)N)S(=O)(=O)N1,NS(=O)(=O)c1cc2c(cc1C(F)(F)F)NCNS2(=O)=O,O=S1(=O)NCNc2ccccc21,655,1,1,0,1,1,1,1,0,1,0,0,1,0,0,1,1,1,0,0,0,1,1,0,1,0,1,0
CN1CCC23C4C1CC5=C2C(=C(C=C5)O)OC3C(=O)CC4,CN1CCC23c4c5ccc(O)c4OC2C(=O)CCC3C1C5,O=C1CCC2C3Cc4cccc5c4C2(CCN3)C1O5,656,1,1,0,1,1,1,1,1,1,1,1,1,1,1,1,1,1,0,1,1,1,1,0,1,1,1,1
CCN(CCCC(C)NC1=C2C=CC(=CC2=NC=C1)Cl)CCO,CCN(CCO)CCCC(C)Nc1ccnc2cc(Cl)ccc12,c1ccc2ncccc2c1,657,1,1,0,1,1,1,1,0,1,0,0,1,0,0,1,1,1,1,0,1,1,0,0,1,1,1,1
C(=O)(N)NO,NC(=O)NO,,658,1,1,0,1,1,1,1,0,1,1,1,1,0,0,1,1,1,0,1,1,1,1,0,0,0,1,1
C1CN(CCN1CCOCCO)C(C2=CC=CC=C2)C3=CC=C(C=C3)Cl,OCCOCCN1CCN(C(c2ccccc2)c2ccc(Cl)cc2)CC1,c1ccc(C(c2ccccc2)N2CCNCC2)cc1,659,0,0,0,0,0,0,1,0,1,0,0,0,0,0,1,0,1,0,0,0,1,0,0,0,0,1,1
CN1C2CCC1CC(C2)OC(=O)C(CO)C3=CC=CC=C3,CN1C2CCC1CC(OC(=O)C(CO)c1ccccc1)C2,O=C(Cc1ccccc1)OC1CC2CCC(C1)N2,660,0,1,0,1,1,1,1,0,1,1,0,1,0,0,1,1,1,0,1,1,1,1,0,1,1,1,1
CCCN(CCOC1=C(C=C(C=C1Cl)Cl)Cl)C(=O)N2C=CN=C2.C(S(=O)(=O)[O-])(I)I.[Na+],CCCN(CCOc1c(Cl)cc(Cl)cc1Cl)C(=O)n1ccnc1,O=C(NCCOc1ccccc1)n1ccnc1,661,1,1,0,1,1,1,1,1,1,1,1,1,1,0,1,1,1,1,1,1,1,1,0,1,1,1,1
CC(C)CC1=CC=C(C=C1)C(C)C(=O)O,CC(C)Cc1ccc(C(C)C(=O)O)cc1,c1ccccc1,662,1,1,0,1,1,1,1,0,1,1,1,1,1,1,1,1,1,0,1,1,1,1,0,1,1,1,1
C1=CC=C(C=C1)CCNN,NNCCc1ccccc1,c1ccccc1,663,1,1,0,1,1,1,1,0,0,1,0,1,0,0,1,1,1,0,0,1,1,1,0,0,1,1,1
CCN(CC)CC(=O)NC1=C(C=CC=C1C)C,CCN(CC)CC(=O)Nc1c(C)cccc1C,c1ccccc1,664,0,1,0,1,1,1,1,0,1,0,0,1,0,1,1,1,1,1,1,1,1,1,1,1,1,1,1
CC1C(C(CC(O1)OC2CC(CC3=C(C4=C(C(=C23)O)C(=O)C5=CC=CC=C5C4=O)O)(C(=O)C)O)N)O,CC(=O)C1(O)Cc2c(O)c3c(c(O)c2C(OC2CC(N)C(O)C(C)O2)C1)C(=O)c1ccccc1C3=O,O=C1c2ccccc2C(=O)c2cc3c(cc21)CCCC3OC1CCCCO1,665,1,1,0,0,1,0,1,0,1,1,1,1,0,0,1,1,1,1,1,0,0,1,0,0,1,1,1
C1C(C(OC1N2C=C(C(=O)NC2=O)I)CO)O,O=c1[nH]c(=O)n(C2CC(O)C(CO)O2)cc1I,O=c1ccn(C2CCCO2)c(=O)[nH]1,666,0,0,0,1,0,0,0,0,0,0,0,1,0,0,0,0,0,0,1,0,0,0,0,0,0,0,0
C1CN(P(=O)(OC1)NCCCl)CCCl,O=P1(NCCCl)OCCCN1CCCl,O=[PH]1NCCCO1,667,1,1,0,1,1,1,1,0,1,1,1,1,1,0,1,1,1,1,1,1,1,1,0,1,1,1,1
CN(C)CCCN1C2=CC=CC=C2CCC3=CC=CC=C31,CN(C)CCCN1c2ccccc2CCc2ccccc21,c1ccc2c(c1)CCc1ccccc1N2,668,1,1,0,1,1,0,1,0,1,1,0,1,1,0,1,1,1,0,1,1,1,1,0,1,1,1,1
CC1CC2=CC=CC=C2N1NC(=O)C3=CC(=C(C=C3)Cl)S(=O)(=O)N,CC1Cc2ccccc2N1NC(=O)c1ccc(Cl)c(S(N)(=O)=O)c1,O=C(NN1CCc2ccccc21)c1ccccc1,669,1,1,0,1,1,1,1,0,1,1,1,1,1,1,1,1,1,1,1,1,1,1,0,1,1,1,1
CC(C)(C)NC(=O)C1CN(CCN1CC(CC(CC2=CC=CC=C2)C(=O)NC3C(CC4=CC=CC=C34)O)O)CC5=CN=CC=C5,CC(C)(C)NC(=O)C1CN(Cc2cccnc2)CCN1CC(O)CC(Cc1ccccc1)C(=O)NC1c2ccccc2CC1O,O=C(NC1CCc2ccccc21)C(CCCN1CCN(Cc2cccnc2)CC1)Cc1ccccc1,670,1,1,0,1,1,1,1,0,1,1,0,1,1,0,1,1,1,1,1,1,1,1,0,1,1,1,1
C1CC(=O)NC(=O)C1N2C(=O)C3=C(C2=O)C(=CC=C3)N,Nc1cccc2c1C(=O)N(C1CCC(=O)NC1=O)C2=O,O=C1CCC(N2C(=O)c3ccccc3C2=O)C(=O)N1,671,1,1,0,0,1,1,1,0,1,1,0,1,0,0,1,1,1,1,1,1,1,1,0,1,1,1,1
C[C@H](C1=CC(=CC(=C1)C(F)(F)F)C(F)(F)F)O[C@H]2[C@H](N(CCO2)CC3=NC(=O)NN3)C4=CC=C(C=C4)F,C[C@@H](O[C@@H]1OCCN(Cc2nc(=O)[nH][nH]2)[C@@H]1c1ccc(F)cc1)c1cc(C(F)(F)F)cc(C(F)(F)F)c1,O=c1nc(CN2CCOC(OCc3ccccc3)C2c2ccccc2)[nH][nH]1,672,0,1,0,1,1,1,1,1,1,1,1,1,1,0,1,1,1,0,1,1,1,1,0,1,1,1,1
CN1C(=O)C=C(N(C1=O)CC2=CC=CC=C2C#N)N3CCCC(C3)N,Cn1c(=O)cc(N2CCCC(N)C2)n(Cc2ccccc2C#N)c1=O,O=c1cc(N2CCCCC2)n(Cc2ccccc2)c(=O)[nH]1,673,1,1,0,0,0,0,1,0,1,0,0,0,0,0,0,0,1,0,1,0,0,0,0,0,0,1,0
CC1=C(C2=C(N1C(=O)C3=CC=C(C=C3)Cl)C=CC(=C2)OC)CC(=O)O,COc1ccc2c(c1)c(CC(=O)O)c(C)n2C(=O)c1ccc(Cl)cc1,O=C(c1ccccc1)n1ccc2ccccc21,674,1,1,0,1,1,1,1,0,1,1,1,1,0,0,1,1,1,0,1,1,1,1,0,1,1,1,1
CC(=O)N(CC(CN(C1=C(C(=C(C(=C1I)C(=O)NCC(CO)O)I)C(=O)NCC(CO)O)I)C(=O)C)O)C2=C(C(=C(C(=C2I)C(=O)NCC(CO)O)I)C(=O)NCC(CO)O)I,CC(=O)N(CC(O)CN(C(C)=O)c1c(I)c(C(=O)NCC(O)CO)c(I)c(C(=O)NCC(O)CO)c1I)c1c(I)c(C(=O)NCC(O)CO)c(I)c(C(=O)NCC(O)CO)c1I,c1ccc(NCCCNc2ccccc2)cc1,675,0,1,0,1,1,1,1,0,1,0,0,1,0,0,1,1,1,0,1,1,1,1,0,1,1,1,1
CC(=O)N(CC(CO)O)C1=C(C(=C(C(=C1I)C(=O)NCC(CO)O)I)C(=O)NCC(CO)O)I,CC(=O)N(CC(O)CO)c1c(I)c(C(=O)NCC(O)CO)c(I)c(C(=O)NCC(O)CO)c1I,c1ccccc1,676,0,0,0,1,1,1,1,0,1,0,0,1,1,0,1,0,1,0,0,1,1,1,0,0,1,1,1
CC(C(=O)NC1=C(C(=C(C(=C1I)C(=O)NC(CO)CO)I)C(=O)NC(CO)CO)I)O,CC(O)C(=O)Nc1c(I)c(C(=O)NC(CO)CO)c(I)c(C(=O)NC(CO)CO)c1I,c1ccccc1,677,0,1,0,1,1,1,1,0,1,1,0,1,0,1,1,1,1,1,1,1,1,1,0,1,1,1,1
CN(CC(CO)O)C(=O)C1=C(C(=C(C(=C1I)C(=O)NCC(CO)O)I)NC(=O)COC)I,COCC(=O)Nc1c(I)c(C(=O)NCC(O)CO)c(I)c(C(=O)N(C)CC(O)CO)c1I,c1ccccc1,678,0,0,0,1,1,1,1,0,1,1,0,1,1,1,1,0,1,1,1,1,1,1,0,1,1,1,1
CC(=O)NC1=C(C(=C(C(=C1I)C(=O)O)I)C(=O)NC)I,CNC(=O)c1c(I)c(NC(C)=O)c(I)c(C(=O)O)c1I,c1ccccc1,679,0,0,0,0,1,1,1,0,1,0,0,1,0,1,1,1,1,0,1,1,0,1,0,0,1,1,1
CN(C1=C(C(=C(C(=C1I)C(=O)NC(CO)C(CO)O)I)C(=O)NC(CO)C(CO)O)I)C(=O)CC(=O)N(C)C2=C(C(=C(C(=C2I)C(=O)NC(CO)C(CO)O)I)C(=O)NC(CO)C(CO)O)I,CN(C(=O)CC(=O)N(C)c1c(I)c(C(=O)NC(CO)C(O)CO)c(I)c(C(=O)NC(CO)C(O)CO)c1I)c1c(I)c(C(=O)NC(CO)C(O)CO)c(I)c(C(=O)NC(CO)C(O)CO)c1I,O=C(CC(=O)Nc1ccccc1)Nc1ccccc1,680,1,1,0,1,1,1,1,0,1,0,0,1,0,1,1,0,1,0,1,1,1,1,0,1,1,1,1
CC(=O)OCC(=O)[C@]1(CC[C@@H]2[C@@]1(C[C@@H]([C@H]3[C@H]2CCC4=CC(=O)C=C[C@]34C)O)C)O.CNC[C@@H](C1=CC(=CC=C1)O)O.Cl,CC(=O)OCC(=O)[C@@]1(O)CC[C@H]2[C@@H]3CCC4=CC(=O)C=C[C@]4(C)[C@H]3[C@@H](O)C[C@@]21C,O=C1C=CC2C(=C1)CCC1C3CCCC3CCC21,681,0,0,0,1,1,0,0,0,1,0,0,0,0,0,0,0,1,0,1,0,0,0,0,0,0,1,1
C(CO)N(C1=C(C(=C(C(=C1I)C(=O)NCC(CO)O)I)C(=O)NCC(CO)O)I)C(=O)CO,O=C(NCC(O)CO)c1c(I)c(C(=O)NCC(O)CO)c(I)c(N(CCO)C(=O)CO)c1I,c1ccccc1,682,0,1,0,1,1,1,1,0,1,0,0,1,0,1,1,1,1,0,1,1,1,1,0,1,1,1,1
CC(=O)N(C)C1=C(C(=C(C(=C1I)C(=O)NCC(=O)NC2=C(C(=C(C(=C2I)C(=O)O)I)C(=O)NCCO)I)I)C(=O)NC)I,CNC(=O)c1c(I)c(C(=O)NCC(=O)Nc2c(I)c(C(=O)O)c(I)c(C(=O)NCCO)c2I)c(I)c(N(C)C(C)=O)c1I,O=C(CNC(=O)c1ccccc1)Nc1ccccc1,683,0,0,0,0,1,1,1,0,1,0,0,1,0,1,1,1,1,0,0,1,1,1,0,0,1,1,1
CC(=O)N(CC(CO)O)C1=C(C(=C(C(=C1I)C(=O)NCC(CO)O)I)C(=O)NCCO)I,CC(=O)N(CC(O)CO)c1c(I)c(C(=O)NCCO)c(I)c(C(=O)NCC(O)CO)c1I,c1ccccc1,684,1,1,0,1,1,1,1,0,1,0,0,1,0,1,1,0,1,0,1,1,0,1,0,1,1,1,0
[C-]#N.[C-]#N.[C-]#N.[C-]#N.[C-]#N.[N-]=O.[Fe],C#N,,189,0,0,0,1,1,1,1,0,0,0,0,1,1,0,1,0,1,0,0,0,1,0,0,1,1,1,0
CC(C)[N+]1(C2CCC1CC(C2)OC(=O)C(CO)C3=CC=CC=C3)C,CC(C)[N+]1(C)C2CCC1CC(OC(=O)C(CO)c1ccccc1)C2,O=C(Cc1ccccc1)OC1CC2CCC(C1)[NH2+]2,685,0,0,0,1,1,1,1,1,1,1,0,1,0,0,1,0,1,1,1,1,1,1,1,1,1,1,0
B([C@@H](CC(C)C)NC(=O)[C@@H](CC1=CC=CC=C1)NC(=O)C2=NC=CN=C2)(O)O,CC(C)C[C@@H](NC(=O)[C@@H](Cc1ccccc1)NC(=O)c1cnccn1)B(O)O,O=C(NCCc1ccccc1)c1cnccn1,686,1,1,0,1,1,1,1,1,1,1,1,1,1,1,1,1,1,1,1,1,1,1,0,1,1,1,1
CCCCC1=NC2(CCCC2)C(=O)N1CC3=CC=C(C=C3)C4=CC=CC=C4C5=NNN=N5,CCCCC1=NC2(CCCC2)C(=O)N1Cc1ccc(-c2ccccc2-c2nn[nH]n2)cc1,O=C1N(Cc2ccc(-c3ccccc3-c3nn[nH]n3)cc2)C=NC12CCCC2,687,1,1,0,1,1,1,1,1,1,1,0,1,0,0,1,1,1,0,1,1,1,1,0,1,1,1,1
CCC1=C2C=C(C=CC2=NC3=C1CN4C3=CC5=C(C4=O)COC(=O)C5(CC)O)OC(=O)N6CCC(CC6)N7CCCCC7,CCc1c2c(nc3ccc(OC(=O)N4CCC(N5CCCCC5)CC4)cc13)-c1cc3c(c(=O)n1C2)COC(=O)C3(O)CC,O=C1Cc2cc3n(c(=O)c2CO1)Cc1cc2cc(OC(=O)N4CCC(N5CCCCC5)CC4)ccc2nc1-3,688,1,1,0,1,1,1,1,0,1,0,1,1,0,1,1,1,1,0,1,1,1,1,0,1,1,1,1
CC(C)CC(C(=O)NC(CCCN=C(N)N)C(=O)N1CCCC1C(=O)NCC(=O)N)NC(=O)CNC(=O)C(CC2=CC=C(C=C2)O)NC(=O)C(CO)NC(=O)C(CC3=CNC4=CC=CC=C43)NC(=O)C(CC5=CN=CN5)NC(=O)C6CCC(=O)N6,CC(C)CC(NC(=O)CNC(=O)C(Cc1ccc(O)cc1)NC(=O)C(CO)NC(=O)C(Cc1c[nH]c2ccccc12)NC(=O)C(Cc1cnc[nH]1)NC(=O)C1CCC(=O)N1)C(=O)NC(CCCN=C(N)N)C(=O)N1CCCC1C(=O)NCC(N)=O,O=C(CNC(=O)CNC(=O)C(Cc1ccccc1)NC(=O)CNC(=O)C(Cc1c[nH]c2ccccc12)NC(=O)C(Cc1cnc[nH]1)NC(=O)C1CCC(=O)N1)NCC(=O)N1CCCC1,689,0,0,0,0,0,0,1,1,1,1,1,1,1,0,1,0,1,1,1,0,0,0,1,0,0,1,1
CCC(=O)O[C@](CC1=CC=CC=C1)(C2=CC=CC=C2)[C@H](C)CN(C)C.C1=CC=C2C=C(C=CC2=C1)S(=O)(=O)O,CCC(=O)O[C@](Cc1ccccc1)(c1ccccc1)[C@H](C)CN(C)C,c1ccc(CCc2ccccc2)cc1,231,0,0,0,1,0,0,1,0,0,0,0,1,0,0,0,0,1,0,0,0,1,0,0,0,0,1,1
CC1=CC(=NO1)C(=O)NNCC2=CC=CC=C2,Cc1cc(C(=O)NNCc2ccccc2)no1,O=C(NNCc1ccccc1)c1ccon1,690,0,0,0,1,0,0,1,0,0,1,0,1,1,0,1,0,1,0,0,0,1,1,0,0,1,1,1
C(C(F)(F)F)(OC(F)F)Cl,FC(F)OC(Cl)C(F)(F)F,,691,1,1,0,0,1,1,1,0,0,0,0,1,0,0,1,0,1,0,0,1,1,0,0,0,1,0,1
C1=CN=CC=C1C(=O)NN,NNC(=O)c1ccncc1,c1ccncc1,692,1,1,0,0,1,1,1,0,1,1,0,1,0,0,1,1,1,0,0,0,1,0,0,0,0,1,1
CCCCCCCC(=O)CCC1C(CC(C1CC=CCCCC(=O)OC(C)C)O)O,CCCCCCCC(=O)CCC1C(O)CC(O)C1CC=CCCCC(=O)OC(C)C,C1CCCC1,693,0,1,0,1,0,1,0,0,1,0,0,1,0,0,1,0,1,1,1,1,1,0,0,0,0,1,1
CC(C)NCC(C1=CC(=C(C=C1)O)O)O,CC(C)NCC(O)c1ccc(O)c(O)c1,c1ccccc1,694,0,0,0,1,1,0,1,0,0,0,0,1,0,0,1,0,1,0,0,1,1,0,0,1,1,1,1
C1C(C2C(O1)C(CO2)O[N+](=O)[O-])O[N+](=O)[O-],O=[N+]([O-])OC1COC2C(O[N+](=O)[O-])COC12,C1CC2OCCC2O1,695,0,0,0,0,0,0,1,0,0,0,0,1,0,0,1,1,1,0,0,0,0,0,0,0,1,1,0
C1=CC(=C(C=C1C(=N)N)Br)OCCCOC2=C(C=C(C=C2)C(=N)N)Br.C(CS(=O)(=O)O)O,N=C(N)c1ccc(OCCCOc2ccc(C(=N)N)cc2Br)c(Br)c1,c1ccc(OCCCOc2ccccc2)cc1,696,0,0,0,1,0,0,0,0,1,0,0,1,0,0,0,0,1,0,0,0,0,0,0,0,0,1,0
CC(COC1=CC=CC=C1)NC(C)C(C2=CC=C(C=C2)O)O,CC(COc1ccccc1)NC(C)C(O)c1ccc(O)cc1,c1ccc(CCNCCOc2ccccc2)cc1,697,0,1,0,0,0,0,1,0,0,0,0,1,0,0,1,0,1,0,0,1,0,0,0,0,1,1,0
CC1=C(C(C(=C(N1)C)C(=O)OC(C)C)C2=CC=CC3=NON=C32)C(=O)OC,COC(=O)C1=C(C)NC(C)=C(C(=O)OC(C)C)C1c1cccc2nonc12,C1=CC(c2cccc3nonc23)C=CN1,698,1,1,0,1,1,1,1,0,1,1,0,1,0,0,1,1,1,0,0,1,1,1,0,0,1,1,0
CCC(C)N1C(=O)N(C=N1)C2=CC=C(C=C2)N3CCN(CC3)C4=CC=C(C=C4)OCC5COC(O5)(CN6C=NC=N6)C7=C(C=C(C=C7)Cl)Cl,CCC(C)n1ncn(-c2ccc(N3CCN(c4ccc(OCC5COC(Cn6cncn6)(c6ccc(Cl)cc6Cl)O5)cc4)CC3)cc2)c1=O,O=c1[nH]ncn1-c1ccc(N2CCN(c3ccc(OCC4COC(Cn5cncn5)(c5ccccc5)O4)cc3)CC2)cc1,699,1,1,0,1,1,1,1,0,1,1,0,1,1,0,1,1,1,1,1,1,1,1,0,1,1,1,1
CC#CCN1C2=C(N=C1N3CCC[C@H](C3)N)N(C(=O)N(C2=O)CC4=NC5=CC=CC=C5C(=N4)C)C,CC#CCn1c(N2CCC[C@@H](N)C2)nc2c1c(=O)n(Cc1nc(C)c3ccccc3n1)c(=O)n2C,O=c1[nH]c2nc(N3CCCCC3)[nH]c2c(=O)n1Cc1ncc2ccccc2n1,700,0,1,0,0,1,1,1,0,1,0,0,0,0,0,0,0,1,0,1,1,0,0,0,0,0,1,0
CNC1(CCCCC1=O)C2=CC=CC=C2Cl,CNC1(c2ccccc2Cl)CCCCC1=O,O=C1CCCCC1c1ccccc1,701,0,1,0,1,1,1,1,0,1,0,0,1,0,0,1,0,1,0,1,1,0,1,0,0,1,1,1
CC(=O)N1CCN(CC1)C2=CC=C(C=C2)OCC3COC(O3)(CN4C=CN=C4)C5=C(C=C(C=C5)Cl)Cl,CC(=O)N1CCN(c2ccc(OCC3COC(Cn4ccnc4)(c4ccc(Cl)cc4Cl)O3)cc2)CC1,c1ccc(C2(Cn3ccnc3)OCC(COc3ccc(N4CCNCC4)cc3)O2)cc1,702,1,1,0,1,1,1,1,0,1,1,1,1,1,0,1,1,1,0,1,1,1,0,0,0,1,1,1
CC(C1=CC=CC(=C1)C(=O)C2=CC=CC=C2)C(=O)O,CC(C(=O)O)c1cccc(C(=O)c2ccccc2)c1,O=C(c1ccccc1)c1ccccc1,703,1,1,0,1,1,1,1,0,1,1,0,1,0,1,1,1,1,0,1,1,1,1,0,1,1,1,1
[NH+](=O)[O-].[Na+],O=[NH+][O-],,704,0,0,0,0,0,0,1,0,0,0,0,0,0,0,1,1,0,0,0,1,0,0,0,0,1,1,0
CN1CCC(=C2C3=C(C(=O)CC4=CC=CC=C42)SC=C3)CC1,CN1CCC(=C2c3ccccc3CC(=O)c3sccc32)CC1,O=C1Cc2ccccc2C(=C2CCNCC2)c2ccsc21,705,1,1,0,1,1,0,1,0,0,0,0,1,0,0,1,1,1,0,1,1,1,1,0,0,0,1,0
C1=COC(=C1)CNC2=NC=NC3=C2NC=N3,c1coc(CNc2ncnc3nc[nH]c23)c1,c1coc(CNc2ncnc3nc[nH]c23)c1,706,0,0,0,1,1,0,0,0,1,0,0,1,0,0,1,0,1,0,1,0,0,0,0,0,0,0,1
C[C@H]1/C=C/C=C(\C(=O)NC\2=C(C3=C(C(=C4C(=C3C(=O)/C2=C/NN5CCN(CC5)C6CCCC6)C(=O)[C@](O4)(O/C=C/[C@@H]([C@H]([C@H]([C@@H]([C@@H]([C@@H]([C@H]1O)C)O)C)OC(=O)C)C)OC)C)C)O)O)/C,CO[C@H]1/C=C/O[C@@]2(C)Oc3c(C)c(O)c4c(c3C2=O)C(=O)/C(=C/NN2CCN(C3CCCC3)CC2)C(=C4O)NC(=O)/C(C)=C\C=C\[C@H](C)[C@H](O)[C@@H](C)[C@@H](O)[C@@H](C)[C@H](OC(C)=O)[C@@H]1C,O=C1C=CC=CCCCCCCCCC=COC2Oc3ccc4c(c3C2=O)C(=O)C(=CNN2CCN(C3CCCC3)CC2)C(=C4)N1,707,1,1,0,1,1,1,1,0,1,1,1,1,0,1,1,1,1,1,1,1,1,1,1,1,1,1,1
CC(CN1CCN(CCN(CCN(CC1)CC(=O)[O-])CC(=O)[O-])CC(=O)[O-])O.[Gd+3],CC(O)CN1CCN(CC(=O)O)CCN(CC(=O)O)CCN(CC(=O)O)CC1,C1CNCCNCCNCCN1,708,0,1,0,1,1,1,1,0,1,0,0,1,0,0,1,0,1,0,1,1,1,1,0,1,1,1,1
C1=CC=C(C=C1)CC(C(=O)O)O,O=C(O)C(O)Cc1ccccc1,c1ccccc1,709,0,0,0,0,0,0,0,0,0,0,0,1,0,0,0,0,1,1,0,0,0,0,0,0,0,0,0
C[C@H]([C@@H](C(=O)N[C@@H](CC1=CC=CC=C1)C(=O)N[C@@H]([C@@H](C)O)C(=O)N[C@@H](CO)C(=O)N[C@@H](CCC(=O)O)C(=O)N[C@@H](CC(C)C)C(=O)N[C@@H](CO)C(=O)N[C@@H](CCCNC(=N)N)C(=O)N[C@@H](CC(C)C)C(=O)N[C@@H](CCCNC(=N)N)C(=O)N[C@@H](CCC(=O)O)C(=O)NCC(=O)N[C@@H](C)C(=O)N[C@@H](CCCNC(=N)N)C(=O)N[C@@H](CC(C)C)C(=O)N[C@@H](CCC(=O)N)C(=O)N[C@@H](CCCNC(=N)N)C(=O)N[C@@H](CC(C)C)C(=O)N[C@@H](CC(C)C)C(=O)N[C@@H](CCC(=O)N)C(=O)NCC(=O)N[C@@H](CC(C)C)C(=O)N[C@@H](C(C)C)C(=O)N)NC(=O)CNC(=O)[C@H](CC(=O)O)NC(=O)[C@H](CO)NC(=O)[C@H](CC2=CN=CN2)N)O.CC(=O)O,CC(C)C[C@H](NC(=O)CNC(=O)[C@H](CCC(N)=O)NC(=O)[C@H](CC(C)C)NC(=O)[C@H](CC(C)C)NC(=O)[C@H](CCCNC(=N)N)NC(=O)[C@H](CCC(N)=O)NC(=O)[C@H](CC(C)C)NC(=O)[C@H](CCCNC(=N)N)NC(=O)[C@H](C)NC(=O)CNC(=O)[C@H](CCC(=O)O)NC(=O)[C@H](CCCNC(=N)N)NC(=O)[C@H](CC(C)C)NC(=O)[C@H](CCCNC(=N)N)NC(=O)[C@H](CO)NC(=O)[C@H](CC(C)C)NC(=O)[C@H](CCC(=O)O)NC(=O)[C@H](CO)NC(=O)[C@@H](NC(=O)[C@H](Cc1ccccc1)NC(=O)[C@@H](NC(=O)CNC(=O)[C@H](CC(=O)O)NC(=O)[C@H](CO)NC(=O)[C@@H](N)Cc1cnc[nH]1)[C@@H](C)O)[C@@H](C)O)C(=O)N[C@H](C(N)=O)C(C)C,O=C(CCc1cnc[nH]1)NCC(=O)NCC(=O)NCC(=O)NCC(=O)NCCc1ccccc1,710,0,0,0,0,0,0,1,0,0,0,0,0,0,0,1,0,1,0,0,0,1,0,0,0,1,1,0
C1=NC2=C(N1)C(=S)N=C(N2)N,Nc1nc(=S)c2[nH]cnc2[nH]1,S=c1nc[nH]c2nc[nH]c12,711,1,1,0,0,1,0,1,0,0,0,0,1,0,0,1,1,0,0,0,0,1,0,0,0,0,0,0
CC(CCC1=CC=CC=C1)NCC(C2=CC(=C(C=C2)O)C(=O)N)O,CC(CCc1ccccc1)NCC(O)c1ccc(O)c(C(N)=O)c1,c1ccc(CCCNCCc2ccccc2)cc1,712,1,1,0,1,1,1,1,0,1,1,0,1,1,0,1,1,1,0,0,1,1,1,0,1,1,1,0
C(C1C(C(C(C(O1)OC2C(OC(C2O)(CO)O)CO)O)O)O)O,OCC1OC(OC2C(CO)OC(O)(CO)C2O)C(O)C(O)C1O,C1CCC(OC2CCOC2)OC1,713,0,1,0,0,0,1,1,0,0,0,0,1,0,0,0,0,0,0,0,0,0,0,0,0,0,0,0
C1C(OC(S1)CO)N2C=CC(=NC2=O)N,Nc1ccn(C2CSC(CO)O2)c(=O)n1,O=c1ncccn1C1CSCO1,714,1,1,0,1,1,1,1,0,1,1,0,1,1,1,1,1,1,0,1,1,1,1,1,1,1,1,1
C1=CC(=C(C(=C1)Cl)Cl)C2=C(N=C(N=N2)N)N,Nc1nnc(-c2cccc(Cl)c2Cl)c(N)n1,c1ccc(-c2cncnn2)cc1,715,1,1,0,1,1,1,1,1,1,1,1,1,1,1,1,1,1,0,1,1,1,1,0,1,1,1,1
CC1=C(C=CN=C1CS(=O)C2=NC3=CC=CC=C3N2)OCC(F)(F)F,Cc1c(OCC(F)(F)F)ccnc1CS(=O)c1nc2ccccc2[nH]1,O=S(Cc1ccccn1)c1nc2ccccc2[nH]1,716,1,1,0,1,1,1,1,0,1,1,1,1,1,1,1,1,1,1,1,1,1,1,0,1,1,1,1
CC(C)OC(=O)CCCC=CCC1C(CC(C1CCC(CCC2=CC=CC=C2)O)O)O,CC(C)OC(=O)CCCC=CCC1C(O)CC(O)C1CCC(O)CCc1ccccc1,c1ccc(CCCCCC2CCCC2)cc1,717,1,0,0,1,0,1,0,0,0,0,0,1,0,0,1,0,1,0,1,1,0,0,0,0,1,1,0
CC1=C(C=NO1)C(=O)NC2=CC=C(C=C2)C(F)(F)F,Cc1oncc1C(=O)Nc1ccc(C(F)(F)F)cc1,O=C(Nc1ccccc1)c1cnoc1,718,1,1,0,1,1,1,1,1,1,1,1,1,1,1,1,1,1,1,1,1,1,1,0,1,1,1,1
C1=CC(=CC=C1C#N)C(C2=CC=C(C=C2)C#N)N3C=NC=N3,N#Cc1ccc(C(c2ccc(C#N)cc2)n2cncn2)cc1,c1ccc(C(c2ccccc2)n2cncn2)cc1,719,1,1,0,1,1,1,1,1,1,1,1,1,1,0,1,1,1,0,1,1,1,1,0,1,1,1,1
CC(=O)OCC(=O)C12C(CC3C1(CC(C4(C3CC(C5=CC(=O)C=CC54C)F)F)O)C)OC(O2)(C)C,CC(=O)OCC(=O)C12OC(C)(C)OC1CC1C3CC(F)C4=CC(=O)C=CC4(C)C3(F)C(O)CC12C,O=C1C=CC2C(=C1)CCC1C2CCC2C1CC1OCOC12,720,0,1,0,1,0,0,0,0,1,0,0,1,1,0,0,0,1,0,1,1,0,1,0,0,0,1,0
[Li+],[Li+],,721,0,1,0,1,1,1,1,0,0,1,0,1,1,0,1,1,1,0,1,0,1,1,0,1,1,1,1
CCNC(=O)C1CCCN1C(=O)C(CCCN=C(N)N)NC(=O)C(CC(C)C)NC(=O)C(CC(C)C)NC(=O)C(CC2=CC=C(C=C2)O)NC(=O)C(CO)NC(=O)C(CC3=CNC4=CC=CC=C43)NC(=O)C(CC5=CN=CN5)NC(=O)C6CCC(=O)N6,CCNC(=O)C1CCCN1C(=O)C(CCCN=C(N)N)NC(=O)C(CC(C)C)NC(=O)C(CC(C)C)NC(=O)C(Cc1ccc(O)cc1)NC(=O)C(CO)NC(=O)C(Cc1c[nH]c2ccccc12)NC(=O)C(Cc1cnc[nH]1)NC(=O)C1CCC(=O)N1,O=C(CNC(=O)CNC(=O)C(Cc1ccccc1)NC(=O)CNC(=O)C(Cc1c[nH]c2ccccc12)NC(=O)C(Cc1cnc[nH]1)NC(=O)C1CCC(=O)N1)NCC(=O)N1CCCC1,722,1,1,0,1,1,1,1,1,1,1,1,1,1,1,1,1,1,0,1,1,1,1,0,1,1,1,1
CC(C)(C)NCC(COC1=CC=CC2=C1CCCC2=O)O,CC(C)(C)NCC(O)COc1cccc2c1CCCC2=O,O=C1CCCc2ccccc21,723,0,1,0,1,0,0,1,0,1,1,0,1,0,0,1,0,1,0,1,1,1,0,0,0,1,1,0
CC1CN(CCC1(C2=CC=CC=C2)C(=O)O)C3CCC(CC3)(C#N)C4=CC=C(C=C4)F,CC1CN(C2CCC(C#N)(c3ccc(F)cc3)CC2)CCC1(C(=O)O)c1ccccc1,c1ccc(C2CCC(N3CCC(c4ccccc4)CC3)CC2)cc1,724,0,0,0,1,0,0,1,0,0,0,0,1,0,0,0,0,1,0,1,1,0,0,0,0,0,1,0
CC(CN1C2=CC=CC=C2SC3=C1C=C(C=C3)OC)CN(C)C,COc1ccc2c(c1)N(CC(C)CN(C)C)c1ccccc1S2,c1ccc2c(c1)Nc1ccccc1S2,725,1,0,0,0,1,0,1,0,1,1,0,1,0,0,1,1,1,0,0,0,0,1,0,0,1,1,0
CN1CCC23CCCCC2C1CC4=C3C=C(C=C4)O,CN1CCC23CCCCC2C1Cc1ccc(O)cc13,c1ccc2c(c1)CC1NCCC23CCCCC13,726,1,0,0,1,0,1,1,1,0,0,0,1,0,0,1,0,1,0,0,1,1,1,0,0,1,1,1
[Ra],[Ra],,727,0,1,0,0,0,0,1,0,0,0,1,1,0,0,0,1,1,0,0,0,0,1,0,0,0,0,0
CCCC1CC(N(C1)C)C(=O)NC(C2C(C(C(C(O2)SC)O)O)O)C(C)O,CCCC1CC(C(=O)NC(C(C)O)C2OC(SC)C(O)C(O)C2O)N(C)C1,O=C(NCC1CCCCO1)C1CCCN1,728,1,0,0,0,1,0,1,0,1,1,0,1,0,0,1,1,1,0,1,0,0,1,0,1,1,0,0
CC(=O)NCC1CN(C(=O)O1)C2=CC(=C(C=C2)N3CCOCC3)F,CC(=O)NCC1CN(c2ccc(N3CCOCC3)c(F)c2)C(=O)O1,O=C1OCCN1c1ccc(N2CCOCC2)cc1,729,1,1,0,1,1,1,1,0,1,1,0,1,0,0,1,1,1,1,1,1,1,1,0,1,1,1,1
C1CC(N(C1)C(=O)C(CCCCN)NC(CCC2=CC=CC=C2)C(=O)O)C(=O)O,NCCCCC(NC(CCc1ccccc1)C(=O)O)C(=O)N1CCCC1C(=O)O,O=C(CNCCCc1ccccc1)N1CCCC1,730,1,1,0,1,1,1,1,0,1,1,1,1,1,0,1,1,1,1,1,1,1,1,0,1,1,1,1
C1=NC2=C(N1)C(=S)N=CN2,S=c1nc[nH]c2nc[nH]c12,S=c1nc[nH]c2nc[nH]c12,731,1,1,0,0,1,1,1,0,1,1,1,1,0,0,0,1,1,0,1,0,0,1,0,0,0,0,0
[Li+].[OH-],[Li+],,721,0,1,0,1,1,1,1,0,0,1,0,1,1,0,1,1,1,0,1,0,1,1,0,1,1,1,1
CCN1C=C(C(=O)C2=CC(=C(C(=C21)F)N3CCNC(C3)C)F)C(=O)O,CCn1cc(C(=O)O)c(=O)c2cc(F)c(N3CCNC(C)C3)c(F)c21,O=c1cc[nH]c2cc(N3CCNCC3)ccc12,732,1,1,0,1,1,1,1,1,1,1,0,1,0,0,1,1,1,0,1,1,1,1,0,1,1,1,1
C1CCC(CC1)NC(=O)N(CCCl)N=O,O=NN(CCCl)C(=O)NC1CCCCC1,C1CCCCC1,733,1,1,0,1,1,1,1,0,0,0,1,1,0,0,1,1,1,0,1,1,1,1,0,0,0,1,1
C1=CN(C(=O)NC1=O)[C@H]2[C@@H]([C@@H]([C@H](O2)COP(=O)(O)O[C@@H]3[C@H](O[C@H]([C@@H]3O)N4C=CC(=O)NC4=O)CO)O)O,O=c1ccn([C@@H]2O[C@H](COP(=O)(O)O[C@H]3[C@@H](O)[C@H](n4ccc(=O)[nH]c4=O)O[C@@H]3CO)[C@@H](O)[C@H]2O)c(=O)[nH]1,O=c1ccn(C2CC(O[PH](=O)OCC3CCC(n4ccc(=O)[nH]c4=O)O3)CO2)c(=O)[nH]1,734,1,1,0,0,1,1,1,0,1,0,0,1,0,0,1,1,1,1,1,1,1,0,0,0,1,1,0
CCOC(=O)N1CCC(=C2C3=C(CCC4=C2N=CC=C4)C=C(C=C3)Cl)CC1,CCOC(=O)N1CCC(=C2c3ccc(Cl)cc3CCc3cccnc32)CC1,c1ccc2c(c1)CCc1cccnc1C2=C1CCNCC1,735,1,1,0,0,1,1,1,0,1,1,0,1,0,0,1,0,1,0,1,1,1,1,0,1,1,1,0
C1=CC=C(C(=C1)C2=NC(C(=O)NC3=C2C=C(C=C3)Cl)O)Cl,O=C1Nc2ccc(Cl)cc2C(c2ccccc2Cl)=NC1O,O=C1CN=C(c2ccccc2)c2ccccc2N1,736,1,1,0,1,1,1,1,1,1,1,0,1,1,0,1,1,1,0,1,1,1,1,0,1,1,1,1
CCCCC1=NC(=C(N1CC2=CC=C(C=C2)C3=CC=CC=C3C4=NNN=N4)CO)Cl,CCCCc1nc(Cl)c(CO)n1Cc1ccc(-c2ccccc2-c2nn[nH]n2)cc1,c1ccc(-c2nn[nH]n2)c(-c2ccc(Cn3ccnc3)cc2)c1,737,1,1,0,1,1,1,1,0,1,1,0,1,0,0,1,1,1,0,1,1,1,1,0,1,1,1,1
CCC(C)C(=O)OC1CC(C=C2C1C(C(C=C2)C)CCC3CC(CC(=O)O3)O)C,CCC(C)C(=O)OC1CC(C)C=C2C=CC(C)C(CCC3CC(O)CC(=O)O3)C21,O=C1CCCC(CCC2CC=CC3=CCCCC32)O1,738,1,1,0,1,1,1,1,1,1,1,1,1,0,0,1,1,1,0,1,1,1,0,1,1,0,1,1
CN1CCN(CC1)C2=NC3=CC=CC=C3OC4=C2C=C(C=C4)Cl,CN1CCN(C2=Nc3ccccc3Oc3ccc(Cl)cc32)CC1,c1ccc2c(c1)N=C(N1CCNCC1)c1ccccc1O2,739,1,1,0,1,1,1,1,0,1,1,0,1,0,0,1,1,1,0,0,1,1,1,0,0,1,1,1
CCCC1=NC(=C(N1CC2=CC=C(C=C2)C3=CC=CC=C3C4=NNN=N4)C(=O)OCC5=C(OC(=O)O5)C)C(C)(C)O.C1NC2=CC(=C(C=C2S(=O)(=O)N1)S(=O)(=O)N)Cl,CCCc1nc(C(C)(C)O)c(C(=O)OCc2oc(=O)oc2C)n1Cc1ccc(-c2ccccc2-c2nn[nH]n2)cc1.NS(=O)(=O)c1cc2c(cc1Cl)NCNS2(=O)=O,O=C(OCc1coc(=O)o1)c1cncn1Cc1ccc(-c2ccccc2-c2nn[nH]n2)cc1.O=S1(=O)NCNc2ccccc21,740,1,1,0,1,1,1,1,0,1,0,0,1,0,0,1,1,1,0,1,1,1,1,0,1,1,1,0
COC1=CC(=CC(=C1O)OC)C2=C(C=C3C(=CC(=CC3=[O+]2)O)O)O.[Cl-],COc1cc(-c2[o+]c3cc(O)cc(O)c3cc2O)cc(OC)c1O,c1ccc(-c2ccc3ccccc3[o+]2)cc1,741,0,0,0,1,1,0,1,0,1,0,0,1,0,1,1,0,1,1,1,1,0,0,0,0,1,1,1
C1=CC=C(C=C1)N2C=C(C=C(C2=O)C3=CC=CC=C3C#N)C4=CC=CC=N4,N#Cc1ccccc1-c1cc(-c2ccccn2)cn(-c2ccccc2)c1=O,O=c1c(-c2ccccc2)cc(-c2ccccn2)cn1-c1ccccc1,742,0,1,0,1,1,1,1,0,0,0,0,1,0,0,0,0,0,0,1,1,1,0,0,1,0,1,1
C1=CC(=CC=C1CN)S(=O)(=O)N,NCc1ccc(S(N)(=O)=O)cc1,c1ccccc1,743,0,1,0,0,1,0,1,0,0,0,0,1,0,0,1,1,1,1,0,1,0,0,0,0,0,1,1
CCOC(=O)CC(C(=O)OCC)SP(=S)(OC)OC,CCOC(=O)CC(SP(=S)(OC)OC)C(=O)OCC,,744,0,0,0,0,0,0,0,0,1,0,0,0,0,0,0,0,0,0,1,0,0,0,0,0,0,0,1
CNCCCC12CCC(C3=CC=CC=C31)C4=CC=CC=C24,CNCCCC12CCC(c3ccccc31)c1ccccc12,c1ccc2c(c1)C1CCC2c2ccccc21,745,1,1,0,1,1,1,1,0,0,1,0,1,1,0,1,1,1,0,1,1,1,1,0,1,1,1,1
CN1CCN(CC1)CCCOC2=C(C=C3C(=C2)N=CC(=C3NC4=CC(=C(C=C4Cl)Cl)OC)C#N)OC,COc1cc(Nc2c(C#N)cnc3cc(OCCCN4CCN(C)CC4)c(OC)cc23)c(Cl)cc1Cl,c1ccc(Nc2ccnc3cc(OCCCN4CCNCC4)ccc23)cc1,746,1,1,0,0,1,1,1,0,1,0,1,1,0,0,0,1,1,0,1,1,0,1,0,1,1,1,1
COC(=O)NC1=NC2=C(N1)C=C(C=C2)C(=O)C3=CC=CC=C3,COC(=O)Nc1nc2ccc(C(=O)c3ccccc3)cc2[nH]1,O=C(c1ccccc1)c1ccc2nc[nH]c2c1,747,1,0,0,0,0,0,1,0,1,1,0,0,0,0,0,1,1,0,0,0,0,0,0,0,0,1,1
CCN(CCCCOC(=O)C1=CC(=C(C=C1)OC)OC)C(C)CC2=CC=C(C=C2)OC,CCN(CCCCOC(=O)c1ccc(OC)c(OC)c1)C(C)Cc1ccc(OC)cc1,O=C(OCCCCNCCc1ccccc1)c1ccccc1,748,0,1,0,0,0,0,1,0,1,0,0,1,0,0,0,0,1,0,0,0,1,0,0,0,0,1,0
CC1(C2CCC(C2)C1(C)NC)C,CNC1(C)C2CCC(C2)C1(C)C,C1CC2CCC1C2,749,0,1,0,1,0,0,1,0,0,1,0,1,0,0,1,0,0,0,0,1,1,1,0,0,0,1,1
CN(CCCl)CCCl,CN(CCCl)CCCl,,750,1,1,0,0,1,0,1,0,1,1,1,0,0,0,1,1,1,1,1,0,1,1,0,1,0,0,1
CC1=CC(=CC=C1)CN2CCN(CC2)C(C3=CC=CC=C3)C4=CC=C(C=C4)Cl,Cc1cccc(CN2CCN(C(c3ccccc3)c3ccc(Cl)cc3)CC2)c1,c1ccc(CN2CCN(C(c3ccccc3)c3ccccc3)CC2)cc1,751,0,0,0,1,0,0,1,0,1,0,0,1,0,0,0,0,0,0,0,0,0,0,0,0,0,1,0
CC1=C(C(=C(C=C1)Cl)NC2=CC=CC=C2C(=O)[O-])Cl,Cc1ccc(Cl)c(Nc2ccccc2C(=O)O)c1Cl,c1ccc(Nc2ccccc2)cc1,752,1,1,0,1,1,1,1,0,1,0,0,1,0,0,1,1,1,0,1,0,1,1,0,1,1,1,0
CC1OC2=C(O1)C=C(C=C2)C(C)(C)C,CC1Oc2ccc(C(C)(C)C)cc2O1,c1ccc2c(c1)OCO2,753,0,1,0,0,0,0,1,0,1,0,0,0,0,0,0,0,0,0,0,1,1,0,0,0,0,1,0
CC1CC2C(CCC3(C2CCC3(C(=O)C)OC(=O)C)C)C4(C1=CC(=O)CC4)C,CC(=O)OC1(C(C)=O)CCC2C3CC(C)C4=CC(=O)CCC4(C)C3CCC21C,O=C1C=C2CCC3C4CCCC4CCC3C2CC1,754,1,1,0,1,1,1,1,1,1,1,1,1,1,0,1,1,1,1,1,1,1,1,1,1,1,1,1
CC(CCC1=CC=C(C=C1)O)NCCC2=CC(=C(C=C2)O)O,CC(CCc1ccc(O)cc1)NCCc1ccc(O)c(O)c1,c1ccc(CCCNCCc2ccccc2)cc1,755,0,1,0,0,1,0,1,0,0,0,0,1,0,0,1,1,1,0,0,1,0,0,0,0,1,1,0
CC1=C(C(=CC=C1)NC2=CC=CC=C2C(=O)O)C,Cc1cccc(Nc2ccccc2C(=O)O)c1C,c1ccc(Nc2ccccc2)cc1,756,1,1,0,1,1,0,1,0,1,0,0,1,0,0,1,1,1,0,1,1,1,1,0,1,1,1,1
C1CCNC(C1)C(C2=CC(=NC3=C2C=CC=C3C(F)(F)F)C(F)(F)F)O,OC(c1cc(C(F)(F)F)nc2c(C(F)(F)F)cccc12)C1CCCCN1,c1ccc2c(CC3CCCCN3)ccnc2c1,757,1,1,0,1,1,1,1,1,1,0,0,1,0,0,1,1,1,1,1,1,1,1,1,1,1,1,1
CC1=CC2C(CCC3(C2CCC3(C(=O)C)OC(=O)C)C)C4(C1=CC(=O)CC4)C,CC(=O)OC1(C(C)=O)CCC2C3C=C(C)C4=CC(=O)CCC4(C)C3CCC21C,O=C1C=C2C=CC3C4CCCC4CCC3C2CC1,758,0,1,0,0,1,0,1,0,0,1,1,1,1,0,1,0,1,0,1,1,1,1,0,0,1,1,0
CC1=CN=C(S1)NC(=O)C2=C(C3=CC=CC=C3S(=O)(=O)N2C)[O-].[Na+],Cc1cnc(NC(=O)C2=C(O)c3ccccc3S(=O)(=O)N2C)s1,O=C(Nc1nccs1)C1=Cc2ccccc2S(=O)(=O)N1,759,1,1,0,1,1,1,1,0,1,1,0,1,0,0,1,1,1,0,1,1,1,1,0,1,1,1,1
C1=CC(=CC=C1CC(C(=O)O)N)N(CCCl)CCCl,NC(Cc1ccc(N(CCCl)CCCl)cc1)C(=O)O,c1ccccc1,760,1,1,0,0,1,1,1,0,1,1,1,1,0,0,1,1,1,0,1,1,0,1,0,0,1,1,1
CC12CC3CC(C1)(CC(C3)(C2)N)C,CC12CC3CC(C)(C1)CC(N)(C3)C2,C1C2CC3CC1CC(C2)C3,761,1,1,0,1,1,1,1,1,1,1,1,1,1,1,1,1,1,1,1,1,1,1,1,1,1,1,1
C[N+]1(CCCC(C1)OC(=O)C(C2=CC=CC=C2)(C3=CC=CC=C3)O)C,C[N+]1(C)CCCC(OC(=O)C(O)(c2ccccc2)c2ccccc2)C1,O=C(OC1CCC[NH2+]C1)C(c1ccccc1)c1ccccc1,762,0,0,0,1,0,0,1,0,1,1,0,1,0,0,0,0,1,0,0,0,1,1,0,0,1,1,0
CCOC(=O)C1(CCN(CC1)C)C2=CC=CC=C2,CCOC(=O)C1(c2ccccc2)CCN(C)CC1,c1ccc(C2CCNCC2)cc1,763,0,1,0,1,1,1,1,0,1,0,0,1,0,1,1,0,1,0,1,1,1,1,0,1,1,1,1
CCC1(C(=O)N(C(=O)N1)C)C2=CC=CC=C2,CCC1(c2ccccc2)NC(=O)N(C)C1=O,O=C1NC(=O)C(c2ccccc2)N1,764,1,0,0,1,1,1,1,0,1,0,1,1,0,0,0,1,1,0,1,1,1,1,0,0,0,1,1
CC1=C(C(=CC=C1)C)NC(=O)C2CCCCN2C,Cc1cccc(C)c1NC(=O)C1CCCCN1C,O=C(Nc1ccccc1)C1CCCCN1,765,0,1,0,1,1,1,1,0,1,0,0,1,0,1,1,0,1,0,1,1,1,1,0,1,1,1,1
CCCC(C)(COC(=O)N)COC(=O)N,CCCC(C)(COC(N)=O)COC(N)=O,,766,0,0,0,0,1,0,1,0,1,0,0,1,0,0,1,1,1,0,0,1,1,1,0,1,1,1,0
C1=CC(=C(C=C1N)C(=O)O)O,Nc1ccc(O)c(C(=O)O)c1,c1ccccc1,767,1,1,0,1,1,1,1,1,1,1,0,1,0,1,1,1,1,0,1,1,1,1,0,1,1,1,1
CNC(=O)CN(CCN(CCN(CC(=O)NC)CC(=O)[O-])CC(=O)[O-])CC(=O)[O-].O.[Gd+3],CNC(=O)CN(CCN(CCN(CC(=O)O)CC(=O)NC)CC(=O)O)CC(=O)O,,768,0,0,0,1,1,1,1,0,1,1,0,1,0,1,1,0,1,0,1,1,1,1,0,1,1,1,1
CC1CNCCC2=C1C=C(C=C2)Cl,CC1CNCCc2ccc(Cl)cc21,c1ccc2c(c1)CCNCC2,769,0,1,0,1,0,1,1,1,1,0,0,1,0,0,1,0,1,0,1,1,1,0,0,0,1,1,1
CC(C)NCC(C1=CC(=CC(=C1)O)O)O,CC(C)NCC(O)c1cc(O)cc(O)c1,c1ccccc1,770,0,1,0,1,1,1,1,0,1,0,0,1,0,0,1,0,1,0,1,1,1,0,0,0,1,1,0
CN(C)C(=N)N=C(N)N,CN(C)C(=N)N=C(N)N,,771,1,1,0,1,1,1,1,0,1,1,0,1,0,0,1,1,1,0,1,1,1,1,0,1,1,1,1
C([C@H]1[C@@H]([C@H]([C@@H]([C@@H](O1)OC[C@@H]2[C@H]([C@@H]([C@H]([C@H](O2)OC[C@H]([C@H]([C@@H]([C@H](C=O)O)O)O)O)O)O)O)O)O)O)O,O=C[C@H](O)[C@@H](O)[C@H](O)[C@H](O)CO[C@H]1O[C@H](CO[C@@H]2O[C@@H](CO)[C@H](O)[C@@H](O)[C@@H]2O)[C@@H](O)[C@H](O)[C@H]1O,C1CCC(COC2CCCCO2)OC1,772,0,1,0,0,1,0,1,0,1,0,0,1,0,0,1,0,1,0,1,1,0,0,0,0,1,0,0
CCCCC1=C(C2=C(O1)C=CC(=C2)NS(=O)(=O)C)C(=O)C3=CC=C(C=C3)OCCCN(CCCC)CCCC,CCCCc1oc2ccc(NS(C)(=O)=O)cc2c1C(=O)c1ccc(OCCCN(CCCC)CCCC)cc1,O=C(c1ccccc1)c1coc2ccccc12,773,1,1,0,0,1,0,1,0,1,0,0,1,0,0,1,0,1,0,1,1,0,0,0,0,1,1,1
C1N2CN3CN1CN(C2)C3,C1N2CN3CN1CN(C2)C3,C1N2CN3CN1CN(C2)C3,774,0,0,0,0,0,0,1,0,0,0,0,0,0,0,0,0,1,0,1,0,0,1,0,0,0,0,0
CCC(=O)NCC[C@@H]1CCC2=C1C3=C(C=C2)OCC3,CCC(=O)NCC[C@@H]1CCc2ccc3c(c21)CCO3,c1cc2c(c3c1CCC3)CCO2,775,0,0,0,0,1,1,1,1,1,0,0,1,0,0,0,0,0,0,1,0,1,0,0,0,0,1,0
COC1=CC=CC=C1OCC(COC(=O)N)O,COc1ccccc1OCC(O)COC(N)=O,c1ccccc1,776,1,0,0,1,1,0,1,0,1,0,0,1,0,0,1,1,1,0,1,1,1,0,0,1,1,1,1
CS(=O)(=O)CCNCC1=CC=C(O1)C2=CC3=C(C=C2)N=CN=C3NC4=CC(=C(C=C4)OCC5=CC(=CC=C5)F)Cl,CS(=O)(=O)CCNCc1ccc(-c2ccc3ncnc(Nc4ccc(OCc5cccc(F)c5)c(Cl)c4)c3c2)o1,c1ccc(COc2ccc(Nc3ncnc4ccc(-c5ccco5)cc34)cc2)cc1,777,1,1,0,0,1,1,1,0,1,1,1,1,0,0,1,1,1,0,1,1,1,1,0,0,1,1,1
CN(CC1=CN=C2C(=N1)C(=NC(=N2)N)N)C3=CC=C(C=C3)C(=O)NC(CCC(=O)O)C(=O)O,CN(Cc1cnc2nc(N)nc(N)c2n1)c1ccc(C(=O)NC(CCC(=O)O)C(=O)O)cc1,c1ccc(NCc2cnc3ncncc3n2)cc1,778,1,1,0,1,1,1,1,0,1,1,1,1,0,0,1,1,1,1,1,1,1,1,1,1,1,1,1
COC1=C2C(=CC3=C1OC=C3)C=CC(=O)O2,COc1c2occc2cc2ccc(=O)oc12,O=c1ccc2cc3ccoc3cc2o1,779,0,0,0,0,1,1,1,0,1,0,0,1,0,0,1,0,1,0,1,0,1,0,0,1,1,1,1
C(C1C(C(C(C(O1)O)F)O)O)O,OCC1OC(O)C(F)C(O)C1O,C1CCOCC1,780,0,1,0,0,0,0,0,0,1,0,0,1,0,0,1,0,1,0,0,0,0,0,0,0,0,0,0
CC1C(O1)P(=O)(O)O,CC1OC1P(=O)(O)O,C1CO1,781,1,1,0,0,1,1,1,0,1,1,0,1,0,0,0,1,1,0,1,1,1,1,0,1,0,1,1
C[N+]1(C2CC(CC1C3C2O3)OC(=O)C(CO)C4=CC=CC=C4)C,C[N+]1(C)C2CC(OC(=O)C(CO)c3ccccc3)CC1C1OC12,O=C(Cc1ccccc1)OC1CC2[NH2+]C(C1)C1OC21,782,0,0,0,1,0,0,1,0,1,1,0,1,0,0,0,0,1,0,0,0,1,1,0,0,1,1,0
CN1C(NC2=CC(=C(C=C2S1(=O)=O)S(=O)(=O)N)Cl)CCl,CN1C(CCl)Nc2cc(Cl)c(S(N)(=O)=O)cc2S1(=O)=O,O=S1(=O)NCNc2ccccc21,783,1,1,0,1,1,1,1,0,1,0,0,1,0,0,1,1,1,0,1,1,1,1,0,1,0,1,0
O.O.O.O.O.[O-]S(=O)(=S)[O-].[Na+].[Na+],O=S(O)(O)=S,,784,0,0,0,1,0,1,1,0,0,0,0,0,0,0,1,0,0,0,0,0,1,1,0,1,0,1,0
C(C1=C(SC(=C1C#N)N(CC(=O)[O-])CC(=O)[O-])C(=O)[O-])C(=O)[O-].[Sr+2].[Sr+2],N#Cc1c(N(CC(=O)O)CC(=O)O)sc(C(=O)O)c1CC(=O)O,c1ccsc1,785,1,0,0,0,1,1,1,1,1,0,0,1,0,0,1,1,1,0,0,1,1,0,0,1,1,1,1
CC(CC1=CC(=C(C=C1)O)O)(C(=O)O)N,CC(N)(Cc1ccc(O)c(O)c1)C(=O)O,c1ccccc1,786,1,0,0,0,1,1,1,0,1,1,0,1,1,0,1,1,1,0,1,1,1,0,0,0,1,1,1
CN(C)C1=CC2=C(C=C1)N=C3C=CC(=[N+](C)C)C=C3S2,CN(C)c1ccc2nc3ccc(=[N+](C)C)cc-3sc2c1,[N+]=c1ccc2nc3ccccc3sc-2c1,787,1,0,0,1,1,0,1,0,1,0,0,1,0,0,1,1,1,1,0,1,1,1,0,0,1,1,0
CCC(CO)NC(=O)C1CN(C2CC3=CNC4=CC=CC(=C34)C2=C1)C,CCC(CO)NC(=O)C1C=C2c3cccc4[nH]cc(c34)CC2N(C)C1,C1=C2c3cccc4[nH]cc(c34)CC2NCC1,788,0,1,0,0,0,1,1,0,1,0,0,1,0,0,1,0,1,0,0,1,1,1,1,1,1,1,1
COC(=O)C(C1CCCCN1)C2=CC=CC=C2,COC(=O)C(c1ccccc1)C1CCCCN1,c1ccc(CC2CCCCN2)cc1,789,1,1,0,1,1,1,1,1,1,1,1,1,0,0,1,1,1,1,1,1,1,1,0,1,1,1,1
CC1CC2C3CCC(C3(CC(C2C4(C1=CC(=O)C=C4)C)O)C)(C(=O)CO)O,CC1CC2C(C(O)CC3(C)C2CCC3(O)C(=O)CO)C2(C)C=CC(=O)C=C12,O=C1C=CC2C(=C1)CCC1C3CCCC3CCC21,790,1,1,0,1,1,1,1,0,1,1,0,1,1,0,1,1,1,1,1,1,1,1,0,1,1,1,1
CC12CCC(=O)C=C1CCC3C2CCC4(C3CCC4(C)O)C,CC12CCC(=O)C=C1CCC1C2CCC2(C)C1CCC2(C)O,O=C1C=C2CCC3C4CCCC4CCC3C2CC1,791,1,0,0,0,1,0,1,0,1,1,0,0,1,0,1,1,1,0,0,0,1,0,0,0,0,1,0
CCC(CO)NC(=O)C1CN(C2CC3=CN(C4=CC=CC(=C34)C2=C1)C)C,CCC(CO)NC(=O)C1C=C2c3cccc4c3c(cn4C)CC2N(C)C1,C1=C2c3cccc4[nH]cc(c34)CC2NCC1,792,0,0,0,1,1,1,1,0,0,1,0,1,0,0,1,1,1,0,0,1,1,1,0,0,1,1,1
CCN(CC)CCNC(=O)C1=CC(=C(C=C1OC)N)Cl,CCN(CC)CCNC(=O)c1cc(Cl)c(N)cc1OC,c1ccccc1,793,1,1,0,1,1,1,1,0,1,1,0,1,1,0,1,1,1,1,1,1,1,1,0,0,1,1,1
CC1NC2=CC(=C(C=C2C(=O)N1C3=CC=CC=C3C)S(=O)(=O)N)Cl,Cc1ccccc1N1C(=O)c2cc(S(N)(=O)=O)c(Cl)cc2NC1C,O=C1c2ccccc2NCN1c1ccccc1,794,1,1,0,1,1,1,1,0,1,1,0,1,0,0,1,1,1,0,0,1,1,1,0,1,1,1,0
CC(C)NCC(COC1=CC=C(C=C1)CCOC)O,COCCc1ccc(OCC(O)CNC(C)C)cc1,c1ccccc1,795,1,1,0,1,1,1,1,1,1,1,0,1,0,0,1,1,1,0,1,1,1,0,0,1,1,1,1
CC1=NC=C(N1CCO)[N+](=O)[O-],Cc1ncc([N+](=O)[O-])n1CCO,c1c[nH]cn1,796,1,1,0,1,1,1,1,0,1,1,1,1,0,0,1,1,1,0,1,1,1,1,1,1,1,1,1
CC(C)(C1=CN=CC=C1)C(=O)C2=CN=CC=C2,CC(C)(C(=O)c1cccnc1)c1cccnc1,O=C(Cc1cccnc1)c1cccnc1,797,0,0,0,0,1,0,1,0,0,0,0,1,1,0,1,1,1,0,0,0,0,0,0,0,0,1,0
CC1=C(C(=CC=C1)C)OCC(C)N,Cc1cccc(C)c1OCC(C)N,c1ccccc1,798,1,0,0,1,1,1,1,0,1,1,1,1,0,0,1,1,1,0,1,1,1,1,0,1,1,1,1
CN1CCN2C(C1)C3=CC=CC=C3CC4=CC=CC=C42,CN1CCN2c3ccccc3Cc3ccccc3C2C1,c1ccc2c(c1)Cc1ccccc1N1CCNCC21,799,1,0,0,1,1,1,1,0,0,1,0,1,0,0,1,1,1,0,0,1,1,0,0,1,1,1,1
C1=CC(=C(C=C1Cl)Cl)COC(CN2C=CN=C2)C3=C(C=C(C=C3)Cl)Cl,Clc1ccc(COC(Cn2ccnc2)c2ccc(Cl)cc2Cl)c(Cl)c1,c1ccc(COC(Cn2ccnc2)c2ccccc2)cc1,800,1,1,0,0,1,1,1,0,1,1,0,1,0,0,0,1,1,0,1,1,0,0,0,0,0,1,0
CC1=NC=C2N1C3=C(C=C(C=C3)Cl)C(=NC2)C4=CC=CC=C4F,Cc1ncc2n1-c1ccc(Cl)cc1C(c1ccccc1F)=NC2,c1ccc(C2=NCc3cncn3-c3ccccc32)cc1,801,0,0,0,1,1,1,1,1,1,0,0,1,0,0,1,0,1,0,1,1,1,0,0,1,1,1,1
COC1=CC(=C(C=C1)OC)C(CNC(=O)CN)O,COc1ccc(OC)c(C(O)CNC(=O)CN)c1,c1ccccc1,802,1,0,0,1,1,1,1,0,0,0,0,1,0,1,1,0,1,0,0,1,1,1,0,0,1,1,1
CC#CC1(CCC2C1(CC(C3=C4CCC(=O)C=C4CCC23)C5=CC=C(C=C5)N(C)C)C)O,CC#CC1(O)CCC2C3CCC4=CC(=O)CCC4=C3C(c3ccc(N(C)C)cc3)CC21C,O=C1C=C2CCC3C(=C2CC1)C(c1ccccc1)CC1CCCC13,803,0,1,0,0,1,1,1,1,1,1,1,1,1,0,1,0,1,0,1,1,1,0,1,0,0,1,1
CC1=C(C=C(C(=O)N1)C#N)C2=CC=NC=C2,Cc1[nH]c(=O)c(C#N)cc1-c1ccncc1,O=c1ccc(-c2ccncc2)c[nH]1,804,0,1,0,0,1,0,0,0,1,0,0,1,0,0,1,1,1,1,0,1,0,0,0,0,1,1,0
C1CCN(CC1)C2=NC(=N)N(C(=C2)N)O,N=c1nc(N2CCCCC2)cc(N)n1O,N=c1nc(N2CCCCC2)cc[nH]1,805,0,1,0,0,1,0,1,0,0,1,0,1,1,0,1,1,1,0,0,1,0,0,0,0,1,0,0
CN1CCN2C(C1)C3=CC=CC=C3CC4=C2N=CC=C4,CN1CCN2c3ncccc3Cc3ccccc3C2C1,c1ccc2c(c1)Cc1cccnc1N1CCNCC21,806,1,1,0,1,1,1,1,1,1,1,0,1,1,1,1,1,1,0,1,1,1,1,0,1,1,1,1
C1=CC=C(C(=C1)C(C2=CC=C(C=C2)Cl)C(Cl)Cl)Cl,Clc1ccc(C(c2ccccc2Cl)C(Cl)Cl)cc1,c1ccc(Cc2ccccc2)cc1,807,1,1,0,1,1,1,1,1,1,1,1,1,1,0,1,1,1,0,1,0,1,1,0,1,0,1,1
C1=CC(=C2C(=C1NCCNCCO)C(=O)C3=C(C=CC(=C3C2=O)O)O)NCCNCCO,O=C1c2c(O)ccc(O)c2C(=O)c2c(NCCNCCO)ccc(NCCNCCO)c21,O=C1c2ccccc2C(=O)c2ccccc21,808,1,1,0,1,1,1,1,0,1,1,1,1,0,0,1,1,1,0,1,1,1,1,0,0,1,1,1
CC1CCN(CC1N(C)C2=NC=NC3=C2C=CN3)C(=O)CC#N,CC1CCN(C(=O)CC#N)CC1N(C)c1ncnc2[nH]ccc12,c1nc(NC2CCCNC2)c2cc[nH]c2n1,809,1,1,0,0,1,1,1,0,0,0,1,1,0,0,1,1,1,0,1,1,1,0,0,0,0,1,0
C1COCCN1CCNC(=O)C2=CC=C(C=C2)Cl,O=C(NCCN1CCOCC1)c1ccc(Cl)cc1,O=C(NCCN1CCOCC1)c1ccccc1,810,0,1,0,1,1,1,1,0,0,1,0,1,0,0,1,0,1,0,1,1,1,1,0,1,1,1,0
C1=CC=C(C=C1)C(C2=CC=CC=C2)S(=O)CC(=O)N,NC(=O)CS(=O)C(c1ccccc1)c1ccccc1,c1ccc(Cc2ccccc2)cc1,811,1,1,0,1,1,1,1,1,1,1,0,1,0,1,1,1,1,0,1,1,1,1,0,1,1,1,1
CC1CC2C3CCC4=CC(=O)C=CC4(C3(C(CC2(C1(C(=O)CCl)OC(=O)C5=CC=CO5)C)O)Cl)C,CC1CC2C3CCC4=CC(=O)C=CC4(C)C3(Cl)C(O)CC2(C)C1(OC(=O)c1ccco1)C(=O)CCl,O=C1C=CC2C(=C1)CCC1C2CCC2C(OC(=O)c3ccco3)CCC21,812,0,1,0,1,1,1,1,0,1,1,0,1,1,0,1,0,1,0,1,1,1,0,0,1,0,1,1
C1CCN(C[C@@H](C1)N)C2=C(C=C3C(=C2Cl)N(C=C(C3=O)C(=O)O)C4CC4)F,N[C@@H]1CCCCN(c2c(F)cc3c(=O)c(C(=O)O)cn(C4CC4)c3c2Cl)C1,O=c1ccn(C2CC2)c2cc(N3CCCCCC3)ccc12,813,0,0,0,1,0,0,0,0,0,0,0,0,0,0,0,0,0,0,0,0,0,0,0,0,0,1,0
CC(C)(C1=CC=CC=C1CCC(C2=CC=CC(=C2)C=CC3=NC4=C(C=CC(=C4)Cl)C=C3)SCC5(CC5)CC(=O)O)O,CC(C)(O)c1ccccc1CCC(SCC1(CC(=O)O)CC1)c1cccc(C=Cc2ccc3ccc(Cl)cc3n2)c1,C(=Cc1ccc2ccccc2n1)c1cccc(C(CCc2ccccc2)SCC2CC2)c1,814,1,0,0,1,1,1,1,0,1,0,0,1,0,0,1,1,1,0,1,1,1,1,0,1,1,1,1
C[NH+](C)[C@H]1[C@@H]2C[C@@H]3CC4=C(C=CC(=C4C(=C3C(=O)[C@@]2(C(=O)C(=C(N)[O-])C1=O)O)[O-])O)N(C)C,CN(C)c1ccc(O)c2c1C[C@H]1C[C@H]3[C@H](N(C)C)C(=O)C(=C(N)O)C(=O)[C@@]3(O)C(=O)C1=C2O,C=C1C(=O)CC2CC3Cc4ccccc4C=C3C(=O)C2C1=O,815,1,1,0,1,1,1,1,0,1,1,1,1,0,0,1,1,1,1,1,1,1,1,0,1,1,1,1
CN1CCC23C4C1CC5=C2C(=C(C=C5)O)OC3C(C=C4)O,CN1CCC23c4c5ccc(O)c4OC2C(O)C=CC3C1C5,C1=CC2C3Cc4cccc5c4C2(CCN3)C(C1)O5,816,1,1,0,1,1,1,1,1,1,1,1,1,1,1,1,1,1,0,1,1,1,1,1,1,1,1,1
COC1=C2C(=CC(=C1N3CC4CCCNC4C3)F)C(=O)C(=CN2C5CC5)C(=O)O,COc1c(N2CC3CCCNC3C2)c(F)cc2c(=O)c(C(=O)O)cn(C3CC3)c12,O=c1ccn(C2CC2)c2cc(N3CC4CCCNC4C3)ccc12,817,1,1,0,1,1,1,1,1,1,1,1,1,0,1,1,1,1,0,1,1,1,1,0,1,1,1,1
C1CN(CCN1CCC=C2C3=CC=CC=C3SC4=C2C=C(C=C4)Cl)CCO.Cl.Cl,OCCN1CCN(CCC=C2c3ccccc3Sc3ccc(Cl)cc32)CC1,C(CCN1CCNCC1)=C1c2ccccc2Sc2ccccc21,818,1,1,0,1,1,1,1,0,1,1,0,1,1,1,1,1,1,0,1,1,1,1,1,1,1,1,1
CC(C1C(O1)CC2COC(C(C2O)O)CC(=CC(=O)OCCCCCCCCC(=O)O)C)C(C)O,CC(=CC(=O)OCCCCCCCCC(=O)O)CC1OCC(CC2OC2C(C)C(C)O)C(O)C1O,C1COCC(CC2CO2)C1,819,0,0,0,1,1,0,1,0,1,0,0,1,0,0,1,0,1,0,1,1,0,0,0,1,0,1,0
CN1CCC[C@@H]1CC2=CNC3=C2C=C(C=C3)CCS(=O)(=O)C4=CC=CC=C4,CN1CCC[C@@H]1Cc1c[nH]c2ccc(CCS(=O)(=O)c3ccccc3)cc12,O=S(=O)(CCc1ccc2[nH]cc(CC3CCCN3)c2c1)c1ccccc1,820,1,1,0,1,1,1,1,1,1,1,1,1,1,0,1,1,1,0,1,1,1,1,0,1,1,1,1
CC1C(OCCN1C)C2=CC=CC=C2,CC1C(c2ccccc2)OCCN1C,c1ccc(C2CNCCO2)cc1,821,0,1,0,1,1,0,1,0,0,0,0,0,0,0,1,0,1,0,0,1,1,1,0,0,1,1,0
CN(C)CCC1=CNC2=C1C=C(C=C2)CN3C=NC=N3.C1=CC=C(C=C1)C(=O)O,CN(C)CCc1c[nH]c2ccc(Cn3cncn3)cc12,c1ncn(Cc2ccc3[nH]ccc3c2)n1,822,0,0,0,1,0,1,1,0,1,1,0,1,0,0,1,0,1,0,0,1,1,0,0,1,1,1,1
CN(CCOC1=CC=C(C=C1)CC2C(=O)NC(=O)S2)C3=CC=CC=N3.C(=CC(=O)O)C(=O)O,CN(CCOc1ccc(CC2SC(=O)NC2=O)cc1)c1ccccn1,O=C1NC(=O)C(Cc2ccc(OCCNc3ccccn3)cc2)S1,823,1,1,0,1,1,1,1,0,1,0,0,1,0,0,1,1,1,0,1,1,0,1,0,0,1,1,1
CC1=C(C(=C(C2=C1COC2=O)O)CC=C(C)CCC(=O)OCCN3CCOCC3)OC,COc1c(C)c2c(c(O)c1CC=C(C)CCC(=O)OCCN1CCOCC1)C(=O)OC2,O=C(CCC=CCc1ccc2c(c1)C(=O)OC2)OCCN1CCOCC1,824,1,1,0,1,1,1,1,1,1,1,1,1,1,0,1,1,1,1,1,1,1,1,1,1,1,1,1
CC1=C(C(=C(C2=C1COC2=O)O)CC=C(C)CCC(=O)O)OC,COc1c(C)c2c(c(O)c1CC=C(C)CCC(=O)O)C(=O)OC2,O=C1OCc2ccccc21,825,1,1,0,1,1,1,1,1,1,1,1,1,1,0,1,1,1,1,1,1,1,1,1,1,1,1,1
CCOCCP(CCOCC)CCP(CCOCC)CCOCC,CCOCCP(CCOCC)CCP(CCOCC)CCOCC,,826,0,0,0,1,1,0,1,0,1,0,0,1,0,0,1,0,1,0,0,1,0,0,0,0,1,1,0
CC1C2CCC3(C(C2(CCC1O)C)C(CC4C3(CC(C4=C(CCC=C(C)C)C(=O)O)OC(=O)C)C)O)C,CC(=O)OC1CC2(C)C(CC(O)C3C4(C)CCC(O)C(C)C4CCC32C)C1=C(CCC=C(C)C)C(=O)O,C=C1CCC2C1CCC1C3CCCCC3CCC21,827,1,1,0,1,1,1,1,0,1,0,0,1,0,0,1,1,1,0,1,0,0,1,0,0,1,1,1
CC(=O)CC(C1=CC=CC=C1)C2=C(OC3=CC=CC=C3C2=O)[O-],CC(=O)CC(c1ccccc1)c1c(O)oc2ccccc2c1=O,O=c1c(Cc2ccccc2)coc2ccccc12,828,1,0,0,0,1,1,1,0,1,1,1,1,0,0,1,1,1,0,1,1,0,1,0,0,1,1,1
C(CN(CC(=O)O)CC(=O)O)N(CCN(CC(=O)O)CC(=O)O)CC(=O)O.[In],O=C(O)CN(CCN(CC(=O)O)CC(=O)O)CCN(CC(=O)O)CC(=O)O,,224,0,0,0,0,0,0,1,0,0,0,0,0,0,0,0,0,0,0,1,0,0,0,0,0,0,0,0
CC(CN1C2=CC=CC=C2SC3=CC=CC=C31)CN(C)C.CC(=O)[C@@H]([C@H](C(=O)C)O)O,CC(CN(C)C)CN1c2ccccc2Sc2ccccc21,c1ccc2c(c1)Nc1ccccc1S2,829,1,1,0,0,1,1,1,0,0,1,0,1,1,0,1,1,1,0,1,1,1,0,0,0,1,1,1
CCO/N=C(/C1=NSC(=N1)NP(=O)(O)[O-])\C(=O)NC2C3N(C2=O)C(=C(CS3)SC4=NC(=CS4)C5=CC=[N+](C=C5)C)C(=O)O,CCO/N=C(\C(=O)NC1C(=O)N2C(C(=O)O)=C(Sc3nc(-c4cc[n+](C)cc4)cs3)CSC12)c1nsc(NP(=O)([O-])O)n1,N=C(C(=O)NC1C(=O)N2C=C(Sc3nc(-c4cc[nH+]cc4)cs3)CSC12)c1ncsn1,830,1,1,0,0,1,0,1,0,1,0,0,1,0,0,1,1,1,0,1,0,0,1,0,0,1,1,1
C[C@H](C1=CC(=CC(=C1)C(F)(F)F)C(F)(F)F)O[C@@H]2[C@@H](N(CCO2)CC3=NC(=O)N(N3)P(=O)([O-])[O-])C4=CC=C(C=C4)F.C[NH2+]C[C@@H]([C@H]([C@@H]([C@@H](CO)O)O)O)O.C[NH2+]C[C@@H]([C@H]([C@@H]([C@@H](CO)O)O)O)O,C[C@@H](O[C@H]1OCCN(Cc2nc(=O)n(P(=O)(O)O)[nH]2)[C@H]1c1ccc(F)cc1)c1cc(C(F)(F)F)cc(C(F)(F)F)c1,O=c1nc(CN2CCOC(OCc3ccccc3)C2c2ccccc2)[nH][nH]1,831,0,1,0,1,1,1,1,0,1,1,1,1,0,0,1,1,1,0,1,1,1,1,0,1,1,1,1
CC1=CC2=C(NC3=CC=CC=C3N=C2S1)N4CCN(CC4)C.C1=CC=C2C(=C1)C=C(C(=C2CC3=C(C(=CC4=CC=CC=C43)C(=O)O)O)O)C(=O)O.O.O,Cc1cc2c(s1)=Nc1ccccc1NC=2N1CCN(C)CC1.O=C(O)c1cc2ccccc2c(Cc2c(O)c(C(=O)O)cc3ccccc23)c1O,c1ccc2c(Cc3cccc4ccccc34)cccc2c1.c1ccc2c(c1)N=c1sccc1=C(N1CCNCC1)N2,832,1,1,0,0,1,1,1,0,1,1,0,1,0,0,1,1,1,0,1,1,1,1,0,0,1,1,1
CC1(O[C@@H]2C[C@H]3C4CCC5=CC(=O)C=CC5([C@H]4C(CC3([C@@]2(O1)C(=O)CO)C)O)C)C,CC1(C)O[C@@H]2C[C@H]3C4CCC5=CC(=O)C=CC5(C)[C@H]4C(O)CC3(C)[C@]2(C(=O)CO)O1,O=C1C=CC2C(=C1)CCC1C2CCC2C1CC1OCOC12,833,0,1,0,0,1,0,0,0,0,0,0,1,0,0,0,0,1,0,1,1,1,0,0,0,0,1,0
C[N+]1(CC[C@]23[C@@H]4C(=O)CC[C@]2([C@H]1CC5=C3C(=C(C=C5)O)O4)O)CC6CC6.[Br-],C[N+]1(CC2CC2)CC[C@]23c4c5ccc(O)c4O[C@H]2C(=O)CC[C@@]3(O)[C@H]1C5,O=C1CCC2C3Cc4cccc5c4C2(CC[NH+]3CC2CC2)C1O5,834,0,0,0,0,0,0,1,0,0,0,0,1,0,0,0,0,1,0,0,0,0,0,0,0,0,1,0
CCC[C@@H](C(=O)C(=O)NC1CC1)NC(=O)[C@@H]2[C@H]3CCC[C@H]3CN2C(=O)[C@H](C(C)(C)C)NC(=O)[C@H](C4CCCCC4)NC(=O)C5=NC=CN=C5,CCC[C@H](NC(=O)[C@@H]1[C@H]2CCC[C@H]2CN1C(=O)[C@@H](NC(=O)[C@@H](NC(=O)c1cnccn1)C1CCCCC1)C(C)(C)C)C(=O)C(=O)NC1CC1,O=C(CNC(=O)C1C2CCCC2CN1C(=O)CNC(=O)C(NC(=O)c1cnccn1)C1CCCCC1)C(=O)NC1CC1,835,1,1,1,1,1,1,1,0,1,1,0,1,1,0,1,1,1,0,1,0,0,1,1,0,0,1,1
CN(C)CCCOC1=NN(C2=CC=CC=C21)CC3=CC=CC=C3,CN(C)CCCOc1nn(Cc2ccccc2)c2ccccc12,c1ccc(Cn2ncc3ccccc32)cc1,836,0,0,0,0,0,0,1,0,0,0,0,1,0,0,0,0,0,0,0,1,0,0,0,0,0,1,0
CCCCCCCCCCCCCCCCCC(=O)O.CC[C@@H]1[C@@]([C@@H]([C@H](C(=O)[C@@H](C[C@@]([C@@H]([C@H]([C@@H]([C@H](C(=O)O1)C)O[C@H]2C[C@@]([C@H]([C@@H](O2)C)O)(C)OC)C)O[C@H]3[C@@H]([C@H](C[C@H](O3)C)N(C)C)O)(C)O)C)C)O)(C)O,CCCCCCCCCCCCCCCCCC(=O)O.CC[C@H]1OC(=O)[C@H](C)[C@@H](O[C@H]2C[C@@](C)(OC)[C@@H](O)[C@H](C)O2)[C@H](C)[C@@H](O[C@@H]2O[C@H](C)C[C@H](N(C)C)[C@H]2O)[C@](C)(O)C[C@@H](C)C(=O)[C@H](C)[C@@H](O)[C@]1(C)O,O=C1CCCCOC(=O)CC(OC2CCCCO2)CC(OC2CCCCO2)CCC1,837,1,1,0,0,1,0,1,0,1,0,0,1,0,0,0,0,1,0,1,0,1,1,0,1,1,1,1
C1CNC[C@@H]1N2CC/C(=C\C3=C(N4[C@@H]([C@@H](C4=O)NC(=O)/C(=C\5/NSC(=N5)N)/N=O)SC3)C(=O)O)/C2=O,NC1=N/C(=C(/N=O)C(=O)N[C@@H]2C(=O)N3C(C(=O)O)=C(/C=C4\CCN([C@@H]5CCNC5)C4=O)CS[C@H]23)NS1,O=C(C=C1N=CSN1)NC1C(=O)N2C=C(C=C3CCN(C4CCNC4)C3=O)CSC12,838,0,1,0,0,1,1,1,0,1,1,0,1,0,0,1,1,1,0,1,1,1,1,0,0,0,1,1
[H+].[H+].[H+].CC1=NC=C(C(=C1[O-])CN(CCN(CC2=C(C(=NC=C2COP(=O)([O-])[O-])C)[O-])CC(=O)[O-])CC(=O)[O-])COP(=O)([O-])[O-].[Na+].[Na+].[Na+].[Mn+2],Cc1ncc(COP(=O)(O)O)c(CN(CCN(CC(=O)O)Cc2c(COP(=O)(O)O)cnc(C)c2O)CC(=O)O)c1O,c1cc(CNCCNCc2ccncc2)ccn1,839,0,0,0,0,1,0,1,0,1,1,1,1,0,0,1,0,1,0,1,0,0,0,0,0,1,1,0
CCC(C)[C@@H]1[C@H](CC[C@@]2(O1)CC3C[C@H](O2)C/C=C(/[C@H]([C@H](/C=C/C=C/4\CO[C@H]5[C@@]4([C@@H](C=C([C@H]5O)C)C(=O)O3)O)C)O[C@H]6C[C@@H]([C@H]([C@@H](O6)C)OC7C[C@@H]([C@H]([C@@H](O7)C)O)OC)OC)\C)C.C[C@H]1CC[C@]2(CC3C[C@H](O2)C/C=C(/[C@H]([C@H](/C=C/C=C/4\CO[C@H]5[C@@]4([C@@H](C=C([C@H]5O)C)C(=O)O3)O)C)O[C@H]6C[C@@H]([C@H]([C@@H](O6)C)OC7C[C@@H]([C@H]([C@@H](O7)C)O)OC)OC)\C)O[C@@H]1C(C)C,CCC(C)[C@H]1O[C@]2(CC[C@@H]1C)CC1C[C@@H](C/C=C(\C)[C@@H](O[C@H]3C[C@H](OC)[C@@H](OC4C[C@H](OC)[C@@H](O)[C@H](C)O4)[C@H](C)O3)[C@@H](C)/C=C/C=C3\CO[C@@H]4[C@H](O)C(C)=C[C@@H](C(=O)O1)[C@]34O)O2.CO[C@H]1CC(O[C@H]2[C@H](C)O[C@@H](O[C@@H]3/C(C)=C/C[C@@H]4CC(C[C@]5(CC[C@H](C)[C@@H](C(C)C)O5)O4)OC(=O)[C@@H]4C=C(C)[C@@H](O)[C@H]5OC/C(=C\C=C\[C@@H]3C)[C@]54O)C[C@@H]2OC)O[C@@H](C)[C@@H]1O,O=C1OC2CC(CC=CC(OC3CCC(OC4CCCCO4)CO3)CC=CC=C3COC4CC=CC1C34)OC1(CCCCO1)C2.O=C1OC2CC(CC=CC(OC3CCC(OC4CCCCO4)CO3)CC=CC=C3COC4CC=CC1C34)OC1(CCCCO1)C2,840,1,1,0,1,1,1,1,0,1,1,0,1,0,0,1,1,1,0,1,1,1,1,0,1,1,1,1
CCCCCCCCCCNCC=C.C[N+](C)(C)CCCCCCNCC=C.C=CCN.C1C(O1)CCl.Cl.[Cl-],C=CCNCCCCCCCCCC,,841,0,1,0,0,1,1,1,0,1,0,0,1,0,0,1,0,1,0,1,1,0,0,0,0,1,1,1
C1[C@H]([C@@H]2[C@H](O1)[C@H](CO2)O)O,O[C@@H]1CO[C@H]2[C@@H]1OC[C@@H]2O,C1CC2OCCC2O1,842,0,1,0,1,1,1,1,1,1,1,0,1,0,0,1,1,1,0,1,1,1,1,0,1,1,1,0
CC(=O)OC1=CC2=C(S1)CCN(C2)C(C3=CC=CC=C3F)C(=O)C4CC4,CC(=O)Oc1cc2c(s1)CCN(C(C(=O)C1CC1)c1ccccc1F)C2,O=C(C1CC1)C(c1ccccc1)N1CCc2sccc2C1,843,0,1,0,1,1,1,1,0,1,0,1,1,0,1,1,1,1,0,0,1,0,1,0,0,1,1,1
CC(=O)CCC1=CC2=C(C=C1)C=C(C=C2)OC,COc1ccc2cc(CCC(C)=O)ccc2c1,c1ccc2ccccc2c1,844,1,1,0,1,1,0,1,0,1,1,0,1,0,0,1,1,1,1,1,1,1,1,0,1,1,1,0
CC(C)(C)NCC(COC1=CC=CC2=C1CC(C(C2)O)O)O,CC(C)(C)NCC(O)COc1cccc2c1CC(O)C(O)C2,c1ccc2c(c1)CCCC2,845,0,1,0,1,1,0,1,0,0,1,0,1,0,0,1,1,1,0,1,1,1,0,0,1,1,1,0
C[C@@H]1CC[C@@]23CCC(=O)[C@H]2[C@@]1([C@@H](C[C@@]([C@H]([C@@H]3C)O)(C)C=C)OC(=O)CSC4C[C@H]5CC[C@@H](C4)N5C)C,C=C[C@]1(C)C[C@@H](OC(=O)CSC2C[C@H]3CC[C@@H](C2)N3C)[C@]2(C)[C@H](C)CC[C@]3(CCC(=O)[C@H]32)[C@@H](C)[C@@H]1O,O=C(CSC1CC2CCC(C1)N2)OC1CCCCC23CCCC1C2C(=O)CC3,846,0,0,0,0,1,0,1,0,1,0,0,1,0,0,0,0,1,0,1,0,0,0,0,0,0,1,0
C1CC(C1)CN2CCC34C5C(CCC3(C2CC6=C4C(=C(C=C6)O)O5)O)O,Oc1ccc2c3c1OC1C(O)CCC4(O)C(C2)N(CC2CCC2)CCC314,c1cc2c3c(c1)OC1CCCC4C(C2)N(CC2CCC2)CCC314,847,0,0,0,1,1,1,1,0,1,0,0,1,0,0,1,0,1,0,0,1,1,1,1,1,1,1,1
CCN1C=C(C(=O)C2=C1N=C(C=C2)C)C(=O)O,CCn1cc(C(=O)O)c(=O)c2ccc(C)nc21,O=c1cc[nH]c2ncccc12,848,1,1,0,1,0,1,1,0,1,0,0,1,0,0,0,1,1,1,0,0,1,0,0,1,0,1,1
C=C1CCC2(C3CC4=C5C2(C1OC5=C(C=C4)O)CCN3CC6CC6)O,C=C1CCC2(O)C3Cc4ccc(O)c5c4C2(CCN3CC2CC2)C1O5,C=C1CCC2C3Cc4cccc5c4C2(CCN3CC2CC2)C1O5,849,1,1,0,0,1,1,1,0,0,0,0,1,0,0,1,0,1,0,1,0,1,1,0,0,1,1,1
C=CCN1CCC23C4C(=O)CCC2(C1CC5=C3C(=C(C=C5)O)O4)O,C=CCN1CCC23c4c5ccc(O)c4OC2C(=O)CCC3(O)C1C5,O=C1CCC2C3Cc4cccc5c4C2(CCN3)C1O5,850,0,0,0,0,1,0,1,0,0,1,0,1,0,0,1,0,1,0,1,1,1,0,0,0,1,1,1
C1CC1CN2CCC34C5C(=O)CCC3(C2CC6=C4C(=C(C=C6)O)O5)O,O=C1CCC2(O)C3Cc4ccc(O)c5c4C2(CCN3CC2CC2)C1O5,O=C1CCC2C3Cc4cccc5c4C2(CCN3CC2CC2)C1O5,851,1,1,0,1,1,1,1,1,1,1,0,1,0,0,1,1,1,0,1,1,1,0,1,1,1,1,1
CCCCCCCCCC(=O)OC1CCC2C1(CCC3C2CCC4=CC(=O)CCC34)C,CCCCCCCCCC(=O)OC1CCC2C3CCC4=CC(=O)CCC4C3CCC12C,O=C1C=C2CCC3C4CCCC4CCC3C2CC1,852,1,1,0,0,1,1,1,0,0,1,0,1,1,0,1,0,1,0,1,1,1,0,0,0,0,0,1
C1CN=C(N1)CC2=CC=CC3=CC=CC=C32,c1ccc2c(CC3=NCCN3)cccc2c1,c1ccc2c(CC3=NCCN3)cccc2c1,853,0,1,0,1,1,0,1,0,0,0,0,1,0,0,1,0,1,0,1,0,1,0,0,0,0,1,1
CNS(=O)(=O)CCC1=CC2=C(C=C1)NC=C2C3CCN(CC3)C,CNS(=O)(=O)CCc1ccc2[nH]cc(C3CCN(C)CC3)c2c1,c1ccc2c(C3CCNCC3)c[nH]c2c1,854,0,1,0,1,1,1,1,0,1,1,1,1,1,0,1,1,1,0,1,1,1,1,0,1,1,1,1
CC(C)C1CCC(CC1)C(=O)NC(CC2=CC=CC=C2)C(=O)O,CC(C)C1CCC(C(=O)NC(Cc2ccccc2)C(=O)O)CC1,O=C(NCCc1ccccc1)C1CCCCC1,855,1,1,0,0,1,1,1,0,1,0,0,1,0,0,0,0,1,0,1,1,0,1,0,0,1,1,1
CCC1=NN(C(=O)N1CCOC2=CC=CC=C2)CCCN3CCN(CC3)C4=CC(=CC=C4)Cl,CCc1nn(CCCN2CCN(c3cccc(Cl)c3)CC2)c(=O)n1CCOc1ccccc1,O=c1n(CCOc2ccccc2)cnn1CCCN1CCN(c2ccccc2)CC1,856,1,1,0,1,1,1,1,1,1,1,1,1,0,1,1,1,1,0,1,1,1,1,0,1,1,1,1
CN1CCOC(C2=CC=CC=C2C1)C3=CC=CC=C3,CN1CCOC(c2ccccc2)c2ccccc2C1,c1ccc(C2OCCNCc3ccccc32)cc1,857,0,0,0,1,0,0,1,0,1,0,0,1,0,0,0,0,1,0,0,0,1,1,0,0,1,1,0
CC1=C(C=CC=C1O)C(=O)NC(CSC2=CC=CC=C2)C(CN3CC4CCCCC4CC3C(=O)NC(C)(C)C)O,Cc1c(O)cccc1C(=O)NC(CSc1ccccc1)C(O)CN1CC2CCCCC2CC1C(=O)NC(C)(C)C,O=C(NC(CCN1CCC2CCCCC2C1)CSc1ccccc1)c1ccccc1,858,1,1,0,1,1,1,1,0,1,1,0,1,0,0,1,1,1,0,1,1,1,1,0,0,1,1,1
C1C(C(C(C(C1N)OC2C(C(C(C(O2)CN)O)O)N)OC3C(C(C(O3)CO)OC4C(C(C(C(O4)CN)O)O)N)O)O)N,NCC1OC(OC2C(CO)OC(OC3C(O)C(N)CC(N)C3OC3OC(CN)C(O)C(O)C3N)C2O)C(N)C(O)C1O,C1CCC(OC2COC(OC3CCCCC3OC3CCCCO3)C2)OC1,859,0,0,0,1,0,0,1,0,1,0,0,1,0,0,0,0,1,0,1,0,0,1,0,1,0,0,1
COC(=O)C=CC(=O)O,COC(=O)C=CC(=O)O,,860,0,0,0,0,1,0,1,0,0,0,0,0,0,0,1,1,1,0,0,0,0,0,0,0,0,0,0
CN(C)C(=O)OC1=CC=CC(=C1)[N+](C)(C)C,CN(C)C(=O)Oc1cccc([N+](C)(C)C)c1,c1ccccc1,861,0,0,0,1,1,1,1,0,1,0,0,1,0,0,1,0,1,0,0,1,1,1,0,0,1,1,1
CC1=C2C(=NC=C1)N(C3=C(C=CC=N3)C(=O)N2)C4CC4,Cc1ccnc2c1NC(=O)c1cccnc1N2C1CC1,O=C1Nc2cccnc2N(C2CC2)c2ncccc21,862,1,1,0,0,1,1,1,0,1,1,0,1,1,1,0,1,1,1,1,0,0,1,0,0,0,1,1
CC1=C(C(C(=C(N1)C)C(=O)OCC[NH+](C)CC2=CC=CC=C2)C3=CC(=CC=C3)[N+](=O)[O-])C(=O)OC,COC(=O)C1=C(C)NC(C)=C(C(=O)OCCN(C)Cc2ccccc2)C1c1cccc([N+](=O)[O-])c1,O=C(OCCNCc1ccccc1)C1=CNC=CC1c1ccccc1,863,0,1,0,1,1,1,1,0,1,1,0,1,0,1,1,1,1,0,1,1,1,1,0,1,1,1,0
CC1=C(C(C(=C(N1)C)C(=O)OC)C2=CC=CC=C2[N+](=O)[O-])C(=O)OC,COC(=O)C1=C(C)NC(C)=C(C(=O)OC)C1c1ccccc1[N+](=O)[O-],C1=CC(c2ccccc2)C=CN1,864,1,1,0,1,1,1,1,1,1,1,0,1,0,1,1,1,1,0,1,1,1,1,0,1,1,1,1
CC1(C(=O)N(C(=O)N1)C2=CC(=C(C=C2)[N+](=O)[O-])C(F)(F)F)C,CC1(C)NC(=O)N(c2ccc([N+](=O)[O-])c(C(F)(F)F)c2)C1=O,O=C1CNC(=O)N1c1ccccc1,865,0,1,0,1,1,1,1,0,0,1,0,1,0,0,1,1,1,0,1,1,1,1,0,0,1,1,0
C1=NC2=C(N1[C@H]3[C@H]([C@@H]([C@H](O3)CO)O)F)N=C(N=C2N)Cl,Nc1nc(Cl)nc2c1ncn2[C@@H]1O[C@H](CO)[C@@H](O)[C@@H]1F,c1ncc2ncn(C3CCCO3)c2n1,866,1,1,0,0,1,1,1,0,1,1,1,1,0,0,1,1,1,0,1,1,1,1,0,1,1,1,1
C1[C@@H]2C[C@@H]2N([C@@H]1C#N)C(=O)[C@H](C34C[C@H]5C[C@@H](C3)CC(C5)(C4)O)N.C(=O)(C(F)(F)F)O,N#C[C@@H]1C[C@@H]2C[C@@H]2N1C(=O)[C@@H](N)C12C[C@@H]3C[C@@H](CC(O)(C3)C1)C2,O=C(CC12CC3CC(CC(C3)C1)C2)N1CCC2CC21,867,0,1,0,0,1,1,1,0,1,1,0,1,0,0,0,1,1,0,1,0,0,1,0,0,0,1,1
CC1=C(C(C(=C(N1)C)C(=O)OC(C)C)C2=CC(=CC=C2)[N+](=O)[O-])C(=O)OCCOC,COCCOC(=O)C1=C(C)NC(C)=C(C(=O)OC(C)C)C1c1cccc([N+](=O)[O-])c1,C1=CC(c2ccccc2)C=CN1,868,1,1,0,0,1,1,1,0,1,0,0,1,0,0,1,1,1,0,0,1,1,0,0,0,1,1,0
CC1=C(C(C(=C(N1)C)C(=O)OCC(C)C)C2=CC=CC=C2[N+](=O)[O-])C(=O)OC,COC(=O)C1=C(C)NC(C)=C(C(=O)OCC(C)C)C1c1ccccc1[N+](=O)[O-],C1=CC(c2ccccc2)C=CN1,869,1,1,0,1,1,1,1,1,1,1,0,1,1,1,1,1,1,0,1,1,1,1,0,1,1,1,1
C1=CC(=CC=C1C(=O)NCCC(=O)O)N/N=C/2\C=CC(=O)C(=C2)C(=O)O,O=C(O)CCNC(=O)c1ccc(N/N=C2\C=CC(=O)C(C(=O)O)=C2)cc1,O=C1C=CC(=NNc2ccccc2)C=C1,870,1,1,0,0,1,1,1,0,0,1,0,1,0,0,1,1,1,0,1,1,1,1,0,0,1,1,1
C1C(=O)NC2=C(C=C(C=C2)[N+](=O)[O-])C(=N1)C3=CC=CC=C3,O=C1CN=C(c2ccccc2)c2cc([N+](=O)[O-])ccc2N1,O=C1CN=C(c2ccccc2)c2ccccc2N1,871,1,0,0,1,1,1,1,1,1,0,0,1,0,0,1,1,1,1,1,1,1,1,1,1,1,1,1
C1C(=O)NC(=O)N1N=CC2=CC=C(O2)[N+](=O)[O-],O=C1CN(N=Cc2ccc([N+](=O)[O-])o2)C(=O)N1,O=C1CN(N=Cc2ccco2)C(=O)N1,872,1,1,0,1,1,1,1,0,1,0,0,1,0,0,1,1,1,1,1,1,1,1,0,1,1,1,0
C(C(CO[N+](=O)[O-])O[N+](=O)[O-])O[N+](=O)[O-],O=[N+]([O-])OCC(CO[N+](=O)[O-])O[N+](=O)[O-],,873,0,1,0,1,1,0,1,1,1,1,0,1,0,1,1,1,1,1,1,1,1,1,0,1,1,1,1
CNC(=C[N+](=O)[O-])NCCSCC1=CSC(=N1)CN(C)C,CNC(=C[N+](=O)[O-])NCCSCc1csc(CN(C)C)n1,c1cscn1,874,1,1,0,1,1,1,1,0,1,1,0,1,0,0,1,1,1,0,1,1,1,1,0,0,1,1,1
CN\1C=CC=C/C1=C\[NH+]=O,CN1C=CC=C/C1=C\N=O,C=C1C=CC=CN1,875,0,0,0,1,1,1,1,0,0,0,0,1,0,0,1,0,0,0,0,1,1,0,0,0,1,1,0
CC1(C(NC(S1)C(C(=O)NCCCCCC(=O)O)NC(=O)CC2=CC=CC=C2)C(=O)O)C,CC1(C)SC(C(NC(=O)Cc2ccccc2)C(=O)NCCCCCC(=O)O)NC1C(=O)O,O=C(Cc1ccccc1)NCC1NCCS1,876,0,0,0,0,0,0,0,0,1,0,0,0,0,0,1,0,1,0,0,1,0,0,0,0,0,0,0
CC12CCC3C(C1CCC2(C#C)O)CCC4=CC(=O)CCC34,C#CC1(O)CCC2C3CCC4=CC(=O)CCC4C3CCC21C,O=C1C=C2CCC3C4CCCC4CCC3C2CC1,877,1,0,0,1,1,1,1,1,1,1,1,1,1,0,1,0,1,0,0,1,1,1,1,0,1,1,1
CCN1C=C(C(=O)C2=CC(=C(C=C21)N3CCNCC3)F)C(=O)O,CCn1cc(C(=O)O)c(=O)c2cc(F)c(N3CCNCC3)cc21,O=c1cc[nH]c2cc(N3CCNCC3)ccc12,878,1,1,0,1,1,1,1,0,1,1,0,1,0,0,1,1,1,1,1,1,1,1,0,1,1,1,1
CCC12CCC3C(C1CCC2(C#C)O)CCC4=CC(=O)CCC34,C#CC1(O)CCC2C3CCC4=CC(=O)CCC4C3CCC21CC,O=C1C=C2CCC3C4CCCC4CCC3C2CC1,879,0,1,1,1,1,1,1,0,1,1,1,1,1,0,1,1,1,0,1,1,1,1,1,1,1,1,1
CNCCC=C1C2=CC=CC=C2CCC3=CC=CC=C31,CNCCC=C1c2ccccc2CCc2ccccc21,C=C1c2ccccc2CCc2ccccc21,880,1,1,0,1,1,0,1,0,1,1,0,1,1,0,1,1,1,0,1,1,1,1,0,1,1,1,1
CCOC1=C(C=CC(=C1)CC(=O)NC(CC(C)C)C2=CC=CC=C2N3CCCCC3)C(=O)O,CCOc1cc(CC(=O)NC(CC(C)C)c2ccccc2N2CCCCC2)ccc1C(=O)O,O=C(Cc1ccccc1)NCc1ccccc1N1CCCCC1,881,1,1,0,1,1,1,1,0,1,0,0,1,0,0,1,1,1,0,1,0,0,0,0,0,1,1,0
C1[C@H](CN2[C@@H]1C(=O)N[C@H](C(=O)N[C@@H](C(=O)N[C@H](C(=O)N[C@H](C(=O)N[C@H](C2=O)CC3=CC=CC=C3)CC4=CC=C(C=C4)OCC5=CC=CC=C5)CCCCN)CC6=CNC7=CC=CC=C76)C8=CC=CC=C8)OC(=O)NCCN,NCCCC[C@@H]1NC(=O)[C@@H](Cc2c[nH]c3ccccc23)NC(=O)[C@H](c2ccccc2)NC(=O)[C@@H]2C[C@@H](OC(=O)NCCN)CN2C(=O)[C@H](Cc2ccccc2)NC(=O)[C@H](Cc2ccc(OCc3ccccc3)cc2)NC1=O,O=C1CNC(=O)C(Cc2c[nH]c3ccccc23)NC(=O)C(c2ccccc2)NC(=O)C2CCCN2C(=O)C(Cc2ccccc2)NC(=O)C(Cc2ccc(OCc3ccccc3)cc2)N1,882,1,1,0,0,1,1,1,0,0,0,0,1,1,0,1,1,1,0,1,0,1,0,0,1,1,1,0
C1=CC=C(C=C1)CCCC(=O)OCC(COC(=O)CCCC2=CC=CC=C2)OC(=O)CCCC3=CC=CC=C3,O=C(CCCc1ccccc1)OCC(COC(=O)CCCc1ccccc1)OC(=O)CCCc1ccccc1,O=C(CCCc1ccccc1)OCC(COC(=O)CCCc1ccccc1)OC(=O)CCCc1ccccc1,883,0,1,0,0,1,0,1,0,0,0,0,1,0,0,0,0,1,0,0,0,0,0,0,0,0,1,0
CC1C=CC=CCCC=CC=CC=CC=CC(CC2C(C(CC(O2)(CC(C(CCC(CC(CC(CC(=O)OC(C(C1O)C)C)O)O)O)O)O)O)O)C(=O)O)OC3C(C(C(C(O3)C)O)N)O,CC1C=CC=CCCC=CC=CC=CC=CC(OC2OC(C)C(O)C(N)C2O)CC2OC(O)(CC(O)C(O)CCC(O)CC(O)CC(O)CC(=O)OC(C)C(C)C1O)CC(O)C2C(=O)O,O=C1CCCCCCCCCCCC2CCCC(CC(OC3CCCCO3)C=CC=CC=CC=CCCC=CC=CCCCCO1)O2,884,0,0,0,0,0,1,1,0,1,0,0,1,0,0,0,0,1,0,0,1,0,0,0,0,1,0,0
CC(=C(C#N)C(=O)NC1=CC=C(C=C1)C(F)(F)F)O,CC(O)=C(C#N)C(=O)Nc1ccc(C(F)(F)F)cc1,c1ccccc1,885,1,1,0,1,1,1,1,0,1,1,0,1,0,0,1,1,1,0,1,1,1,1,0,0,1,1,1
CC1(C2C(C3C(C(=O)C(=C(N)[O-])C(=O)C3(C(=O)C2=C(C4=C1C=CC=C4O)O)O)N(C)C)O)O.CC1(C2C(C3C(C(=O)C(=C(N)[O-])C(=O)C3(C(=O)C2=C(C4=C1C=CC=C4O)O)O)N(C)C)O)O.[Ca+2],CN(C)C1C(=O)C(=C(N)O)C(=O)C2(O)C(=O)C3=C(O)c4c(O)cccc4C(C)(O)C3C(O)C12,C=C1C(=O)CC2CC3Cc4ccccc4C=C3C(=O)C2C1=O,886,0,1,0,0,0,1,1,0,1,1,0,0,0,0,0,1,1,0,0,0,0,1,0,0,1,1,0
CC1=CC(=C(C=C1)SC2=CC=CC=C2N3CCNCC3)C,Cc1ccc(Sc2ccccc2N2CCNCC2)c(C)c1,c1ccc(Sc2ccccc2N2CCNCC2)cc1,887,0,1,0,0,0,0,1,0,1,1,0,0,0,0,1,1,1,0,1,1,1,0,0,1,0,1,0
CC1COC2=C3N1C=C(C(=O)C3=CC(=C2N4CCN(CC4)C)F)C(=O)O,CC1COc2c(N3CCN(C)CC3)c(F)cc3c(=O)c(C(=O)O)cn1c23,O=c1ccn2c3c(c(N4CCNCC4)ccc13)OCC2,888,1,1,0,1,1,1,1,0,1,1,1,1,0,1,1,1,1,1,1,1,1,1,0,1,1,1,1
CC1=CC2=C(NC3=CC=CC=C3N=C2S1)N4CCN(CC4)C,Cc1cc2c(s1)=Nc1ccccc1NC=2N1CCN(C)CC1,c1ccc2c(c1)N=c1sccc1=C(N1CCNCC1)N2,889,1,1,0,1,1,1,1,1,1,1,1,1,1,1,1,1,1,0,1,1,1,1,1,1,1,1,1
C1=CC=C(C=C1)NS(=O)(=O)C2=CC=CC(=C2)/C=C/C(=O)NO,O=C(/C=C/c1cccc(S(=O)(=O)Nc2ccccc2)c1)NO,O=S(=O)(Nc1ccccc1)c1ccccc1,890,1,1,0,0,1,0,1,0,0,0,1,1,0,0,1,1,1,0,1,1,0,0,0,0,1,1,1
CC1=CN=C(C(=C1OC)C)CS(=O)C2=NC3=C(N2)C=C(C=C3)OC,COc1ccc2nc(S(=O)Cc3ncc(C)c(OC)c3C)[nH]c2c1,O=S(Cc1ccccn1)c1nc2ccccc2[nH]1,891,1,1,0,1,1,1,1,0,1,1,1,1,1,0,1,1,1,0,1,1,1,1,0,1,1,1,1
CC1=NC=CN1CC2CCC3=C(C2=O)C4=CC=CC=C4N3C,Cc1nccn1CC1CCc2c(c3ccccc3n2C)C1=O,O=C1c2c([nH]c3ccccc23)CCC1Cn1ccnc1,892,1,1,0,1,1,1,1,0,1,1,1,1,0,0,1,0,1,0,1,1,1,1,0,1,1,1,1
CCCCCCCCCCCC(CC1C(C(=O)O1)CCCCCC)OC(=O)C(CC(C)C)NC=O,CCCCCCCCCCCC(CC1OC(=O)C1CCCCCC)OC(=O)C(CC(C)C)NC=O,O=C1CCO1,893,1,1,0,1,1,1,1,0,1,1,1,1,1,0,1,1,1,0,1,1,1,1,0,1,1,1,1
CC1=CC=CC=C1C(C2=CC=CC=C2)OCCN(C)C,Cc1ccccc1C(OCCN(C)C)c1ccccc1,c1ccc(Cc2ccccc2)cc1,894,0,0,0,1,0,0,1,0,1,0,0,1,0,0,0,1,1,0,0,0,1,1,0,0,1,1,0
CCC(CC)OC1C=C(CC(C1NC(=O)C)N)C(=O)OCC,CCOC(=O)C1=CC(OC(CC)CC)C(NC(C)=O)C(N)C1,C1=CCCCC1,895,1,1,0,1,1,1,1,0,1,1,0,1,0,0,0,1,1,0,1,1,1,0,0,1,1,1,1
C1=CC=NC(=C1)NS(=O)(=O)C2=CC=C(C=C2)N/N=C/3\C=CC(=O)C(=C3)C(=O)O,O=C(O)C1=C/C(=N/Nc2ccc(S(=O)(=O)Nc3ccccn3)cc2)C=CC1=O,O=C1C=CC(=NNc2ccc(S(=O)(=O)Nc3ccccn3)cc2)C=C1,896,1,1,0,1,1,1,1,0,1,1,1,1,1,0,1,1,1,1,1,1,1,1,0,1,1,1,1
CC1=C(C(=NO1)C2=CC=CC=C2)C(=O)NC3C4N(C3=O)C(C(S4)(C)C)C(=O)[O-],Cc1onc(-c2ccccc2)c1C(=O)NC1C(=O)N2C1SC(C)(C)C2C(=O)O,O=C(NC1C(=O)N2CCSC12)c1conc1-c1ccccc1,897,1,0,0,0,1,1,1,0,1,0,0,1,0,0,1,1,1,0,1,1,0,1,0,0,0,0,0
C1CCC(C(C1)[NH-])[NH-].C(=O)(C(=O)O)O.[Pt+2],NC1CCCCC1N,C1CCCCC1,898,1,1,0,1,1,1,1,0,1,1,1,1,0,0,1,1,1,0,1,1,1,1,0,1,1,1,1
CCNC1CC(S(=O)(=O)C2=C1C=C(S2)S(=O)(=O)N)C,CCNC1CC(C)S(=O)(=O)c2sc(S(N)(=O)=O)cc21,O=S1(=O)CCCc2ccsc21,899,1,1,1,1,1,1,1,0,1,1,0,1,0,1,1,1,1,0,1,1,1,1,0,1,1,1,1
C1=CC=C(C=C1)C2=C(OC(=N2)CCC(=O)O)C3=CC=CC=C3,O=C(O)CCc1nc(-c2ccccc2)c(-c2ccccc2)o1,c1ccc(-c2ncoc2-c2ccccc2)cc1,900,1,1,0,1,1,0,1,0,1,0,0,1,0,0,1,1,1,0,1,1,1,1,0,1,1,1,1
C1=CC=C(C=C1)C2=NC(C(=O)NC3=C2C=C(C=C3)Cl)O,O=C1Nc2ccc(Cl)cc2C(c2ccccc2)=NC1O,O=C1CN=C(c2ccccc2)c2ccccc2N1,901,1,0,0,1,1,0,1,0,1,1,0,1,0,0,1,1,1,0,0,0,1,1,0,1,0,1,0
C/C=C(/C)\C(=O)O[C@H]1C(=C[C@@]23[C@@]1([C@@H](C(=C[C@H](C2=O)[C@H]4[C@H](C4(C)C)C[C@H]3C)CO)O)O)C,C/C=C(/C)C(=O)O[C@H]1C(C)=C[C@]23C(=O)[C@@H](C=C(CO)[C@@H](O)[C@]12O)[C@H]1[C@@H](C[C@H]3C)C1(C)C,O=C1C2C=CCC3CC=CC13CCC1CC12,902,0,0,0,1,0,0,0,0,0,0,0,1,0,0,0,0,1,0,1,0,0,0,0,0,0,1,0
C1=CC(=C(C=C1Cl)Cl)CON=C(CN2C=CN=C2)C3=C(C=C(C=C3)Cl)Cl,Clc1ccc(CON=C(Cn2ccnc2)c2ccc(Cl)cc2Cl)c(Cl)c1,c1ccc(CON=C(Cn2ccnc2)c2ccccc2)cc1,903,0,0,0,0,0,0,0,0,0,0,0,1,0,0,0,0,1,0,1,0,0,0,0,0,0,1,0
CCCCN(CCCC)CCC(C1=C2C=CC(=CC2=C3C=C(C=C(C3=C1)Cl)Cl)C(F)(F)F)O.Cl,CCCCN(CCCC)CCC(O)c1cc2c(Cl)cc(Cl)cc2c2cc(C(F)(F)F)ccc12,c1ccc2c(c1)ccc1ccccc12,904,0,1,0,1,1,1,1,1,1,0,0,1,0,0,1,1,1,0,0,1,1,1,0,1,1,1,1
CC(C)NCC(COC1=CC=CC=C1OCC=C)O,C=CCOc1ccccc1OCC(O)CNC(C)C,c1ccccc1,905,0,1,0,1,0,1,1,0,1,0,0,1,0,0,1,1,1,0,0,1,1,0,0,0,1,1,0
CCN(CC)CC#CCOC(=O)C(C1CCCCC1)(C2=CC=CC=C2)O,CCN(CC)CC#CCOC(=O)C(O)(c1ccccc1)C1CCCCC1,c1ccc(CC2CCCCC2)cc1,906,0,1,0,1,1,1,1,1,1,1,0,1,0,1,1,0,1,0,1,1,1,1,0,1,1,1,1
CN1CCC23C4C(=O)CCC2(C1CC5=C3C(=C(C=C5)OC)O4)O,COc1ccc2c3c1OC1C(=O)CCC4(O)C(C2)N(C)CCC314,O=C1CCC2C3Cc4cccc5c4C2(CCN3)C1O5,907,1,1,0,1,1,1,1,1,1,1,1,1,1,1,1,1,1,0,1,1,1,1,0,1,1,1,1
CC12CCC3C(C1CCC2(C)O)CCC4C3(CC(=CO)C(=O)C4)C,CC12CC(=CO)C(=O)CC1CCC1C2CCC2(C)C1CCC2(C)O,C=C1CC2C(CCC3C4CCCC4CCC23)CC1=O,908,1,0,0,0,1,1,1,0,0,1,1,1,0,0,1,1,1,0,1,0,1,0,0,0,0,0,0
CN1CCC23C4C(=O)CCC2(C1CC5=C3C(=C(C=C5)O)O4)O,CN1CCC23c4c5ccc(O)c4OC2C(=O)CCC3(O)C1C5,O=C1CCC2C3Cc4cccc5c4C2(CCN3)C1O5,909,1,1,0,1,1,0,1,1,1,1,1,1,0,0,1,0,1,0,1,1,1,1,0,1,1,1,1
C1=CC(=C(C=C1N)O)C(=O)O,Nc1ccc(C(=O)O)c(O)c1,c1ccccc1,910,1,1,0,0,1,1,1,0,1,0,1,0,1,0,1,1,1,0,1,0,0,1,0,0,1,1,0
CCCS(=O)(=O)NC1=C(C(=C(C=C1)F)C(=O)C2=CNC3=NC=C(C=C23)C4=CC=C(C=C4)Cl)F,CCCS(=O)(=O)Nc1ccc(F)c(C(=O)c2c[nH]c3ncc(-c4ccc(Cl)cc4)cc23)c1F,O=C(c1ccccc1)c1c[nH]c2ncc(-c3ccccc3)cc12,911,1,1,0,1,1,1,1,0,1,0,1,1,0,0,1,1,1,0,1,1,0,0,0,0,1,1,1
CC1=C2C(C(=O)C3(C(CC4C(C3C(C(C2(C)C)(CC1OC(=O)C(C(C5=CC=CC=C5)NC(=O)C6=CC=CC=C6)O)O)OC(=O)C7=CC=CC=C7)(CO4)OC(=O)C)O)C)OC(=O)C,CC(=O)OC1C(=O)C2(C)C(O)CC3OCC3(OC(C)=O)C2C(OC(=O)c2ccccc2)C2(O)CC(OC(=O)C(O)C(NC(=O)c3ccccc3)c3ccccc3)C(C)=C1C2(C)C,O=C(CC(NC(=O)c1ccccc1)c1ccccc1)OC1C=C2CC(=O)C3CCC4OCC4C3C(OC(=O)c3ccccc3)C(C2)C1,912,1,1,0,1,1,1,1,1,1,1,1,1,0,0,1,1,1,1,1,1,1,1,0,1,1,1,1
C(CN)C(O)(P(=O)(O)[O-])P(=O)(O)[O-].[Na+].[Na+],NCCC(O)(P(=O)(O)O)P(=O)(O)O,,913,1,1,0,1,1,1,1,0,1,0,1,1,1,0,1,1,1,0,1,1,1,1,0,0,1,1,1
CC(=O)OC1CC2CCC3C(C2(CC1[N+]4(CCCCC4)C)C)CCC5(C3CC(C5OC(=O)C)[N+]6(CCCCC6)C)C,CC(=O)OC1CC2CCC3C(CCC4(C)C3CC([N+]3(C)CCCCC3)C4OC(C)=O)C2(C)CC1[N+]1(C)CCCCC1,C1CC[NH+](C2CCC3CCC4C5CC([NH+]6CCCCC6)CC5CCC4C3C2)CC1,914,0,0,0,0,0,1,1,0,1,0,0,1,0,1,1,0,1,0,0,1,0,0,0,0,1,1,0
CC(C)(CO)C(C(=O)NCCCO)O,CC(C)(CO)C(O)C(=O)NCCCO,,915,0,0,0,0,0,0,1,0,1,0,0,0,0,0,1,0,1,0,0,1,1,0,0,0,0,1,0
COC1=C(C(=NC=C1)CS(=O)C2=NC3=C(N2)C=C(C=C3)OC(F)F)OC,COc1ccnc(CS(=O)c2nc3ccc(OC(F)F)cc3[nH]2)c1OC,O=S(Cc1ccccn1)c1nc2ccccc2[nH]1,916,1,1,0,1,1,1,1,1,1,1,1,1,1,1,1,1,1,0,1,1,1,1,0,1,1,1,1
COC1=C(C=C(C=C1)CC2=NC=CC3=CC(=C(C=C32)OC)OC)OC,COc1ccc(Cc2nccc3cc(OC)c(OC)cc23)cc1OC,c1ccc(Cc2nccc3ccccc23)cc1,917,1,1,0,0,1,0,1,0,0,0,0,1,0,0,1,0,1,0,0,0,0,0,0,1,0,1,0
C1C(C(C(C(C1N)OC2C(C(C(C(O2)CO)O)O)N)OC3C(C(C(O3)CO)OC4C(C(C(C(O4)CN)O)O)N)O)O)N,NCC1OC(OC2C(CO)OC(OC3C(O)C(N)CC(N)C3OC3OC(CO)C(O)C(O)C3N)C2O)C(N)C(O)C1O,C1CCC(OC2COC(OC3CCCCC3OC3CCCCO3)C2)OC1,918,0,0,0,0,0,0,1,0,0,0,0,0,0,0,0,0,0,0,0,0,0,0,0,0,0,0,0
C1CNCC(C1C2=CC=C(C=C2)F)COC3=CC4=C(C=C3)OCO4,Fc1ccc(C2CCNCC2COc2ccc3c(c2)OCO3)cc1,c1ccc(C2CCNCC2COc2ccc3c(c2)OCO3)cc1,919,1,1,0,1,1,1,1,1,1,1,1,1,1,1,1,1,1,1,1,1,1,1,1,1,1,1,1
CCN(CC)C1=CC=C(C=C1)C(=C2C=CC(=[N+](CC)CC)C=C2)C3=C(C=CC(=C3)S(=O)(=O)O)S(=O)(=O)O,CCN(CC)c1ccc(C(=C2C=CC(=[N+](CC)CC)C=C2)c2cc(S(=O)(=O)O)ccc2S(=O)(=O)O)cc1,[N+]=C1C=CC(=C(c2ccccc2)c2ccccc2)C=C1,920,0,0,0,0,0,0,0,0,1,0,0,1,0,0,1,0,1,0,0,1,0,0,0,0,0,0,0
C(=O)([O-])[O-].[Na+].[Na+],O=C(O)O,,119,0,1,0,0,1,0,1,0,0,0,0,1,0,0,0,0,0,0,1,1,0,0,0,0,0,1,0
CC1=CN(C(=O)NC1=O)[C@H]2C[C@@H]([C@H](O2)CO)N=[N+]=[N-].C1[C@H](O[C@H](S1)CO)N2C=CC(=NC2=O)N,Cc1cn([C@H]2C[C@H](N=[N+]=[N-])[C@@H](CO)O2)c(=O)[nH]c1=O.Nc1ccn([C@@H]2CS[C@H](CO)O2)c(=O)n1,O=c1ccn(C2CCCO2)c(=O)[nH]1.O=c1ncccn1C1CSCO1,921,1,1,0,1,1,1,1,0,1,1,0,1,0,1,1,1,1,0,1,1,1,1,0,1,1,1,1
COC1=CC=CC=C1OCC(CO)O,COc1ccccc1OCC(O)CO,c1ccccc1,922,0,0,0,0,0,0,1,0,0,0,0,1,0,0,0,0,1,0,0,0,0,1,0,0,0,1,0
CC(C)(C)NCC(COC1=CC=CC=C1C2CCCC2)O,CC(C)(C)NCC(O)COc1ccccc1C1CCCC1,c1ccc(C2CCCC2)cc1,923,0,0,0,0,1,0,1,0,0,1,0,1,0,0,1,1,1,0,1,1,1,0,0,0,1,1,0
C1=NC2=C(N1CCC(CO)CO)NC(=NC2=O)N,Nc1nc(=O)c2ncn(CCC(CO)CO)c2[nH]1,O=c1nc[nH]c2[nH]cnc12,924,1,0,0,0,1,0,1,0,1,1,0,1,0,0,0,1,1,0,1,1,1,1,0,0,1,1,1
CC(C)(C(C(=O)O)N)S,CC(C)(S)C(N)C(=O)O,,925,1,1,0,0,1,1,1,0,1,1,1,1,1,0,1,1,1,0,0,1,1,1,0,1,0,1,1
CC1(C(N2C(S1)C(C2=O)NC(=O)COC3=CC=CC=C3)C(=O)[O-])C,CC1(C)SC2C(NC(=O)COc3ccccc3)C(=O)N2C1C(=O)O,O=C(COc1ccccc1)NC1C(=O)N2CCSC12,926,0,0,0,0,1,0,1,0,1,0,0,0,0,0,0,1,1,0,0,1,0,1,0,0,0,1,0
C1=CC(=CC=C1C(=N)N)OCCCCCOC2=CC=C(C=C2)C(=N)N,N=C(N)c1ccc(OCCCCCOc2ccc(C(=N)N)cc2)cc1,c1ccc(OCCCCCOc2ccccc2)cc1,927,1,1,0,1,1,1,1,0,1,0,0,1,1,0,1,1,1,0,1,1,1,1,1,1,1,1,1
CC1C2CC3=C(C1(CCN2CC=C(C)C)C)C=C(C=C3)O,CC(C)=CCN1CCC2(C)c3cc(O)ccc3CC1C2C,c1ccc2c(c1)CC1CC2CCN1,928,1,1,0,1,1,1,1,0,1,0,0,1,0,0,1,1,1,0,0,1,1,1,1,1,1,1,1
CCCC(C)C1(C(=O)NC(=O)NC1=O)CC,CCCC(C)C1(CC)C(=O)NC(=O)NC1=O,O=C1CC(=O)NC(=O)N1,929,1,0,0,0,1,0,1,0,1,0,0,1,0,0,1,1,1,0,0,1,1,0,0,0,1,1,0
C1C(C(OC1N2C=NC3=C2NC=NCC3O)CO)O,OCC1OC(n2cnc3c2NC=NCC3O)CC1O,C1=NCCc2ncn(C3CCCO3)c2N1,930,1,1,0,1,1,1,1,1,1,1,1,1,0,0,1,1,1,0,1,1,1,1,0,1,1,1,1
CC(=O)CCCCN1C(=O)C2=C(N=CN2C)N(C1=O)C,CC(=O)CCCCn1c(=O)c2c(ncn2C)n(C)c1=O,O=c1[nH]c(=O)c2[nH]cnc2[nH]1,931,1,1,0,1,1,1,1,0,1,0,1,1,0,0,1,1,1,0,1,1,1,0,0,1,1,1,1
C1=C/C(=C/2\N/C(=C\3/C=CC=CC3=O)/N(N2)C4=CC=C(C=C4)C(=O)O)/C(=O)C=C1,O=C1C=CC=C/C1=C1\N/C(=C2/C=CC=CC2=O)N(c2ccc(C(=O)O)cc2)N1,O=C1C=CC=CC1=C1NC(=C2C=CC=CC2=O)N(c2ccccc2)N1,932,1,1,0,1,1,1,1,0,1,0,0,1,0,0,1,1,1,1,1,1,1,1,0,1,0,1,1
CCCN1CC(CC2C1CC3=CNC4=CC=CC2=C34)CSC,CCCN1CC(CSC)CC2c3cccc4[nH]cc(c34)CC21,c1cc2c3c(c[nH]c3c1)CC1NCCCC21,933,1,1,0,1,1,1,1,1,0,1,1,1,1,1,1,1,1,0,1,1,1,1,0,1,1,1,1
C1CCC(CC1)C(CC2CCCCN2)C3CCCCC3,C1CCC(C(CC2CCCCN2)C2CCCCC2)CC1,C1CCC(C(CC2CCCCN2)C2CCCCC2)CC1,934,1,1,0,1,1,1,1,1,0,0,0,1,0,0,1,0,1,0,1,0,1,1,0,0,1,1,1
C1CN(CCC1O)CCCN2C3=CC=CC=C3SC4=C2C=C(C=C4)C#N,N#Cc1ccc2c(c1)N(CCCN1CCC(O)CC1)c1ccccc1S2,c1ccc2c(c1)Sc1ccccc1N2CCCN1CCCCC1,935,1,1,0,1,1,1,1,0,1,1,0,1,1,0,1,1,1,0,1,1,1,0,0,0,1,1,1
C1CN(CCN1CCCN2C3=CC=CC=C3SC4=C2C=C(C=C4)Cl)CCO,OCCN1CCN(CCCN2c3ccccc3Sc3ccc(Cl)cc32)CC1,c1ccc2c(c1)Sc1ccccc1N2CCCN1CCNCC1,936,1,1,0,1,1,1,1,0,1,1,0,1,1,0,1,1,1,0,1,1,1,1,0,0,1,1,1
C1=CC=C(C=C1)N=NC2=C(N=C(C=C2)N)N,Nc1ccc(N=Nc2ccccc2)c(N)n1,c1ccc(N=Nc2cccnc2)cc1,937,1,0,0,1,0,0,1,0,1,0,0,0,0,0,0,1,1,1,1,0,0,1,0,0,0,1,0
CCC1(C(=O)NC(=O)NC1=O)C2=CC=CC=C2,CCC1(c2ccccc2)C(=O)NC(=O)NC1=O,O=C1NC(=O)C(c2ccccc2)C(=O)N1,938,1,1,0,0,1,1,1,1,1,0,0,1,0,0,1,1,1,1,0,1,1,1,0,1,1,1,0
CC(COC1=CC=CC=C1)N(CCCl)CC2=CC=CC=C2,CC(COc1ccccc1)N(CCCl)Cc1ccccc1,c1ccc(CNCCOc2ccccc2)cc1,939,0,0,0,1,0,0,1,0,0,0,0,1,0,0,1,0,0,0,0,1,0,0,0,0,1,1,0
CC(C)(CC1=CC=CC=C1)N,CC(C)(N)Cc1ccccc1,c1ccccc1,940,0,0,0,0,0,0,1,0,0,1,0,1,0,0,1,0,1,0,0,1,1,0,0,0,1,1,0
C1=CC=C(C=C1)CCCC(=O)O,O=C(O)CCCc1ccccc1,c1ccccc1,941,0,1,0,0,1,0,1,0,0,1,0,1,0,0,1,1,1,0,0,0,1,1,0,0,1,1,1
CC(C)(C)C1=NC(=C(S1)C2=NC(=NC=C2)N)C3=C(C(=CC=C3)NS(=O)(=O)C4=C(C=CC=C4F)F)F,CC(C)(C)c1nc(-c2cccc(NS(=O)(=O)c3c(F)cccc3F)c2F)c(-c2ccnc(N)n2)s1,O=S(=O)(Nc1cccc(-c2ncsc2-c2ccncn2)c1)c1ccccc1,942,1,1,0,1,1,1,1,0,1,1,1,1,0,0,1,1,1,0,1,1,1,1,0,0,1,1,1
CNCC(C1=CC(=CC=C1)O)O,CNCC(O)c1cccc(O)c1,c1ccccc1,943,0,1,0,1,1,1,1,0,1,0,0,1,0,0,1,0,1,0,0,1,1,0,0,0,1,1,0
C=CC1=CC=CC=C1S(=O)(=O)O,C=Cc1ccccc1S(=O)(=O)O,c1ccccc1,944,0,1,0,0,0,0,1,0,0,0,0,1,0,0,0,0,0,0,1,0,0,0,0,0,0,0,1
CC(C(C1=CC=CC=C1)O)N,CC(N)C(O)c1ccccc1,c1ccccc1,945,1,0,0,1,1,0,1,0,1,0,0,1,0,1,1,0,1,0,0,1,1,1,0,0,1,1,0
C=CC(=O)N1CCCC(C1)N2C3=C(C(=N2)C4=CC=C(C=C4)OC5=CC=CC=C5)C(=NC=N3)N,C=CC(=O)N1CCCC(n2nc(-c3ccc(Oc4ccccc4)cc3)c3c(N)ncnc32)C1,c1ccc(Oc2ccc(-c3nn(C4CCCNC4)c4ncncc34)cc2)cc1,946,0,1,0,1,1,1,1,0,0,0,1,1,0,0,1,1,1,0,1,1,1,1,0,0,1,1,1
CC1=NC(=C(C(=N1)Cl)NC2=NCCN2)OC,COc1nc(C)nc(Cl)c1NC1=NCCN1,c1ncc(NC2=NCCN2)cn1,947,0,0,0,0,0,1,1,0,0,0,0,1,0,0,1,0,1,0,1,0,1,0,0,1,0,1,0
CC12CCN(C1N(C3=C2C=C(C=C3)OC(=O)NC)C)C,CNC(=O)Oc1ccc2c(c1)C1(C)CCN(C)C1N2C,c1ccc2c(c1)NC1NCCC21,948,0,0,0,0,0,0,1,0,0,0,0,0,0,0,0,0,0,0,0,0,0,0,0,0,1,1,1
CC1=C(C(=O)C2=CC=CC=C2C1=O)CC=C(C)CCCC(C)CCCC(C)CCCC(C)C,CC(=CCC1=C(C)C(=O)c2ccccc2C1=O)CCCC(C)CCCC(C)CCCC(C)C,O=C1C=CC(=O)c2ccccc21,949,1,0,0,0,1,1,0,0,1,0,0,1,0,0,1,0,1,0,0,1,0,0,0,0,1,1,0
CCC1C(COC1=O)CC2=CN=CN2C,CCC1C(=O)OCC1Cc1cncn1C,O=C1CC(Cc2cnc[nH]2)CO1,950,1,1,0,1,1,1,1,1,1,1,0,1,0,0,1,1,1,1,1,1,1,1,0,1,1,1,1
C=CCN.C1C(O1)CCl,ClCC1CO1,C1CO1,248,0,1,0,0,0,1,1,0,0,0,0,1,0,0,0,0,1,0,1,0,0,0,0,0,0,0,0
CC(C)NCC(COC1=CC=CC2=C1C=CN2)O,CC(C)NCC(O)COc1cccc2[nH]ccc12,c1ccc2[nH]ccc2c1,951,0,0,0,1,1,1,1,0,0,1,0,1,0,0,1,0,1,0,1,1,1,1,0,1,1,1,0
CCC1=CN=C(C=C1)CCOC2=CC=C(C=C2)CC3C(=O)NC(=O)S3,CCc1ccc(CCOc2ccc(CC3SC(=O)NC3=O)cc2)nc1,O=C1NC(=O)C(Cc2ccc(OCCc3ccccn3)cc2)S1,952,1,1,0,1,1,1,1,1,1,1,1,1,0,0,1,1,1,1,1,1,1,1,1,1,1,1,1
CCN1CCN(C(=O)C1=O)C(=O)NC(C2=CC=CC=C2)C(=O)NC3C4N(C3=O)C(C(S4)(C)C)C(=O)[O-],CCN1CCN(C(=O)NC(C(=O)NC2C(=O)N3C2SC(C)(C)C3C(=O)O)c2ccccc2)C(=O)C1=O,O=C1NCCN(C(=O)NC(C(=O)NC2C(=O)N3CCSC23)c2ccccc2)C1=O,953,1,1,0,0,1,1,1,0,1,0,0,1,0,0,1,1,1,0,1,1,1,1,0,0,0,1,1
COCCOC1=C(C=C2C(=C1)C(=NC=N2)NC3=CC=CC(=C3)C#C)OCCOC,C#Cc1cccc(Nc2ncnc3cc(OCCOC)c(OCCOC)cc23)c1,c1ccc(Nc2ncnc3ccccc23)cc1,954,1,1,0,1,1,1,1,0,0,0,1,1,0,0,1,1,1,0,1,1,1,1,0,0,1,1,1
CC(C)(C)NCC(C1=NC(=C(C=C1)O)CO)O,CC(C)(C)NCC(O)c1ccc(O)c(CO)n1,c1ccncc1,955,0,1,0,0,1,1,1,0,0,0,0,1,0,0,1,0,1,0,0,1,1,0,0,0,1,1,1
CC1=C(C2=CC3=NC(=CC4=C(C(=C(N4)C=C5[C@@]6([C@@H](C(=CC=C6C(=N5)C=C1N2)C(=O)OC)C(=O)OC)C)C)CCC(=O)OC)C(=C3C)CCC(=O)O)C=C,C=Cc1c(C)c2cc3nc(cc4[nH]c(cc5nc(cc1[nH]2)C(C)=C5CCC(=O)O)c(CCC(=O)OC)c4C)[C@@]1(C)C3=CC=C(C(=O)OC)[C@H]1C(=O)OC,C1=CCC2C(=C1)c1cc3ccc(cc4nc(cc5ccc(cc2n1)[nH]5)C=C4)[nH]3,956,0,1,0,1,1,1,1,0,1,1,1,1,0,0,1,1,1,0,1,1,1,1,0,1,1,1,1
COC1=CC(=CC(=C1OC)OC)C2C3C(COC3=O)C(C4=CC5=C(C=C24)OCO5)O,COc1cc(C2c3cc4c(cc3C(O)C3COC(=O)C23)OCO4)cc(OC)c1OC,O=C1OCC2Cc3cc4c(cc3C(c3ccccc3)C12)OCO4,957,0,0,0,0,1,0,1,0,1,1,1,1,0,0,1,0,1,0,0,0,1,1,0,0,0,1,1
CCC(C)CCCCC(=O)NC(CCN)C(=O)NC(C(C)O)C(=O)NC(CCN)C(=O)NC1CCNC(=O)C(NC(=O)C(NC(=O)C(NC(=O)C(NC(=O)C(NC(=O)C(NC1=O)CCN)CC2=CC=CC=C2)CC(C)C)CCN)CCN)C(C)O,CCC(C)CCCCC(=O)NC(CCN)C(=O)NC(C(=O)NC(CCN)C(=O)NC1CCNC(=O)C(C(C)O)NC(=O)C(CCN)NC(=O)C(CCN)NC(=O)C(CC(C)C)NC(=O)C(Cc2ccccc2)NC(=O)C(CCN)NC1=O)C(C)O,O=C1CCCNC(=O)CNC(=O)CNC(=O)CNC(=O)CNC(=O)C(Cc2ccccc2)NC(=O)CN1,958,0,0,0,0,1,1,0,0,0,0,0,1,0,0,1,0,1,0,0,1,0,1,0,0,0,1,0
CN1C(NC2=CC(=C(C=C2S1(=O)=O)S(=O)(=O)N)Cl)CSCC(F)(F)F,CN1C(CSCC(F)(F)F)Nc2cc(Cl)c(S(N)(=O)=O)cc2S1(=O)=O,O=S1(=O)NCNc2ccccc21,959,1,1,0,1,1,1,1,0,1,0,0,1,0,0,1,1,1,0,0,0,1,1,0,1,0,1,0
CCCCCCCCCCCCCCCC(=O)N[C@@H](CCC(=O)NCCCC[C@@H](C(=O)N[C@@H](CCC(=O)O)C(=O)N[C@@H](CC1=CC=CC=C1)C(=O)N[C@@H]([C@@H](C)CC)C(=O)N[C@@H](C)C(=O)N[C@@H](CC2=CNC3=CC=CC=C32)C(=O)N[C@@H](CC(C)C)C(=O)N[C@@H](C(C)C)C(=O)N[C@@H](CCCNC(=N)N)C(=O)NCC(=O)N[C@@H](CCCNC(=N)N)C(=O)NCC(=O)O)NC(=O)[C@H](C)NC(=O)[C@H](C)NC(=O)[C@H](CCC(=O)N)NC(=O)CNC(=O)[C@H](CCC(=O)O)NC(=O)[C@H](CC(C)C)NC(=O)[C@H](CC4=CC=C(C=C4)O)NC(=O)[C@H](CO)NC(=O)[C@H](CO)NC(=O)[C@H](C(C)C)NC(=O)[C@H](CC(=O)O)NC(=O)[C@H](CO)NC(=O)[C@H]([C@@H](C)O)NC(=O)[C@H](CC5=CC=CC=C5)NC(=O)[C@H]([C@@H](C)O)NC(=O)CNC(=O)[C@H](CCC(=O)O)NC(=O)[C@H](C)NC(=O)[C@H](CC6=CN=CN6)N)C(=O)O,CCCCCCCCCCCCCCCC(=O)N[C@@H](CCC(=O)NCCCC[C@H](NC(=O)[C@H](C)NC(=O)[C@H](C)NC(=O)[C@H](CCC(N)=O)NC(=O)CNC(=O)[C@H](CCC(=O)O)NC(=O)[C@H](CC(C)C)NC(=O)[C@H](Cc1ccc(O)cc1)NC(=O)[C@H](CO)NC(=O)[C@H](CO)NC(=O)[C@@H](NC(=O)[C@H](CC(=O)O)NC(=O)[C@H](CO)NC(=O)[C@@H](NC(=O)[C@H](Cc1ccccc1)NC(=O)[C@@H](NC(=O)CNC(=O)[C@H](CCC(=O)O)NC(=O)[C@H](C)NC(=O)[C@@H](N)Cc1cnc[nH]1)[C@@H](C)O)[C@@H](C)O)C(C)C)C(=O)N[C@@H](CCC(=O)O)C(=O)N[C@@H](Cc1ccccc1)C(=O)N[C@H](C(=O)N[C@@H](C)C(=O)N[C@@H](Cc1c[nH]c2ccccc12)C(=O)N[C@@H](CC(C)C)C(=O)N[C@H](C(=O)N[C@@H](CCCNC(=N)N)C(=O)NCC(=O)N[C@@H](CCCNC(=N)N)C(=O)NCC(=O)O)C(C)C)[C@@H](C)CC)C(=O)O,O=C(CCc1cnc[nH]1)NCC(=O)NCC(=O)NCC(=O)NCC(=O)NC(Cc1ccccc1)C(=O)NCC(=O)NCC(=O)NCC(=O)NCC(=O)NCC(=O)NCC(=O)NC(Cc1ccccc1)C(=O)NCC(=O)NCC(=O)NCC(=O)NCC(=O)NCC(=O)NCC(=O)NCC(=O)NCC(=O)NC(Cc1ccccc1)C(=O)NCC(=O)NCC(=O)NCCc1c[nH]c2ccccc12,960,0,1,0,0,1,0,1,0,1,0,1,1,0,0,1,0,1,0,1,1,0,1,0,0,1,1,1
CCCNC1CCC2=C(C1)SC(=N2)N,CCCNC1CCc2nc(N)sc2C1,c1nc2c(s1)CCCC2,961,1,1,0,1,1,1,1,0,1,1,1,1,1,1,1,1,1,1,1,1,1,1,0,1,1,1,1
CCC(C)C(=O)OC1CC(C=C2C1C(C(C=C2)C)CCC(CC(CC(=O)O)O)O)O,CCC(C)C(=O)OC1CC(O)C=C2C=CC(C)C(CCC(O)CC(O)CC(=O)O)C21,C1=CC2=CCCCC2CC1,962,1,1,0,1,1,1,1,1,1,1,1,1,0,0,1,1,1,0,1,1,1,1,0,1,1,1,1
C1CCC(CC1)C(=O)N2CC3C4=CC=CC=C4CCN3C(=O)C2,O=C(C1CCCCC1)N1CC(=O)N2CCc3ccccc3C2C1,O=C(C1CCCCC1)N1CC(=O)N2CCc3ccccc3C2C1,963,0,1,0,0,1,1,1,0,1,0,0,1,0,0,0,1,1,0,0,0,0,0,0,1,1,1,1
COC1=C(C=C2C(=C1)C(=NC(=N2)N3CCN(CC3)C(=O)C4=CC=CO4)N)OC,COc1cc2nc(N3CCN(C(=O)c4ccco4)CC3)nc(N)c2cc1OC,O=C(c1ccco1)N1CCN(c2ncc3ccccc3n2)CC1,964,0,0,0,1,1,1,1,0,1,1,0,1,0,0,1,0,1,0,0,1,1,1,0,1,1,1,1
CC12CC(C3C(C1CCC2(C(=O)CO)O)CCC4=CC(=O)C=CC34C)O,CC12C=CC(=O)C=C1CCC1C2C(O)CC2(C)C1CCC2(O)C(=O)CO,O=C1C=CC2C(=C1)CCC1C3CCCC3CCC21,965,1,1,0,1,1,1,1,0,1,1,0,1,1,0,1,0,1,1,1,1,1,0,0,1,1,1,1
CC(=O)OCC(=O)C1(CCC2C1(CC(C3C2CCC4=CC(=O)C=CC34C)O)C)O,CC(=O)OCC(=O)C1(O)CCC2C3CCC4=CC(=O)C=CC4(C)C3C(O)CC21C,O=C1C=CC2C(=C1)CCC1C3CCCC3CCC21,966,1,1,0,1,1,1,1,0,1,1,0,1,1,0,1,0,1,1,1,1,1,0,0,1,1,1,1
CC12CC(C3C(C1CCC2(C(=O)COP(=O)(O)O)O)CCC4=CC(=O)C=CC34C)O,CC12C=CC(=O)C=C1CCC1C2C(O)CC2(C)C1CCC2(O)C(=O)COP(=O)(O)O,O=C1C=CC2C(=C1)CCC1C3CCCC3CCC21,967,0,1,0,1,1,1,1,0,1,1,0,1,1,0,1,1,1,1,1,1,1,1,0,1,1,1,1
CC12CC(=O)C3C(C1CCC2(C(=O)CO)O)CCC4=CC(=O)C=CC34C,CC12C=CC(=O)C=C1CCC1C2C(=O)CC2(C)C1CCC2(O)C(=O)CO,O=C1C=CC2C(=C1)CCC1C3CCCC3CC(=O)C21,968,1,1,0,1,1,1,1,0,1,1,0,1,1,0,1,1,1,1,1,1,1,1,0,1,1,1,1
CCCNC(C)C(=O)NC1=CC=CC=C1C,CCCNC(C)C(=O)Nc1ccccc1C,c1ccccc1,969,0,1,0,1,1,1,1,0,1,0,0,1,0,0,1,1,1,0,0,1,1,0,0,1,1,1,1
CC(CCCN)NC1=C2C(=CC(=C1)OC)C=CC=N2,COc1cc(NC(C)CCCN)c2ncccc2c1,c1ccc2ncccc2c1,970,0,0,0,0,0,0,1,0,0,0,0,0,0,0,0,1,0,0,0,0,0,0,0,0,0,0,0
CCC1(C(=O)NCNC1=O)C2=CC=CC=C2,CCC1(c2ccccc2)C(=O)NCNC1=O,O=C1NCNC(=O)C1c1ccccc1,971,0,1,0,1,0,1,1,0,0,0,0,1,0,0,0,1,1,1,0,0,1,0,0,1,0,1,0
CCCN(CCC)S(=O)(=O)C1=CC=C(C=C1)C(=O)O,CCCN(CCC)S(=O)(=O)c1ccc(C(=O)O)cc1,c1ccccc1,972,1,1,0,0,1,0,1,0,1,0,0,1,0,0,1,1,1,0,0,0,0,1,0,0,0,1,0
CCN(CC)CCNC(=O)C1=CC=C(C=C1)N,CCN(CC)CCNC(=O)c1ccc(N)cc1,c1ccccc1,973,1,1,0,0,1,1,1,0,1,0,0,1,0,0,1,1,1,0,0,1,1,1,0,0,1,1,1
CCN(CC)CCOC(=O)C1=CC=C(C=C1)N,CCN(CC)CCOC(=O)c1ccc(N)cc1,c1ccccc1,974,0,1,0,1,1,0,1,0,1,0,0,1,0,1,1,0,1,1,0,1,1,0,0,1,1,1,1
CC(C)NC(=O)C1=CC=C(C=C1)CNNC,CNNCc1ccc(C(=O)NC(C)C)cc1,c1ccccc1,975,1,1,0,1,1,1,1,1,1,1,1,1,0,0,1,1,1,0,1,1,1,1,0,1,1,1,1
CN1CCN(CC1)CCCN2C3=CC=CC=C3SC4=C2C=C(C=C4)Cl,CN1CCN(CCCN2c3ccccc3Sc3ccc(Cl)cc32)CC1,c1ccc2c(c1)Sc1ccccc1N2CCCN1CCNCC1,976,1,1,0,1,1,1,1,0,1,1,0,1,0,0,1,1,1,0,1,1,1,1,1,0,1,1,1
CC1=C(C(=NO1)C2=CC=CC=C2)C3=CC=C(C=C3)S(=O)(=O)N,Cc1onc(-c2ccccc2)c1-c1ccc(S(N)(=O)=O)cc1,c1ccc(-c2conc2-c2ccccc2)cc1,977,1,1,0,1,1,1,1,0,1,1,1,1,1,0,1,1,1,0,1,1,1,1,0,1,1,1,1
CC(=O)C1CCC2C1(CCC3C2CCC4=CC(=O)CCC34C)C,CC(=O)C1CCC2C3CCC4=CC(=O)CCC4(C)C3CCC12C,O=C1C=C2CCC3C4CCCC4CCC3C2CC1,978,1,1,0,1,1,1,1,1,1,1,1,1,1,1,1,1,1,1,1,1,1,1,1,1,1,1,1
CC(C)N=C(N)N=C(N)NC1=CC=C(C=C1)Cl,CC(C)N=C(N)N=C(N)Nc1ccc(Cl)cc1,c1ccccc1,979,1,1,0,0,1,0,1,0,1,0,0,0,0,0,0,1,1,0,0,1,1,0,0,0,0,1,0
CC(CN1C2=CC=CC=C2SC3=CC=CC=C31)N(C)C,CC(CN1c2ccccc2Sc2ccccc21)N(C)C,c1ccc2c(c1)Nc1ccccc1S2,980,1,1,0,1,1,1,1,0,1,0,0,1,0,1,1,1,1,0,1,1,1,1,0,1,1,1,1
CCCNCC(COC1=CC=CC=C1C(=O)CCC2=CC=CC=C2)O,CCCNCC(O)COc1ccccc1C(=O)CCc1ccccc1,O=C(CCc1ccccc1)c1ccccc1,981,1,1,1,1,1,1,1,0,1,1,0,1,1,0,1,1,1,0,1,1,1,1,0,1,1,1,1
CC(C)[N+](C)(CCOC(=O)C1C2=CC=CC=C2OC3=CC=CC=C13)C(C)C,CC(C)[N+](C)(CCOC(=O)C1c2ccccc2Oc2ccccc21)C(C)C,c1ccc2c(c1)Cc1ccccc1O2,982,0,0,0,1,0,0,1,0,1,1,0,1,0,0,1,0,1,0,0,0,1,1,0,0,1,1,1
CCCOC1=C(C=C(C=C1)C(=O)OCCN(CC)CC)N,CCCOc1ccc(C(=O)OCCN(CC)CC)cc1N,c1ccccc1,983,1,0,0,1,1,0,0,0,0,0,0,1,0,0,1,0,1,0,0,0,0,0,0,0,0,0,0
CC(C)C1=C(C(=CC=C1)C(C)C)O,CC(C)c1cccc(C(C)C)c1O,c1ccccc1,984,0,1,0,1,1,1,1,1,1,0,0,1,0,1,1,1,1,0,1,1,1,1,1,1,1,1,1
CC(C)NCC(COC1=CC=CC2=CC=CC=C21)O,CC(C)NCC(O)COc1cccc2ccccc12,c1ccc2ccccc2c1,985,0,1,0,1,1,1,1,0,1,1,0,1,0,0,1,1,1,0,1,1,1,0,0,1,1,1,1
C1[C@H]([C@@H]([C@H]([C@@H](O1)O[C@@H]2CO[C@H]([C@@H]([C@H]2OS(=O)(=O)O)OS(=O)(=O)O)O)OS(=O)(=O)O)OS(=O)(=O)O)O,O=S(=O)(O)O[C@@H]1[C@@H](OS(=O)(=O)O)[C@H](O[C@@H]2CO[C@@H](O)[C@H](OS(=O)(=O)O)[C@H]2OS(=O)(=O)O)OC[C@H]1O,C1CCC(OC2CCCOC2)OC1,986,1,1,0,1,1,1,1,0,1,1,1,1,0,0,0,1,1,0,1,1,1,1,0,1,1,1,0
C[C@@H]1[C@H]2[C@@H]([C@H]3[C@@H](C(=O)C(=C(N)[O-])C(=O)[C@]3(C(=O)C2=C(C4=C1C=CC=C4[O-])[O-])O)N(C)C)[O-].[Ca+2].[Ca+2],C[C@H]1c2cccc(O)c2C(O)=C2C(=O)[C@]3(O)C(=O)C(=C(N)O)C(=O)[C@@H](N(C)C)[C@@H]3[C@@H](O)[C@@H]21,C=C1C(=O)CC2CC3Cc4ccccc4C=C3C(=O)C2C1=O,987,1,1,0,0,0,1,1,0,1,1,0,0,0,0,0,1,1,0,0,0,0,1,0,0,1,1,0
C[C@@H]1CCN(CCN1C(=O)C2=C(C=CC(=C2)C)N3N=CC=N3)C4=NC5=C(O4)C=CC(=C5)Cl,Cc1ccc(-n2nccn2)c(C(=O)N2CCN(c3nc4cc(Cl)ccc4o3)CC[C@H]2C)c1,O=C(c1ccccc1-n1nccn1)N1CCCN(c2nc3ccccc3o2)CC1,988,0,0,0,0,1,0,1,1,0,0,0,0,0,0,0,0,0,0,1,1,1,0,0,0,0,1,0
CNCCCC1C2=CC=CC=C2C=CC3=CC=CC=C13,CNCCCC1c2ccccc2C=Cc2ccccc21,C1=Cc2ccccc2Cc2ccccc21,989,1,1,0,1,1,0,1,0,0,1,0,1,1,0,1,1,1,0,0,0,1,1,0,1,1,1,1
C1C[N+]2(CCC1[C@@H](C2)OC(=O)C(C3=CC=CS3)(C4=CC=CS4)O)CCCOC5=CC=CC=C5,O=C(O[C@@H]1C[N+]2(CCCOc3ccccc3)CCC1CC2)C(O)(c1cccs1)c1cccs1,O=C(OC1C[N+]2(CCCOc3ccccc3)CCC1CC2)C(c1cccs1)c1cccs1,990,0,1,0,1,0,1,1,0,0,0,0,0,0,0,0,0,0,0,1,1,0,1,0,0,1,1,0
CN1CCCN=C1C=CC2=CC=CS2,CN1CCCN=C1C=Cc1cccs1,C(=Cc1cccs1)C1=NCCCN1,991,0,1,0,0,0,1,1,0,0,0,0,1,0,0,0,0,1,0,0,0,1,0,0,0,0,1,0
C[N+]1=CC=CC(=C1)OC(=O)N(C)C,CN(C)C(=O)Oc1ccc[n+](C)c1,c1cc[nH+]cc1,992,0,0,0,1,1,1,1,0,1,1,0,1,0,0,1,0,1,0,1,1,1,1,0,1,1,1,1
CN(C)CCN(CC1=CC=C(C=C1)OC)C2=CC=CC=N2,COc1ccc(CN(CCN(C)C)c2ccccn2)cc1,c1ccc(CNc2ccccn2)cc1,993,0,0,0,0,0,0,0,0,0,0,0,0,0,0,0,0,1,0,0,0,0,0,0,0,0,0,0
CCC1=C(C(=NC(=N1)N)N)C2=CC=C(C=C2)Cl,CCc1nc(N)nc(N)c1-c1ccc(Cl)cc1,c1ccc(-c2cncnc2)cc1,994,0,1,0,0,0,0,1,0,1,0,0,0,0,0,0,1,1,0,0,1,0,1,0,0,0,0,0
C1C(=S)N(C2=C(C=C(C=C2)Cl)C(=N1)C3=CC=CC=C3F)CC(F)(F)F,Fc1ccccc1C1=NCC(=S)N(CC(F)(F)F)c2ccc(Cl)cc21,S=C1CN=C(c2ccccc2)c2ccccc2N1,995,0,0,0,0,0,0,1,1,0,0,0,1,0,0,0,0,0,0,0,0,1,0,0,0,0,1,0
C1CN(CCN1CCOCCO)C2=NC3=CC=CC=C3SC4=CC=CC=C42,OCCOCCN1CCN(C2=Nc3ccccc3Sc3ccccc32)CC1,c1ccc2c(c1)N=C(N1CCNCC1)c1ccccc1S2,996,1,1,0,1,1,1,1,1,1,1,1,1,1,0,1,1,1,0,1,1,1,1,1,1,1,1,1
CCOC(=O)C(CCC1=CC=CC=C1)NC(C)C(=O)N2CC3=CC=CC=C3CC2C(=O)O,CCOC(=O)C(CCc1ccccc1)NC(C)C(=O)N1Cc2ccccc2CC1C(=O)O,O=C(CNCCCc1ccccc1)N1CCc2ccccc2C1,997,1,1,0,1,1,1,1,0,1,1,0,1,0,1,1,1,1,0,1,1,1,1,1,1,1,1,1
CC1=CC(=C(C(=C1NC(=O)CN(CC(=O)O)CC(=O)O)C)Br)C,Cc1cc(C)c(NC(=O)CN(CC(=O)O)CC(=O)O)c(C)c1Br,c1ccccc1,998,0,0,0,0,0,0,1,0,0,0,0,1,0,0,0,0,1,0,0,0,0,0,0,0,0,0,0
CC(C(=O)[O-])O.[NH4+],CC(O)C(=O)O,,86,0,0,0,0,0,0,0,0,0,0,0,1,0,0,0,0,1,0,0,0,0,0,0,0,0,0,0
CCNC(=O)CCCC=CC[C@H]1[C@H](C[C@H]([C@@H]1C=C[C@H](CCC2=CC=CC=C2)O)O)O,CCNC(=O)CCCC=CC[C@@H]1[C@@H](C=C[C@@H](O)CCc2ccccc2)[C@H](O)C[C@@H]1O,C(=CC1CCCC1)CCCc1ccccc1,999,0,1,0,1,1,1,1,0,0,0,0,1,0,0,1,0,1,0,1,1,1,1,0,1,1,1,1
CC(C(C1=CC=CC=C1)O)NC,CNC(C)C(O)c1ccccc1,c1ccccc1,1000,0,1,0,0,1,1,1,0,0,1,0,1,0,0,1,0,1,0,0,1,1,1,0,1,1,1,0
C1CCN(CC1)CCOC2=CC=C(C=C2)C(=O)C3=C(SC4=C3C=CC(=C4)O)C5=CC=C(C=C5)O,O=C(c1ccc(OCCN2CCCCC2)cc1)c1c(-c2ccc(O)cc2)sc2cc(O)ccc12,O=C(c1ccc(OCCN2CCCCC2)cc1)c1c(-c2ccccc2)sc2ccccc12,1001,1,1,0,1,1,1,1,0,0,1,1,1,0,1,1,1,1,0,1,1,1,1,0,1,1,1,0
CCOC(=O)C(CCC1=CC=CC=C1)NC(C)C(=O)N2C3CCCC3CC2C(=O)O,CCOC(=O)C(CCc1ccccc1)NC(C)C(=O)N1C(C(=O)O)CC2CCCC21,O=C(CNCCCc1ccccc1)N1CCC2CCCC21,1002,1,1,0,1,1,1,1,0,1,1,0,1,1,0,1,1,1,0,1,1,1,1,0,1,1,1,1
CNC(=C[N+](=O)[O-])NCCSCC1=CC=C(O1)CN(C)C,CNC(=C[N+](=O)[O-])NCCSCc1ccc(CN(C)C)o1,c1ccoc1,1003,1,0,0,1,1,1,1,1,1,1,0,1,0,0,1,1,1,1,1,1,1,1,0,1,1,1,0
CC1CCC2CC(C(=CC=CC=CC(CC(C(=O)C(C(C(=CC(C(=O)CC(OC(=O)C3CCCCN3C(=O)C(=O)C1(O2)O)C(C)CC4CCC(C(C4)OC)O)C)C)O)OC)C)C)C)OC,COC1CC2CCC(C)C(O)(O2)C(=O)C(=O)N2CCCCC2C(=O)OC(C(C)CC2CCC(O)C(OC)C2)CC(=O)C(C)C=C(C)C(O)C(OC)C(=O)C(C)CC(C)C=CC=CC=C1C,O=C1CCC=CCC(=O)CC(CCC2CCCCC2)OC(=O)C2CCCCN2C(=O)C(=O)C2CCCC(CCC=CC=CC=CCCC1)O2,1004,1,1,0,1,1,1,1,0,1,1,1,1,1,1,1,1,1,1,1,1,1,1,0,1,1,1,1
CC1=C(C=C(C=C1)NC2=NC=CC(=N2)N(C)C3=CC4=NN(C(=C4C=C3)C)C)S(=O)(=O)N,Cc1ccc(Nc2nccc(N(C)c3ccc4c(C)n(C)nc4c3)n2)cc1S(N)(=O)=O,c1ccc(Nc2nccc(Nc3ccc4c[nH]nc4c3)n2)cc1,1005,1,1,0,1,1,1,1,0,0,1,1,1,1,0,1,1,1,0,1,1,1,1,0,0,1,1,1
COC1C(CC2CN3CCC4=C(C3CC2C1C(=O)OC)NC5=C4C=CC(=C5)OC)OC(=O)C=CC6=CC(=C(C(=C6)OC)OC)OC,COC(=O)C1C2CC3c4[nH]c5cc(OC)ccc5c4CCN3CC2CC(OC(=O)C=Cc2cc(OC)c(OC)c(OC)c2)C1OC,O=C(C=Cc1ccccc1)OC1CCC2CC3c4[nH]c5ccccc5c4CCN3CC2C1,1006,0,0,0,1,0,1,1,0,1,1,1,1,1,0,1,0,1,0,1,1,1,0,0,0,1,1,1
COC1C(CC2CN3CCC4=C(C3CC2C1C(=O)OC)NC5=C4C=CC(=C5)OC)OC(=O)C6=CC(=C(C(=C6)OC)OC)OC,COC(=O)C1C2CC3c4[nH]c5cc(OC)ccc5c4CCN3CC2CC(OC(=O)c2cc(OC)c(OC)c(OC)c2)C1OC,O=C(OC1CCC2CC3c4[nH]c5ccccc5c4CCN3CC2C1)c1ccccc1,1007,0,1,0,1,1,0,1,0,0,1,0,1,0,0,1,0,1,0,0,1,1,1,0,1,1,1,0
C1=NC(=NN1C2C(C(C(O2)CO)O)O)C(=O)N,NC(=O)c1ncn(C2OC(CO)C(O)C2O)n1,c1ncn(C2CCCO2)n1,1008,1,1,0,1,1,1,1,1,1,1,1,1,1,0,1,1,1,1,1,1,1,1,0,1,1,1,1
C1=CC2=C(C=C1OC(F)(F)F)SC(=N2)N,Nc1nc2ccc(OC(F)(F)F)cc2s1,c1ccc2scnc2c1,1009,1,1,0,1,1,1,1,1,1,1,1,1,1,1,1,1,1,1,1,1,1,1,0,1,1,1,1
CC(C12CC3CC(C1)CC(C3)C2)N,CC(N)C12CC3CC(CC(C3)C1)C2,C1C2CC3CC1CC(C2)C3,1010,0,1,0,1,0,0,1,1,0,1,0,1,0,0,1,0,1,0,0,1,1,1,0,1,1,1,1
CC1=C(C(=O)N2CCCCC2=N1)CCN3CCC(CC3)C4=NOC5=C4C=CC(=C5)F,Cc1nc2n(c(=O)c1CCN1CCC(c3noc4cc(F)ccc34)CC1)CCCC2,O=c1c(CCN2CCC(c3noc4ccccc34)CC2)cnc2n1CCCC2,1011,1,1,0,1,1,1,1,1,1,1,1,1,1,1,1,1,1,1,1,1,1,1,1,1,1,1,1
CC(C)C1=NC(=CS1)CN(C)C(=O)NC(C(C)C)C(=O)NC(CC2=CC=CC=C2)CC(C(CC3=CC=CC=C3)NC(=O)OCC4=CN=CS4)O,CC(C)c1nc(CN(C)C(=O)NC(C(=O)NC(Cc2ccccc2)CC(O)C(Cc2ccccc2)NC(=O)OCc2cncs2)C(C)C)cs1,O=C(CNC(=O)NCc1cscn1)NC(CCC(Cc1ccccc1)NC(=O)OCc1cncs1)Cc1ccccc1,1012,1,1,0,1,1,1,1,1,1,1,1,1,1,1,1,1,1,1,1,1,1,1,0,1,1,1,1
CCN(C)C(=O)OC1=CC=CC(=C1)C(C)N(C)C,CCN(C)C(=O)Oc1cccc(C(C)N(C)C)c1,c1ccccc1,1013,1,1,0,1,1,1,1,1,1,1,1,1,1,0,1,1,1,1,1,1,1,1,0,1,1,1,1
CN(C)CCC1=CNC2=C1C=C(C=C2)CN3C=NC=N3,CN(C)CCc1c[nH]c2ccc(Cn3cncn3)cc12,c1ncn(Cc2ccc3[nH]ccc3c2)n1,822,0,1,0,1,1,1,1,0,1,1,0,1,0,0,1,0,1,0,1,1,1,1,0,1,1,1,1
C(=O)([O-])[O-].C(=O)([O-])[O-].C(=O)([O-])[O-].[La+3].[La+3],O=C(O)O,,119,0,1,0,0,0,0,1,0,0,0,0,0,0,0,1,0,0,0,1,0,0,0,0,0,0,1,1
CS(=O)(=O)C1=CC=C(C=C1)C2=C(C(=O)OC2)C3=CC=CC=C3,CS(=O)(=O)c1ccc(C2=C(c3ccccc3)C(=O)OC2)cc1,O=C1OCC(c2ccccc2)=C1c1ccccc1,1014,1,1,0,1,1,1,1,1,1,1,1,1,0,0,1,1,1,1,1,1,1,1,0,1,1,1,1
CCCN(CCC)CCC1=C2CC(=O)NC2=CC=C1,CCCN(CCC)CCc1cccc2c1CC(=O)N2,O=C1Cc2ccccc2N1,1015,1,1,0,1,1,1,1,1,1,1,1,1,1,1,1,1,1,1,1,1,1,1,0,1,1,1,1
CC1=C(C2=CC3=C(C(=C([N-]3)C=C4C(=C(C(=N4)C=C5C(=C(C(=N5)C=C1[N-]2)C=C)C)C=C)C)C)CCC(=O)O)CCC(=O)O.[Cl-].[Fe+3],C=CC1=C(C)c2cc3[nH]c(cc4[nH]c(cc5nc(cc1n2)C(C)=C5C=C)c(C)c4CCC(=O)O)c(CCC(=O)O)c3C,C1=Cc2cc3ccc(cc4ccc(cc5nc(cc1n2)C=C5)[nH]4)[nH]3,1016,0,1,0,0,1,0,0,0,0,0,0,0,0,0,1,1,0,0,0,0,0,1,0,0,0,0,1
CCC1C(C(C(C(=NOCOCCOC)C(CC(C(C(C(C(C(=O)O1)C)OC2CC(C(C(O2)C)O)(C)OC)C)OC3C(C(CC(O3)C)N(C)C)O)(C)O)C)C)O)(C)O,CCC1OC(=O)C(C)C(OC2CC(C)(OC)C(O)C(C)O2)C(C)C(OC2OC(C)CC(N(C)C)C2O)C(C)(O)CC(C)C(=NOCOCCOC)C(C)C(O)C1(C)O,N=C1CCCCOC(=O)CC(OC2CCCCO2)CC(OC2CCCCO2)CCC1,1017,1,1,0,0,0,0,1,0,1,0,0,1,0,0,0,1,1,0,1,1,1,0,0,1,0,1,1
CN1C2=C(C=C(C=C2)Cl)C(=NC(C1=O)O)C3=CC=CC=C3Cl,CN1C(=O)C(O)N=C(c2ccccc2Cl)c2cc(Cl)ccc21,O=C1CN=C(c2ccccc2)c2ccccc2N1,1018,0,0,0,1,0,1,1,0,1,0,0,1,0,0,0,0,1,0,0,0,1,1,0,1,1,1,1
COCCOC(=O)NCCCC[C@@H](C(=O)NCCCCCCCOP(=O)(C)O)NC(=O)OCCOC,COCCOC(=O)NCCCC[C@H](NC(=O)OCCOC)C(=O)NCCCCCCCOP(C)(=O)O,,1019,0,1,0,1,1,1,1,0,1,0,0,1,0,0,1,0,1,1,1,1,1,1,0,1,1,1,1
CCC(=O)NS(=O)(=O)C1=CC=C(C=C1)C2=C(ON=C2C3=CC=CC=C3)C,CCC(=O)NS(=O)(=O)c1ccc(-c2c(-c3ccccc3)noc2C)cc1,c1ccc(-c2conc2-c2ccccc2)cc1,1020,1,1,0,0,1,1,1,0,1,0,0,1,0,0,1,1,1,0,1,1,1,1,0,1,1,1,1
C[C@@H](CN1C=NC2=C1N=CN=C2N)OCP(=O)(OCOC(=O)OC(C)C)OCOC(=O)OC(C)C,CC(C)OC(=O)OCOP(=O)(CO[C@@H](C)Cn1cnc2c(N)ncnc21)OCOC(=O)OC(C)C,c1ncc2nc[nH]c2n1,1021,1,1,0,0,1,1,1,1,1,1,0,1,1,0,0,1,1,1,1,1,1,1,0,0,0,1,1
CC[C@@]1(C[C@H]2C[C@@](C3=C(CCN(C2)C1)C4=CC=CC=C4N3)(C5=C(C=C6C(=C5)[C@]78CCN9[C@H]7[C@@](C=CC9)([C@H]([C@@]([C@@H]8N6C)(C(=O)OC)O)OC(=O)C)CC)OC)C(=O)OC)O,CC[C@]1(O)C[C@@H]2CN(CCc3c([nH]c4ccccc34)[C@@](C(=O)OC)(c3cc4c(cc3OC)N(C)[C@H]3[C@@](O)(C(=O)OC)[C@H](OC(C)=O)[C@]5(CC)C=CCN6CC[C@]43[C@@H]65)C2)C1,C1=CC2CCC3Nc4ccc(C5CC6CCCN(CCc7c5[nH]c5ccccc75)C6)cc4C34CCN(C1)C24,1022,0,1,0,1,1,1,1,0,1,0,1,1,1,0,1,1,1,0,1,0,1,0,0,1,1,1,1
C1=CC=C(C=C1)CCCCOCCCCCCNCC(C2=CC(=C(C=C2)O)CO)O,OCc1cc(C(O)CNCCCCCCOCCCCc2ccccc2)ccc1O,c1ccc(CCCCOCCCCCCNCCc2ccccc2)cc1,1023,0,1,0,1,1,1,1,0,1,1,0,1,0,1,1,0,1,0,1,1,1,0,0,1,1,1,1
CC1=CN(C(=O)NC1=O)C2C=CC(O2)CO,Cc1cn(C2C=CC(CO)O2)c(=O)[nH]c1=O,O=c1ccn(C2C=CCO2)c(=O)[nH]1,1024,1,1,0,0,1,1,1,1,1,1,0,1,1,0,0,1,1,0,1,1,1,1,1,0,0,1,1
C1=CC=C(C(=C1)C(=O)OC2=CC=CC=C2C(=O)O)O,O=C(Oc1ccccc1C(=O)O)c1ccccc1O,O=C(Oc1ccccc1)c1ccccc1,1025,1,0,0,0,1,0,1,0,1,0,0,0,0,0,1,0,1,0,0,1,0,1,0,1,0,0,1
C[C@H]1[C@H](O1)P(=O)(O)[O-].C(C(CO)(CO)[NH3+])O,C[C@@H]1O[C@@H]1P(=O)(O)O,C1CO1,1026,1,1,0,0,1,1,1,0,1,1,0,1,0,0,0,1,1,0,1,1,1,1,0,1,0,1,1
CN1C2CC(CC1C3C2O3)OC(=O)C(CO)C4=CC=CC=C4,CN1C2CC(OC(=O)C(CO)c3ccccc3)CC1C1OC12,O=C(Cc1ccccc1)OC1CC2NC(C1)C1OC21,1027,0,0,0,1,1,1,1,0,0,0,0,1,0,0,1,0,1,0,1,0,1,1,0,1,1,1,1
CCCC(C)C1(C(=O)NC(=O)NC1=O)CC=C,C=CCC1(C(C)CCC)C(=O)NC(=O)NC1=O,O=C1CC(=O)NC(=O)N1,1028,1,0,0,0,1,0,1,1,1,0,0,1,0,0,1,1,1,0,0,1,1,0,0,0,1,1,0
CC(CC1=CC=CC=C1)N(C)CC#C,C#CCN(C)C(C)Cc1ccccc1,c1ccccc1,1029,1,1,0,1,1,1,1,1,1,1,1,1,0,1,1,1,1,1,1,1,1,1,1,1,1,1,1
CNC1CCC(C2=CC=CC=C12)C3=CC(=C(C=C3)Cl)Cl,CNC1CCC(c2ccc(Cl)c(Cl)c2)c2ccccc21,c1ccc(C2CCCc3ccccc32)cc1,1030,1,1,0,1,1,1,1,1,1,1,1,1,1,1,1,1,1,0,1,1,1,1,1,1,1,1,1
C(OC(C(F)(F)F)C(F)(F)F)F,FCOC(C(F)(F)F)C(F)(F)F,,1031,1,1,0,1,1,1,1,0,1,0,0,1,0,0,1,1,1,0,1,1,1,1,0,0,1,1,1
CC(C)CC(C1(CCC1)C2=CC=C(C=C2)Cl)N(C)C,CC(C)CC(N(C)C)C1(c2ccc(Cl)cc2)CCC1,c1ccc(C2CCC2)cc1,1032,1,1,0,1,1,1,1,1,1,1,1,1,1,1,1,1,1,1,1,1,1,1,0,1,1,1,1
CCCC1=NN(C2=C1NC(=NC2=O)C3=C(C=CC(=C3)S(=O)(=O)N4CCN(CC4)C)OCC)C,CCCc1nn(C)c2c(=O)nc(-c3cc(S(=O)(=O)N4CCN(C)CC4)ccc3OCC)[nH]c12,O=c1nc(-c2cccc(S(=O)(=O)N3CCNCC3)c2)[nH]c2cn[nH]c12,1033,0,1,1,1,1,1,1,0,1,1,1,1,1,1,1,1,1,1,1,1,1,1,0,1,1,1,1
C1=CN=C(N=C1)[NH2+]S(=[OH+])(=O)C2=CC=C(C=C2)N.[Ag+],Nc1ccc(S(=O)(=O)Nc2ncccn2)cc1,O=S(=O)(Nc1ncccn1)c1ccccc1,1034,1,0,0,0,0,1,1,1,1,0,0,0,0,0,0,1,1,0,1,0,0,1,0,0,0,1,0
C1=CN=C(N=C1)NS(=O)(=O)C2=CC=C(C=C2)N,Nc1ccc(S(=O)(=O)Nc2ncccn2)cc1,O=S(=O)(Nc1ncccn1)c1ccccc1,1034,1,1,0,1,1,1,1,1,1,0,0,1,1,0,1,1,1,0,1,0,1,1,0,1,1,1,1
C[C@H]([C@@H](CO)NC(=O)C1CSSCC(C(=O)NC(C(=O)NC(C(=O)NC(C(=O)NC(C(=O)N1)C(C)O)CCCCN)CC2=CNC3=CC=CC=C32)CC4=CC=CC=C4)NC(=O)C(CC5=CC=CC=C5)N)O.CC(=O)O.CC(=O)O,CC(O)C1NC(=O)C(CCCCN)NC(=O)C(Cc2c[nH]c3ccccc23)NC(=O)C(Cc2ccccc2)NC(=O)C(NC(=O)C(N)Cc2ccccc2)CSSCC(C(=O)N[C@H](CO)[C@@H](C)O)NC1=O,O=C1CNC(=O)CNC(=O)C(Cc2c[nH]c3ccccc23)NC(=O)C(Cc2ccccc2)NC(=O)C(NC(=O)CCc2ccccc2)CSSCCN1,1035,1,1,0,1,1,1,1,1,1,1,1,1,1,0,1,1,1,0,1,1,1,1,1,1,1,1,1
C1=CC=C(C=C1)C(=O)SCC(=O)NCC(=O)NCC(=O)NCC(=O)O,O=C(O)CNC(=O)CNC(=O)CNC(=O)CSC(=O)c1ccccc1,c1ccccc1,1036,0,0,0,0,1,0,1,0,0,0,0,1,0,0,1,0,1,0,0,1,0,0,0,0,1,1,1
[Na+].[I-],[Na+],,139,0,0,0,0,0,0,1,0,0,0,0,1,0,0,0,0,1,0,0,0,0,0,0,0,1,0,0
C1=CC(=CN=C1)CC(O)(P(=O)(O)O)P(=O)(O)O,O=P(O)(O)C(O)(Cc1cccnc1)P(=O)(O)O,c1ccncc1,1037,1,1,0,1,1,1,1,1,1,1,1,1,1,0,1,1,1,0,1,1,1,1,0,1,1,1,1
CCCCCCCCCCCCCCOS(=O)(=O)O,CCCCCCCCCCCCCCOS(=O)(=O)O,,1038,0,0,0,0,0,0,1,0,1,0,0,1,0,0,0,0,1,0,0,1,0,0,0,0,0,1,1
CC(C)NCC(C1=CC=C(C=C1)NS(=O)(=O)C)O,CC(C)NCC(O)c1ccc(NS(C)(=O)=O)cc1,c1ccccc1,1039,0,1,0,1,1,1,1,0,0,1,0,1,0,1,1,1,1,0,1,1,1,1,0,1,1,1,0
CC1CN(CC(N1)C)C2=C(C3=C(C(=C2F)N)C(=O)C(=CN3C4CC4)C(=O)O)F,CC1CN(c2c(F)c(N)c3c(=O)c(C(=O)O)cn(C4CC4)c3c2F)CC(C)N1,O=c1ccn(C2CC2)c2cc(N3CCNCC3)ccc12,1040,1,1,0,1,1,1,1,1,1,1,1,1,0,0,1,1,1,0,1,1,1,1,0,1,1,1,1
CC1=C(C=C(C=C1)C(=O)NC2=CC(=CC(=C2)N3C=C(N=C3)C)C(F)(F)F)NC4=NC=CC(=N4)C5=CN=CC=C5,Cc1cn(-c2cc(NC(=O)c3ccc(C)c(Nc4nccc(-c5cccnc5)n4)c3)cc(C(F)(F)F)c2)cn1,O=C(Nc1cccc(-n2ccnc2)c1)c1cccc(Nc2nccc(-c3cccnc3)n2)c1,1041,1,1,0,1,1,1,1,0,1,1,1,1,1,0,1,1,1,0,1,1,1,1,0,1,1,1,1
CC(=O)SC1CC2=CC(=O)CCC2(C3C1C4CCC5(C4(CC3)C)CCC(=O)O5)C,CC(=O)SC1CC2=CC(=O)CCC2(C)C2CCC3(C)C(CCC34CCC(=O)O4)C12,O=C1C=C2CCC3C(CCC4C3CCC43CCC(=O)O3)C2CC1,1042,0,1,0,0,1,1,1,0,1,1,1,1,0,0,1,1,1,0,0,0,1,1,0,0,0,1,1
C1CC(N(C1)C(=O)C(CC2=CN=CN2)NC(=O)C3CCC(=O)N3)C(=O)N,NC(=O)C1CCCN1C(=O)C(Cc1cnc[nH]1)NC(=O)C1CCC(=O)N1,O=C1CCC(C(=O)NC(Cc2cnc[nH]2)C(=O)N2CCCC2)N1,1043,0,0,0,1,0,0,1,0,1,1,0,1,1,0,1,0,1,0,0,0,1,0,0,0,0,1,1
CC1=C(C=C(C=C1)NC(=O)C2=CC=C(C=C2)CN3CCN(CC3)C)NC4=NC=CC(=N4)C5=CN=CC=C5,Cc1ccc(NC(=O)c2ccc(CN3CCN(C)CC3)cc2)cc1Nc1nccc(-c2cccnc2)n1,O=C(Nc1cccc(Nc2nccc(-c3cccnc3)n2)c1)c1ccc(CN2CCNCC2)cc1,1044,1,1,0,1,1,1,1,0,1,1,1,1,0,0,1,1,1,0,1,1,1,1,0,1,1,1,1
CC1C(C(C(O1)OC2C(C(C(C(C2O)O)N=C(N)N)O)N=C(N)N)OC3C(C(C(C(O3)CO)O)O)NC)(C=O)O,CNC1C(OC2C(OC3C(O)C(O)C(N=C(N)N)C(O)C3N=C(N)N)OC(C)C2(O)C=O)OC(CO)C(O)C1O,C1CCC(OC2OCCC2OC2CCCCO2)CC1,1045,0,0,0,1,1,1,1,0,1,0,0,1,0,0,0,1,1,0,0,0,0,1,0,1,0,1,0
C1CCC(C1)C(CC#N)N2C=C(C=N2)C3=C4C=CNC4=NC=N3,N#CCC(C1CCCC1)n1cc(-c2ncnc3[nH]ccc23)cn1,c1nc(-c2cnn(CC3CCCC3)c2)c2cc[nH]c2n1,1046,1,1,0,0,1,1,1,0,0,0,1,1,0,0,1,1,1,0,1,1,0,1,0,0,0,1,1
CN(C(=O)NC1C(C(C(OC1O)CO)O)O)N=O,CN(N=O)C(=O)NC1C(O)OC(CO)C(O)C1O,C1CCOCC1,1047,1,1,0,0,1,0,1,0,0,0,1,1,0,0,0,1,1,1,0,0,1,1,0,0,0,1,1
CCC(C)(C)C(=O)O[C@H]1C[C@H](C=C2[C@H]1[C@H]([C@H](C=C2)C)CC[C@@H]3C[C@H](CC(=O)O3)O)C,CCC(C)(C)C(=O)O[C@H]1C[C@@H](C)C=C2C=C[C@H](C)[C@H](CC[C@@H]3C[C@@H](O)CC(=O)O3)[C@H]21,O=C1CCCC(CCC2CC=CC3=CCCCC32)O1,1048,1,1,0,1,1,1,1,1,1,1,1,1,1,0,1,1,1,0,1,1,1,1,1,1,1,1,1
C1=CC=C(C=C1)NC(=O)CCCCCCC(=O)NO,O=C(CCCCCCC(=O)Nc1ccccc1)NO,c1ccccc1,1049,1,1,0,0,1,1,1,0,0,0,1,1,0,0,1,1,1,0,1,1,0,1,0,0,1,1,1
C[N+](C)(C)CCOC(=O)CCC(=O)OCC[N+](C)(C)C,C[N+](C)(C)CCOC(=O)CCC(=O)OCC[N+](C)(C)C,,1050,0,1,0,0,1,1,1,0,1,0,0,1,0,0,1,0,1,1,0,1,0,1,0,0,1,1,1
C1=CC(=CC=C1CSC(CN2C=CN=C2)C3=C(C=C(C=C3)Cl)Cl)Cl,Clc1ccc(CSC(Cn2ccnc2)c2ccc(Cl)cc2Cl)cc1,c1ccc(CSC(Cn2ccnc2)c2ccccc2)cc1,1051,0,0,0,0,1,0,0,0,0,0,0,1,0,0,0,0,1,0,0,0,0,0,0,0,0,0,0
CC(=O)NS(=O)(=O)C1=CC=C(C=C1)N,CC(=O)NS(=O)(=O)c1ccc(N)cc1,c1ccccc1,1052,1,0,0,1,0,1,0,0,1,0,0,1,0,0,0,1,1,0,1,0,0,0,0,0,0,0,0
CC1=CC(=NO1)NS(=O)(=O)C2=CC=C(C=C2)N,Cc1cc(NS(=O)(=O)c2ccc(N)cc2)no1,O=S(=O)(Nc1ccon1)c1ccccc1,1053,1,1,0,1,1,1,1,0,1,0,0,1,0,0,1,1,1,0,1,1,1,1,0,1,1,1,1
C1=CC(=CC=C1N)S(=O)(=O)N,Nc1ccc(S(N)(=O)=O)cc1,c1ccccc1,1054,0,0,0,0,0,0,0,0,0,0,0,1,0,0,0,0,0,0,0,0,0,0,0,0,0,1,0
COCCCN1CCC(CC1)NC(=O)C2=CC(=C(C3=C2OCC3)N)Cl,COCCCN1CCC(NC(=O)c2cc(Cl)c(N)c3c2OCC3)CC1,O=C(NC1CCNCC1)c1cccc2c1OCC2,1055,0,1,0,0,1,1,1,0,0,1,0,1,0,0,0,0,1,0,1,1,1,1,0,0,1,1,0
CC1=C(C2=C(C1=CC3=CC=C(C=C3)S(=O)C)C=CC(=C2)F)CC(=O)O,CC1=C(CC(=O)O)c2cc(F)ccc2C1=Cc1ccc(S(C)=O)cc1,C1=Cc2ccccc2C1=Cc1ccccc1,1056,1,1,0,1,1,1,1,0,1,1,0,1,0,0,1,1,1,0,1,1,1,1,0,1,1,1,1
CNS(=O)(=O)CC1=CC2=C(C=C1)NC=C2CCN(C)C,CNS(=O)(=O)Cc1ccc2[nH]cc(CCN(C)C)c2c1,c1ccc2[nH]ccc2c1,1057,0,1,0,1,1,1,1,1,1,1,1,1,1,1,1,1,1,0,1,1,1,1,1,1,1,1,1
CC(C1=CC=C(C=C1)C(=O)C2=CC=CS2)C(=O)O,CC(C(=O)O)c1ccc(C(=O)c2cccs2)cc1,O=C(c1ccccc1)c1cccs1,1058,0,0,0,1,1,0,0,0,1,0,0,1,0,0,1,1,1,0,0,0,0,0,0,0,0,0,0
CC1CC(C2C(CC(C(O2)(C(=O)C(=O)N3CCCCC3C(=O)OC(C(C(CC(=O)C(C=C(C1)C)CC=C)O)C)C(=CC4CCC(C(C4)OC)O)C)O)C)OC)OC,C=CCC1C=C(C)CC(C)CC(OC)C2OC(O)(C(=O)C(=O)N3CCCCC3C(=O)OC(C(C)=CC3CCC(O)C(OC)C3)C(C)C(O)CC1=O)C(C)CC2OC,O=C1CC=CCCCCC2CCCC(O2)C(=O)C(=O)N2CCCCC2C(=O)OC(C=CC2CCCCC2)CCC1,1059,1,1,0,1,1,1,1,1,1,1,1,1,1,0,1,1,1,1,1,1,1,1,1,1,1,1,1
CCC(=C(C1=CC=CC=C1)C2=CC=C(C=C2)OCCN(C)C)C3=CC=CC=C3,CCC(=C(c1ccccc1)c1ccc(OCCN(C)C)cc1)c1ccccc1,C(=C(c1ccccc1)c1ccccc1)c1ccccc1,1060,1,1,0,1,1,1,1,1,1,1,1,1,1,0,1,1,1,1,1,1,1,1,0,0,1,1,1
CC1CN(CCN1)C2=C(C=C3C(=C2OC)N(C=C(C3=O)C(=O)O)C4CC4)F,COc1c(N2CCNC(C)C2)c(F)cc2c(=O)c(C(=O)O)cn(C3CC3)c12,O=c1ccn(C2CC2)c2cc(N3CCNCC3)ccc12,1061,1,1,0,1,1,1,1,1,1,1,0,1,0,0,1,1,1,0,1,1,1,1,0,1,1,1,1
CCOC(=O)C1=CN=C(C=C1)C#CC2=CC3=C(C=C2)SCCC3(C)C,CCOC(=O)c1ccc(C#Cc2ccc3c(c2)C(C)(C)CCS3)nc1,C(#Cc1ccccn1)c1ccc2c(c1)CCCS2,1062,0,1,0,0,1,0,1,0,1,0,0,1,0,0,1,0,1,0,1,0,0,0,0,0,0,1,0
CN1C2=C(C=C(C=C2)Cl)C(=NC(C1=O)O)C3=CC=CC=C3,CN1C(=O)C(O)N=C(c2ccccc2)c2cc(Cl)ccc21,O=C1CN=C(c2ccccc2)c2ccccc2N1,1063,1,1,0,1,1,1,1,0,1,1,0,1,1,0,1,1,1,0,0,1,1,1,0,1,1,1,1
CCCCCCCC(=O)NC(CN1CCCC1)C(C2=CC3=C(C=C2)OCCO3)O,CCCCCCCC(=O)NC(CN1CCCC1)C(O)c1ccc2c(c1)OCCO2,c1cc2c(cc1CCCN1CCCC1)OCCO2,1064,0,0,0,0,0,1,1,0,0,0,0,1,0,0,0,0,1,0,0,1,0,0,0,0,1,1,0
CN1C(=O)N2C=NC(=C2N=N1)C(=O)N,Cn1nnc2c(C(N)=O)ncn2c1=O,O=c1[nH]nnc2cncn12,1065,1,1,0,1,1,1,1,1,1,1,1,1,1,0,1,1,1,0,1,1,1,1,0,1,1,1,1
COCC1=C(N2C(C(C2=O)NC(=O)C(=NOC)C3=CSC(=N3)N)SC1)C(=O)O,COCC1=C(C(=O)O)N2C(=O)C(NC(=O)C(=NOC)c3csc(N)n3)C2SC1,N=C(C(=O)NC1C(=O)N2C=CCSC12)c1cscn1,1066,1,1,0,1,1,1,1,1,1,1,0,1,0,1,1,1,1,0,1,1,1,1,1,1,1,1,1
COC1=CC(=CC(=C1O)OC)C2C3C(COC3=O)C(C4=CC5=C(C=C24)OCO5)OC6C(C(C7C(O6)COC(O7)C8=CC=CS8)O)O,COc1cc(C2c3cc4c(cc3C(OC3OC5COC(c6cccs6)OC5C(O)C3O)C3COC(=O)C23)OCO4)cc(OC)c1O,O=C1OCC2C(OC3CCC4OC(c5cccs5)OCC4O3)c3cc4c(cc3C(c3ccccc3)C12)OCO4,1067,1,1,0,0,1,0,1,0,1,0,1,1,0,0,1,1,1,0,1,1,1,1,0,0,1,1,0
CC1=C2[C@@H](C(=O)[C@@]3([C@H](C[C@@H]4[C@]([C@H]3[C@@H]([C@@](C2(C)C)(C[C@@H]1OC(=O)[C@@H]([C@H](C5=CC=CC=C5)NC(=O)OC(C)(C)C)O)O)OC(=O)C6=CC=CC=C6)(CO4)OC(=O)C)OC)C)OC,CO[C@@H]1C(=O)[C@]2(C)[C@@H](OC)C[C@H]3OC[C@@]3(OC(C)=O)[C@H]2[C@H](OC(=O)c2ccccc2)[C@]2(O)C[C@H](OC(=O)[C@H](O)[C@@H](NC(=O)OC(C)(C)C)c3ccccc3)C(C)=C1C2(C)C,O=C(CCc1ccccc1)OC1C=C2CC(=O)C3CCC4OCC4C3C(OC(=O)c3ccccc3)C(C2)C1,1068,0,1,0,1,1,1,1,0,1,1,0,1,0,0,1,1,1,0,1,1,1,1,0,1,1,1,1
COC1=C(C=C2C(=C1)C(=NC(=N2)N3CCN(CC3)C(=O)C4CCCO4)N)OC,COc1cc2nc(N3CCN(C(=O)C4CCCO4)CC3)nc(N)c2cc1OC,O=C(C1CCCO1)N1CCN(c2ncc3ccccc3n2)CC1,1069,1,1,0,1,1,1,1,1,1,1,0,1,0,1,1,1,1,0,1,1,1,1,0,1,1,1,1
CC(C)(C)C#CC=CCN(C)CC1=CC=CC2=CC=CC=C21,CN(CC=CC#CC(C)(C)C)Cc1cccc2ccccc12,c1ccc2ccccc2c1,1070,1,1,0,1,1,1,1,0,1,0,0,1,0,0,1,1,1,0,1,1,1,0,0,1,0,1,1
CC(C)(C)NCC(C1=CC(=CC(=C1)O)O)O,CC(C)(C)NCC(O)c1cc(O)cc(O)c1,c1ccccc1,1071,0,0,0,0,0,1,1,0,0,0,0,1,0,0,1,0,1,0,0,1,1,0,0,0,1,1,1
CC(C)N1CCN(CC1)C2=CC=C(C=C2)OCC3COC(O3)(CN4C=NC=N4)C5=C(C=C(C=C5)Cl)Cl,CC(C)N1CCN(c2ccc(OCC3COC(Cn4cncn4)(c4ccc(Cl)cc4Cl)O3)cc2)CC1,c1ccc(C2(Cn3cncn3)OCC(COc3ccc(N4CCNCC4)cc3)O2)cc1,1072,0,0,0,0,1,1,1,0,1,1,0,1,0,0,0,0,1,0,0,1,0,0,0,0,0,1,0
CC12CCC3C(C1CCC(=O)O2)CCC4=CC(=O)C=CC34C,CC12CCC3C(CCC4=CC(=O)C=CC43C)C1CCC(=O)O2,O=C1C=CC2C(=C1)CCC1C3CCC(=O)OC3CCC21,1073,0,1,0,0,1,0,1,0,0,0,0,1,0,0,0,0,1,0,0,0,0,0,0,0,0,1,0
CC12CCC3C(C1CCC2O)CCC4=CC(=O)CCC34C,CC12CCC(=O)C=C1CCC1C2CCC2(C)C(O)CCC12,O=C1C=C2CCC3C4CCCC4CCC3C2CC1,1074,1,1,0,1,1,1,1,0,1,1,1,1,1,1,1,1,1,0,1,1,1,1,0,1,1,1,1
CCCCCCC(=O)OC1CCC2C1(CCC3C2CCC4=CC(=O)CCC34C)C,CCCCCCC(=O)OC1CCC2C3CCC4=CC(=O)CCC4(C)C3CCC12C,O=C1C=C2CCC3C4CCCC4CCC3C2CC1,1075,1,1,0,0,1,1,1,0,1,1,1,1,1,0,1,1,1,0,1,1,1,1,0,0,0,1,0
CCC(=O)OC1CCC2C1(CCC3C2CCC4=CC(=O)CCC34C)C,CCC(=O)OC1CCC2C3CCC4=CC(=O)CCC4(C)C3CCC12C,O=C1C=C2CCC3C4CCCC4CCC3C2CC1,1076,1,1,0,0,1,1,1,0,1,1,1,1,1,0,1,1,1,0,1,1,1,1,0,0,0,1,0
CCCCNC1=CC=C(C=C1)C(=O)OCCN(C)C,CCCCNc1ccc(C(=O)OCCN(C)C)cc1,c1ccccc1,1077,0,0,0,1,0,0,1,0,1,0,0,1,0,1,1,0,1,0,0,0,1,0,0,1,1,1,1
CCC(=O)OCC(=O)[C@]1([C@H](C[C@@H]2[C@@]1(C[C@@H]([C@]3([C@H]2CCC4=CC(=O)C=C[C@@]43C)F)O)C)C)OC(=O)CC,CCC(=O)OCC(=O)[C@@]1(OC(=O)CC)[C@@H](C)C[C@H]2[C@@H]3CCC4=CC(=O)C=C[C@]4(C)[C@@]3(F)[C@@H](O)C[C@@]21C,O=C1C=CC2C(=C1)CCC1C3CCCC3CCC21,1078,0,1,0,0,0,0,0,0,0,0,0,1,1,0,1,0,1,0,1,0,0,1,0,0,0,1,1
C1CC(C2=CC=CC=C2C1)C3=NCCN3,c1ccc2c(c1)CCCC2C1=NCCN1,c1ccc2c(c1)CCCC2C1=NCCN1,1079,0,0,0,0,0,0,0,0,0,0,0,1,0,0,0,0,1,0,1,1,1,0,0,0,1,1,0
C1CC(=O)NC(=O)C1N2C(=O)C3=CC=CC=C3C2=O,O=C1CCC(N2C(=O)c3ccccc3C2=O)C(=O)N1,O=C1CCC(N2C(=O)c3ccccc3C2=O)C(=O)N1,1080,1,1,0,1,1,1,1,1,1,1,1,1,1,1,1,1,1,1,1,1,1,1,0,1,1,1,1
C1=CC=C2C(=C1)NC(=N2)C3=CSC=N3,c1ccc2[nH]c(-c3cscn3)nc2c1,c1ccc2[nH]c(-c3cscn3)nc2c1,1081,1,1,0,1,0,1,1,0,1,0,0,1,0,0,1,1,1,0,0,0,1,1,0,1,0,1,1
C1[C@H](CN2[C@@H]1C(=O)NC(C(=O)N[C@@H](C(=O)N[C@H](C(=O)N[C@H](C(=O)N[C@H](C2=O)CC3=CC=CC=C3)CC4=CC=C(C=C4)OCC5=CC=CC=C5)CCCCN)CC6=CNC7=CC=CC=C76)C8=CC=CC=C8)OC(=O)NCCN.C([C@@H](C(=O)O)N)C(=O)O.C([C@@H](C(=O)O)N)C(=O)O,NCCCC[C@@H]1NC(=O)[C@@H](Cc2c[nH]c3ccccc23)NC(=O)C(c2ccccc2)NC(=O)[C@@H]2C[C@@H](OC(=O)NCCN)CN2C(=O)[C@H](Cc2ccccc2)NC(=O)[C@H](Cc2ccc(OCc3ccccc3)cc2)NC1=O,O=C1CNC(=O)C(Cc2c[nH]c3ccccc23)NC(=O)C(c2ccccc2)NC(=O)C2CCCN2C(=O)C(Cc2ccccc2)NC(=O)C(Cc2ccc(OCc3ccccc3)cc2)N1,1082,1,1,0,0,1,1,1,0,0,0,0,1,1,0,1,1,1,0,1,0,1,0,0,1,1,1,0
CN1CCCCC1CCN2C3=CC=CC=C3SC4=C2C=C(C=C4)SC,CSc1ccc2c(c1)N(CCC1CCCCN1C)c1ccccc1S2,c1ccc2c(c1)Sc1ccccc1N2CCC1CCCCN1,1083,1,1,0,1,1,1,1,0,1,1,0,1,0,0,1,1,1,0,0,1,1,1,0,0,1,1,0
C1CN1P(=S)(N2CC2)N3CC3,S=P(N1CC1)(N1CC1)N1CC1,S=P(N1CC1)(N1CC1)N1CC1,1084,1,1,0,1,1,1,1,1,1,1,1,1,1,0,1,1,1,0,1,1,1,1,0,1,1,1,1
CN1CCN(CC1)CCC=C2C3=CC=CC=C3SC4=C2C=C(C=C4)S(=O)(=O)N(C)C,CN1CCN(CCC=C2c3ccccc3Sc3ccc(S(=O)(=O)N(C)C)cc32)CC1,C(CCN1CCNCC1)=C1c2ccccc2Sc2ccccc21,1085,1,1,0,1,1,1,1,0,1,1,0,1,1,0,1,1,1,0,0,1,1,1,0,0,1,1,1
CC1=C(SC=C1)C(=CCCN2CCCC(C2)C(=O)O)C3=C(C=CS3)C,Cc1ccsc1C(=CCCN1CCCC(C(=O)O)C1)c1sccc1C,C(CCN1CCCCC1)=C(c1cccs1)c1cccs1,1086,1,1,0,1,1,1,1,1,1,1,1,1,1,1,1,1,1,0,1,1,1,1,1,1,1,1,1
CC(C1=CC=C(S1)C(=O)C2=CC=CC=C2)C(=O)O,CC(C(=O)O)c1ccc(C(=O)c2ccccc2)s1,O=C(c1ccccc1)c1cccs1,1087,0,1,0,1,1,1,1,0,1,1,0,1,0,0,1,1,1,0,1,1,1,1,0,1,1,1,1
CC1CC2=C(CCC(=O)C2)C3C1C4CCC(C4(CC3)C)(C#C)O,C#CC1(O)CCC2C3C(C)CC4=C(CCC(=O)C4)C3CCC21C,O=C1CCC2=C(CCC3C2CCC2CCCC23)C1,1088,1,0,0,1,1,1,1,0,0,1,1,1,0,0,1,0,1,0,1,1,0,0,0,0,1,1,0
C1C(O1)CCl.C(CNCCNCCNCCN)N,NCCNCCNCCNCCN,,0,1,1,0,0,0,1,1,0,1,0,0,1,0,0,0,0,1,0,0,1,1,0,0,0,1,1,0
CCC(C)C1C(=O)NC(C(=O)NC(C(=O)NC(CSSCC(C(=O)NC(C(=O)N1)CC2=CC=C(C=C2)O)N)C(=O)N3CCCC3C(=O)NC(CC(C)C)C(=O)NCC(=O)N)CC(=O)N)C(C)O,CCC(C)C1NC(=O)C(Cc2ccc(O)cc2)NC(=O)C(N)CSSCC(C(=O)N2CCCC2C(=O)NC(CC(C)C)C(=O)NCC(N)=O)NC(=O)C(CC(N)=O)NC(=O)C(C(C)O)NC1=O,O=C1CNC(=O)CNC(=O)C(Cc2ccccc2)NC(=O)CCSSCC(C(=O)N2CCCC2)NC(=O)CN1,1089,0,1,0,1,1,1,1,0,1,1,1,1,1,1,1,1,1,1,1,1,1,1,1,0,1,1,1
CC(C)(C)NCC(COC1=NSN=C1N2CCOCC2)O,CC(C)(C)NCC(O)COc1nsnc1N1CCOCC1,c1nsnc1N1CCOCC1,1090,1,1,1,1,1,1,1,0,1,1,0,1,0,1,1,1,1,0,1,1,1,1,0,1,1,1,0
CCS(=O)(=O)CCN1C(=NC=C1[N+](=O)[O-])C,CCS(=O)(=O)CCn1c([N+](=O)[O-])cnc1C,c1c[nH]cn1,1091,0,1,0,0,1,1,1,0,1,1,0,1,0,0,1,1,1,0,1,1,1,1,0,1,1,1,1
CC(C(=O)NCC(=O)O)S,CC(S)C(=O)NCC(=O)O,,1092,1,1,0,0,1,1,1,0,0,0,1,1,0,0,1,1,1,0,1,1,0,1,0,0,0,1,0
CCCCS(=O)(=O)NC(CC1=CC=C(C=C1)OCCCCC2CCNCC2)C(=O)O,CCCCS(=O)(=O)NC(Cc1ccc(OCCCCC2CCNCC2)cc1)C(=O)O,c1ccc(OCCCCC2CCNCC2)cc1,1093,0,1,0,0,1,0,1,0,1,0,0,1,0,0,1,1,1,0,0,1,0,1,0,0,1,1,0
C1CN=C(N1)NC2=C(C=CC3=NSN=C32)Cl,Clc1ccc2nsnc2c1NC1=NCCN1,c1cc(NC2=NCCN2)c2nsnc2c1,1094,1,1,0,1,1,1,1,1,1,1,1,1,1,0,1,1,1,1,1,1,1,1,0,1,1,1,1
C[C@]12CCC3[C@H]([C@@H]1CC[C@@H]2C(=O)NC4=C(C=CC(=C4)C(F)(F)F)C(F)(F)F)CC[C@@H]5[C@@]3(C=CC(=O)N5)C,C[C@]12CCC3[C@@H](CC[C@H]4NC(=O)C=C[C@]34C)[C@@H]1CC[C@@H]2C(=O)Nc1cc(C(F)(F)F)ccc1C(F)(F)F,O=C1C=CC2C(CCC3C2CCC2C(C(=O)Nc4ccccc4)CCC23)N1,1095,0,0,0,0,1,0,0,0,1,1,1,1,0,0,0,0,1,0,0,0,1,0,0,0,1,1,0
C1C(C(C(C(C1N)OC2C(C(C(C(O2)CO)O)N)O)O)OC3C(CC(C(O3)CN)O)N)N,NCC1OC(OC2C(N)CC(N)C(OC3OC(CO)C(O)C(N)C3O)C2O)C(N)CC1O,C1CCC(OC2CCCC(OC3CCCCO3)C2)OC1,1096,0,1,0,1,1,1,1,0,1,0,0,1,0,0,1,1,1,0,1,1,1,1,0,1,0,1,1
CC/C=C/CC(=O)N[C@@H](CC1=CC=C(C=C1)O)C(=O)N[C@@H](C)C(=O)N[C@@H](CC(=O)O)C(=O)N[C@@H](C)C(=O)N[C@@H]([C@@H](C)CC)C(=O)N[C@@H](CC2=CC=CC=C2)C(=O)N[C@@H]([C@@H](C)O)C(=O)N[C@@H](CC(=O)N)C(=O)N[C@@H](CO)C(=O)N[C@@H](CC3=CC=C(C=C3)O)C(=O)N[C@@H](CCCNC(=N)N)C(=O)N[C@@H](CCCCN)C(=O)N[C@@H](C(C)C)C(=O)NCC(=O)N[C@@H](CC(C)C)C(=O)N[C@@H](CCC(=O)N)C(=O)N[C@@H](CC(C)C)C(=O)N[C@@H](CO)C(=O)N[C@@H](C)C(=O)N[C@@H](CCCNC(=N)N)C(=O)N[C@@H](CCCCN)C(=O)N[C@@H](CC(C)C)C(=O)N[C@@H](CC(C)C)C(=O)N[C@@H](CCC(=O)N)C(=O)N[C@@H](CC(=O)O)C(=O)N[C@@H]([C@@H](C)CC)C(=O)N[C@@H](CCSC)C(=O)N[C@@H](CO)C(=O)N[C@@H](CCCNC(=N)N)C(=O)N[C@@H](CCC(=O)N)C(=O)NCC(=O)N[C@@H](CCC(=O)N)C(=O)N[C@@H](CCC(=O)O)C(=O)N[C@@H](CO)C(=O)N[C@@H](CC(=O)N)C(=O)N[C@@H](CCC(=O)N)C(=O)N[C@@H](CCC(=O)O)C(=O)N[C@@H](CCCNC(=N)N)C(=O)N[C@@H](C)C(=O)NCC(=O)N[C@@H](CCCNC(=N)N)C(=O)N[C@@H](C)C(=O)N[C@@H](CCCNC(=N)N)C(=O)N[C@@H](CC(C)C)C(=O)N,CC/C=C/CC(=O)N[C@@H](Cc1ccc(O)cc1)C(=O)N[C@@H](C)C(=O)N[C@@H](CC(=O)O)C(=O)N[C@@H](C)C(=O)N[C@H](C(=O)N[C@@H](Cc1ccccc1)C(=O)N[C@H](C(=O)N[C@@H](CC(N)=O)C(=O)N[C@@H](CO)C(=O)N[C@@H](Cc1ccc(O)cc1)C(=O)N[C@@H](CCCNC(=N)N)C(=O)N[C@@H](CCCCN)C(=O)N[C@H](C(=O)NCC(=O)N[C@@H](CC(C)C)C(=O)N[C@@H](CCC(N)=O)C(=O)N[C@@H](CC(C)C)C(=O)N[C@@H](CO)C(=O)N[C@@H](C)C(=O)N[C@@H](CCCNC(=N)N)C(=O)N[C@@H](CCCCN)C(=O)N[C@@H](CC(C)C)C(=O)N[C@@H](CC(C)C)C(=O)N[C@@H](CCC(N)=O)C(=O)N[C@@H](CC(=O)O)C(=O)N[C@H](C(=O)N[C@@H](CCSC)C(=O)N[C@@H](CO)C(=O)N[C@@H](CCCNC(=N)N)C(=O)N[C@@H](CCC(N)=O)C(=O)NCC(=O)N[C@@H](CCC(N)=O)C(=O)N[C@@H](CCC(=O)O)C(=O)N[C@@H](CO)C(=O)N[C@@H](CC(N)=O)C(=O)N[C@@H](CCC(N)=O)C(=O)N[C@@H](CCC(=O)O)C(=O)N[C@@H](CCCNC(=N)N)C(=O)N[C@@H](C)C(=O)NCC(=O)N[C@@H](CCCNC(=N)N)C(=O)N[C@@H](C)C(=O)N[C@@H](CCCNC(=N)N)C(=O)N[C@@H](CC(C)C)C(N)=O)[C@@H](C)CC)C(C)C)[C@@H](C)O)[C@@H](C)CC,O=C(CCc1ccccc1)NCC(=O)NCC(=O)NCC(=O)NCC(=O)NC(Cc1ccccc1)C(=O)NCC(=O)NCC(=O)NCC(=O)NCCc1ccccc1,1097,0,1,0,0,1,1,1,0,0,1,0,1,0,0,1,0,1,0,0,0,1,0,0,0,1,1,1
CC1=CC=C(C=C1)S(=O)(=O)NC(=O)NN2CCCCCC2,Cc1ccc(S(=O)(=O)NC(=O)NN2CCCCCC2)cc1,O=C(NN1CCCCCC1)NS(=O)(=O)c1ccccc1,1098,1,1,0,0,0,0,1,0,0,0,0,1,1,0,0,1,1,1,0,0,0,0,0,1,0,1,0
CCCCNC(=O)NS(=O)(=O)C1=CC=C(C=C1)C,CCCCNC(=O)NS(=O)(=O)c1ccc(C)cc1,c1ccccc1,1099,1,1,0,0,0,0,1,0,0,0,0,0,1,0,0,1,1,1,0,0,0,0,0,0,0,1,0
C[C@]1(CN2C=C(N=C2O1)[N+](=O)[O-])COC3=CC=C(C=C3)N4CCC(CC4)OC5=CC=C(C=C5)OC(F)(F)F,C[C@@]1(COc2ccc(N3CCC(Oc4ccc(OC(F)(F)F)cc4)CC3)cc2)Cn2cc([N+](=O)[O-])nc2O1,c1ccc(OC2CCN(c3ccc(OCC4Cn5ccnc5O4)cc3)CC2)cc1,1100,1,1,0,1,1,1,1,0,0,1,0,1,0,0,1,1,1,0,1,1,1,1,0,1,1,1,0
CC1=CC=C(C=C1)C(=O)C2=CC=C(N2C)CC(=O)[O-],Cc1ccc(C(=O)c2ccc(CC(=O)O)n2C)cc1,O=C(c1ccccc1)c1ccc[nH]1,1101,1,0,0,1,1,0,1,0,1,0,0,1,0,0,0,1,1,0,1,1,0,1,0,1,1,1,0
CC1=CC(=C(C=C1)O)C(CCN(C(C)C)C(C)C)C2=CC=CC=C2,Cc1ccc(O)c(C(CCN(C(C)C)C(C)C)c2ccccc2)c1,c1ccc(Cc2ccccc2)cc1,1102,0,0,0,1,1,1,1,0,1,0,0,1,0,0,1,0,1,0,1,0,1,1,0,1,1,1,0
CC1(OC2COC3(C(C2O1)OC(O3)(C)C)COS(=O)(=O)N)C,CC1(C)OC2COC3(COS(N)(=O)=O)OC(C)(C)OC3C2O1,C1OC2COC3OCOC3C2O1,1103,1,1,0,1,1,1,1,1,1,1,1,1,1,1,1,1,1,1,1,1,1,1,1,1,1,1,1
CCC1(C2=C(COC1=O)C(=O)N3CC4=C(C3=C2)N=C5C=CC(=C(C5=C4)CN(C)C)O)O,CCC1(O)C(=O)OCc2c1cc1n(c2=O)Cc2cc3c(CN(C)C)c(O)ccc3nc2-1,O=C1Cc2cc3n(c(=O)c2CO1)Cc1cc2ccccc2nc1-3,1104,1,1,0,0,1,1,1,0,1,1,1,1,0,0,1,1,1,0,1,1,0,0,0,1,1,1,0
CN(C)CCOC1=CC=C(C=C1)C(=C(CCCl)C2=CC=CC=C2)C3=CC=CC=C3,CN(C)CCOc1ccc(C(=C(CCCl)c2ccccc2)c2ccccc2)cc1,C(=C(c1ccccc1)c1ccccc1)c1ccccc1,1105,1,1,0,1,1,1,1,0,0,1,1,1,1,0,1,1,1,0,0,1,1,0,0,1,1,1,0
CN(C)CC1CCCCC1(C2=CC(=CC=C2)OC)O,COc1cccc(C2(O)CCCCC2CN(C)C)c1,c1ccc(C2CCCCC2)cc1,1106,1,1,0,1,1,1,1,1,1,1,1,1,1,1,1,1,1,1,1,1,1,1,0,1,1,1,1
C1CCC2=C(C1)C=CC=C2NC3=NCCN3,c1cc2c(c(NC3=NCCN3)c1)CCCC2,c1cc2c(c(NC3=NCCN3)c1)CCCC2,1107,0,0,0,0,1,0,1,0,1,0,0,1,0,0,0,0,1,0,1,1,1,0,0,0,1,1,0
CCOC(=O)C(CCC1=CC=CC=C1)NC(C)C(=O)N2C3CCCCC3CC2C(=O)O,CCOC(=O)C(CCc1ccccc1)NC(C)C(=O)N1C(C(=O)O)CC2CCCCC21,O=C(CNCCCc1ccccc1)N1CCC2CCCCC21,1108,1,1,0,1,1,1,1,0,1,1,0,1,0,0,1,1,1,1,1,1,1,1,0,1,1,1,1
C1CC(CCC1CN)C(=O)O,NCC1CCC(C(=O)O)CC1,C1CCCCC1,1109,0,0,0,1,1,1,1,0,1,0,0,1,0,0,1,1,1,1,1,1,0,1,0,0,1,1,1
C1C(C1N)C2=CC=CC=C2,NC1CC1c1ccccc1,c1ccc(C2CC2)cc1,1110,1,1,0,1,1,1,1,0,0,1,0,1,1,0,1,1,1,0,0,0,1,1,0,1,1,1,0
C[C@@]1(C2C[C@H]3[C@@H](C(=O)C(=C([C@]3(C(=O)C2=C(C4=C1C=CC=C4O)O)O)O)C(=O)NCNCCCC[C@@H](C(=O)O)N)N(C)C)O,CN(C)[C@@H]1C(=O)C(C(=O)NCNCCCC[C@H](N)C(=O)O)=C(O)[C@@]2(O)C(=O)C3=C(O)c4c(O)cccc4[C@@](C)(O)C3C[C@@H]12,O=C1C=CC2C(=O)C3=Cc4ccccc4CC3CC2C1,1111,1,0,0,1,1,0,1,0,1,1,0,0,0,0,0,1,1,1,1,0,0,0,0,0,0,1,1
C1CN(CCN1CCCN2C(=O)N3C=CC=CC3=N2)C4=CC(=CC=C4)Cl,O=c1n(CCCN2CCN(c3cccc(Cl)c3)CC2)nc2ccccn12,O=c1n(CCCN2CCN(c3ccccc3)CC2)nc2ccccn12,1112,1,1,0,1,1,1,1,1,1,1,0,1,1,1,1,1,1,0,0,1,1,1,0,1,1,1,1
CC[C@@H]1[C@@]([C@@H]([C@H](C(=O)[C@@H](C[C@@]([C@@H]([C@H]([C@@H]([C@H](C(=O)O1)C)OC2CC(C(C(O2)C)O)(C)OC)C)OC3C(C(CC(O3)C)N(C)C)O)(C)OC)C)C)O)(C)O,CC[C@H]1OC(=O)[C@H](C)[C@@H](OC2CC(C)(OC)C(O)C(C)O2)[C@H](C)[C@@H](OC2OC(C)CC(N(C)C)C2O)[C@](C)(OC)C[C@@H](C)C(=O)[C@H](C)[C@@H](O)[C@]1(C)O,O=C1CCCCOC(=O)CC(OC2CCCCO2)CC(OC2CCCCO2)CCC1,1113,1,1,0,1,1,1,1,0,1,1,1,1,0,0,1,1,1,0,1,1,1,1,0,1,1,1,1
CC1=C(C(CCC1)(C)C)C=CC(=CC=CC(=CC(=O)O)C)C,CC(C=CC1=C(C)CCCC1(C)C)=CC=CC(C)=CC(=O)O,C1=CCCCC1,1114,1,1,0,1,1,1,1,0,1,1,1,1,1,0,1,1,1,1,1,1,1,1,1,1,1,1,1
CC12CC(C3(C(C1CC(C2(C(=O)CO)O)O)CCC4=CC(=O)C=CC43C)F)O,CC12C=CC(=O)C=C1CCC1C3CC(O)C(O)(C(=O)CO)C3(C)CC(O)C12F,O=C1C=CC2C(=C1)CCC1C3CCCC3CCC21,1115,1,1,0,1,1,1,1,0,1,1,0,1,1,0,1,0,1,1,1,1,1,1,0,1,1,1,1
CC1=CC(=CC(=C1OC2=NC(=NC(=C2Br)N)NC3=CC=C(C=C3)C#N)C)C#N,Cc1cc(C#N)cc(C)c1Oc1nc(Nc2ccc(C#N)cc2)nc(N)c1Br,c1ccc(Nc2nccc(Oc3ccccc3)n2)cc1,1116,1,1,0,1,1,1,1,0,1,1,0,1,1,0,1,1,1,0,1,1,1,1,0,1,1,1,1
CC1=NN=C2N1C3=C(C=C(C=C3)Cl)C(=NC2)C4=CC=CC=C4Cl,Cc1nnc2n1-c1ccc(Cl)cc1C(c1ccccc1Cl)=NC2,c1ccc(C2=NCc3nncn3-c3ccccc32)cc1,1117,1,1,0,1,0,1,1,1,1,1,0,1,0,0,1,0,1,0,1,1,1,1,0,1,1,1,1
C1N2CN3CN1CN(C2)C3.C1=CC=C(C=C1)C(=O)NCC(=O)O,O=C(O)CNC(=O)c1ccccc1,c1ccccc1,1118,0,0,0,0,0,0,1,0,0,0,0,0,0,0,0,0,1,0,0,0,0,1,0,0,0,0,0
C1=CC(=C(C=C1Cl)O)OC2=C(C=C(C=C2)Cl)Cl,Oc1cc(Cl)ccc1Oc1ccc(Cl)cc1Cl,c1ccc(Oc2ccccc2)cc1,1119,0,0,0,0,0,0,0,0,1,0,0,0,0,0,0,0,0,0,0,0,0,0,0,0,0,0,0
C(CNCCNCCN)N,NCCNCCNCCN,,1120,0,1,0,0,0,1,1,0,0,0,0,1,0,0,0,1,0,0,0,0,0,0,0,0,0,1,0
CN1CCN(CC1)CCCN2C3=CC=CC=C3SC4=C2C=C(C=C4)C(F)(F)F,CN1CCN(CCCN2c3ccccc3Sc3ccc(C(F)(F)F)cc32)CC1,c1ccc2c(c1)Sc1ccccc1N2CCCN1CCNCC1,1121,1,1,0,1,1,1,1,0,1,1,0,1,0,0,1,1,1,0,0,1,1,1,0,0,1,1,1
C1CCC(CC1)C(CCN2CCCCC2)(C3=CC=CC=C3)O,OC(CCN1CCCCC1)(c1ccccc1)C1CCCCC1,c1ccc(C(CCN2CCCCC2)C2CCCCC2)cc1,1122,0,0,0,1,1,0,1,0,0,0,0,1,0,0,0,0,1,0,1,0,1,1,0,0,1,1,0
CC1(C(=O)N(C(=O)O1)C)C,CN1C(=O)OC(C)(C)C1=O,O=C1COC(=O)N1,1123,1,1,0,1,1,1,1,0,0,1,1,1,0,0,1,1,1,0,0,1,1,1,0,1,0,1,1
CN(C)CCOC1=CC=C(C=C1)CNC(=O)C2=CC(=C(C(=C2)OC)OC)OC,COc1cc(C(=O)NCc2ccc(OCCN(C)C)cc2)cc(OC)c1OC,O=C(NCc1ccccc1)c1ccccc1,1124,1,0,0,1,0,1,1,0,1,0,0,0,0,0,1,1,0,0,0,0,1,0,0,0,0,1,1
COC1=CC(=CC(=C1OC)OC)CC2=CN=C(N=C2N)N,COc1cc(Cc2cnc(N)nc2N)cc(OC)c1OC,c1ccc(Cc2cncnc2)cc1,1125,1,1,0,1,1,1,1,0,1,0,0,1,0,0,1,1,1,0,1,1,1,1,0,1,0,1,1
C[C@@H]1C[C@H]2C3C[C@@H](C4=CC(=O)C=C[C@@]4([C@]3([C@H](C[C@@]2([C@]1(C(=O)SCF)O)C)O)F)C)F,C[C@@H]1C[C@H]2C3C[C@H](F)C4=CC(=O)C=C[C@]4(C)[C@@]3(F)[C@@H](O)C[C@]2(C)[C@@]1(O)C(=O)SCF,O=C1C=CC2C(=C1)CCC1C3CCCC3CCC21,1126,1,1,0,1,1,1,1,0,1,0,1,1,1,0,1,1,1,0,1,1,1,1,0,0,1,1,1
CC1=C(C=CC2=C1C(=[NH+]C(=N2)N)N)CNC3=CC(=C(C(=C3)OC)OC)OC,COc1cc(NCc2ccc3nc(N)nc(N)c3c2C)cc(OC)c1OC,c1ccc(NCc2ccc3ncncc3c2)cc1,1127,1,1,0,0,1,0,1,0,0,0,0,1,0,0,0,1,1,0,0,0,1,0,0,0,0,0,0
CC(CN1C2=CC=CC=C2CCC3=CC=CC=C31)CN(C)C,CC(CN(C)C)CN1c2ccccc2CCc2ccccc21,c1ccc2c(c1)CCc1ccccc1N2,1128,1,1,0,1,1,0,1,0,0,1,0,1,1,0,1,1,1,0,0,1,1,1,0,1,1,1,1
CC1=C(C(=C2CCC(OC2=C1C)(C)COC3=CC=C(C=C3)CC4C(=O)NC(=O)S4)C)O,Cc1c(C)c2c(c(C)c1O)CCC(C)(COc1ccc(CC3SC(=O)NC3=O)cc1)O2,O=C1NC(=O)C(Cc2ccc(OCC3CCc4ccccc4O3)cc2)S1,1129,1,1,0,0,1,0,1,0,0,0,0,1,0,0,1,1,0,0,0,0,0,0,0,0,1,1,0
CCN(CC1=CC=NC=C1)C(=O)C(CO)C2=CC=CC=C2,CCN(Cc1ccncc1)C(=O)C(CO)c1ccccc1,O=C(Cc1ccccc1)NCc1ccncc1,1130,0,0,0,1,1,1,1,1,1,0,0,1,0,0,1,0,1,0,1,1,1,1,0,0,1,1,0
CN1C2CCC1CC(C2)OC(=O)C3=CNC4=CC=CC=C43,CN1C2CCC1CC(OC(=O)c1c[nH]c3ccccc13)C2,O=C(OC1CC2CCC(C1)N2)c1c[nH]c2ccccc12,1131,0,1,0,0,0,0,1,0,1,0,0,1,0,0,1,0,1,0,0,1,0,0,0,0,1,1,0
C1CC[N+]2(C1)C3CCC2CC(C3)OC(=O)C(C4=CC=CC=C4)(C5=CC=CC=C5)O,O=C(OC1CC2CCC(C1)[N+]21CCCC1)C(O)(c1ccccc1)c1ccccc1,O=C(OC1CC2CCC(C1)[N+]21CCCC1)C(c1ccccc1)c1ccccc1,1132,0,1,0,1,1,1,1,0,1,1,0,1,1,0,1,1,1,0,1,1,1,1,0,1,1,1,0
CC1=C(C=CN=C1CS(=O)C2=NC3=CC=CC=C3N2)OCCCOC,COCCCOc1ccnc(CS(=O)c2nc3ccccc3[nH]2)c1C,O=S(Cc1ccccn1)c1nc2ccccc2[nH]1,1133,1,1,0,1,1,1,1,0,1,1,1,1,1,1,1,1,1,1,1,1,1,1,0,1,1,1,1
C1CCC(CC1)[C@@H]2C[C@H](N(C2)C(=O)CP(=O)(CCCCC3=CC=CC=C3)O)C(=O)O,O=C(O)[C@@H]1C[C@@H](C2CCCCC2)CN1C(=O)CP(=O)(O)CCCCc1ccccc1,O=C(C[PH](=O)CCCCc1ccccc1)N1CCC(C2CCCCC2)C1,1134,1,1,0,1,1,1,1,0,1,1,0,1,0,0,1,1,1,0,1,1,1,1,0,1,1,1,1
C1[C@@H]2[C@@H](C2N)CN1C3=C(C=C4C(=O)C(=CN(C4=N3)C5=C(C=C(C=C5)F)F)C(=O)O)F,NC1[C@H]2CN(c3nc4c(cc3F)c(=O)c(C(=O)O)cn4-c3ccc(F)cc3F)C[C@@H]12,O=c1ccn(-c2ccccc2)c2nc(N3CC4CC4C3)ccc12,1135,1,1,0,1,1,1,1,1,1,1,0,1,0,0,1,1,1,0,1,1,1,1,0,1,1,1,1
CCC(=O)O[C@@]1([C@H](C[C@@H]2[C@@]1(C[C@@H]([C@]3([C@H]2CCC4=CC(=O)C=C[C@@]43C)Cl)O)C)C)C(=O)CO,CCC(=O)O[C@]1(C(=O)CO)[C@@H](C)C[C@H]2[C@@H]3CCC4=CC(=O)C=C[C@]4(C)[C@@]3(Cl)[C@@H](O)C[C@@]21C,O=C1C=CC2C(=C1)CCC1C3CCCC3CCC21,1136,0,0,0,0,0,1,1,0,1,1,0,1,0,0,0,0,1,0,1,1,0,0,0,0,0,1,0
CC(=O)NCCCS(=O)(=O)O,CC(=O)NCCCS(=O)(=O)O,,1137,1,1,0,1,1,1,1,1,1,1,1,1,1,0,1,1,1,0,1,1,1,1,0,1,1,1,1
[C-]#N.[C-]#N.[C-]#N.[C-]#N.[C-]#N.[N-]=O.[Na+].[Na+].[Na+].[Na+].[Fe+3],C#N,,189,0,0,0,1,1,1,1,0,0,0,0,1,1,0,1,0,1,0,0,0,1,0,0,1,1,1,0
CC(C)NC1=C(N=CC=C1)N2CCN(CC2)C(=O)C3=CC4=C(N3)C=CC(=C4)NS(=O)(=O)C,CC(C)Nc1cccnc1N1CCN(C(=O)c2cc3cc(NS(C)(=O)=O)ccc3[nH]2)CC1,O=C(c1cc2ccccc2[nH]1)N1CCN(c2ccccn2)CC1,1138,1,1,0,1,1,1,1,1,1,1,1,1,0,1,1,1,1,1,1,1,1,1,0,1,1,1,1
CN1CCC(=C2C3=CC=CC=C3CCN4C2=NC=C4C=O)CC1,CN1CCC(=C2c3ccccc3CCn3c(C=O)cnc32)CC1,c1ccc2c(c1)CCn1ccnc1C2=C1CCNCC1,1139,0,0,0,1,0,0,0,0,0,0,0,1,0,0,0,0,0,0,1,0,0,0,0,0,0,1,0
CCCCC[C@H](CC[C@@H]1[C@H](C[C@@H]2[C@H]1CC3=C(C2)C(=CC=C3)OCC(=O)O)O)O,CCCCC[C@@H](O)CC[C@H]1[C@@H]2Cc3cccc(OCC(=O)O)c3C[C@@H]2C[C@@H]1O,c1ccc2c(c1)CC1CCCC1C2,1140,0,1,0,0,1,1,1,1,0,0,0,1,0,0,1,1,1,0,1,1,1,1,0,0,1,1,1
CCCCCCCC(=O)CCC1C(CC(C1CC=CCCCC(=O)O)O)O,CCCCCCCC(=O)CCC1C(O)CC(O)C1CC=CCCCC(=O)O,C1CCCC1,1141,0,1,0,1,0,1,1,0,1,0,0,1,0,0,1,0,1,1,1,1,1,0,0,0,1,1,1
CC(CCC(=O)O)C1CCC2C1(CCC3C2C(CC4C3(CCC(C4)O)C)O)C,CC(CCC(=O)O)C1CCC2C3C(O)CC4CC(O)CCC4(C)C3CCC12C,C1CCC2C(C1)CCC1C3CCCC3CCC21,1142,1,1,0,1,1,1,1,0,1,1,1,1,0,0,1,1,1,0,1,1,1,1,0,1,1,1,1
CC(C)C(C(=O)OCCOCN1C=NC2=C1NC(=NC2=O)N)N,CC(C)C(N)C(=O)OCCOCn1cnc2c(=O)nc(N)[nH]c21,O=c1nc[nH]c2[nH]cnc12,1143,1,1,0,0,1,1,1,0,1,1,0,1,0,0,1,1,1,0,1,1,1,1,0,0,1,1,1
CCCCC(=O)N(CC1=CC=C(C=C1)C2=CC=CC=C2C3=NNN=N3)C(C(C)C)C(=O)O,CCCCC(=O)N(Cc1ccc(-c2ccccc2-c2nn[nH]n2)cc1)C(C(=O)O)C(C)C,c1ccc(-c2ccccc2-c2nn[nH]n2)cc1,1144,1,1,0,1,1,1,1,0,1,1,0,1,0,0,1,1,1,0,1,1,1,1,0,1,1,1,1
CC1C(C(CC(O1)OC2C(C(C(OC2OC3=C4C=C5C=C3OC6=C(C=C(C=C6)C(C(C(=O)NC(C(=O)NC5C(=O)NC7C8=CC(=C(C=C8)O)C9=C(C=C(C=C9C(NC(=O)C(C(C1=CC(=C(O4)C=C1)Cl)O)NC7=O)C(=O)O)O)O)CC(=O)N)NC(=O)C(CC(C)C)NC)O)Cl)CO)O)O)(C)N)O,CNC(CC(C)C)C(=O)NC1C(=O)NC(CC(N)=O)C(=O)NC2C(=O)NC3C(=O)NC(C(=O)NC(C(=O)O)c4cc(O)cc(O)c4-c4cc3ccc4O)C(O)c3ccc(c(Cl)c3)Oc3cc2cc(c3OC2OC(CO)C(O)C(O)C2OC2CC(C)(N)C(O)C(C)O2)Oc2ccc(cc2Cl)C1O,O=C1CCc2ccc(cc2)Oc2cc3cc(c2OC2OCCCC2OC2CCCCO2)Oc2ccc(cc2)CC2NC(=O)C(NC(=O)C3NC(=O)CN1)c1cccc(c1)-c1ccccc1CNC2=O,1145,0,1,0,0,1,1,1,0,1,0,0,1,0,0,1,1,1,0,1,1,1,1,1,1,1,1,1
CCOC(=O)O[C@@]1(CCC2[C@@]1(C[C@@H](C3C2CCC4=CC(=O)C=C[C@]34C)O)C)C(=O)OCCl,CCOC(=O)O[C@]1(C(=O)OCCl)CCC2C3CCC4=CC(=O)C=C[C@]4(C)C3[C@@H](O)C[C@@]21C,O=C1C=CC2C(=C1)CCC1C3CCCC3CCC21,1146,0,0,0,1,0,0,0,0,0,0,0,1,0,0,0,0,1,0,1,0,0,0,0,0,0,1,1
C1CC2=CC=CC=C2N(C(=O)[C@H]1N[C@H](CCC3=CC=CC=C3)C(=O)O)CC(=O)O,O=C(O)CN1C(=O)[C@@H](N[C@H](CCc2ccccc2)C(=O)O)CCc2ccccc21,O=C1Nc2ccccc2CCC1NCCCc1ccccc1,1147,0,1,0,0,1,1,1,0,1,1,0,1,0,0,1,1,1,0,1,1,1,1,0,0,1,1,1
CC1=C(C=C(C=C1)C(=O)NC2=CC(=C(C=C2)CN3CCN(CC3)C)C(F)(F)F)C#CC4=CN=C5N4N=CC=C5,Cc1ccc(C(=O)Nc2ccc(CN3CCN(C)CC3)c(C(F)(F)F)c2)cc1C#Cc1cnc2cccnn12,O=C(Nc1ccc(CN2CCNCC2)cc1)c1cccc(C#Cc2cnc3cccnn23)c1,1148,1,1,0,1,1,1,1,0,0,1,1,1,0,0,1,1,1,0,1,1,1,0,0,0,1,1,0
C=CC(CCC(=O)O)N,C=CC(N)CCC(=O)O,,1149,1,1,0,1,1,1,1,1,1,1,0,1,1,1,1,1,1,1,1,1,1,0,0,1,0,1,1
CC(C(=O)N1C2CCCCC2CC1C(=O)O)NC(CCC3=CC=CC=C3)C(=O)O,CC(NC(CCc1ccccc1)C(=O)O)C(=O)N1C(C(=O)O)CC2CCCCC21,O=C(CNCCCc1ccccc1)N1CCC2CCCCC21,1150,1,1,0,0,1,1,1,0,0,1,0,1,0,0,1,1,1,0,1,1,1,1,0,1,1,1,0
CCC1=CC2CC(C3=C(CN(C2)C1)C4=CC=CC=C4N3)(C5=C(C=C6C(=C5)C78CCN9C7C(C=CC9)(C(C(C8N6C)(C(=O)OC)O)OC(=O)C)CC)OC)C(=O)OC,CCC1=CC2CN(C1)Cc1c([nH]c3ccccc13)C(C(=O)OC)(c1cc3c(cc1OC)N(C)C1C(O)(C(=O)OC)C(OC(C)=O)C4(CC)C=CCN5CCC31C54)C2,C1=CC2CC(c3ccc4c(c3)C35CCN6CC=CC(CCC3N4)C65)c3[nH]c4ccccc4c3CN(C1)C2,1151,1,1,0,0,1,1,1,0,1,0,1,1,1,1,1,1,1,0,1,1,0,1,0,1,1,1,1
CC1=CC=CC=C1O[C@H](CCNC)C2=CC=CC=C2.Cl,CNCC[C@@H](Oc1ccccc1C)c1ccccc1,c1ccc(COc2ccccc2)cc1,1152,1,1,0,1,1,1,1,0,0,1,0,1,0,0,1,0,1,0,1,1,1,1,0,1,1,1,1
C1COC[C@H]1OC2=CC=C(C=C2)CC3=C(C=CC(=C3)[C@H]4[C@@H]([C@H]([C@@H]([C@H](O4)CO)O)O)O)Cl,OC[C@H]1O[C@@H](c2ccc(Cl)c(Cc3ccc(O[C@H]4CCOC4)cc3)c2)[C@H](O)[C@@H](O)[C@@H]1O,c1cc(Cc2ccc(OC3CCOC3)cc2)cc(C2CCCCO2)c1,1153,0,1,0,1,1,1,1,0,0,1,0,1,0,0,1,0,1,1,1,0,0,1,0,0,0,1,1
CCCNS(=O)(=O)NC1=C(C(=NC=N1)OCCOC2=NC=C(C=N2)Br)C3=CC=C(C=C3)Br,CCCNS(=O)(=O)Nc1ncnc(OCCOc2ncc(Br)cn2)c1-c1ccc(Br)cc1,c1ccc(-c2cncnc2OCCOc2ncccn2)cc1,1154,1,1,0,0,0,0,0,0,0,0,0,1,0,0,1,1,0,0,1,0,0,0,0,0,1,1,0
CC1=CC=CC=C1S(=O)(=O)NC(=O)C2=CC(=C(C=C2)CC3=CN(C4=C3C=C(C=C4)NC(=O)OC5CCCC5)C)OC,COc1cc(C(=O)NS(=O)(=O)c2ccccc2C)ccc1Cc1cn(C)c2ccc(NC(=O)OC3CCCC3)cc12,O=C(Nc1ccc2[nH]cc(Cc3ccc(C(=O)NS(=O)(=O)c4ccccc4)cc3)c2c1)OC1CCCC1,1155,1,0,0,0,1,1,1,0,1,0,0,1,0,0,1,1,1,0,1,1,1,0,0,0,0,1,1
C1CC(OC1CO)N2C=CC(=NC2=O)N,Nc1ccn(C2CCC(CO)O2)c(=O)n1,O=c1ncccn1C1CCCO1,1156,1,1,0,1,1,1,1,1,1,1,0,1,0,0,1,1,1,1,1,1,1,1,0,1,1,1,1
CCN(C1=CC=CC(=C1)C2=CC=NC3=C(C=NN23)C#N)C(=O)C,CCN(C(C)=O)c1cccc(-c2ccnc3c(C#N)cnn23)c1,c1ccc(-c2ccnc3ccnn23)cc1,1157,1,1,0,1,1,1,1,1,1,1,0,1,1,1,1,1,1,0,1,1,1,1,0,1,1,1,1
CC(=O)NC1C(C=C(OC1C(C(CO)O)O)C(=O)O)N=C(N)N,CC(=O)NC1C(N=C(N)N)C=C(C(=O)O)OC1C(O)C(O)CO,C1=COCCC1,1158,0,1,0,0,1,1,1,0,1,0,0,1,0,0,1,1,1,0,1,1,1,0,0,1,1,1,1
CC1=CN(C(=O)NC1=O)C2CC(C(O2)CO)N=[N+]=[N-],Cc1cn(C2CC(N=[N+]=[N-])C(CO)O2)c(=O)[nH]c1=O,O=c1ccn(C2CCCO2)c(=O)[nH]1,1159,1,1,0,1,1,1,1,0,1,1,0,1,0,1,1,1,1,1,1,1,1,1,0,1,1,1,1
Cl[Zn]Cl,[Cl][Zn][Cl],,1160,0,1,0,0,1,0,0,0,0,0,0,0,0,0,0,1,0,0,0,0,0,0,0,0,0,0,0
CN(C)CCC1=CNC2=C1C=C(C=C2)CC3COC(=O)N3,CN(C)CCc1c[nH]c2ccc(CC3COC(=O)N3)cc12,O=C1NC(Cc2ccc3[nH]ccc3c2)CO1,1161,1,1,0,1,1,1,1,1,1,1,1,1,1,1,1,1,1,1,1,1,1,1,1,1,1,1,1
CC1=CC=C(C=C1)C2=C(N3C=C(C=CC3=N2)C)CC(=O)N(C)C,Cc1ccc(-c2nc3ccc(C)cn3c2CC(=O)N(C)C)cc1,c1ccc(-c2cn3ccccc3n2)cc1,1162,1,1,0,1,1,1,1,1,1,1,1,1,0,1,1,1,1,0,1,1,1,1,0,1,1,1,1
C1=CC=C2C(=C1)C(=NO2)CS(=O)(=O)N,NS(=O)(=O)Cc1noc2ccccc12,c1ccc2oncc2c1,1163,1,1,0,1,1,1,1,0,1,1,0,1,0,1,1,1,1,1,1,1,1,1,0,1,1,1,1
CN1CCN(CC1)C(=O)OC2C3=NC=CN=C3C(=O)N2C4=NC=C(C=C4)Cl,CN1CCN(C(=O)OC2c3nccnc3C(=O)N2c2ccc(Cl)cn2)CC1,O=C(OC1c2nccnc2C(=O)N1c1ccccn1)N1CCNCC1,1164,1,1,0,1,1,1,1,1,1,1,1,1,0,1,1,1,1,1,1,1,1,1,1,1,1,1,1
CCCN1CCCCC1C(=O)NC2=C(C=CC=C2C)C,CCCN1CCCCC1C(=O)Nc1c(C)cccc1C,O=C(Nc1ccccc1)C1CCCCN1,1165,1,1,0,1,1,1,1,1,1,1,0,1,0,1,1,1,1,1,1,1,1,1,1,1,1,1,1
CC1=C(C(=O)C2=C(C1=O)N3C[C@H]4[C@@H]([C@@]3([C@@H]2COC(=O)N)OC)N4)N,CO[C@@]12[C@H](COC(N)=O)C3=C(C(=O)C(C)=C(N)C3=O)N1C[C@@H]1N[C@@H]12,O=C1C=CC(=O)C2=C1CC1C3NC3CN21,1166,0,1,0,1,1,0,1,0,0,0,1,1,0,1,1,1,1,0,1,1,1,1,0,0,1,1,1
C1CC2=C(C=CC(=C2)F)OC1C(CNCC(C3CCC4=C(O3)C=CC(=C4)F)O)O,OC(CNCC(O)C1CCc2cc(F)ccc2O1)C1CCc2cc(F)ccc2O1,c1ccc2c(c1)CCC(CCNCCC1CCc3ccccc3O1)O2,1167,0,1,0,0,1,0,1,0,1,1,0,1,0,0,1,1,1,0,0,1,1,1,0,1,1,1,1
CCC(C)C1C(=O)NC(C(=O)NC(C(=O)NC(CSSCC(C(=O)NC(C(=O)N1)CC2=CC=C(C=C2)O)N)C(=O)N3CCCC3C(=O)NC(CC(C)C)C(=O)NCC(=O)N)CC(=O)N)CCC(=O)N,CCC(C)C1NC(=O)C(Cc2ccc(O)cc2)NC(=O)C(N)CSSCC(C(=O)N2CCCC2C(=O)NC(CC(C)C)C(=O)NCC(N)=O)NC(=O)C(CC(N)=O)NC(=O)C(CCC(N)=O)NC1=O,O=C1CNC(=O)CNC(=O)C(Cc2ccccc2)NC(=O)CCSSCC(C(=O)N2CCCC2)NC(=O)CN1,1168,0,1,0,1,1,1,1,0,1,1,0,1,0,0,1,1,1,1,0,1,0,0,1,0,1,1,1
CC1=CC=C(C=C1)N(CC2=NCCN2)C3=CC(=CC=C3)O,Cc1ccc(N(CC2=NCCN2)c2cccc(O)c2)cc1,c1ccc(N(CC2=NCCN2)c2ccccc2)cc1,1169,0,0,0,0,1,1,1,0,0,0,0,1,0,0,1,0,1,0,0,1,0,0,0,0,1,1,1
C[N+]1(CCC2=CC(=C(C=C2[C@H]1CC3=CC(=C(C(=C3)OC)OC)OC)OC)OC)CCCOC(=O)CCC=CCCC(=O)OCCC[N+]4(CCC5=CC(=C(C=C5[C@H]4CC6=CC(=C(C(=C6)OC)OC)OC)OC)OC)C,COc1cc2c(cc1OC)[C@@H](Cc1cc(OC)c(OC)c(OC)c1)[N+](C)(CCCOC(=O)CCC=CCCC(=O)OCCC[N+]1(C)CCc3cc(OC)c(OC)cc3[C@H]1Cc1cc(OC)c(OC)c(OC)c1)CC2,O=C(CCC=CCCC(=O)OCCC[NH+]1CCc2ccccc2C1Cc1ccccc1)OCCC[NH+]1CCc2ccccc2C1Cc1ccccc1,1170,0,0,0,0,0,1,0,0,1,0,0,1,0,0,1,0,1,0,0,1,0,0,0,0,1,1,1
CN(CCC1=CC=C(C=C1)NS(=O)(=O)C)CCOC2=CC=C(C=C2)NS(=O)(=O)C,CN(CCOc1ccc(NS(C)(=O)=O)cc1)CCc1ccc(NS(C)(=O)=O)cc1,c1ccc(CCNCCOc2ccccc2)cc1,1171,1,0,0,0,0,1,1,0,0,0,0,1,0,0,1,0,1,0,1,1,1,0,0,0,1,1,1
CC1=C(C=CC2=C1C(=NC(=N2)N)N)CNC3=CC(=C(C(=C3)OC)OC)OC.C(=O)[C@@H]([C@H]([C@@H]([C@@H](C(=O)O)O)O)O)O,COc1cc(NCc2ccc3nc(N)nc(N)c3c2C)cc(OC)c1OC,c1ccc(NCc2ccc3ncncc3c2)cc1,1127,1,1,0,0,1,0,1,0,0,0,0,1,0,0,0,1,1,0,0,0,1,0,0,0,0,1,1
CC(C(CN1C=NC=N1)(C2=C(C=C(C=C2)F)F)O)N3CCC(=C)CC3,C=C1CCN(C(C)C(O)(Cn2cncn2)c2ccc(F)cc2F)CC1,C=C1CCN(CC(Cn2cncn2)c2ccccc2)CC1,1172,0,0,0,0,0,0,0,0,0,0,0,1,0,0,0,0,1,0,0,0,0,0,0,0,0,0,0
[N]=O,[N]=O,,1173,0,0,0,0,1,0,1,0,0,0,0,1,0,0,1,1,0,0,0,1,0,0,0,0,1,1,1
CC(C)C1C(=O)NC(CSSCC(C(=O)NC(C(=O)NC(C(=O)NC(C(=O)N1)CCCCN)CC2=CNC3=CC=CC=C32)CC4=CC=C(C=C4)O)NC(=O)C(CC5=CC6=CC=CC=C6C=C5)N)C(=O)NC(C(C)O)C(=O)N.CC(=O)O,CC(C)C1NC(=O)C(CCCCN)NC(=O)C(Cc2c[nH]c3ccccc23)NC(=O)C(Cc2ccc(O)cc2)NC(=O)C(NC(=O)C(N)Cc2ccc3ccccc3c2)CSSCC(C(=O)NC(C(N)=O)C(C)O)NC1=O,O=C1CNC(=O)CNC(=O)C(Cc2c[nH]c3ccccc23)NC(=O)C(Cc2ccccc2)NC(=O)C(NC(=O)CCc2ccc3ccccc3c2)CSSCCN1,1174,1,1,0,1,1,1,1,0,1,1,1,1,1,0,1,1,1,1,1,1,1,1,0,1,1,1,0
CC(=O)C1=CC(=C(C=C1)OCCCN2CCC(CC2)C3=NOC4=C3C=CC(=C4)F)OC,COc1cc(C(C)=O)ccc1OCCCN1CCC(c2noc3cc(F)ccc23)CC1,c1ccc(OCCCN2CCC(c3noc4ccccc34)CC2)cc1,1175,1,1,0,1,1,1,1,1,0,1,0,1,1,0,1,1,1,0,1,1,1,1,0,1,1,1,1
CC(=O)O.C1CC[C@H]2[C@@H](C1)CC(N2C(=O)C3CC4=CC=CC=C4CN3C(=O)[C@H](CO)NC(=O)[C@H](CC5=CC=CS5)NC(=O)CNC(=O)C6C[C@H](CN6C(=O)C7CCCN7C(=O)C(CCCN=C(N)N)NC(=O)[C@@H](CCCN=C(N)N)N)O)C(=O)N[C@@H](CCCN=C(N)N)C(=O)O,NC(N)=NCCCC(NC(=O)[C@H](N)CCCN=C(N)N)C(=O)N1CCCC1C(=O)N1C[C@H](O)CC1C(=O)NCC(=O)N[C@@H](Cc1cccs1)C(=O)N[C@@H](CO)C(=O)N1Cc2ccccc2CC1C(=O)N1C(C(=O)N[C@@H](CCCN=C(N)N)C(=O)O)C[C@@H]2CCCC[C@@H]21,O=C(CNC(=O)C1CCCN1C(=O)C1CCCN1)NC(Cc1cccs1)C(=O)NCC(=O)N1Cc2ccccc2CC1C(=O)N1CCC2CCCCC21,1176,0,0,0,0,1,0,1,0,1,0,0,1,0,0,0,0,1,0,0,0,0,0,0,0,0,1,0
CC(C)C1=NC(=CS1)CN(C)C(=O)NC(CCN2CCOCC2)C(=O)NC(CCC(CC3=CC=CC=C3)NC(=O)OCC4=CN=CS4)CC5=CC=CC=C5,CC(C)c1nc(CN(C)C(=O)NC(CCN2CCOCC2)C(=O)NC(CCC(Cc2ccccc2)NC(=O)OCc2cncs2)Cc2ccccc2)cs1,O=C(NCc1cscn1)NC(CCN1CCOCC1)C(=O)NC(CCC(Cc1ccccc1)NC(=O)OCc1cncs1)Cc1ccccc1,1177,1,1,0,1,1,1,1,0,0,0,0,1,0,0,0,0,1,0,0,0,1,1,0,0,0,1,0
B1(C2=C(CO1)C=C(C=C2)F)O,OB1OCc2cc(F)ccc21,B1OCc2ccccc21,1178,0,0,0,0,0,0,0,0,0,0,0,1,0,0,0,0,1,0,0,0,0,0,0,0,0,0,0
CC1=C2C(=C(C(=C1C)OC(=O)CCC(=O)OCCO)C)CCC(O2)(C)CCCC(C)CCCC(C)CCCC(C)C,Cc1c(C)c2c(c(C)c1OC(=O)CCC(=O)OCCO)CCC(C)(CCCC(C)CCCC(C)CCCC(C)C)O2,c1ccc2c(c1)CCCO2,1179,0,0,0,0,1,0,1,0,0,0,0,1,0,0,0,0,1,0,0,0,0,0,0,0,0,1,0
CN1CC[C@]23[C@@H]4[C@@H]1CC5=C2C(=C(C=C5)OC)O[C@H]3C(=O)CC4,COc1ccc2c3c1O[C@H]1C(=O)CC[C@H]4[C@H](C2)N(C)CC[C@]314,O=C1CCC2C3Cc4cccc5c4C2(CCN3)C1O5,1180,0,1,0,0,1,1,1,0,1,1,0,1,0,0,1,1,1,0,1,1,1,1,0,1,0,1,1
C[C@H]1C[C@H]2[C@@H]3CC[C@@]([C@]3(C[C@@H]([C@@H]2[C@@]4(C1=CC(=O)C=C4)C)O)C)(C(=O)COC(=O)C)O,CC(=O)OCC(=O)[C@@]1(O)CC[C@H]2[C@@H]3C[C@H](C)C4=CC(=O)C=C[C@]4(C)[C@H]3[C@@H](O)C[C@@]21C,O=C1C=CC2C(=C1)CCC1C3CCCC3CCC21,1181,0,1,0,1,1,1,1,0,1,1,0,1,1,0,1,1,1,0,1,1,1,1,0,1,1,1,1
C[C@]12CC[C@H]3[C@H]([C@@H]1CC[C@]2(C)O)CC[C@@H]4[C@@]3(COC(=O)C4)C,C[C@]12COC(=O)C[C@@H]1CC[C@@H]1[C@@H]2CC[C@@]2(C)[C@H]1CC[C@]2(C)O,O=C1CC2CCC3C4CCCC4CCC3C2CO1,1182,1,1,0,0,1,0,0,0,0,1,1,1,1,0,1,0,1,0,1,1,1,0,0,0,0,0,0
CC(C1=C(C=CC(=C1Cl)F)Cl)OC2=C(N=CC(=C2)C3=CN(N=C3)C4CCNCC4)N,CC(Oc1cc(-c2cnn(C3CCNCC3)c2)cnc1N)c1c(Cl)ccc(F)c1Cl,c1ccc(COc2cncc(-c3cnn(C4CCNCC4)c3)c2)cc1,1183,1,1,0,1,1,1,1,0,0,0,0,1,0,0,1,1,1,1,1,1,0,1,0,0,1,1,0
CCCCC[C@@H](C=C[C@H]1[C@@H](C[C@@H]([C@@H]1CC=CCCCC(=O)O)O)O)O.C(C(CO)(CO)N)O,CCCCC[C@H](O)C=C[C@@H]1[C@@H](CC=CCCCC(=O)O)[C@@H](O)C[C@H]1O,C1CCCC1,1184,0,1,0,1,1,1,1,0,1,1,0,1,0,0,1,0,1,0,1,1,1,1,1,0,1,1,1
CC1=NC2=C(N1)CCN(C3=CC=CC=C32)C(=O)C4=CC=C(C=C4)NC(=O)C5=CC=CC=C5C6=CC=CC=C6,Cc1nc2c([nH]1)CCN(C(=O)c1ccc(NC(=O)c3ccccc3-c3ccccc3)cc1)c1ccccc1-2,O=C(Nc1ccc(C(=O)N2CCc3[nH]cnc3-c3ccccc32)cc1)c1ccccc1-c1ccccc1,1185,0,1,0,0,1,0,1,0,0,0,0,1,0,0,1,1,1,0,1,1,1,1,0,0,1,1,1
CC[C@@H]1[C@@]([C@@H]([C@H](C(=O)[C@@H](C[C@@]([C@@H]([C@H]([C@@H]([C@H](C(=O)O1)C)O[C@H]2C[C@@]([C@H]([C@@H](O2)C)O)(C)OC)C)O[C@H]3[C@@H]([C@H](C[C@H](O3)C)N(C)C)O)(C)O)C)C)O)(C)O.C([C@@H]1[C@@H]([C@@H]([C@H]([C@@H](O1)O[C@H]([C@@H](CO)O)[C@@H]([C@H](C(=O)O)O)O)O)O)O)O,CC[C@H]1OC(=O)[C@H](C)[C@@H](O[C@H]2C[C@@](C)(OC)[C@@H](O)[C@H](C)O2)[C@H](C)[C@@H](O[C@@H]2O[C@H](C)C[C@H](N(C)C)[C@H]2O)[C@](C)(O)C[C@@H](C)C(=O)[C@H](C)[C@@H](O)[C@]1(C)O.O=C(O)[C@H](O)[C@@H](O)[C@H](O[C@@H]1O[C@H](CO)[C@H](O)[C@H](O)[C@H]1O)[C@H](O)CO,C1CCOCC1.O=C1CCCCOC(=O)CC(OC2CCCCO2)CC(OC2CCCCO2)CCC1,1186,0,0,0,0,0,1,1,0,1,0,0,1,0,0,1,0,1,0,0,0,0,0,0,1,1,1,1
C(C(C(=O)[O-])[S-])C(=O)[O-].[Na+].[Na+].[Au+],O=C(O)CC(S)C(=O)O,,1187,1,1,0,1,1,1,1,0,1,0,0,1,0,0,1,1,1,0,1,1,1,1,0,0,0,1,1
C(=NC(=N)N)(N)N,N=C(N)N=C(N)N,,1188,0,0,0,0,0,0,0,0,1,0,0,1,0,0,0,0,1,0,0,0,0,0,0,0,0,0,0
[O-][99Tc](=O)(=O)=O.[Na+],[O]=[99Tc](=[O])(=[O])[OH],,1189,0,0,0,0,0,0,0,0,1,0,0,0,0,0,0,0,0,0,0,0,0,0,0,0,0,0,0
CC[C@@]1(C[C@@H]2C[C@@](C3=C(CCN(C2)C1)C4=CC=CC=C4N3)(C5=C(C=C6C(=C5)[C@]78CCN9[C@H]7[C@@](C=CC9)([C@H]([C@@]([C@@H]8N6C=O)(C(=O)OC)O)OC(=O)C)CC)OC)C(=O)OC)O,CC[C@]1(O)C[C@H]2CN(CCc3c([nH]c4ccccc34)[C@@](C(=O)OC)(c3cc4c(cc3OC)N(C=O)[C@H]3[C@@](O)(C(=O)OC)[C@H](OC(C)=O)[C@]5(CC)C=CCN6CC[C@]43[C@@H]65)C2)C1,C1=CC2CCC3Nc4ccc(C5CC6CCCN(CCc7c5[nH]c5ccccc75)C6)cc4C34CCN(C1)C24,1190,1,1,0,1,1,1,1,1,1,1,1,1,1,0,1,1,1,0,1,1,1,1,0,1,1,1,1
CC(C)C[C@@H](C(=O)[C@]1(CO1)C)NC(=O)[C@H](CC2=CC=CC=C2)NC(=O)[C@H](CC(C)C)NC(=O)[C@H](CCC3=CC=CC=C3)NC(=O)CN4CCOCC4,CC(C)C[C@H](NC(=O)[C@H](CCc1ccccc1)NC(=O)CN1CCOCC1)C(=O)N[C@@H](Cc1ccccc1)C(=O)N[C@@H](CC(C)C)C(=O)[C@@]1(C)CO1,O=C(CN1CCOCC1)NC(CCc1ccccc1)C(=O)NCC(=O)NC(Cc1ccccc1)C(=O)NCC(=O)C1CO1,1191,1,1,0,0,1,1,1,0,0,0,0,1,0,0,1,1,0,0,1,1,1,1,0,0,1,1,1
CCN[C@H]1CN(S(=O)(=O)C2=C1C=C(S2)S(=O)(=O)N)CCCOC.CC(C)(C)NC[C@@H](COC1=NSN=C1N2CCOCC2)O,CC(C)(C)NC[C@H](O)COc1nsnc1N1CCOCC1.CCN[C@H]1CN(CCCOC)S(=O)(=O)c2sc(S(N)(=O)=O)cc21,O=S1(=O)NCCc2ccsc21.c1nsnc1N1CCOCC1,1192,0,0,0,1,1,1,1,0,1,0,0,1,0,0,1,0,1,0,1,1,1,0,0,0,0,1,0
C[C@@H](C(=O)OC(C)C)NP(=O)(OC[C@@H]1[C@H](C([C@@H](O1)N2C=CC(=O)NC2=O)(C)F)O)OC3=CC=CC=C3,CC(C)OC(=O)[C@H](C)NP(=O)(OC[C@H]1O[C@@H](n2ccc(=O)[nH]c2=O)C(C)(F)[C@@H]1O)Oc1ccccc1,O=c1ccn(C2CCC(CO[PH](=O)Oc3ccccc3)O2)c(=O)[nH]1,1193,1,1,0,1,1,1,1,0,0,0,0,1,0,0,0,1,1,0,1,1,1,0,0,0,0,1,0
CN(C)C/C=C/C(=O)NC1=C(C=C2C(=C1)C(=NC=N2)NC3=CC(=C(C=C3)F)Cl)O[C@@H]4CCOC4,CN(C)C/C=C/C(=O)Nc1cc2c(Nc3ccc(F)c(Cl)c3)ncnc2cc1O[C@@H]1CCOC1,c1ccc(Nc2ncnc3cc(OC4CCOC4)ccc23)cc1,1194,1,1,0,1,1,1,1,0,0,0,0,1,0,0,0,0,1,0,1,1,1,1,0,0,1,1,1
C[C@@H](CC1=CC=CC=C1)NC(=O)[C@H](CCCCN)N.CS(=O)(=O)O.CS(=O)(=O)O,C[C@@H](Cc1ccccc1)NC(=O)[C@@H](N)CCCCN,c1ccccc1,1195,1,1,0,1,1,0,1,0,1,1,0,1,0,0,1,0,1,1,0,1,1,0,0,0,1,1,1
CC(C)CC1CN2CCC3=CC(=C(C=C3C2CC1=O)OC)OC,COc1cc2c(cc1OC)C1CC(=O)C(CC(C)C)CN1CC2,O=C1CCN2CCc3ccccc3C2C1,1196,0,1,0,1,1,1,1,0,0,1,0,1,0,0,1,1,1,0,1,1,1,1,0,0,1,1,1
CN(C)CC(C1=CC=C(C=C1)OC)C2(CCCCC2)O,COc1ccc(C(CN(C)C)C2(O)CCCCC2)cc1,c1ccc(CC2CCCCC2)cc1,1197,1,1,0,1,1,1,1,1,1,1,1,1,1,1,1,1,1,1,1,1,1,1,1,1,1,1,1
CC[C@H](C)[C@@H](C(=O)N[C@@H](C(C)C)C(=O)N[C@@H](CCC(=O)O)C(=O)N[C@@H](CCC(=O)N)C(=O)N[C@@H](CS)C(=O)N[C@@H](CS)C(=O)N[C@@H]([C@@H](C)O)C(=O)N[C@@H](CO)C(=O)N[C@@H]([C@@H](C)CC)C(=O)N[C@@H](CS)C(=O)N[C@@H](CO)C(=O)N[C@@H](CC(C)C)C(=O)N[C@@H](CC1=CC=C(C=C1)O)C(=O)N[C@@H](CCC(=O)N)C(=O)N[C@@H](CC(C)C)C(=O)N[C@@H](CCC(=O)O)C(=O)N[C@@H](CC(=O)N)C(=O)N[C@@H](CC2=CC=C(C=C2)O)C(=O)N[C@@H](CS)C(=O)N[C@@H](CC(=O)N)C(=O)O)NC(=O)CN.C[C@H]([C@@H](C(=O)N[C@@H](CC(=O)O)C(=O)N[C@@H](CCCCN)C(=O)N[C@@H]([C@@H](C)O)C(=O)O)NC(=O)[C@H](CC1=CC=C(C=C1)O)NC(=O)[C@H](CC2=CC=CC=C2)NC(=O)[C@H](CC3=CC=CC=C3)NC(=O)CNC(=O)[C@H](CCCNC(=N)N)NC(=O)[C@H](CCC(=O)O)NC(=O)CNC(=O)[C@H](CS)NC(=O)[C@H](C(C)C)NC(=O)[C@H](CC(C)C)NC(=O)[C@H](CC4=CC=C(C=C4)O)NC(=O)[C@H](CC(C)C)NC(=O)[C@H](C)NC(=O)[C@H](CCC(=O)O)NC(=O)[C@H](C(C)C)NC(=O)[C@H](CC(C)C)NC(=O)[C@H](CC5=CN=CN5)NC(=O)[C@H](CO)NC(=O)CNC(=O)[C@H](CS)NC(=O)[C@H](CC(C)C)NC(=O)[C@H](CC6=CN=CN6)NC(=O)[C@H](CCC(=O)N)NC(=O)[C@H](CC(=O)N)NC(=O)[C@H](C(C)C)NC(=O)[C@H](CC7=CC=CC=C7)N)O,CC(C)C[C@H](NC(=O)[C@H](C)NC(=O)[C@H](CCC(=O)O)NC(=O)[C@@H](NC(=O)[C@H](CC(C)C)NC(=O)[C@H](Cc1cnc[nH]1)NC(=O)[C@H](CO)NC(=O)CNC(=O)[C@H](CS)NC(=O)[C@H](CC(C)C)NC(=O)[C@H](Cc1cnc[nH]1)NC(=O)[C@H](CCC(N)=O)NC(=O)[C@H](CC(N)=O)NC(=O)[C@@H](NC(=O)[C@@H](N)Cc1ccccc1)C(C)C)C(C)C)C(=O)N[C@@H](Cc1ccc(O)cc1)C(=O)N[C@@H](CC(C)C)C(=O)N[C@H](C(=O)N[C@@H](CS)C(=O)NCC(=O)N[C@@H](CCC(=O)O)C(=O)N[C@@H](CCCNC(=N)N)C(=O)NCC(=O)N[C@@H](Cc1ccccc1)C(=O)N[C@@H](Cc1ccccc1)C(=O)N[C@@H](Cc1ccc(O)cc1)C(=O)N[C@H](C(=O)N[C@@H](CC(=O)O)C(=O)N[C@@H](CCCCN)C(=O)N[C@H](C(=O)O)[C@@H](C)O)[C@@H](C)O)C(C)C.CC[C@H](C)[C@H](NC(=O)CN)C(=O)N[C@H](C(=O)N[C@@H](CCC(=O)O)C(=O)N[C@@H](CCC(N)=O)C(=O)N[C@@H](CS)C(=O)N[C@@H](CS)C(=O)N[C@H](C(=O)N[C@@H](CO)C(=O)N[C@H](C(=O)N[C@@H](CS)C(=O)N[C@@H](CO)C(=O)N[C@@H](CC(C)C)C(=O)N[C@@H](Cc1ccc(O)cc1)C(=O)N[C@@H](CCC(N)=O)C(=O)N[C@@H](CC(C)C)C(=O)N[C@@H](CCC(=O)O)C(=O)N[C@@H](CC(N)=O)C(=O)N[C@@H](Cc1ccc(O)cc1)C(=O)N[C@@H](CS)C(=O)N[C@@H](CC(N)=O)C(=O)O)[C@@H](C)CC)[C@@H](C)O)C(C)C,O=C(CCc1ccccc1)NCC(=O)NCC(=O)NCC(=O)NC(Cc1cnc[nH]1)C(=O)NCC(=O)NCC(=O)NCC(=O)NCC(=O)NC(Cc1cnc[nH]1)C(=O)NCC(=O)NCC(=O)NCC(=O)NCC(=O)NCC(=O)NC(Cc1ccccc1)C(=O)NCC(=O)NCC(=O)NCC(=O)NCC(=O)NCC(=O)NCC(=O)NCC(=O)NC(Cc1ccccc1)C(=O)NC(Cc1ccccc1)C(=O)NCCc1ccccc1.O=C(CCc1ccccc1)NCC(=O)NCC(=O)NCC(=O)NCC(=O)NCCc1ccccc1,1198,0,1,0,1,1,1,1,1,1,1,0,1,0,0,1,0,1,0,1,1,1,1,1,0,1,1,1
CNC(=O)C1=CN(N=C1)C2=NC3=C(C(=N2)N)N=CN3[C@H]4[C@@H]([C@@H]([C@H](O4)CO)O)O,CNC(=O)c1cnn(-c2nc(N)c3ncn([C@@H]4O[C@H](CO)[C@@H](O)[C@H]4O)c3n2)c1,c1cnn(-c2ncc3ncn(C4CCCO4)c3n2)c1,1199,0,0,0,1,1,1,1,0,1,0,0,1,0,1,1,0,1,0,0,1,1,1,0,1,1,1,1
CC(CN1CC(=O)NC(=O)C1)N2CC(=O)NC(=O)C2,CC(CN1CC(=O)NC(=O)C1)N1CC(=O)NC(=O)C1,O=C1CN(CCN2CC(=O)NC(=O)C2)CC(=O)N1,1200,0,1,0,0,1,1,1,0,0,1,1,1,0,0,1,1,1,0,1,1,1,0,0,0,1,1,1
C(CN(CC(=O)O)CC(=O)O)N(CC(=O)O)CC(=O)O,O=C(O)CN(CCN(CC(=O)O)CC(=O)O)CC(=O)O,,1201,0,1,0,1,1,1,1,0,0,0,0,1,0,0,1,1,1,0,0,1,0,1,0,0,0,1,0
C1=C(C(=C(C(=C1I)NC(=O)CCCCC(=O)NC2=C(C=C(C(=C2I)C(=O)O)I)I)I)C(=O)O)I,O=C(CCCCC(=O)Nc1c(I)cc(I)c(C(=O)O)c1I)Nc1c(I)cc(I)c(C(=O)O)c1I,O=C(CCCCC(=O)Nc1ccccc1)Nc1ccccc1,1202,0,0,0,0,1,0,1,0,1,0,0,1,0,0,1,0,0,0,0,1,1,1,0,0,1,1,0
C(CS)N,NCCS,,1203,1,1,0,1,1,1,1,1,1,0,1,1,0,0,1,1,1,0,1,0,1,1,0,0,0,1,1
CCC1=C2C=C3C(=C(C(=CC4=NC(=CC5=NC(=CC(=C1C)N2)C(=C5CCC(=O)O)C)C(=C4C)CCC(=O)O)N3)C(C)O)C.[Na+],CCc1c(C)c2cc3nc(cc4nc(cc5[nH]c(cc1[nH]2)c(C)c5C(C)O)C(C)=C4CCC(=O)O)C(CCC(=O)O)=C3C,C1=Cc2cc3ccc(cc4ccc(cc5nc(cc1n2)C=C5)[nH]4)[nH]3,1204,0,1,0,1,1,1,1,0,1,1,1,1,0,0,1,1,1,1,1,1,1,1,0,1,1,1,1
C[C@@H](C1=NC=NC=C1F)[C@](CN2C=NC=N2)(C3=C(C=C(C=C3)F)F)O,C[C@@H](c1ncncc1F)[C@](O)(Cn1cncn1)c1ccc(F)cc1F,c1ccc(C(Cc2ccncn2)Cn2cncn2)cc1,1205,1,1,0,1,1,1,1,0,1,1,1,1,1,0,1,1,1,1,1,1,1,1,1,1,1,1,1
CC(=O)N[C@H](COC)C(=O)NCC1=CC=CC=C1,COC[C@@H](NC(C)=O)C(=O)NCc1ccccc1,c1ccccc1,1206,1,0,0,1,1,1,1,0,1,0,0,1,0,0,1,1,1,0,1,0,1,1,0,1,1,1,1
[H+].[H+].CCOC1=CC=C(C=C1)C[C@@H](CN(CCN(CC(=O)[O-])CC(=O)[O-])CC(=O)[O-])N(CC(=O)[O-])CC(=O)[O-].[Gd+3],CCOc1ccc(C[C@@H](CN(CCN(CC(=O)O)CC(=O)O)CC(=O)O)N(CC(=O)O)CC(=O)O)cc1,c1ccccc1,1207,0,0,0,1,1,1,1,0,1,0,0,1,0,0,1,0,1,0,1,1,1,0,0,1,1,1,0
C[C@H](C1=CC(=CC(=C1)C(F)(F)F)C(F)(F)F)O[C@@H]2[C@@H](N(CCO2)CC3=NC(=O)N(N3)P(=O)(O)O)C4=CC=C(C=C4)F,C[C@@H](O[C@H]1OCCN(Cc2nc(=O)n(P(=O)(O)O)[nH]2)[C@H]1c1ccc(F)cc1)c1cc(C(F)(F)F)cc(C(F)(F)F)c1,O=c1nc(CN2CCOC(OCc3ccccc3)C2c2ccccc2)[nH][nH]1,831,0,1,0,1,1,1,1,0,1,1,0,1,0,0,1,1,1,0,1,1,1,1,0,1,1,1,1
CC(=O)[O-].CC(=O)[O-].[Ca+2],CC(=O)O,,34,0,1,0,0,0,0,1,0,1,0,0,1,0,0,0,0,1,0,0,0,1,0,0,0,0,1,0
CCN(CC)CCOC(=O)C1=CC=C(C=C1)N.CC1([C@@H](N2[C@H](S1)[C@@H](C2=O)NC(=O)CC3=CC=CC=C3)C(=O)O)C.O,CC1(C)S[C@@H]2[C@H](NC(=O)Cc3ccccc3)C(=O)N2[C@H]1C(=O)O.CCN(CC)CCOC(=O)c1ccc(N)cc1,O=C(Cc1ccccc1)NC1C(=O)N2CCSC12.c1ccccc1,1208,0,0,0,0,1,1,1,0,1,0,0,1,0,0,0,1,1,0,0,1,1,1,0,0,1,1,1
C1CC(C1)(C(=O)O)C(=O)O.N.N.[Pt],O=C(O)C1(C(=O)O)CCC1,C1CCC1,1209,1,1,0,1,1,1,1,0,1,0,1,1,0,0,1,1,1,0,1,1,0,1,0,1,1,1,1
CC/C=C\C/C=C\C/C=C\CCCCCCCC(=O)O.CC/C=C\C/C=C\C/C=C\C/C=C\C/C=C\CCCC(=O)O.CC/C=C\C/C=C\C/C=C\C/C=C\C/C=C\C/C=C\CCC(=O)O,CC/C=C\C/C=C\C/C=C\C/C=C\C/C=C\C/C=C\CCC(=O)O.CC/C=C\C/C=C\C/C=C\C/C=C\C/C=C\CCCC(=O)O.CC/C=C\C/C=C\C/C=C\CCCCCCCC(=O)O,,1210,0,1,0,0,1,0,1,0,1,0,0,0,0,0,0,1,1,0,0,0,0,0,0,0,0,1,0
C[C@@H](C(=O)N1CC2=CC(=C(C=C2C[C@H]1C(=O)O)OC)OC)N[C@@H](CCC3=CC=CC=C3)C(=O)O,COc1cc2c(cc1OC)CN(C(=O)[C@H](C)N[C@@H](CCc1ccccc1)C(=O)O)[C@H](C(=O)O)C2,O=C(CNCCCc1ccccc1)N1CCc2ccccc2C1,1211,1,1,0,0,1,1,1,0,1,0,0,1,0,0,1,1,1,0,1,1,1,1,0,1,1,1,0
C[C@H](C(=O)N)NC(=O)[C@@H]1CCCN1C(=O)[C@H](CCCCNC(C)C)NC(=O)[C@H](CC(C)C)NC(=O)[C@@H](CC2=CC=C(C=C2)NC(=O)N)NC(=O)[C@H](CC3=CC=C(C=C3)NC(=O)[C@@H]4CC(=O)NC(=O)N4)NC(=O)[C@H](CO)NC(=O)[C@@H](CC5=CN=CC=C5)NC(=O)[C@@H](CC6=CC=C(C=C6)Cl)NC(=O)[C@@H](CC7=CC8=CC=CC=C8C=C7)NC(=O)C,CC(=O)N[C@H](Cc1ccc2ccccc2c1)C(=O)N[C@H](Cc1ccc(Cl)cc1)C(=O)N[C@H](Cc1cccnc1)C(=O)N[C@@H](CO)C(=O)N[C@@H](Cc1ccc(NC(=O)[C@@H]2CC(=O)NC(=O)N2)cc1)C(=O)N[C@H](Cc1ccc(NC(N)=O)cc1)C(=O)N[C@@H](CC(C)C)C(=O)N[C@@H](CCCCNC(C)C)C(=O)N1CCC[C@H]1C(=O)N[C@H](C)C(N)=O,O=C(CNC(=O)C(Cc1ccccc1)NC(=O)C(Cc1ccc(NC(=O)C2CC(=O)NC(=O)N2)cc1)NC(=O)CNC(=O)C(Cc1cccnc1)NC(=O)C(Cc1ccccc1)NC(=O)CCc1ccc2ccccc2c1)NCC(=O)N1CCCC1,1212,1,1,0,1,1,1,1,1,1,1,0,1,0,0,1,1,1,0,1,1,1,1,0,0,1,1,1
COC1=NC(=NC2=C1N=CN2[C@H]3[C@@H]([C@@H]([C@H](O3)CO)O)O)N,COc1nc(N)nc2c1ncn2[C@@H]1O[C@H](CO)[C@@H](O)[C@H]1O,c1ncc2ncn(C3CCCO3)c2n1,1213,1,1,0,1,1,1,1,1,0,0,1,1,0,0,1,1,1,0,1,1,1,1,0,0,1,1,1
CC(=O)[C@]1(CC[C@@H]2[C@@]1(CC[C@H]3[C@H]2CCC4=CC(=O)CC[C@]34C)C)O,CC(=O)[C@@]1(O)CC[C@H]2[C@@H]3CCC4=CC(=O)CC[C@]4(C)[C@H]3CC[C@@]21C,O=C1C=C2CCC3C4CCCC4CCC3C2CC1,1214,0,0,0,0,1,0,1,0,1,1,0,1,0,0,1,0,1,0,1,1,0,0,1,0,0,1,0
C1[C@@H]([C@H](O[C@H]1N2C=C(C(=O)NC2=O)C(F)(F)F)CO)O,O=c1[nH]c(=O)n([C@H]2C[C@H](O)[C@@H](CO)O2)cc1C(F)(F)F,O=c1ccn(C2CCCO2)c(=O)[nH]1,1215,0,0,0,1,1,0,1,0,1,0,0,1,0,0,1,0,0,0,0,0,0,0,0,0,0,0,0
[O-2].[O-2].[O-2].[249Cf].[249Cf],[O-2],,1216,0,1,0,1,0,1,1,0,1,0,0,1,0,0,1,0,0,0,1,1,1,0,0,1,1,1,0
CC(C)C(C)C=CC(C)C1CCC2C1(CCCC2=CC=C3CC(CC(C3=C)O)O)C,C=C1C(=CC=C2CCCC3(C)C2CCC3C(C)C=CC(C)C(C)C)CC(O)CC1O,C=C1CCCCC1=CC=C1CCCC2CCCC12,1217,0,1,0,1,1,1,1,0,0,0,0,1,0,0,1,1,1,0,1,1,1,1,0,0,1,1,1
CC1=CC2=C(C=C1C)N(C=N2)C3C(C(C(O3)CO)OP(=O)([O-])OC(C)CNC(=O)CCC4(C(C5C6(C(C(C(=N6)C(=C7C(C(C(=N7)C=C8C(C(C(=N8)C(=C4[N-]5)C)CCC(=O)N)(C)C)CCC(=O)N)(C)CC(=O)N)C)CCC(=O)N)(C)CC(=O)N)C)CC(=O)N)C)O.O.[Co],CC1=C2N=C(C=C3N=C(C(C)=C4NC(C(CC(N)=O)C4(C)CCC(=O)NCC(C)OP(=O)(O)OC4C(CO)OC(n5cnc6cc(C)c(C)cc65)C4O)C4(C)N=C1C(CCC(N)=O)C4(C)CC(N)=O)C(CCC(N)=O)C3(C)C)C(CCC(N)=O)C2(C)CC(N)=O,O=C(CCC1CC2NC1=CC1=NC(=CC3=NC(=CC4=NC2CC4)CC3)CC1)NCCO[PH](=O)OC1COC(n2cnc3ccccc32)C1,456,0,1,0,1,1,0,1,0,1,1,1,1,0,0,1,0,1,0,1,1,1,1,0,0,1,1,0
C1CN(CCC1NC(=O)C2=CC=CC=C2C3=CC=C(C=C3)C(F)(F)F)CCCCC4(C5=CC=CC=C5C6=CC=CC=C64)C(=O)NCC(F)(F)F,O=C(NC1CCN(CCCCC2(C(=O)NCC(F)(F)F)c3ccccc3-c3ccccc32)CC1)c1ccccc1-c1ccc(C(F)(F)F)cc1,O=C(NC1CCN(CCCCC2c3ccccc3-c3ccccc32)CC1)c1ccccc1-c1ccccc1,1218,1,1,0,1,1,1,1,0,0,0,0,1,0,1,0,1,1,0,1,1,0,1,0,1,1,1,0
CC(C)(C(=O)O)OC1=CC=C(C=C1)CCNC(=O)C2=CC=C(C=C2)Cl,CC(C)(Oc1ccc(CCNC(=O)c2ccc(Cl)cc2)cc1)C(=O)O,O=C(NCCc1ccccc1)c1ccccc1,1219,1,0,0,0,1,1,1,0,1,1,0,1,0,0,0,1,1,0,1,0,1,1,0,0,1,1,1
C1CC1NC2=NC(=NC3=C2N=CN3[C@@H]4C[C@@H](C=C4)CO)N.C1[C@H](O[C@H](S1)CO)N2C=CC(=NC2=O)N,Nc1ccn([C@@H]2CS[C@H](CO)O2)c(=O)n1.Nc1nc(NC2CC2)c2ncn([C@H]3C=C[C@@H](CO)C3)c2n1,C1=CC(n2cnc3c(NC4CC4)ncnc32)CC1.O=c1ncccn1C1CSCO1,1220,1,1,0,0,1,1,1,0,1,0,0,1,0,0,1,1,1,0,1,1,0,1,0,0,0,1,0
CNC[C@@H]([C@H]([C@@H]([C@@H](CO)O)O)O)O.CNC[C@@H]([C@H]([C@@H]([C@@H](CO)O)O)O)O.C(CN(CC(=O)O)CC(=O)[O-])N(CCN(CC(=O)O)CC(=O)[O-])CC(=O)[O-].[Gd+3],O=C(O)CN(CCN(CC(=O)O)CC(=O)O)CCN(CC(=O)O)CC(=O)O,,224,1,1,0,1,1,1,1,0,1,1,0,1,0,1,1,0,1,0,1,1,1,1,0,1,1,1,1
CCN(CC)C(=O)[C@@]1(C[C@@H]1C[NH3+])C2=CC=CC=C2.[Cl-],CCN(CC)C(=O)[C@]1(c2ccccc2)C[C@@H]1CN,c1ccc(C2CC2)cc1,1221,1,1,0,1,1,1,1,0,1,1,0,1,1,0,1,1,1,0,1,1,1,1,0,0,1,1,1
C1=CC(=C(C(=C1)F)CN2C=C(N=N2)C(=O)N)F,NC(=O)c1cn(Cc2c(F)cccc2F)nn1,c1ccc(Cn2ccnn2)cc1,1222,1,1,0,1,1,1,1,0,1,1,0,1,0,0,0,1,1,0,1,1,1,1,0,1,1,1,1
CC1([C@@H](N2[C@H](S1)[C@@H](C2=O)NC(=O)[C@@H](C3=CSC=C3)C(=O)O)C(=O)O)C.C1[C@@H]2N(C1=O)[C@H](/C(=C/CO)/O2)C(=O)O,CC1(C)S[C@@H]2[C@H](NC(=O)[C@H](C(=O)O)c3ccsc3)C(=O)N2[C@H]1C(=O)O,O=C(Cc1ccsc1)NC1C(=O)N2CCSC12,1223,1,1,0,0,1,0,1,0,1,0,0,1,0,0,1,1,1,0,1,0,0,1,0,0,0,1,1
C[N+]1(CCC2=CC(=C(C=C2C1CC3=CC(=C(C=C3)OC)OC)OC)OC)CCC(=O)OCCCCCOC(=O)CC[N+]4(CCC5=CC(=C(C=C5C4CC6=CC(=C(C=C6)OC)OC)OC)OC)C,COc1ccc(CC2c3cc(OC)c(OC)cc3CC[N+]2(C)CCC(=O)OCCCCCOC(=O)CC[N+]2(C)CCc3cc(OC)c(OC)cc3C2Cc2ccc(OC)c(OC)c2)cc1OC,O=C(CC[NH+]1CCc2ccccc2C1Cc1ccccc1)OCCCCCOC(=O)CC[NH+]1CCc2ccccc2C1Cc1ccccc1,1224,0,0,0,0,1,1,0,0,1,0,0,0,0,0,1,0,1,0,1,1,0,1,0,0,1,1,1
C[N+]1(CCC2=CC(=C(C=C2C1CC3=CC(=C(C=C3)OC)OC)OC)OC)CCC(=O)OCCCCCOC(=O)CC[N+]4(CCC5=CC(=C(C=C5C4CC6=CC(=C(C=C6)OC)OC)OC)OC)C.C1=CC=C(C=C1)S(=O)(=O)[O-].C1=CC=C(C=C1)S(=O)(=O)[O-],COc1ccc(CC2c3cc(OC)c(OC)cc3CC[N+]2(C)CCC(=O)OCCCCCOC(=O)CC[N+]2(C)CCc3cc(OC)c(OC)cc3C2Cc2ccc(OC)c(OC)c2)cc1OC,O=C(CC[NH+]1CCc2ccccc2C1Cc1ccccc1)OCCCCCOC(=O)CC[NH+]1CCc2ccccc2C1Cc1ccccc1,1224,0,0,0,0,1,1,0,0,1,0,0,0,0,0,1,0,1,0,0,1,0,0,0,0,1,1,1
CC1=CC(=NO1)NS(=O)(=O)C2=CC=C(C=C2)N.COC1=CC(=CC(=C1OC)OC)CC2=CN=C(N=C2N)N,COc1cc(Cc2cnc(N)nc2N)cc(OC)c1OC.Cc1cc(NS(=O)(=O)c2ccc(N)cc2)no1,O=S(=O)(Nc1ccon1)c1ccccc1.c1ccc(Cc2cncnc2)cc1,1225,1,1,0,1,1,1,1,0,1,0,0,0,0,0,1,1,1,0,1,1,1,1,0,1,1,1,1
CC#CCC(C)[C@@H](C=CC1[C@@H](C[C@H]2[C@@H]1CC(=CCCCC(=O)O)C2)O)O,CC#CCC(C)[C@H](O)C=CC1[C@H](O)C[C@@H]2CC(=CCCCC(=O)O)C[C@H]12,C=C1CC2CCCC2C1,1226,0,0,0,0,1,1,1,0,1,0,0,1,0,1,1,1,1,0,1,1,1,1,0,0,1,1,0
CN1C=CNC1=S,Cn1cc[nH]c1=S,S=c1[nH]cc[nH]1,1227,1,0,0,0,1,1,1,0,1,0,0,1,0,0,0,1,1,0,0,0,0,1,0,1,0,1,0
C(C(F)(F)F)(C(F)(F)F)(F)F,FC(F)(F)C(F)(F)C(F)(F)F,,1228,0,0,0,1,1,1,1,0,1,1,0,1,0,0,1,1,1,0,1,1,1,1,0,1,1,1,1
C[C@]12C[C@@H]([C@]3([C@H]([C@@H]1C[C@@H]4[C@]2(OC(O4)(C)C)C(=O)CO)CCC5=CC(=O)C=C[C@@]53C)F)O,CC1(C)O[C@@H]2C[C@H]3[C@@H]4CCC5=CC(=O)C=C[C@]5(C)[C@@]4(F)[C@@H](O)C[C@]3(C)[C@]2(C(=O)CO)O1,O=C1C=CC2C(=C1)CCC1C2CCC2C1CC1OCOC12,1229,1,1,0,1,1,1,1,1,1,1,0,1,1,0,1,1,1,1,1,1,1,1,0,1,1,1,1
C[C@]12CC[C@H]3[C@H]([C@@H]1CC[C@@H]2O)[C@@H](CC4=C3C=CC(=C4)O)CCCCCCCCCS(=O)CCCC(C(F)(F)F)(F)F,C[C@]12CC[C@@H]3c4ccc(O)cc4C[C@@H](CCCCCCCCCS(=O)CCCC(F)(F)C(F)(F)F)[C@H]3[C@@H]1CC[C@@H]2O,c1ccc2c(c1)CCC1C2CCC2CCCC21,1230,1,1,0,0,1,1,1,0,1,1,1,1,0,1,1,1,1,0,1,1,1,0,0,1,0,1,1
CC1=C(C(=C(C=C1C2(C3=CC=CC=C3S(=O)(=O)O2)C4=CC(=C(C(=C4C)Br)O)Br)Br)O)Br,Cc1c(C2(c3cc(Br)c(O)c(Br)c3C)OS(=O)(=O)c3ccccc32)cc(Br)c(O)c1Br,O=S1(=O)OC(c2ccccc2)(c2ccccc2)c2ccccc21,1231,1,1,0,0,1,1,1,0,1,1,0,1,0,0,0,1,1,0,1,0,1,1,0,0,0,1,0
CC1=NC(=O)C2=C(N1)C=CC(=C2)CN(C)C3=CC=C(S3)C(=O)N[C@@H](CCC(=O)O)C(=O)O,Cc1nc(=O)c2cc(CN(C)c3ccc(C(=O)N[C@@H](CCC(=O)O)C(=O)O)s3)ccc2[nH]1,O=c1nc[nH]c2ccc(CNc3cccs3)cc12,1232,1,1,0,0,1,1,1,0,0,0,1,1,0,0,0,1,1,0,1,1,0,1,0,0,1,1,0
CC(OC(=O)C)OC(=O)C1=C(CS[C@H]2N1C(=O)[C@H]2NC(=O)C(=NOC)C3=CC=CO3)COC(=O)N,CON=C(C(=O)N[C@@H]1C(=O)N2C(C(=O)OC(C)OC(C)=O)=C(COC(N)=O)CS[C@H]12)c1ccco1,N=C(C(=O)NC1C(=O)N2C=CCSC12)c1ccco1,1233,1,1,0,0,1,1,1,1,1,1,0,1,0,0,1,1,1,0,1,1,1,1,0,0,1,1,1
C1=CC(=C(C=C1N/N=C/2\C=CC(=O)C(=C2)C(=O)O)C(=O)O)O,O=C(O)C1=C/C(=N/Nc2ccc(O)c(C(=O)O)c2)C=CC1=O,O=C1C=CC(=NNc2ccccc2)C=C1,1234,1,1,0,1,1,1,1,0,1,1,0,1,1,0,1,1,1,0,1,1,1,1,0,1,1,1,0
C1CCC(CC1)(C2=CC=CC=C2)N3CCCCC3,c1ccc(C2(N3CCCCC3)CCCCC2)cc1,c1ccc(C2(N3CCCCC3)CCCCC2)cc1,1235,0,0,0,1,0,0,1,0,1,0,0,1,0,0,1,0,1,0,1,1,0,0,1,0,1,1,0
C[C@](CC1=CC(=C(C=C1)O)O)(C(=O)O)NN.C1=CC(=C(C=C1C[C@@H](C(=O)O)N)O)O,C[C@@](Cc1ccc(O)c(O)c1)(NN)C(=O)O,c1ccccc1,1236,0,1,0,1,1,1,1,0,1,1,1,1,0,0,1,1,1,0,1,1,1,1,0,0,1,1,1
CC1(CC(=O)N(C1=O)C)C2=CC=CC=C2,CN1C(=O)CC(C)(c2ccccc2)C1=O,O=C1CC(c2ccccc2)C(=O)N1,1237,0,1,0,1,1,0,1,0,0,0,0,1,0,0,1,1,1,0,0,1,1,1,0,0,0,1,0
C=C1[C@H](C[C@@H]([C@H]1CO)O)N2C=NC3=C2NC(=NC3=O)N,C=C1[C@H](CO)[C@@H](O)C[C@@H]1n1cnc2c(=O)nc(N)[nH]c21,C=C1CCCC1n1cnc2c(=O)nc[nH]c21,1238,1,1,1,0,1,0,1,0,1,0,1,1,0,0,0,1,1,0,1,0,1,1,0,0,0,1,0
CCC[C@@H](C(=O)O)N[C@@H](C)C(=O)N1[C@H]2CCCC[C@H]2C[C@H]1C(=O)O,CCC[C@H](N[C@@H](C)C(=O)N1[C@H](C(=O)O)C[C@@H]2CCCC[C@@H]21)C(=O)O,C1CCC2NCCC2C1,1239,1,1,0,0,1,1,1,0,1,0,0,1,0,0,1,1,1,0,0,1,0,1,0,0,1,1,1
CNC(=O)C1=CC=CC=C1SC2=CC3=C(C=C2)C(=NN3)C=CC4=CC=CC=N4,CNC(=O)c1ccccc1Sc1ccc2c(C=Cc3ccccn3)n[nH]c2c1,C(=Cc1n[nH]c2cc(Sc3ccccc3)ccc12)c1ccccn1,1240,1,1,0,1,1,1,1,0,0,0,1,1,1,0,1,1,1,0,0,1,0,1,0,1,1,1,1
CCN(CC)CCNC(=O)C1=C(NC(=C1C)C=C2C3=C(C=CC(=C3)F)NC2=O)C,CCN(CC)CCNC(=O)c1c(C)[nH]c(C=C2C(=O)Nc3ccc(F)cc32)c1C,O=C1Nc2ccccc2C1=Cc1ccc[nH]1,1241,1,1,0,1,1,1,1,0,1,1,1,1,1,0,1,1,1,1,1,1,1,1,0,0,1,1,1
CCOP(=O)(C(C)NC(=O)N(CCCl)N=O)OCC,CCOP(=O)(OCC)C(C)NC(=O)N(CCCl)N=O,,1242,1,0,0,0,1,0,1,0,0,0,1,1,0,0,1,1,1,0,0,1,0,1,0,0,0,1,0
CCOC(=O)N1C=CN(C1=S)C,CCOC(=O)n1ccn(C)c1=S,S=c1[nH]cc[nH]1,1243,1,0,0,0,1,1,1,0,1,0,0,1,0,0,1,1,1,0,1,1,1,0,0,0,0,1,1
C(C(CO)(CO)N)O,NC(CO)(CO)CO,,1244,1,1,0,0,1,0,0,0,0,0,0,1,0,0,1,0,0,0,1,1,0,0,0,0,0,0,0
[O-]S(=O)(=S)[O-],O=S(O)(O)=S,,784,0,0,0,0,1,0,1,0,0,0,0,0,0,0,1,1,0,0,0,0,1,0,0,0,0,1,1
C1=CC(=C(C(=C1)Cl)SC(CCC2=CC=C(C=C2)Cl)CN3C=CN=C3)Cl.[N+](=O)(O)[O-],Clc1ccc(CCC(Cn2ccnc2)Sc2c(Cl)cccc2Cl)cc1,c1ccc(CCC(Cn2ccnc2)Sc2ccccc2)cc1,1245,0,0,0,0,0,1,1,0,0,1,0,1,0,0,0,0,1,0,0,0,0,0,0,0,0,0,0
CCN(CC)C(=O)C(=CC1=CC(=C(C(=C1)O)O)[N+](=O)[O-])C#N,CCN(CC)C(=O)C(C#N)=Cc1cc(O)c(O)c([N+](=O)[O-])c1,c1ccccc1,1246,1,1,0,1,1,1,1,1,1,1,1,1,1,1,1,1,1,1,1,1,1,1,0,1,1,1,1
CC1=CC=C(C=C1)C(=O)C2=CC(=C(C(=C2)O)O)[N+](=O)[O-],Cc1ccc(C(=O)c2cc(O)c(O)c([N+](=O)[O-])c2)cc1,O=C(c1ccccc1)c1ccccc1,1247,1,1,0,1,1,1,1,1,1,1,1,1,0,1,1,1,1,0,1,1,1,1,1,1,1,1,1
C1CN(CC1C(C2=CC=CC=C2)(C3=CC=CC=C3)C(=O)N)CCC4=CC5=C(C=C4)OCC5,NC(=O)C(c1ccccc1)(c1ccccc1)C1CCN(CCc2ccc3c(c2)CCO3)C1,c1ccc(C(c2ccccc2)C2CCN(CCc3ccc4c(c3)CCO4)C2)cc1,1248,1,0,0,1,1,1,1,1,1,1,0,1,0,0,1,0,1,0,1,1,1,1,0,0,1,1,1
C1C2CNCC1C3=CC4=NC=CN=C4C=C23,c1cnc2cc3c(cc2n1)C1CNCC3C1,c1cnc2cc3c(cc2n1)C1CNCC3C1,1249,1,1,0,1,1,1,1,1,1,1,0,1,1,0,1,1,1,0,1,1,1,1,0,1,1,1,1
CCCC(=O)OCOC(=O)C1=C(NC(=C(C1C2=C(C(=CC=C2)Cl)Cl)C(=O)OC)C)C,CCCC(=O)OCOC(=O)C1=C(C)NC(C)=C(C(=O)OC)C1c1cccc(Cl)c1Cl,C1=CC(c2ccccc2)C=CN1,1250,0,0,0,0,1,0,1,0,1,0,0,0,0,0,1,0,0,0,0,1,0,1,0,0,1,1,1
CC1=C(N(N=C1C(=O)NN2CCCCC2)C3=C(C=C(C=C3)Cl)Cl)C4=CC=C(C=C4)Cl.Cl,Cc1c(C(=O)NN2CCCCC2)nn(-c2ccc(Cl)cc2Cl)c1-c1ccc(Cl)cc1,O=C(NN1CCCCC1)c1cc(-c2ccccc2)n(-c2ccccc2)n1,1251,0,1,0,0,0,1,1,0,0,1,0,1,0,0,1,0,1,0,1,1,1,0,0,0,0,1,1
CC(C)(C)C1=CC=C(C=C1)S(=O)(=O)NC2=C(C(=NC(=N2)C3=NC=CC=N3)OCCO)OC4=CC=CC=C4OC,COc1ccccc1Oc1c(NS(=O)(=O)c2ccc(C(C)(C)C)cc2)nc(-c2ncccn2)nc1OCCO,O=S(=O)(Nc1nc(-c2ncccn2)ncc1Oc1ccccc1)c1ccccc1,1252,1,1,0,1,1,1,1,0,1,1,0,1,0,0,1,1,1,0,1,1,1,1,0,1,1,1,1
C1=CC(=CN=C1)C(=O)NCCO[N+](=O)[O-],O=C(NCCO[N+](=O)[O-])c1cccnc1,c1ccncc1,1253,1,1,0,1,1,1,1,0,0,1,0,1,0,1,1,1,1,0,1,1,1,0,0,1,1,1,0
C1CN2C(=CC=C2C(=O)C3=CC=CC=C3)C1C(=O)O,O=C(c1ccccc1)c1ccc2n1CCC2C(=O)O,O=C(c1ccccc1)c1ccc2n1CCC2,1254,1,1,0,1,1,1,1,1,1,1,0,1,0,0,1,1,1,0,1,1,1,1,0,1,1,1,1
C[C@H]1C=CC=C(C(=O)NC2=C(C3=C(C4=C(C(=C3O)C)O[C@@](C4=O)(OC=C[C@@H]([C@H]([C@H]([C@@H]([C@@H]([C@@H]([C@H]1O)C)O)C)OC(=O)C)C)OC)C)C5=C2N6C=CC(=CC6=N5)C)O)C,CO[C@H]1C=CO[C@@]2(C)Oc3c(C)c(O)c4c(O)c(c5c(nc6cc(C)ccn65)c4c3C2=O)NC(=O)C(C)=CC=C[C@H](C)[C@H](O)[C@@H](C)[C@@H](O)[C@@H](C)[C@H](OC(C)=O)[C@@H]1C,O=C1C=CC=CCCCCCCCCC=COC2Oc3ccc4cc(c5c(nc6ccccn65)c4c3C2=O)N1,1255,0,1,0,0,1,1,1,0,1,1,0,1,0,0,1,1,1,0,1,1,1,1,0,1,0,1,1
C([C@@H]1[C@H]([C@@H]([C@H]([C@H](O1)O)NS(=O)(=O)O)O)O[C@H]2[C@@H]([C@H]([C@@H]([C@@H](O2)C(=O)O)O)O)OS(=O)(=O)O)OS(=O)(=O)O,O=C(O)[C@@H]1O[C@@H](O[C@H]2[C@H](O)[C@@H](NS(=O)(=O)O)[C@@H](O)O[C@@H]2COS(=O)(=O)O)[C@H](OS(=O)(=O)O)[C@@H](O)[C@@H]1O,C1CCC(OC2CCCOC2)OC1,1256,1,1,0,1,1,1,1,0,1,1,1,1,1,1,1,1,1,1,1,1,1,1,1,0,1,1,1
O[Fe]=O.O[Fe]=O.[Fe],[O]=[Fe][OH],,1257,1,1,0,1,1,1,1,0,1,1,0,1,0,1,1,1,1,0,0,1,0,1,0,0,1,1,1
C1CN2CCC1[C@H](C2)OC(=O)N3CCC4=CC=CC=C4[C@@H]3C5=CC=CC=C5.Cl,O=C(O[C@H]1CN2CCC1CC2)N1CCc2ccccc2[C@@H]1c1ccccc1,O=C(OC1CN2CCC1CC2)N1CCc2ccccc2C1c1ccccc1,1258,1,1,0,1,1,1,1,0,1,0,0,1,0,0,1,0,1,0,1,1,1,1,0,0,1,1,0
CC(=O)NC1=CC=C(C=C1)O.CC(C1=CC=CC=C1)(C2=CC=CC=N2)OCCN(C)C.CN1CC[C@]23[C@@H]4[C@H]1CC5=C2C(=C(C=C5)OC)O[C@H]3[C@H](C=C4)O.C(CC(=O)O)C(=O)O.OP(=O)(O)O,CN(C)CCOC(C)(c1ccccc1)c1ccccn1.COc1ccc2c3c1O[C@H]1[C@@H](O)C=C[C@H]4[C@@H](C2)N(C)CC[C@@]341,C1=CC2C3Cc4cccc5c4C2(CCN3)C(C1)O5.c1ccc(Cc2ccccn2)cc1,1259,1,1,0,1,1,1,1,0,1,1,0,1,0,1,1,1,1,0,1,1,1,1,0,1,1,1,1
C[C@H]1CCC[C@@]2([C@@H](O2)C[C@H](NC(=O)C[C@@H](C(C(=O)[C@@H]([C@H]1O)C)(C)C)O)/C(=C/C3=CSC(=N3)C)/C)C,C/C(=C\c1csc(C)n1)[C@@H]1C[C@@H]2O[C@]2(C)CCC[C@H](C)[C@H](O)[C@@H](C)C(=O)C(C)(C)[C@@H](O)CC(=O)N1,O=C1CCCCCCC2OC2CC(C=Cc2cscn2)NC(=O)CCC1,1260,1,1,0,1,1,1,1,0,1,1,0,1,0,0,1,1,1,0,1,1,1,1,0,0,1,1,0
CS(=O)(=O)C1=CC(=C(C=C1)C(=O)NC2=CC(=C(C=C2)Cl)C3=CC=CC=N3)Cl,CS(=O)(=O)c1ccc(C(=O)Nc2ccc(Cl)c(-c3ccccn3)c2)c(Cl)c1,O=C(Nc1cccc(-c2ccccn2)c1)c1ccccc1,1261,0,1,0,0,1,1,1,1,0,1,1,1,0,0,0,0,1,0,0,0,0,1,0,0,0,1,0
CC1(C2CCC(C1C2)CCOCC[N+]3(CCOCC3)CC4=CC(=C(C=C4Br)OC)OC)C.[Br-],COc1cc(Br)c(C[N+]2(CCOCCC3CCC4CC3C4(C)C)CCOCC2)cc1OC,c1ccc(C[N+]2(CCOCCC3CCC4CC3C4)CCOCC2)cc1,1262,0,0,0,0,0,0,1,0,1,0,0,0,0,0,0,0,1,0,0,0,0,0,0,1,0,1,0
CNC1=C(C=C(C=C1)C2=NC3=C(S2)C=C(C=C3)O)F,CNc1ccc(-c2nc3ccc(O)cc3s2)cc1F,c1ccc(-c2nc3ccccc3s2)cc1,1263,0,0,0,0,1,0,1,0,1,0,0,1,0,0,1,0,0,0,0,1,0,0,0,0,0,1,0
CN(CC=CC1=CC=CC=C1)CC2=CC=CC3=CC=CC=C32.Cl,CN(CC=Cc1ccccc1)Cc1cccc2ccccc12,C(=Cc1ccccc1)CNCc1cccc2ccccc12,1264,0,0,0,0,0,0,0,0,0,0,0,1,0,0,0,1,1,0,0,0,0,0,0,0,0,1,0
CC1OC(OC(O1)C)C,CC1OC(C)OC(C)O1,C1OCOCO1,1265,1,1,0,0,0,1,1,0,0,0,0,1,0,0,0,0,1,0,1,0,1,1,0,0,0,1,1
[O-2].[O-2].[O-2].[As+3].[As+3],[O-2],,1216,1,1,0,1,1,1,1,0,1,1,0,1,0,0,1,1,1,0,1,1,1,1,0,1,1,1,1
CC1=C(C(=CC=C1)Cl)NC(=O)C2=CN=C(S2)NC3=NC(=NC(=C3)N4CCN(CC4)CCO)C,Cc1nc(Nc2ncc(C(=O)Nc3c(C)cccc3Cl)s2)cc(N2CCN(CCO)CC2)n1,O=C(Nc1ccccc1)c1cnc(Nc2cc(N3CCNCC3)ncn2)s1,1266,1,1,0,1,1,1,1,0,1,1,1,1,0,0,1,1,1,0,1,1,1,1,0,1,1,1,1
C(CC(=O)O)[C@@H](C(=O)O)NC(=O)N,NC(=O)N[C@@H](CCC(=O)O)C(=O)O,,1267,0,1,0,0,1,0,1,0,0,0,0,1,0,0,0,1,1,1,1,0,0,0,0,0,1,1,0
F,F,,1268,0,0,0,0,0,0,0,0,1,0,0,1,0,0,0,0,1,0,0,0,0,0,0,0,0,0,1
CN1CCN(CC1)C(C2=CC=CC=C2)C3=CC=CC=C3,CN1CCN(C(c2ccccc2)c2ccccc2)CC1,c1ccc(C(c2ccccc2)N2CCNCC2)cc1,1269,1,0,0,1,0,1,1,0,1,0,0,1,0,0,1,1,1,0,0,1,1,1,0,0,1,1,1
C([C@H]([C@H]([C@@H]([C@H](C(=O)O)O)O)O)O)O.[Na+].[Fe+3],O=C(O)[C@H](O)[C@@H](O)[C@H](O)[C@H](O)CO,,1270,0,1,0,1,1,1,1,0,1,0,1,1,0,1,1,1,1,0,1,1,1,0,0,1,1,1,1
CCC(=O)[C@]1([C@@H](CC2[C@@]1(C[C@@H](C3C2CCC4=CC(=O)C=C[C@]34C)O)C)C)C,CCC(=O)[C@@]1(C)[C@H](C)CC2C3CCC4=CC(=O)C=C[C@]4(C)C3[C@@H](O)C[C@@]21C,O=C1C=CC2C(=C1)CCC1C3CCCC3CCC21,1271,0,0,0,1,1,0,0,0,0,0,0,1,0,0,1,0,1,0,1,0,0,0,0,0,0,1,1
CC(C)(C)C(C=CC1=CC2=C(C=C1)OCO2)O,CC(C)(C)C(O)C=Cc1ccc2c(c1)OCO2,c1ccc2c(c1)OCO2,1272,0,1,0,1,1,0,1,0,0,0,0,1,0,1,0,1,1,0,0,0,1,0,0,0,0,1,0
COC1=C(C=C(C=C1)CNC2=NC(=NC=C2C(=O)NCC3=NC=CC=N3)N4CCC[C@H]4CO)Cl,COc1ccc(CNc2nc(N3CCC[C@H]3CO)ncc2C(=O)NCc2ncccn2)cc1Cl,O=C(NCc1ncccn1)c1cnc(N2CCCC2)nc1NCc1ccccc1,1273,0,1,0,1,1,1,1,0,1,1,1,1,0,0,1,0,1,0,1,1,1,1,0,1,1,1,1
CC(C)CC(C(=O)NC(CCCN=C(N)N)C(=O)N1CCCC1C(=O)NNC(=O)N)NC(=O)C(COC(C)(C)C)NC(=O)C(CC2=CC=C(C=C2)O)NC(=O)C(CO)NC(=O)C(CC3=CNC4=CC=CC=C43)NC(=O)C(CC5=CN=CN5)NC(=O)C6CCC(=O)N6,CC(C)CC(NC(=O)C(COC(C)(C)C)NC(=O)C(Cc1ccc(O)cc1)NC(=O)C(CO)NC(=O)C(Cc1c[nH]c2ccccc12)NC(=O)C(Cc1cnc[nH]1)NC(=O)C1CCC(=O)N1)C(=O)NC(CCCN=C(N)N)C(=O)N1CCCC1C(=O)NNC(N)=O,O=C(CNC(=O)CNC(=O)C(Cc1ccccc1)NC(=O)CNC(=O)C(Cc1c[nH]c2ccccc12)NC(=O)C(Cc1cnc[nH]1)NC(=O)C1CCC(=O)N1)NCC(=O)N1CCCC1,1274,1,1,0,1,1,1,1,1,1,1,1,1,1,1,1,1,1,0,1,1,1,1,0,0,1,1,1
CC1=C(N(C2=C1C=C(C=C2)O)CC3=CC=C(C=C3)OCCN4CCCCCC4)C5=CC=C(C=C5)O.CC(=O)O,Cc1c(-c2ccc(O)cc2)n(Cc2ccc(OCCN3CCCCCC3)cc2)c2ccc(O)cc12,c1ccc(-c2cc3ccccc3n2Cc2ccc(OCCN3CCCCCC3)cc2)cc1,1275,0,0,0,1,1,1,1,0,1,1,0,1,0,0,1,0,1,0,0,1,0,0,0,0,1,1,1
C[C@]12CCC(=O)C=C1CC[C@@H]3[C@@]2([C@H](C[C@]4([C@H]3CC[C@@]4(C(=O)CO)O)C)O)F,C[C@]12CCC(=O)C=C1CC[C@H]1[C@@H]3CC[C@](O)(C(=O)CO)[C@@]3(C)C[C@H](O)[C@@]12F,O=C1C=C2CCC3C4CCCC4CCC3C2CC1,1276,0,1,0,1,1,1,1,0,1,1,1,1,0,0,1,0,1,0,1,0,1,1,0,1,1,1,1
CC(C)[C@@H](C(=O)OCC(CO)OCN1C=NC2=C1NC(=NC2=O)N)N,CC(C)[C@H](N)C(=O)OCC(CO)OCn1cnc2c(=O)nc(N)[nH]c21,O=c1nc[nH]c2[nH]cnc12,1277,1,1,0,1,1,1,1,1,1,1,1,1,0,0,1,1,1,0,1,1,1,1,0,1,1,1,1
C1CC1COC2=C(C=CC(=C2)C(=O)NC3=C(C=NC=C3Cl)Cl)OC(F)F,O=C(Nc1c(Cl)cncc1Cl)c1ccc(OC(F)F)c(OCC2CC2)c1,O=C(Nc1ccncc1)c1cccc(OCC2CC2)c1,1278,1,1,0,0,1,1,1,0,1,1,1,1,1,0,0,0,1,0,1,1,1,1,0,1,1,1,1
[Ga+3],[Ga+3],,1279,0,1,0,1,1,0,1,0,1,0,1,1,0,0,0,1,1,0,0,1,1,1,0,1,1,1,1
CCCCCN=C(N)NN/C=C/1\C=NC2=C1C=C(C=C2)CO,CCCCCN=C(N)NN/C=C1\C=Nc2ccc(CO)cc21,C=C1C=Nc2ccccc21,1280,1,1,0,1,1,1,1,1,1,1,1,1,0,0,1,1,1,0,1,1,1,1,1,1,1,1,1
CCC1=CC=C(C=C1)C(C)CCC2=CC=C(C=C2)[N+](C)(C)C.[Cl-],CCc1ccc(C(C)CCc2ccc([N+](C)(C)C)cc2)cc1,c1ccc(CCCc2ccccc2)cc1,1281,1,1,0,1,1,1,1,0,1,0,0,1,0,0,1,1,1,1,1,1,1,1,0,1,1,1,0
CCCCCCCCCCCCCCCC(=O)OC[C@H](COP(=O)(O)OCCNC(=O)[C@H](C)NC(=O)CC[C@H](C(=O)N)NC(=O)[C@H](C)NC(=O)[C@@H](C)OC1[C@H]([C@@H](O[C@@H]([C@H]1O)CO)O)NC(=O)C)OC(=O)CCCCCCCCCCCCCCC,CCCCCCCCCCCCCCCC(=O)OC[C@H](COP(=O)(O)OCCNC(=O)[C@H](C)NC(=O)CC[C@@H](NC(=O)[C@H](C)NC(=O)[C@@H](C)OC1[C@@H](NC(C)=O)[C@H](O)O[C@H](CO)[C@H]1O)C(N)=O)OC(=O)CCCCCCCCCCCCCCC,C1CCOCC1,1282,1,1,0,1,1,1,1,0,1,1,1,1,0,0,1,1,1,0,1,1,1,1,0,1,1,1,1
CC1=CC(=C(C(=C1OC(=O)C)C)C)OCC(CNC(C)C)O,CC(=O)Oc1c(C)cc(OCC(O)CNC(C)C)c(C)c1C,c1ccccc1,1283,0,0,0,1,0,1,1,0,1,0,0,1,0,0,1,0,1,0,1,1,1,0,0,0,1,1,0
CC(C)C1=NC(=NC(=C1C=C[C@@H](C[C@H](CC(=O)O)O)O)C2=CC=C(C=C2)F)N(C)S(=O)(=O)C,CC(C)c1nc(N(C)S(C)(=O)=O)nc(-c2ccc(F)cc2)c1C=C[C@H](O)C[C@@H](O)CC(=O)O,c1ccc(-c2ccncn2)cc1,1284,1,1,0,0,1,1,1,0,1,1,0,1,0,0,0,1,1,0,1,1,1,1,0,0,1,1,1
CC1=C(N=C(N=C1N)C(CC(=O)N)NCC(C(=O)N)N)C(=O)NC(C(C2=CN=CN2)O[C@H]3[C@H]([C@H]([C@@H]([C@@H](O3)CO)O)O)O[C@@H]4[C@H]([C@H]([C@@H]([C@H](O4)CO)O)OC(=O)N)O)C(=O)NC(C)C(C(C)C(=O)NC(C(C)O)C(=O)NCCC5=NC(=CS5)C6=NC(=CS6)C(=O)NCCC[S+](C)C)O.OS(=O)(=O)[O-],Cc1c(N)nc(C(CC(N)=O)NCC(N)C(N)=O)nc1C(=O)NC(C(=O)NC(C)C(O)C(C)C(=O)NC(C(=O)NCCc1nc(-c2nc(C(=O)NCCC[S+](C)C)cs2)cs1)C(C)O)C(O[C@@H]1O[C@@H](CO)[C@@H](O)[C@H](O)[C@@H]1O[C@H]1O[C@H](CO)[C@@H](O)[C@H](OC(N)=O)[C@@H]1O)c1cnc[nH]1,O=C(CCCNC(=O)C(NC(=O)c1ccncn1)C(OC1OCCCC1OC1CCCCO1)c1cnc[nH]1)NCC(=O)NCCc1nc(-c2nccs2)cs1,1285,0,1,0,1,1,1,1,0,1,0,0,1,0,1,1,1,1,1,1,1,1,1,0,0,1,1,1
CC(C)C[C@@H](C(=O)N[C@@H](CCCN=C(N)N)C(=O)N1CCC[C@H]1C(=O)NCC(=O)N)NC(=O)[C@@H](CC2=CNC3=CC=CC=C32)NC(=O)[C@H](CC4=CC=C(C=C4)O)NC(=O)[C@H](CO)NC(=O)[C@H](CC5=CNC6=CC=CC=C65)NC(=O)[C@H](CC7=CN=CN7)NC(=O)[C@@H]8CCC(=O)N8,CC(C)C[C@H](NC(=O)[C@@H](Cc1c[nH]c2ccccc12)NC(=O)[C@H](Cc1ccc(O)cc1)NC(=O)[C@H](CO)NC(=O)[C@H](Cc1c[nH]c2ccccc12)NC(=O)[C@H](Cc1cnc[nH]1)NC(=O)[C@@H]1CCC(=O)N1)C(=O)N[C@@H](CCCN=C(N)N)C(=O)N1CCC[C@H]1C(=O)NCC(N)=O,O=C(CNC(=O)C(Cc1c[nH]c2ccccc12)NC(=O)C(Cc1ccccc1)NC(=O)CNC(=O)C(Cc1c[nH]c2ccccc12)NC(=O)C(Cc1cnc[nH]1)NC(=O)C1CCC(=O)N1)NCC(=O)N1CCCC1,1286,1,1,0,1,1,1,1,0,1,1,1,1,1,0,1,1,1,0,1,1,1,1,0,1,1,1,1
CC(=O)O[C@H]1C[C@@H]2CC[C@@H]3[C@@H]([C@]2(C[C@@H]1N4CCCCC4)C)CC[C@]5([C@H]3C[C@@H]([C@@H]5OC(=O)C)[N+]6(CCCCC6)C)C.[Br-],CC(=O)O[C@H]1C[C@@H]2CC[C@@H]3[C@H](CC[C@@]4(C)[C@H]3C[C@H]([N+]3(C)CCCCC3)[C@@H]4OC(C)=O)[C@@]2(C)C[C@@H]1N1CCCCC1,C1CCN(C2CCC3CCC4C5CC([NH+]6CCCCC6)CC5CCC4C3C2)CC1,1287,0,0,0,0,1,1,0,0,1,0,0,1,0,0,1,0,1,0,0,1,0,0,0,0,1,1,1
CCC(C1=CC=CC=C1)C(=O)O,CCC(C(=O)O)c1ccccc1,c1ccccc1,1288,1,1,0,0,1,0,1,0,0,1,0,1,0,0,1,1,1,0,0,0,1,1,0,1,1,1,1
CCN(CC)C(C)C(=O)C1=CC=CC=C1,CCN(CC)C(C)C(=O)c1ccccc1,c1ccccc1,1289,0,0,0,1,1,1,1,0,0,1,0,1,0,0,0,1,1,0,0,1,1,1,0,0,1,1,1
CC1([C@@H](N2[C@H](S1)[C@@H](C2=O)NC(=O)CC3=CC=CC=C3)C(=O)O)C.CC1([C@@H](N2[C@H](S1)[C@@H](C2=O)NC(=O)CC3=CC=CC=C3)C(=O)O)C.C1=CC=C(C=C1)CNCCNCC2=CC=CC=C2,CC1(C)S[C@@H]2[C@H](NC(=O)Cc3ccccc3)C(=O)N2[C@H]1C(=O)O.c1ccc(CNCCNCc2ccccc2)cc1,O=C(Cc1ccccc1)NC1C(=O)N2CCSC12.c1ccc(CNCCNCc2ccccc2)cc1,1290,0,0,0,1,1,1,1,0,1,1,0,1,0,1,1,1,1,0,1,1,1,1,0,1,1,1,1
C1CC(CCC1OP(=O)([O-])OC[C@@H](CN(CCN(CC(=O)[O-])CC(=O)[O-])CC(=O)[O-])N(CC(=O)[O-])CC(=O)[O-])(C2=CC=CC=C2)C3=CC=CC=C3.[Na+].[Na+].[Na+].[Gd+3],O=C(O)CN(CCN(CC(=O)O)C[C@H](COP(=O)(O)OC1CCC(c2ccccc2)(c2ccccc2)CC1)N(CC(=O)O)CC(=O)O)CC(=O)O,c1ccc(C2(c3ccccc3)CCCCC2)cc1,1291,0,1,0,1,1,1,1,0,1,1,0,1,0,0,1,0,1,0,1,1,1,1,0,1,1,1,1
CC1(N=C(N=C(N1OCCCOC2=CC(=C(C=C2Cl)Cl)Cl)N)N)C.Cl,CC1(C)N=C(N)N=C(N)N1OCCCOc1cc(Cl)c(Cl)cc1Cl,C1=NC=NCN1OCCCOc1ccccc1,1292,1,0,0,0,1,1,1,0,1,0,1,1,0,0,1,0,1,0,1,1,1,0,0,0,1,1,1
CCCCCCC(C)(C)C1=CC2=C(C3CC(=O)CCC3C(O2)(C)C)C(=C1)O,CCCCCCC(C)(C)c1cc(O)c2c(c1)OC(C)(C)C1CCC(=O)CC21,O=C1CCC2COc3ccccc3C2C1,1293,0,1,0,1,1,1,1,1,1,1,0,1,0,1,1,1,1,0,1,1,1,1,0,1,1,1,1
C[C@@H]1CCO[C@@H]2N1C(=O)C3=C(C(=O)C(=CN3C2)C(=O)NCC4=C(C=C(C=C4)F)F)[O-].[Na+],C[C@@H]1CCO[C@H]2Cn3cc(C(=O)NCc4ccc(F)cc4F)c(=O)c(O)c3C(=O)N12,O=C(NCc1ccccc1)c1cn2c(cc1=O)C(=O)N1CCCOC1C2,1294,1,1,0,0,1,1,1,0,1,0,0,1,1,0,0,1,1,0,1,0,1,1,0,1,0,1,0
CCCCC[C@@](C)(C=C[C@H]1[C@@H](C[C@@H]([C@@H]1CC=CCCCC(=O)O)O)O)O,CCCCC[C@](C)(O)C=C[C@@H]1[C@@H](CC=CCCCC(=O)O)[C@@H](O)C[C@H]1O,C1CCCC1,1295,0,0,0,1,1,1,1,0,1,1,0,1,1,0,1,0,1,0,1,1,1,0,0,1,1,1,1
COC1=CC2=C(C=CN=C2C=C1OC)OC3=CC=C(C=C3)NC(=O)C4(CC4)C(=O)NC5=CC=C(C=C5)F,COc1cc2nccc(Oc3ccc(NC(=O)C4(C(=O)Nc5ccc(F)cc5)CC4)cc3)c2cc1OC,O=C(Nc1ccccc1)C1(C(=O)Nc2ccc(Oc3ccnc4ccccc34)cc2)CC1,1296,1,1,0,1,1,1,1,0,0,1,0,1,1,0,1,1,1,0,1,1,1,1,0,1,1,1,1
C1=CC=C(C=C1)C2(C(=O)N(C(=O)N2)COP(=O)([O-])[O-])C3=CC=CC=C3.[Na+].[Na+],O=C1NC(c2ccccc2)(c2ccccc2)C(=O)N1COP(=O)(O)O,O=C1NC(=O)C(c2ccccc2)(c2ccccc2)N1,1297,0,1,0,1,1,1,1,1,1,1,0,1,1,1,1,1,1,0,1,1,1,1,0,1,1,1,1
C1=CC=C(C=C1)C(=O)OOC(=O)C2=CC=CC=C2,O=C(OOC(=O)c1ccccc1)c1ccccc1,O=C(OOC(=O)c1ccccc1)c1ccccc1,1298,0,0,0,0,0,0,0,0,1,0,0,1,0,0,0,0,1,0,0,0,0,0,0,0,0,1,0
CCOC(=O)NC1=C(C=C(C=C1)NCC2=CC=C(C=C2)F)N,CCOC(=O)Nc1ccc(NCc2ccc(F)cc2)cc1N,c1ccc(CNc2ccccc2)cc1,1299,1,1,0,1,1,1,1,0,0,0,0,1,0,0,1,1,1,0,1,1,1,1,0,1,0,1,0
C[C@@H]1CC=CC=CC=CC=C[C@@H](C[C@H]2[C@@H]([C@H](C[C@](O2)(C[C@H](C[C@@H]3[C@H](O3)C=CC(=O)O1)O)O)O)C(=O)O)OC4[C@H]([C@H]([C@@H]([C@H](O4)C)O)N)O,C[C@@H]1CC=CC=CC=CC=C[C@H](OC2O[C@H](C)[C@@H](O)[C@H](N)[C@@H]2O)C[C@@H]2O[C@](O)(C[C@@H](O)C[C@H]3O[C@@H]3C=CC(=O)O1)C[C@H](O)[C@H]2C(=O)O,O=C1C=CC2OC2CCCC2CCCC(CC(OC3CCCCO3)C=CC=CC=CC=CCCO1)O2,1300,0,0,0,1,0,0,0,0,1,0,0,1,0,0,1,0,0,0,0,1,0,0,0,0,0,1,0
CCCCCCCCCCCCCC(=O)NCCCC[C@@H](C(=O)O)NC(=O)[C@@H]1CCCN1C(=O)[C@H]([C@@H](C)O)NC(=O)[C@H](CC2=CC=C(C=C2)O)NC(=O)[C@H](CC3=CC=CC=C3)NC(=O)[C@H](CC4=CC=CC=C4)NC(=O)CNC(=O)[C@H](CCCNC(=N)N)NC(=O)[C@H](CCC(=O)O)NC(=O)CNC(=O)[C@@H]5CSSC[C@H](NC(=O)[C@@H](NC(=O)[C@@H](NC(=O)[C@@H](NC(=O)[C@@H](NC(=O)[C@@H](NC(=O)[C@@H](NC(=O)[C@@H](NC(=O)[C@@H](NC(=O)[C@@H]6CSSC[C@@H](C(=O)N[C@@H](CSSC[C@@H](C(=O)NCC(=O)N[C@H](C(=O)N[C@H](C(=O)N[C@H](C(=O)N[C@H](C(=O)N[C@H](C(=O)N[C@H](C(=O)N[C@H](C(=O)N[C@H](C(=O)N[C@H](C(=O)N[C@H](C(=O)N5)C(C)C)CC(C)C)CC7=CC=C(C=C7)O)CC(C)C)C)CCC(=O)O)C(C)C)CC(C)C)CC8=CNC=N8)CO)NC(=O)[C@H](CC(C)C)NC(=O)[C@H](CC9=CNC=N9)NC(=O)[C@H](CCC(=O)N)NC(=O)[C@H](CC(=O)N)NC(=O)[C@H](C(C)C)NC(=O)[C@H](CC1=CC=CC=C1)N)C(=O)N[C@H](C(=O)N[C@H](C(=O)N[C@H](C(=O)N6)[C@@H](C)CC)CO)[C@@H](C)O)NC(=O)[C@H](CCC(=O)N)NC(=O)[C@H](CCC(=O)O)NC(=O)[C@H](C(C)C)NC(=O)[C@H]([C@@H](C)CC)NC(=O)CN)CO)CC(C)C)CC1=CC=C(C=C1)O)CCC(=O)N)CC(C)C)CCC(=O)O)CC(=O)N)CC1=CC=C(C=C1)O)C(=O)N[C@@H](CC(=O)N)C(=O)O,CCCCCCCCCCCCCC(=O)NCCCC[C@H](NC(=O)[C@@H]1CCCN1C(=O)[C@@H](NC(=O)[C@H](Cc1ccc(O)cc1)NC(=O)[C@H](Cc1ccccc1)NC(=O)[C@H](Cc1ccccc1)NC(=O)CNC(=O)[C@H](CCCNC(=N)N)NC(=O)[C@H](CCC(=O)O)NC(=O)CNC(=O)[C@@H]1CSSC[C@@H](C(=O)N[C@@H](CC(N)=O)C(=O)O)NC(=O)[C@H](Cc2ccc(O)cc2)NC(=O)[C@H](CC(N)=O)NC(=O)[C@H](CCC(=O)O)NC(=O)[C@H](CC(C)C)NC(=O)[C@H](CCC(N)=O)NC(=O)[C@H](Cc2ccc(O)cc2)NC(=O)[C@H](CC(C)C)NC(=O)[C@H](CO)NC(=O)[C@@H]2CSSC[C@H](NC(=O)[C@H](CCC(N)=O)NC(=O)[C@H](CCC(=O)O)NC(=O)[C@@H](NC(=O)[C@@H](NC(=O)CN)[C@@H](C)CC)C(C)C)C(=O)N[C@@H](CSSC[C@H](NC(=O)[C@H](CC(C)C)NC(=O)[C@H](Cc3c[nH]cn3)NC(=O)[C@H](CCC(N)=O)NC(=O)[C@H](CC(N)=O)NC(=O)[C@@H](NC(=O)[C@@H](N)Cc3ccccc3)C(C)C)C(=O)NCC(=O)N[C@@H](CO)C(=O)N[C@@H](Cc3c[nH]cn3)C(=O)N[C@@H](CC(C)C)C(=O)N[C@@H](C(C)C)C(=O)N[C@@H](CCC(=O)O)C(=O)N[C@@H](C)C(=O)N[C@@H](CC(C)C)C(=O)N[C@@H](Cc3ccc(O)cc3)C(=O)N[C@@H](CC(C)C)C(=O)N[C@@H](C(C)C)C(=O)N1)C(=O)N[C@@H]([C@@H](C)O)C(=O)N[C@@H](CO)C(=O)N[C@@H]([C@@H](C)CC)C(=O)N2)[C@@H](C)O)C(=O)O,O=C(CCc1ccccc1)NCC(=O)NCC(=O)NCC(=O)NC(Cc1c[nH]cn1)C(=O)NCC(=O)NC1CSSCC2NC(=O)CCSSCC(NC(=O)CNC(=O)CNC(=O)CNC2=O)C(=O)NCC(=O)NCC(=O)NC(Cc2ccccc2)C(=O)NCC(=O)NCC(=O)NCC(=O)NCC(=O)NC(Cc2ccccc2)C(=O)NCCSSCC(C(=O)NCC(=O)NCC(=O)NCC(=O)NCC(=O)NC(Cc2ccccc2)C(=O)NC(Cc2ccccc2)C(=O)NC(Cc2ccccc2)C(=O)NCC(=O)N2CCCC2)NC(=O)CNC(=O)CNC(=O)C(Cc2ccccc2)NC(=O)CNC(=O)CNC(=O)CNC(=O)CNC(=O)CNC(=O)C(Cc2c[nH]cn2)NC(=O)CNC(=O)CNC1=O,1301,1,1,0,1,1,1,1,1,1,1,1,1,1,0,1,1,1,1,1,1,1,1,1,1,1,1,1
CCN(CC)C(=O)NC1CN(C2CC3=CNC4=CC=CC(=C34)C2=C1)C,CCN(CC)C(=O)NC1C=C2c3cccc4[nH]cc(c34)CC2N(C)C1,C1=C2c3cccc4[nH]cc(c34)CC2NCC1,1302,0,1,0,0,1,0,1,0,1,0,0,1,1,0,1,0,1,0,1,1,1,0,0,1,1,1,1
CC1=CC(=CC(=C1)OCC2CNC(=O)O2)C,Cc1cc(C)cc(OCC2CNC(=O)O2)c1,O=C1NCC(COc2ccccc2)O1,1303,1,0,0,0,0,0,1,0,1,0,0,0,0,0,0,1,1,0,0,0,1,0,0,0,0,1,0
C[C@H]1/C=C/C=C(\C(=O)NC\2=C(C3=C(C(=C4C(=C3C(=O)/C2=C/NN5CCN(CC5)C)C(=O)[C@](O4)(O/C=C/[C@@H]([C@H]([C@H]([C@@H]([C@@H]([C@@H]([C@H]1O)C)O)C)OC(=O)C)C)OC)C)C)O)O)/C,CO[C@H]1/C=C/O[C@@]2(C)Oc3c(C)c(O)c4c(c3C2=O)C(=O)/C(=C/NN2CCN(C)CC2)C(=C4O)NC(=O)/C(C)=C\C=C\[C@H](C)[C@H](O)[C@@H](C)[C@@H](O)[C@@H](C)[C@H](OC(C)=O)[C@@H]1C,O=C1C=CC=CCCCCCCCCC=COC2Oc3ccc4c(c3C2=O)C(=O)C(=CNN2CCNCC2)C(=C4)N1,1304,1,1,0,1,1,1,1,1,1,1,0,1,1,0,1,1,1,1,1,1,1,1,0,0,0,1,1
CC(=O)O[C@H]1CC2=CC=CC=C2N(C3=CC=CC=C13)C(=O)N,CC(=O)O[C@H]1Cc2ccccc2N(C(N)=O)c2ccccc21,c1ccc2c(c1)CCc1ccccc1N2,1305,1,1,0,1,1,1,1,0,1,0,0,1,1,1,1,1,1,0,1,1,1,1,0,1,1,1,1
CC12CC[C@H]3C([C@@H]1CCC2=O)CCC4=C3C=CC(=C4)OS(=O)(=O)O.C1CNCCN1,CC12CC[C@@H]3c4ccc(OS(=O)(=O)O)cc4CCC3[C@@H]1CCC2=O,O=C1CCC2C1CCC1c3ccccc3CCC12,1306,1,1,0,1,1,1,1,0,1,1,1,1,1,0,1,0,1,1,1,1,1,1,0,0,1,1,0
CN(C)C(=O)C(CC[NH+]1CCC(CC1)(C2=CC=C(C=C2)Cl)O)(C3=CC=CC=C3)C4=CC=CC=C4,CN(C)C(=O)C(CCN1CCC(O)(c2ccc(Cl)cc2)CC1)(c1ccccc1)c1ccccc1,c1ccc(C2CCN(CCC(c3ccccc3)c3ccccc3)CC2)cc1,1307,0,0,0,0,0,0,1,0,1,0,0,1,0,0,0,0,1,0,0,0,0,1,0,0,0,1,0
C[C@H](C(=O)N)NC(=O)[C@@H]1CCCN1C(=O)[C@H](CCCN=C(N)N)NC(=O)[C@H](CC(C)C)NC(=O)[C@@H](CCCNC(=O)N)NC(=O)[C@H](CC2=CC=C(C=C2)O)NC(=O)[C@H](CO)NC(=O)[C@@H](CC3=CN=CC=C3)NC(=O)[C@@H](CC4=CC=C(C=C4)Cl)NC(=O)[C@@H](CC5=CC6=CC=CC=C6C=C5)NC(=O)C.C(=O)(C(F)(F)F)O,CC(=O)N[C@H](Cc1ccc2ccccc2c1)C(=O)N[C@H](Cc1ccc(Cl)cc1)C(=O)N[C@H](Cc1cccnc1)C(=O)N[C@@H](CO)C(=O)N[C@@H](Cc1ccc(O)cc1)C(=O)N[C@H](CCCNC(N)=O)C(=O)N[C@@H](CC(C)C)C(=O)N[C@@H](CCCN=C(N)N)C(=O)N1CCC[C@H]1C(=O)N[C@H](C)C(N)=O,O=C(CNC(=O)CNC(=O)C(Cc1ccccc1)NC(=O)CNC(=O)C(Cc1cccnc1)NC(=O)C(Cc1ccccc1)NC(=O)CCc1ccc2ccccc2c1)NCC(=O)N1CCCC1,1308,0,0,0,1,0,0,1,0,1,1,1,1,0,1,1,0,1,1,0,1,0,0,1,0,0,1,1
CC1=C(C=C(C=C1)[C@H]2[C@@H]([C@H]([C@@H]([C@H](O2)CO)O)O)O)CC3=CC=C(S3)C4=CC=C(C=C4)F,Cc1ccc([C@@H]2O[C@H](CO)[C@@H](O)[C@H](O)[C@H]2O)cc1Cc1ccc(-c2ccc(F)cc2)s1,c1ccc(-c2ccc(Cc3cccc(C4CCCCO4)c3)s2)cc1,1309,0,1,0,0,1,0,1,0,1,1,0,1,0,0,1,0,1,1,1,0,0,1,0,0,0,1,1
CC1([C@H]([C@@H]1C(=O)OCC2=CC(=CC=C2)OC3=CC=CC=C3)C=C(Cl)Cl)C,CC1(C)[C@@H](C=C(Cl)Cl)[C@@H]1C(=O)OCc1cccc(Oc2ccccc2)c1,O=C(OCc1cccc(Oc2ccccc2)c1)C1CC1,1310,0,0,0,0,1,0,1,0,0,0,0,1,0,0,0,0,1,0,0,0,0,0,0,0,0,1,0
CON=C1CN(CC1CN)C2=C(C=C3C(=O)C(=CN(C3=N2)C4CC4)C(=O)O)F,CON=C1CN(c2nc3c(cc2F)c(=O)c(C(=O)O)cn3C2CC2)CC1CN,N=C1CCN(c2ccc3c(=O)ccn(C4CC4)c3n2)C1,1311,1,1,0,1,1,1,1,0,1,1,0,1,0,0,1,1,1,0,1,1,1,1,0,1,1,1,1
CC1CC2CCC3C(=C)CC(O3)CCC45CC6C(O4)C7C(O6)C(O5)C8C(O7)CCC(O8)CC(=O)CC9C(CC(C1=C)O2)OC(C9OC)CC(CN)O,C=C1CC2CCC34CC5OC6C(OC7CCC(CC(=O)CC8C(CC9OC(CCC1O2)CC(C)C9=C)OC(CC(O)CN)C8OC)OC7C6O3)C5O4,C=C1CC2CCC34CC5OC6C(OC7CCC(CC(=O)CC8CCOC8CC8OC(CCC8=C)CCC1O2)OC7C6O3)C5O4,1312,1,1,0,1,1,1,1,0,1,1,1,1,0,0,1,1,1,0,1,1,1,1,0,1,1,1,0
C(=N)(N)N,N=C(N)N,,1313,0,1,0,0,1,0,1,0,0,0,0,1,0,0,1,1,1,0,1,1,1,1,0,0,1,1,0
C[C@@H]1[C@@H]2[C@H](C(=O)N2C(=C1S[C@H]3CC[C@H](N3)C(=O)N(C)C)C(=O)O)[C@@H](C)O,C[C@@H](O)[C@H]1C(=O)N2C(C(=O)O)=C(S[C@H]3CC[C@@H](C(=O)N(C)C)N3)[C@H](C)[C@H]12,O=C1CC2CC(SC3CCCN3)=CN12,1314,1,1,0,0,1,1,1,0,1,1,0,1,0,0,1,1,1,0,1,1,1,1,0,0,1,1,1
OP(=O)([O-])[O-].[K+].[K+],O=P(O)(O)O,,149,0,1,0,0,1,1,0,0,0,0,0,1,0,0,1,0,0,0,0,1,1,1,0,0,1,1,1
CC(C)C1=C(C(=CC=C1)C(C)C)OCOP(=O)([O-])[O-].[Na+].[Na+],CC(C)c1cccc(C(C)C)c1OCOP(=O)(O)O,c1ccccc1,1315,1,0,0,0,1,0,1,0,0,0,0,1,0,0,1,0,1,0,0,1,0,0,0,0,1,1,1
C1=CC(=C(C=C1CC(C(=O)O)N)CO)OP(=O)(O)O,NC(Cc1ccc(OP(=O)(O)O)c(CO)c1)C(=O)O,c1ccccc1,1316,0,1,0,0,1,1,1,0,0,0,0,1,0,0,0,0,0,0,1,0,0,1,0,0,1,1,0
COC(=O)[C@@H]1[C@H]2CCC(N2CCCF)C[C@@H]1C3=CC=C(C=C3)I,COC(=O)[C@H]1[C@@H](c2ccc(I)cc2)CC2CC[C@H]1N2CCCF,c1ccc(C2CC3CCC(C2)N3)cc1,1317,0,1,0,0,0,0,1,0,1,0,1,1,0,0,0,0,0,0,0,0,0,0,0,1,0,1,0
CCC1=C(NC2=C1C(=O)C(CC2)CN3CCOCC3)C,CCc1c(C)[nH]c2c1C(=O)C(CN1CCOCC1)CC2,O=C1c2cc[nH]c2CCC1CN1CCOCC1,1318,0,0,0,1,1,1,1,1,0,1,0,0,0,1,1,1,1,0,0,1,1,1,0,0,1,1,0
[Fe],[Fe],,1319,0,1,0,1,1,1,1,0,1,1,1,1,0,0,1,1,1,0,1,1,1,1,0,1,1,1,1
[La],[La],,1320,0,1,0,0,0,0,1,0,0,0,0,0,0,0,0,0,0,0,0,0,0,0,0,0,0,0,1
[Sm],[Sm],,1321,0,0,0,0,1,1,1,0,1,0,1,1,0,1,1,1,1,0,1,1,0,1,0,0,1,1,0
[Ag],[Ag],,1322,0,0,0,0,0,1,0,1,0,0,0,0,0,0,0,1,1,0,1,0,0,1,0,0,0,1,0
[Tc],[Tc],,1323,0,0,0,0,1,1,1,0,1,1,0,1,0,0,1,1,1,0,1,1,0,0,0,0,1,1,1
CN(C)NN=C1C(=NC=N1)C(=O)N,CN(C)NN=C1N=CN=C1C(N)=O,N=C1C=NC=N1,1324,1,1,0,1,1,1,1,0,1,0,0,1,0,0,1,1,1,0,1,0,1,0,0,0,1,1,1
CC(C)(C(=O)O)OC1=CC=C(C=C1)C(=O)C2=CC=C(C=C2)Cl,CC(C)(Oc1ccc(C(=O)c2ccc(Cl)cc2)cc1)C(=O)O,O=C(c1ccccc1)c1ccccc1,1325,1,1,0,0,1,1,1,0,0,0,0,1,0,0,1,1,0,0,1,1,1,1,0,0,0,1,1
CC1=C(C=C(C=C1)N2C(=O)C(=C(N2)C)N/N=C/3\C=CC=C(C3=O)C4=CC(=CC=C4)C(=O)O)C,Cc1ccc(-n2[nH]c(C)c(N/N=C3\C=CC=C(c4cccc(C(=O)O)c4)C3=O)c2=O)cc1C,O=C1C(c2ccccc2)=CC=CC1=NNc1c[nH]n(-c2ccccc2)c1=O,1326,1,1,0,1,1,1,1,0,0,0,0,1,0,0,1,1,1,0,1,1,1,0,0,0,0,1,0
CCOC1=NC2=CC=CC(=C2N1CC3=CC=C(C=C3)C4=CC=CC=C4C5=NC(=O)ON5)C(=O)OCC6=C(OC(=O)O6)C,CCOc1nc2cccc(C(=O)OCc3oc(=O)oc3C)c2n1Cc1ccc(-c2ccccc2-c2nc(=O)o[nH]2)cc1,O=C(OCc1coc(=O)o1)c1cccc2ncn(Cc3ccc(-c4ccccc4-c4nc(=O)o[nH]4)cc3)c12,1327,0,1,0,0,1,1,1,0,0,0,0,1,0,0,1,0,1,0,0,0,0,0,0,0,0,1,0
[Cr],[Cr],,1328,1,0,0,0,0,0,1,0,0,0,0,1,0,0,0,0,0,0,0,0,0,0,0,0,0,1,1
CCCNC(C)C(=O)NC1=C(SC=C1C)C(=O)OC.Cl,CCCNC(C)C(=O)Nc1c(C)csc1C(=O)OC,c1ccsc1,1329,0,0,0,0,1,1,1,0,1,1,0,1,0,0,1,1,1,1,1,1,1,0,0,1,1,1,1
[Cu],[Cu],,1330,0,0,0,0,1,1,0,0,0,1,1,1,0,0,1,1,1,0,1,0,0,0,1,0,0,0,0
[Gd],[Gd],,1331,0,1,0,1,1,1,1,0,1,1,1,1,0,0,1,1,1,0,1,1,1,1,0,1,1,1,1
[Y],[Y],,1332,0,0,0,0,0,0,0,0,0,0,1,0,0,0,0,0,0,0,0,0,0,0,0,0,0,0,0
[Zn],[Zn],,1333,0,0,0,0,0,0,1,0,0,0,0,0,0,0,0,0,0,0,0,0,0,0,0,0,0,0,0
C#CCNC1CCC2=CC=CC=C12,C#CCNC1CCc2ccccc21,c1ccc2c(c1)CCC2,1334,1,1,0,1,1,1,1,0,1,1,1,1,0,0,1,1,1,0,1,1,1,1,0,1,1,1,1
CC(C)(C)NCC(=O)NC1=C(C2=C(CC3CC4C(C(=O)C(=C(C4(C(=O)C3=C2O)O)O)C(=O)N)N(C)C)C(=C1)N(C)C)O,CN(C)c1cc(NC(=O)CNC(C)(C)C)c(O)c2c1CC1CC3C(N(C)C)C(=O)C(C(N)=O)=C(O)C3(O)C(=O)C1=C2O,O=C1C=CC2C(=O)C3=Cc4ccccc4CC3CC2C1,1335,1,1,1,1,1,1,1,0,1,1,0,1,0,0,1,1,1,0,1,1,1,1,0,1,1,1,1
C1=CC=C(C=C1)COC2=CC=C(C=C2)O,Oc1ccc(OCc2ccccc2)cc1,c1ccc(COc2ccccc2)cc1,1336,0,0,0,0,0,0,0,0,1,0,0,0,0,0,0,0,1,0,0,0,0,0,0,0,0,1,0
CC(CN1C=NC2=C1N=CN=C2N)OCP(=O)(O)O,CC(Cn1cnc2c(N)ncnc21)OCP(=O)(O)O,c1ncc2nc[nH]c2n1,1337,1,1,0,0,1,1,1,1,1,0,0,1,0,0,0,0,1,1,1,1,1,1,0,0,0,1,1
CCC[C@]1(CC(=O)C(=C(O1)[O-])[C@H](CC)C2=CC(=CC=C2)[N-]S(=O)(=O)C3=NC=C(C=C3)C(F)(F)F)CCC4=CC=CC=C4.[Na+].[Na+],CCC[C@@]1(CCc2ccccc2)CC(=O)C([C@H](CC)c2cccc(NS(=O)(=O)c3ccc(C(F)(F)F)cn3)c2)=C(O)O1,O=C1CC(CCc2ccccc2)OC=C1Cc1cccc(NS(=O)(=O)c2ccccn2)c1,1338,1,1,0,0,1,1,1,0,1,1,1,1,1,0,1,1,1,0,1,1,1,1,1,0,0,1,1
C1=CC2=C(C=C1C(=O)O)OC(=N2)C3=CC(=CC(=C3)Cl)Cl,O=C(O)c1ccc2nc(-c3cc(Cl)cc(Cl)c3)oc2c1,c1ccc(-c2nc3ccccc3o2)cc1,1339,0,0,0,0,0,0,1,0,0,0,0,0,0,0,0,0,0,0,1,0,0,0,0,0,0,0,0
C1CNCCNCCCN(CCNC1)CC2=CC=C(C=C2)CN3CCCNCCNCCCNCC3.Cl.Cl.Cl.Cl.Cl.Cl.Cl.Cl,c1cc(CN2CCCNCCNCCCNCC2)ccc1CN1CCCNCCNCCCNCC1,c1cc(CN2CCCNCCNCCCNCC2)ccc1CN1CCCNCCNCCCNCC1,1340,0,0,0,1,1,1,1,0,1,0,0,1,0,0,1,1,1,0,0,1,1,0,0,0,0,1,1
CC1=CN=C(C(=C1OC)C)CS(=O)C2=NC3=C([N-]2)C=CC(=C3)OC.CC1=CN=C(C(=C1OC)C)CS(=O)C2=NC3=C([N-]2)C=CC(=C3)OC.[Mg+2],COc1ccc2[nH]c(S(=O)Cc3ncc(C)c(OC)c3C)nc2c1,O=S(Cc1ccccn1)c1nc2ccccc2[nH]1,1341,1,1,0,1,1,1,1,0,1,1,0,1,1,0,1,1,1,0,1,1,1,1,0,1,1,1,1
CCCCNC1=CC=C(C=C1)C(=O)OCCOCCOCCOCCOCCOCCOCCOCCOCCOC,CCCCNc1ccc(C(=O)OCCOCCOCCOCCOCCOCCOCCOCCOCCOC)cc1,c1ccccc1,1342,0,0,0,0,0,0,1,0,1,0,0,1,0,0,1,0,1,0,0,1,1,0,0,0,0,1,1
S=[Se]=S,S=[Se]=S,,1343,0,0,0,0,0,0,0,0,0,0,0,0,0,0,0,0,1,0,0,0,0,0,0,0,0,0,0
C[C@@H]1C[C@H]2[C@@H]3C[C@@H](C4=CC(=O)C=C[C@@]4([C@]3([C@H](C[C@@]2([C@]1(C(=O)SCF)OC(=O)C5=CC=CO5)C)O)F)C)F,C[C@@H]1C[C@H]2[C@@H]3C[C@H](F)C4=CC(=O)C=C[C@]4(C)[C@@]3(F)[C@@H](O)C[C@]2(C)[C@@]1(OC(=O)c1ccco1)C(=O)SCF,O=C1C=CC2C(=C1)CCC1C2CCC2C(OC(=O)c3ccco3)CCC21,1344,0,0,0,1,1,1,1,0,1,1,0,1,0,0,0,0,1,0,1,1,1,0,0,0,1,1,0
C1NC2=CC(=C(C=C2S(=O)(=O)N1)S(=O)(=O)N)Cl.C1(=C(N=C(C(=N1)Cl)N)N)C(=O)N=C(N)N.Cl,NC(N)=NC(=O)c1nc(Cl)c(N)nc1N.NS(=O)(=O)c1cc2c(cc1Cl)NCNS2(=O)=O,O=S1(=O)NCNc2ccccc21.c1cnccn1,1345,1,1,0,1,1,1,1,0,0,1,0,1,0,0,1,1,1,0,0,1,1,1,0,1,1,1,0
CCC1CCC[C@@H](C(C(=O)C2=C[C@H]3[C@@H]4C[C@@H](C[C@H]4C=C[C@H]3[C@@H]2CC(=O)O1)O[C@H]5[C@@H]([C@@H]([C@H]([C@@H](O5)C)OC)OC)OC)C)O[C@H]6CCC([C@H](O6)C)N(C)C.CCC1CCC[C@@H](C(C(=O)C2=C[C@H]3[C@@H]4C[C@@H](C[C@H]4C(=C[C@H]3[C@@H]2CC(=O)O1)C)O[C@H]5[C@@H]([C@@H]([C@H]([C@@H](O5)C)OC)OC)OC)C)O[C@H]6CCC([C@H](O6)C)N(C)C,CCC1CCC[C@H](O[C@H]2CCC(N(C)C)[C@@H](C)O2)C(C)C(=O)C2=C[C@@H]3[C@@H](C=C(C)[C@@H]4C[C@@H](O[C@@H]5O[C@@H](C)[C@H](OC)[C@@H](OC)[C@H]5OC)C[C@@H]34)[C@@H]2CC(=O)O1.CCC1CCC[C@H](O[C@H]2CCC(N(C)C)[C@@H](C)O2)C(C)C(=O)C2=C[C@@H]3[C@@H](C=C[C@@H]4C[C@@H](O[C@@H]5O[C@@H](C)[C@H](OC)[C@@H](OC)[C@H]5OC)C[C@@H]34)[C@@H]2CC(=O)O1,O=C1CC2C(=CC3C2C=CC2CC(OC4CCCCO4)CC23)C(=O)CC(OC2CCCCO2)CCCCO1.O=C1CC2C(=CC3C2C=CC2CC(OC4CCCCO4)CC23)C(=O)CC(OC2CCCCO2)CCCCO1,1346,0,0,0,0,0,0,0,0,0,0,0,1,0,0,0,0,1,0,0,0,0,0,0,0,0,0,0
CC[C@@H]1C=C(C[C@@H](C[C@@H]([C@@H]2[C@H](C[C@H]([C@@](O2)(C(=O)C(=O)N3CCCC[C@H]3C(=O)O[C@@H]([C@@H]([C@H](CC1=O)O)C)C(=C[C@@H]4CC[C@@H]([C@@H](C4)OC)Cl)C)O)C)OC)OC)C)C,CC[C@@H]1C=C(C)C[C@H](C)C[C@H](OC)[C@H]2O[C@@](O)(C(=O)C(=O)N3CCCC[C@H]3C(=O)O[C@H](C(C)=C[C@@H]3CC[C@H](Cl)[C@H](OC)C3)[C@H](C)[C@@H](O)CC1=O)[C@H](C)C[C@@H]2OC,O=C1CC=CCCCCC2CCCC(O2)C(=O)C(=O)N2CCCCC2C(=O)OC(C=CC2CCCCC2)CCC1,1347,0,1,0,1,1,1,1,0,1,1,1,1,0,0,1,0,1,0,1,1,0,0,0,1,0,1,1
CC(C)CC1C(=O)NC(C(=O)NC(C(=O)NC(CSSCC(C(=O)NC(C(=O)NC(C(=O)N1)CC(=O)N)CO)N)C(=O)NC(C(C)C)C(=O)NC(CC(C)C)C(=O)NCC(=O)NC(CCCCN)C(=O)NC(CC(C)C)C(=O)NC(CO)C(=O)NC(CCC(=O)N)C(=O)NC(CCC(=O)O)C(=O)NC(CC(C)C)C(=O)NC(CC2=CN=CN2)C(=O)NC(CCCCN)C(=O)NC(CC(C)C)C(=O)NC(CCC(=O)N)C(=O)NC(C(C)O)C(=O)NC(CC3=CC=C(C=C3)O)C(=O)N4CCCC4C(=O)NC(CCCNC(=N)N)C(=O)NC(C(C)O)C(=O)NC(CC(=O)N)C(=O)NC(C(C)O)C(=O)NCC(=O)NC(CO)C(=O)NCC(=O)NC(C(C)O)C(=O)N5CCCC5C(=O)N)C(C)O)CO,CC(C)CC(NC(=O)C(CCCCN)NC(=O)CNC(=O)C(CC(C)C)NC(=O)C(NC(=O)C1CSSCC(N)C(=O)NC(CO)C(=O)NC(CC(N)=O)C(=O)NC(CC(C)C)C(=O)NC(CO)C(=O)NC(C(C)O)C(=O)N1)C(C)C)C(=O)NC(CO)C(=O)NC(CCC(N)=O)C(=O)NC(CCC(=O)O)C(=O)NC(CC(C)C)C(=O)NC(Cc1cnc[nH]1)C(=O)NC(CCCCN)C(=O)NC(CC(C)C)C(=O)NC(CCC(N)=O)C(=O)NC(C(=O)NC(Cc1ccc(O)cc1)C(=O)N1CCCC1C(=O)NC(CCCNC(=N)N)C(=O)NC(C(=O)NC(CC(N)=O)C(=O)NC(C(=O)NCC(=O)NC(CO)C(=O)NCC(=O)NC(C(=O)N1CCCC1C(N)=O)C(C)O)C(C)O)C(C)O)C(C)O,O=C1CCSSCC(C(=O)NCC(=O)NCC(=O)NCC(=O)NCC(=O)NCC(=O)NCC(=O)NCC(=O)NCC(=O)NCC(=O)NC(Cc2cnc[nH]2)C(=O)NCC(=O)NCC(=O)NCC(=O)NCC(=O)NC(Cc2ccccc2)C(=O)N2CCCC2C(=O)NCC(=O)NCC(=O)NCC(=O)NCC(=O)NCC(=O)NCC(=O)NCC(=O)NCC(=O)N2CCCC2)NC(=O)CNC(=O)CNC(=O)CNC(=O)CNC(=O)CN1,1348,1,1,0,1,1,1,1,0,1,1,1,1,1,0,1,1,1,1,1,1,1,1,0,1,1,1,1
CC(C)[C@@H](C(=O)NCC(=O)N[C@H](CCCCN)C(=O)N[C@H](CCCCN)C(=O)N[C@H](CCCNC(=N)N)C(=O)N[C@H](CCCNC(=N)N)C(=O)N1CCC[C@H]1C(=O)N[C@@H](C(C)C)C(=O)N[C@@H](CCCCN)C(=O)N[C@@H](C(C)C)C(=O)N[C@@H](CC2=CC=C(C=C2)O)C(=O)N3CCC[C@H]3C(=O)O)NC(=O)[C@@H]4CCCN4C(=O)[C@H](CCCCN)NC(=O)CNC(=O)[C@H](CC5=CNC6=CC=CC=C65)NC(=O)[C@H](CCCNC(=N)N)NC(=O)[C@H](CC7=CC=CC=C7)NC(=O)[C@H](CC8=CNC=N8)NC(=O)[C@H](CCC(=O)O)NC(=O)[C@H](CCSC)NC(=O)[C@H](CO)NC(=O)[C@H](CC9=CC=C(C=C9)O)NC(=O)C(CO)N,CSCC[C@H](NC(=O)[C@H](CO)NC(=O)[C@H](Cc1ccc(O)cc1)NC(=O)C(N)CO)C(=O)N[C@@H](CCC(=O)O)C(=O)N[C@@H](Cc1c[nH]cn1)C(=O)N[C@@H](Cc1ccccc1)C(=O)N[C@@H](CCCNC(=N)N)C(=O)N[C@@H](Cc1c[nH]c2ccccc12)C(=O)NCC(=O)N[C@@H](CCCCN)C(=O)N1CCC[C@H]1C(=O)N[C@H](C(=O)NCC(=O)N[C@H](CCCCN)C(=O)N[C@H](CCCCN)C(=O)N[C@H](CCCNC(=N)N)C(=O)N[C@H](CCCNC(=N)N)C(=O)N1CCC[C@H]1C(=O)N[C@H](C(=O)N[C@@H](CCCCN)C(=O)N[C@H](C(=O)N[C@@H](Cc1ccc(O)cc1)C(=O)N1CCC[C@H]1C(=O)O)C(C)C)C(C)C)C(C)C,O=C(CCc1ccccc1)NCC(=O)NCC(=O)NCC(=O)NC(Cc1c[nH]cn1)C(=O)NC(Cc1ccccc1)C(=O)NCC(=O)NC(Cc1c[nH]c2ccccc12)C(=O)NCC(=O)NCC(=O)N1CCCC1C(=O)NCC(=O)NCC(=O)NCC(=O)NCC(=O)NCC(=O)NCC(=O)N1CCCC1C(=O)NCC(=O)NCC(=O)NCC(=O)NC(Cc1ccccc1)C(=O)N1CCCC1,1349,0,1,0,1,1,1,1,0,1,1,0,1,1,0,1,1,1,0,1,1,1,0,0,1,1,1,1
C[C@@H]1[C@@H]2[C@H](C(=O)N2C(=C1S[C@H]3C[C@H](NC3)CNS(=O)(=O)N)C(=O)O)[C@@H](C)O,C[C@@H](O)[C@H]1C(=O)N2C(C(=O)O)=C(S[C@@H]3CN[C@H](CNS(N)(=O)=O)C3)[C@H](C)[C@H]12,O=C1CC2CC(SC3CCNC3)=CN12,1350,1,0,0,0,1,0,1,0,1,0,0,1,0,0,1,1,1,0,1,1,0,0,0,0,0,1,1
CCCCCCCCCC(=O)N[C@@H](CC1=CNC2=CC=CC=C21)C(=O)N[C@@H](CC(=O)N)C(=O)N[C@@H](CC(=O)O)C(=O)NC3C(OC(=O)[C@@H](NC(=O)[C@@H](NC(=O)[C@H](NC(=O)CNC(=O)[C@@H](NC(=O)[C@H](NC(=O)[C@@H](NC(=O)[C@@H](NC(=O)CNC3=O)CCCN)CC(=O)O)C)CC(=O)O)CO)C(C)CC(=O)O)CC(=O)C4=CC=CC=C4N)C,CCCCCCCCCC(=O)N[C@@H](Cc1c[nH]c2ccccc12)C(=O)N[C@@H](CC(N)=O)C(=O)N[C@@H](CC(=O)O)C(=O)NC1C(=O)NCC(=O)N[C@@H](CCCN)C(=O)N[C@@H](CC(=O)O)C(=O)N[C@H](C)C(=O)N[C@@H](CC(=O)O)C(=O)NCC(=O)N[C@H](CO)C(=O)N[C@@H](C(C)CC(=O)O)C(=O)N[C@@H](CC(=O)c2ccccc2N)C(=O)OC1C,O=C(CCc1c[nH]c2ccccc12)NCC(=O)NCC(=O)NC1COC(=O)C(CC(=O)c2ccccc2)NC(=O)CNC(=O)CNC(=O)CNC(=O)CNC(=O)CNC(=O)CNC(=O)CNC(=O)CNC1=O,1351,1,1,0,1,1,1,1,0,1,1,0,1,0,0,1,1,1,0,1,1,1,1,0,1,1,1,1
C[C@H]1[C@@H]([C@@](C[C@@H](O1)O[C@H]2[C@H]3C(=O)N[C@H](C4=CC(=CC(=C4C5=C(C=CC(=C5)[C@H](C(=O)N3)NC(=O)[C@H]6C7=CC(=C(C(=C7)OC8=C(C=C(C=C8)[C@H]([C@H](C(=O)N[C@H](C(=O)N6)CC(=O)N)NC(=O)[C@@H](CC(C)C)NC)O)Cl)O[C@H]9[C@@H]([C@H]([C@@H]([C@H](O9)CO)O)O)O[C@H]1C[C@]([C@H]([C@@H](O1)C)O)(C)NCC1=CC=C(C=C1)C1=CC=C(C=C1)Cl)OC1=C(C=C2C=C1)Cl)O)O)O)C(=O)O)(C)N)O,CN[C@H](CC(C)C)C(=O)N[C@H]1C(=O)N[C@@H](CC(N)=O)C(=O)N[C@H]2C(=O)N[C@H]3C(=O)N[C@H](C(=O)N[C@@H](C(=O)O)c4cc(O)cc(O)c4-c4cc3ccc4O)[C@H](O[C@H]3C[C@](C)(N)[C@@H](O)[C@H](C)O3)c3ccc(c(Cl)c3)Oc3cc2cc(c3O[C@@H]2O[C@H](CO)[C@@H](O)[C@H](O)[C@H]2O[C@H]2C[C@](C)(NCc3ccc(-c4ccc(Cl)cc4)cc3)[C@@H](O)[C@H](C)O2)Oc2ccc(cc2Cl)[C@H]1O,O=C1CCc2ccc(cc2)Oc2cc3cc(c2OC2OCCCC2OC2CC(NCc4ccc(-c5ccccc5)cc4)CCO2)Oc2ccc(cc2)C(OC2CCCCO2)C2NC(=O)C(NC(=O)C3NC(=O)CN1)c1cccc(c1)-c1ccccc1CNC2=O,1352,0,1,0,0,1,1,1,0,1,0,0,1,0,0,0,1,1,0,1,1,0,0,0,0,1,1,1
C1CN2C(=CC=C2C(=O)C3=CC=CC=C3)C1C(=O)O.C(C(CO)(CO)N)O,O=C(c1ccccc1)c1ccc2n1CCC2C(=O)O,O=C(c1ccccc1)c1ccc2n1CCC2,1254,1,1,0,1,1,1,1,1,1,1,0,1,0,1,1,1,1,0,1,1,1,1,0,1,1,1,1
CC1=C(C(=CC=C1)C)NC(=O)CN2CCN(CC2)CC(COC3=CC=CC=C3OC)O,COc1ccccc1OCC(O)CN1CCN(CC(=O)Nc2c(C)cccc2C)CC1,O=C(CN1CCN(CCCOc2ccccc2)CC1)Nc1ccccc1,1353,0,1,0,1,1,1,1,0,0,1,0,1,0,0,1,1,1,0,0,1,1,1,0,1,1,1,1
CC(C)CC(C(=O)NC(C(C)C)C(=O)O)NC(=O)CNC(=O)C(CCC(=O)N)NC(=O)C(CC(C)C)NC(=O)C(CC(C)C)NC(=O)C(CCCNC(=N)N)NC(=O)C(CCC(=O)N)NC(=O)C(CC(C)C)NC(=O)C(CCCNC(=N)N)NC(=O)C(C)NC(=O)C(CO)NC(=O)C(CC(=O)O)NC(=O)C(CCCNC(=N)N)NC(=O)C(CC(C)C)NC(=O)C(CCCNC(=N)N)NC(=O)C(CO)NC(=O)C(CC(C)C)NC(=O)C(CCC(=O)O)NC(=O)C(CO)NC(=O)C(C(C)O)NC(=O)C(CC1=CC=CC=C1)NC(=O)C(C(C)O)NC(=O)CNC(=O)C(CC(=O)O)NC(=O)C(CO)NC(=O)C(CC2=NC=CN2)N,CC(C)CC(NC(=O)CNC(=O)C(CCC(N)=O)NC(=O)C(CC(C)C)NC(=O)C(CC(C)C)NC(=O)C(CCCNC(=N)N)NC(=O)C(CCC(N)=O)NC(=O)C(CC(C)C)NC(=O)C(CCCNC(=N)N)NC(=O)C(C)NC(=O)C(CO)NC(=O)C(CC(=O)O)NC(=O)C(CCCNC(=N)N)NC(=O)C(CC(C)C)NC(=O)C(CCCNC(=N)N)NC(=O)C(CO)NC(=O)C(CC(C)C)NC(=O)C(CCC(=O)O)NC(=O)C(CO)NC(=O)C(NC(=O)C(Cc1ccccc1)NC(=O)C(NC(=O)CNC(=O)C(CC(=O)O)NC(=O)C(CO)NC(=O)C(N)Cc1ncc[nH]1)C(C)O)C(C)O)C(=O)NC(C(=O)O)C(C)C,O=C(CCc1ncc[nH]1)NCC(=O)NCC(=O)NCC(=O)NCC(=O)NCCc1ccccc1,1354,0,0,0,0,1,0,1,0,0,0,0,1,0,0,1,0,1,0,0,1,1,0,0,0,1,1,1
CCCCCCCCCCC(=O)O[C@H]1CC[C@@H]2[C@@]1(CC[C@H]3[C@H]2CCC4=CC(=O)CC[C@]34C)C,CCCCCCCCCCC(=O)O[C@H]1CC[C@H]2[C@@H]3CCC4=CC(=O)CC[C@]4(C)[C@H]3CC[C@]12C,O=C1C=C2CCC3C4CCCC4CCC3C2CC1,1355,1,1,0,0,1,1,1,0,1,1,1,1,1,0,1,1,1,0,1,1,1,1,0,0,1,1,1
CC[C@H](C)[C@H]1C(=O)N[C@H]2CSSC[C@@H](C(=O)N[C@@H](CSSC[C@@H](C(=O)NCC(=O)N[C@H](C(=O)N[C@H](C(=O)N[C@H](C(=O)N[C@H](C(=O)N[C@H](C(=O)N[C@H](C(=O)N[C@H](C(=O)N[C@H](C(=O)N[C@H](C(=O)N[C@H](C(=O)N[C@@H](CSSC[C@H](NC(=O)[C@@H](NC(=O)[C@@H](NC(=O)[C@@H](NC(=O)[C@@H](NC(=O)[C@@H](NC(=O)[C@@H](NC(=O)[C@@H](NC(=O)[C@@H](NC2=O)CO)CC(C)C)CC3=CC=C(C=C3)O)CCC(=O)N)CC(C)C)CCC(=O)O)CC(=O)N)CC4=CC=C(C=C4)O)C(=O)N[C@@H](CC(=O)N)C(=O)O)C(=O)NCC(=O)N[C@@H](CCC(=O)O)C(=O)N[C@@H](CCCNC(=N)N)C(=O)NCC(=O)N[C@@H](CC5=CC=CC=C5)C(=O)N[C@@H](CC6=CC=CC=C6)C(=O)N[C@@H](CC7=CC=C(C=C7)O)C(=O)N[C@@H]([C@@H](C)O)C(=O)N8CCC[C@H]8C(=O)N[C@@H](CCCCN)C(=O)N[C@@H]([C@@H](C)O)C(=O)O)C(C)C)CC(C)C)CC9=CC=C(C=C9)O)CC(C)C)C)CCC(=O)O)C(C)C)CC(C)C)CC2=CN=CN2)CO)NC(=O)[C@H](CC(C)C)NC(=O)[C@H](CC2=CN=CN2)NC(=O)[C@H](CCC(=O)N)NC(=O)[C@H](CC(=O)N)NC(=O)[C@H](C(C)C)NC(=O)[C@H](CC2=CC=CC=C2)N)C(=O)N[C@H](C(=O)N[C@H](C(=O)N1)CO)[C@@H](C)O)NC(=O)[C@H](CCC(=O)N)NC(=O)[C@H](CCC(=O)O)NC(=O)[C@H](C(C)C)NC(=O)[C@H]([C@@H](C)CC)NC(=O)CN,CC[C@H](C)[C@H](NC(=O)CN)C(=O)N[C@H](C(=O)N[C@@H](CCC(=O)O)C(=O)N[C@@H](CCC(N)=O)C(=O)N[C@H]1CSSC[C@@H]2NC(=O)[C@H]([C@@H](C)CC)NC(=O)[C@H](CO)NC(=O)[C@H]([C@@H](C)O)NC(=O)[C@H](CSSC[C@H](NC(=O)[C@H](CC(C)C)NC(=O)[C@H](Cc3cnc[nH]3)NC(=O)[C@H](CCC(N)=O)NC(=O)[C@H](CC(N)=O)NC(=O)[C@@H](NC(=O)[C@@H](N)Cc3ccccc3)C(C)C)C(=O)NCC(=O)N[C@@H](CO)C(=O)N[C@@H](Cc3cnc[nH]3)C(=O)N[C@@H](CC(C)C)C(=O)N[C@@H](C(C)C)C(=O)N[C@@H](CCC(=O)O)C(=O)N[C@@H](C)C(=O)N[C@@H](CC(C)C)C(=O)N[C@@H](Cc3ccc(O)cc3)C(=O)N[C@@H](CC(C)C)C(=O)N[C@@H](C(C)C)C(=O)N[C@H](C(=O)NCC(=O)N[C@@H](CCC(=O)O)C(=O)N[C@@H](CCCNC(=N)N)C(=O)NCC(=O)N[C@@H](Cc3ccccc3)C(=O)N[C@@H](Cc3ccccc3)C(=O)N[C@@H](Cc3ccc(O)cc3)C(=O)N[C@H](C(=O)N3CCC[C@H]3C(=O)N[C@@H](CCCCN)C(=O)N[C@H](C(=O)O)[C@@H](C)O)[C@@H](C)O)CSSC[C@@H](C(=O)N[C@@H](CC(N)=O)C(=O)O)NC(=O)[C@H](Cc3ccc(O)cc3)NC(=O)[C@H](CC(N)=O)NC(=O)[C@H](CCC(=O)O)NC(=O)[C@H](CC(C)C)NC(=O)[C@H](CCC(N)=O)NC(=O)[C@H](Cc3ccc(O)cc3)NC(=O)[C@H](CC(C)C)NC(=O)[C@H](CO)NC2=O)NC1=O)C(C)C,O=C(CCc1ccccc1)NCC(=O)NCC(=O)NCC(=O)NC(Cc1cnc[nH]1)C(=O)NCC(=O)NC1CSSCC2NC(=O)CCSSCC(NC(=O)CNC(=O)CNC(=O)CNC2=O)C(=O)NCC(=O)NCC(=O)NC(Cc2ccccc2)C(=O)NCC(=O)NCC(=O)NCC(=O)NCC(=O)NC(Cc2ccccc2)C(=O)NCCSSCC(C(=O)NCC(=O)NCC(=O)NCC(=O)NCC(=O)NC(Cc2ccccc2)C(=O)NC(Cc2ccccc2)C(=O)NC(Cc2ccccc2)C(=O)NCC(=O)N2CCCC2)NC(=O)CNC(=O)CNC(=O)C(Cc2ccccc2)NC(=O)CNC(=O)CNC(=O)CNC(=O)CNC(=O)CNC(=O)C(Cc2cnc[nH]2)NC(=O)CNC(=O)CNC1=O,1356,0,1,0,1,1,1,1,1,1,0,1,1,0,0,1,0,1,0,1,1,1,1,0,1,1,1,1
CC1=CN(C(=O)NC1=O)[C@H]2C[C@@H]([C@H](O2)COP(=O)([O-])S[C@H]3C[C@@H](O[C@@H]3COP(=O)([O-])S[C@H]4C[C@@H](O[C@@H]4COP(=O)([O-])S[C@H]5C[C@@H](O[C@@H]5COP(=O)([O-])S[C@H]6C[C@@H](O[C@@H]6COP(=O)([O-])S[C@H]7C[C@@H](O[C@@H]7COP(=O)([O-])S[C@H]8C[C@@H](O[C@@H]8COP(=O)([O-])S[C@H]9C[C@@H](O[C@@H]9COP(=O)([O-])S[C@@H]1[C@H](O[C@H]([C@@H]1OCCOC)N1C=C(C(=NC1=O)N)C)COP(=O)([O-])S[C@@H]1[C@H](O[C@H]([C@@H]1OCCOC)N1C=C(C(=O)NC1=O)C)COP(=O)([O-])S[C@@H]1[C@H](O[C@H]([C@@H]1OCCOC)N1C=C(C(=NC1=O)N)C)COP(=O)([O-])S[C@@H]1[C@H](O[C@H]([C@@H]1OCCOC)N1C=C(C(=NC1=O)N)C)COP(=O)([O-])S[C@@H]1[C@H](O[C@H]([C@@H]1OCCOC)N1C=NC2=C1N=C(NC2=O)N)CO)N1C=NC2=C1N=CN=C2N)N1C=NC2=C1N=C(NC2=O)N)N1C=C(C(=O)NC1=O)C)N1C=C(C(=NC1=O)N)C)N1C=C(C(=O)NC1=O)C)N1C=NC2=C1N=C(NC2=O)N)N1C=C(C(=NC1=O)N)C)SP(=O)([O-])OC[C@@H]1[C@H](C[C@@H](O1)N1C=C(C(=O)NC1=O)C)SP(=O)([O-])OC[C@@H]1[C@H](C[C@@H](O1)N1C=C(C(=NC1=O)N)C)SP(=O)([O-])OC[C@@H]1[C@H]([C@H]([C@@H](O1)N1C=NC2=C1N=C(NC2=O)N)OCCOC)SP(=O)([O-])OC[C@H]1[C@@H]([C@@H]([C@H](O1)N1C=C(C(=NC1=O)N)C)OCCOC)SP(=O)([O-])OC[C@H]1[C@@H]([C@@H]([C@H](O1)N1C=NC2=C1N=CN=C2N)OCCOC)SP(=O)([O-])OC[C@H]1[C@@H]([C@@H]([C@H](O1)N1C=C(C(=NC1=O)N)C)OCCOC)SP(=O)([O-])OC[C@H]1[C@@H]([C@@H]([C@H](O1)N1C=C(C(=NC1=O)N)C)OCCOC)O.[Na+].[Na+].[Na+].[Na+].[Na+].[Na+].[Na+].[Na+].[Na+].[Na+].[Na+].[Na+].[Na+].[Na+].[Na+].[Na+].[Na+].[Na+].[Na+],COCCO[C@@H]1[C@H](SP(=O)(O)OC[C@H]2O[C@@H](n3cc(C)c(=O)[nH]c3=O)[C@H](OCCOC)[C@@H]2SP(=O)(O)OC[C@H]2O[C@@H](n3cc(C)c(N)nc3=O)[C@H](OCCOC)[C@@H]2SP(=O)(O)OC[C@H]2O[C@@H](n3cnc4c(N)ncnc43)C[C@@H]2SP(=O)(O)OC[C@H]2O[C@@H](n3cnc4c(=O)[nH]c(N)nc43)C[C@@H]2SP(=O)(O)OC[C@H]2O[C@@H](n3cc(C)c(=O)[nH]c3=O)C[C@@H]2SP(=O)(O)OC[C@H]2O[C@@H](n3cc(C)c(N)nc3=O)C[C@@H]2SP(=O)(O)OC[C@H]2O[C@@H](n3cc(C)c(=O)[nH]c3=O)C[C@@H]2SP(=O)(O)OC[C@H]2O[C@@H](n3cnc4c(=O)[nH]c(N)nc43)C[C@@H]2SP(=O)(O)OC[C@H]2O[C@@H](n3cc(C)c(N)nc3=O)C[C@@H]2SP(=O)(O)OC[C@H]2O[C@@H](n3cc(C)c(=O)[nH]c3=O)C[C@@H]2SP(=O)(O)OC[C@H]2O[C@@H](n3cc(C)c(=O)[nH]c3=O)C[C@@H]2SP(=O)(O)OC[C@H]2O[C@@H](n3cc(C)c(N)nc3=O)C[C@@H]2SP(=O)(O)OC[C@H]2O[C@@H](n3cnc4c(=O)[nH]c(N)nc43)[C@H](OCCOC)[C@@H]2SP(=O)(O)OC[C@@H]2O[C@H](n3cc(C)c(N)nc3=O)[C@@H](OCCOC)[C@H]2SP(=O)(O)OC[C@@H]2O[C@H](n3cnc4c(N)ncnc43)[C@@H](OCCOC)[C@H]2SP(=O)(O)OC[C@@H]2O[C@H](n3cc(C)c(N)nc3=O)[C@@H](OCCOC)[C@H]2SP(=O)(O)OC[C@@H]2O[C@H](n3cc(C)c(N)nc3=O)[C@@H](OCCOC)[C@H]2O)[C@@H](COP(=O)(O)S[C@H]2[C@@H](OCCOC)[C@H](n3cc(C)c(N)nc3=O)O[C@@H]2COP(=O)(O)S[C@H]2[C@@H](OCCOC)[C@H](n3cnc4c(=O)[nH]c(N)nc43)O[C@@H]2CO)O[C@H]1n1cc(C)c(N)nc1=O,O=c1ccn(C2CC(S[PH](=O)OCC3OC(n4cccnc4=O)CC3S[PH](=O)OCC3OC(n4cnc5cncnc54)CC3S[PH](=O)OCC3OC(n4cnc5c(=O)[nH]cnc54)CC3S[PH](=O)OCC3OC(n4ccc(=O)[nH]c4=O)CC3S[PH](=O)OCC3OC(n4cccnc4=O)CC3S[PH](=O)OCC3OC(n4ccc(=O)[nH]c4=O)CC3S[PH](=O)OCC3OC(n4cnc5c(=O)[nH]cnc54)CC3S[PH](=O)OCC3OC(n4cccnc4=O)CC3S[PH](=O)OCC3OC(n4ccc(=O)[nH]c4=O)CC3S[PH](=O)OCC3OC(n4ccc(=O)[nH]c4=O)CC3S[PH](=O)OCC3OC(n4cccnc4=O)CC3S[PH](=O)OCC3OC(n4cnc5c(=O)[nH]cnc54)CC3S[PH](=O)OCC3OC(n4cccnc4=O)CC3S[PH](=O)OCC3OC(n4cnc5cncnc54)CC3S[PH](=O)OCC3OC(n4cccnc4=O)CC3S[PH](=O)OCC3CCC(n4cccnc4=O)O3)C(CO[PH](=O)SC3CC(n4cccnc4=O)OC3CO[PH](=O)SC3CC(n4cccnc4=O)OC3CO[PH](=O)SC3COC(n4cnc5c(=O)[nH]cnc54)C3)O2)c(=O)[nH]1,1357,1,0,0,0,1,1,1,0,1,0,1,1,0,0,1,0,1,0,0,0,1,1,0,0,1,1,0
CCC(C)C(C(=O)NC(CCC(=O)N)C(=O)NC(CC(C)C)C(=O)NC(CCSC)C(=O)NC(CC1=CNC=N1)C(=O)NC(CC(=O)N)C(=O)NC(CC(C)C)C(=O)NCC(=O)NC(CCCCN)C(=O)NC(CC2=CNC=N2)C(=O)NC(CC(C)C)C(=O)NC(CC(=O)N)C(=O)NC(CO)C(=O)NC(CCSC)C(=O)NC(CCC(=O)O)C(=O)NC(CCCNC(=N)N)C(=O)NC(C(C)C)C(=O)NC(CCC(=O)O)C(=O)NC(CC3=CNC4=CC=CC=C43)C(=O)NC(CC(C)C)C(=O)NC(CCCNC(=N)N)C(=O)NC(CCCCN)C(=O)NC(CCCCN)C(=O)NC(CC(C)C)C(=O)NC(CCC(=O)N)C(=O)NC(CC(=O)O)C(=O)NC(C(C)C)C(=O)NC(CC5=CNC=N5)C(=O)NC(CC(=O)N)C(=O)NC(CC6=CC=CC=C6)C(=O)O)NC(=O)C(CCC(=O)O)NC(=O)C(CO)NC(=O)C(C(C)C)NC(=O)C(CO)N,CCC(C)C(NC(=O)C(CCC(=O)O)NC(=O)C(CO)NC(=O)C(NC(=O)C(N)CO)C(C)C)C(=O)NC(CCC(N)=O)C(=O)NC(CC(C)C)C(=O)NC(CCSC)C(=O)NC(Cc1c[nH]cn1)C(=O)NC(CC(N)=O)C(=O)NC(CC(C)C)C(=O)NCC(=O)NC(CCCCN)C(=O)NC(Cc1c[nH]cn1)C(=O)NC(CC(C)C)C(=O)NC(CC(N)=O)C(=O)NC(CO)C(=O)NC(CCSC)C(=O)NC(CCC(=O)O)C(=O)NC(CCCNC(=N)N)C(=O)NC(C(=O)NC(CCC(=O)O)C(=O)NC(Cc1c[nH]c2ccccc12)C(=O)NC(CC(C)C)C(=O)NC(CCCNC(=N)N)C(=O)NC(CCCCN)C(=O)NC(CCCCN)C(=O)NC(CC(C)C)C(=O)NC(CCC(N)=O)C(=O)NC(CC(=O)O)C(=O)NC(C(=O)NC(Cc1c[nH]cn1)C(=O)NC(CC(N)=O)C(=O)NC(Cc1ccccc1)C(=O)O)C(C)C)C(C)C,O=C(CCc1c[nH]cn1)NCC(=O)NCC(=O)NCC(=O)NCC(=O)NC(Cc1c[nH]cn1)C(=O)NCC(=O)NCC(=O)NCC(=O)NCC(=O)NCC(=O)NCC(=O)NCC(=O)NCC(=O)NC(Cc1c[nH]c2ccccc12)C(=O)NCC(=O)NCC(=O)NCC(=O)NCC(=O)NCC(=O)NCC(=O)NCC(=O)NCC(=O)NC(Cc1c[nH]cn1)C(=O)NCC(=O)NCCc1ccccc1,1358,0,1,0,0,1,1,1,0,1,0,1,1,0,0,1,1,1,0,1,1,1,1,0,1,1,1,1
CC1C(=O)NC(C(=O)NC2CSSCC3C(=O)NC(C(=O)NC(C(=O)NCC(=O)NC(C(=O)NC(CSSCC(C(=O)NC(CSSCC(C(=O)NC(C(=O)NCC(=O)NC(C(=O)NCC(=O)N1)CCCCN)CCCCN)N)C(=O)NC(C(=O)NCC(=O)NC(C(=O)N3)CO)C(C)O)NC(=O)C(NC(=O)C(NC(=O)C(NC(=O)C(NC(=O)C(NC(=O)C(NC2=O)CO)CCCNC(=N)N)CC(C)C)CCSC)CC4=CC=C(C=C4)O)CC(=O)O)C(=O)N)CCCCN)CO)CCCNC(=N)N)CCCCN,CSCCC1NC(=O)C(CC(C)C)NC(=O)C(CCCNC(=N)N)NC(=O)C(CO)NC(=O)C2CSSCC3NC(=O)C(CO)NC(=O)CNC(=O)C(C(C)O)NC(=O)C(CSSCC(N)C(=O)NC(CCCCN)C(=O)NCC(=O)NC(CCCCN)C(=O)NCC(=O)NC(C)C(=O)NC(CCCCN)C(=O)N2)NC(=O)C(CSSCC(C(N)=O)NC(=O)C(CCCCN)NC(=O)CNC(=O)C(CO)NC(=O)C(CCCNC(=N)N)NC3=O)NC(=O)C(CC(=O)O)NC(=O)C(Cc2ccc(O)cc2)NC1=O,O=C1CCSSCC2NC(=O)C3CSSCCNC(=O)CNC(=O)CNC(=O)CNC(=O)CNC(=O)C(CSSCC(NC(=O)CNC(=O)CNC(=O)CNC(=O)CNC(=O)CNC(=O)CN1)C(=O)NCC(=O)NCC(=O)NCC(=O)NCC(=O)NC(Cc1ccccc1)C(=O)NCC(=O)N3)NC(=O)CNC(=O)CNC(=O)CNC2=O,1359,0,1,0,1,1,1,1,1,1,0,0,1,0,0,1,0,1,0,1,1,1,1,0,1,1,1,1
CCC(=O)NC[C@@H]1C[C@@H]1C2=C3CCOC3=CC=C2,CCC(=O)NC[C@@H]1C[C@@H]1c1cccc2c1CCO2,c1cc2c(c(C3CC3)c1)CCO2,1360,0,0,0,0,1,0,0,0,0,0,0,0,0,0,0,0,0,0,1,0,1,0,0,0,0,1,0
CCCCCCCCCC(=O)N[C@@H]1[C@H]([C@@H]([C@H](O[C@H]1OC2=C3C=C4C=C2OC5=C(C=C(C=C5)[C@H]([C@H]6C(=O)N[C@H](C7=CC(=CC(=C7C8=C(C=CC(=C8)[C@H](C(=O)N6)NC(=O)[C@@H]4NC(=O)[C@@H]9C1=CC(=CC(=C1)O)OC1=C(C=CC(=C1)[C@@H](C(=O)N[C@H](CC1=CC(=C(O3)C=C1)Cl)C(=O)N9)N)O)O)O[C@@H]1[C@H]([C@H]([C@@H]([C@H](O1)CO)O)O)O)O)C(=O)O)O[C@H]1[C@@H]([C@H]([C@@H]([C@H](O1)CO)O)O)NC(=O)C)Cl)CO)O)O,CCCCCCCCCC(=O)N[C@H]1[C@H](Oc2c3cc4cc2Oc2ccc(cc2Cl)[C@@H](O[C@@H]2O[C@H](CO)[C@@H](O)[C@H](O)[C@H]2NC(C)=O)[C@@H]2NC(=O)[C@H](NC(=O)[C@@H]4NC(=O)[C@H]4NC(=O)[C@@H](Cc5ccc(c(Cl)c5)O3)NC(=O)[C@@H](N)c3ccc(O)c(c3)Oc3cc(O)cc4c3)c3ccc(O)c(c3)-c3c(O[C@H]4O[C@H](CO)[C@@H](O)[C@H](O)[C@@H]4O)cc(O)cc3[C@H](C(=O)O)NC2=O)O[C@H](CO)[C@@H](O)[C@@H]1O,O=C1Cc2cccc(c2)Oc2cccc(c2)C2NC(=O)C(Cc3ccc(cc3)Oc3cc4cc(c3OC3CCCCO3)Oc3ccc(cc3)C(OC3CCCCO3)C3NC(=O)C(NC(=O)C4NC2=O)c2cccc(c2)-c2c(cccc2OC2CCCCO2)CNC3=O)N1,1361,0,0,0,0,1,0,1,0,1,0,0,1,0,0,1,1,1,0,1,1,0,1,0,1,0,1,1
CC[C@H](C)[C@H]1C(=O)N[C@H](C(=O)NCC(=O)N[C@H](C(=O)N[C@H](C(=O)NCC(=O)N[C@H](C(=O)N[C@H](C(=O)N[C@H](C(=O)N[C@H](C(=O)N[C@@H](CSSC[C@H]2C(=O)NCC(=O)N[C@H](C(=O)NCC(=O)N[C@H](C(=O)N[C@H](C(=O)N[C@@H](CSSC[C@@H](C(=O)N[C@H](C(=O)NCC(=O)N[C@H](C(=O)N[C@H](C(=O)N[C@H](C(=O)N2)C(C)C)CC(=O)N)CO)CCC(=O)O)NC(=O)[C@H](CC(C)C)NC(=O)[C@@H]3CSSC[C@@H](C(=O)N[C@H](C(=O)N[C@H](C(=O)N[C@H](C(=O)NCC(=O)N[C@H](C(=O)N[C@H](C(=O)N[C@H](C(=O)N3)CC(C)C)CC(=O)N)CCC(=O)N)CO)CCC(=O)O)[C@@H](C)O)NC(=O)[C@H](CC(=O)O)NC(=O)[C@H]([C@@H](C)O)NC(=O)[C@H](CC4=CC=C(C=C4)O)NC(=O)[C@H](C(C)C)NC(=O)[C@H](C(C)C)N)C(=O)N1)CCCCN)CC(=O)N)CCC(=O)N)C(=O)N[C@@H](C(C)C)C(=O)N[C@@H]([C@@H](C)O)C(=O)NCC(=O)N[C@@H](CCC(=O)O)C(=O)NCC(=O)N[C@@H]([C@@H](C)O)C(=O)N5CCC[C@H]5C(=O)N[C@@H](CCCCN)C(=O)N6CCC[C@H]6C(=O)N[C@@H](CCC(=O)N)C(=O)N[C@@H](CO)C(=O)N[C@@H](CC7=CN=CN7)C(=O)N[C@@H](CC(=O)N)C(=O)N[C@@H](CC(=O)O)C(=O)NCC(=O)N[C@@H](CC(=O)O)C(=O)N[C@@H](CC8=CC=CC=C8)C(=O)N[C@@H](CCC(=O)O)C(=O)N[C@@H](CCC(=O)O)C(=O)N[C@@H]([C@@H](C)CC)C(=O)N9CCC[C@H]9C(=O)N[C@@H](CCC(=O)O)C(=O)N[C@@H](CCC(=O)O)C(=O)N[C@@H](CC1=CC=C(C=C1)O)C(=O)N[C@@H](CC(C)C)C(=O)N[C@@H](CCC(=O)N)C(=O)O)CCC(=O)N)CC(=O)N)CCCCN)CCC(=O)O)CC(=O)O)CO)CC(C)C,CC[C@H](C)[C@@H]1NC(=O)[C@@H]2CSSC[C@H](NC(=O)[C@H](CC(C)C)NC(=O)[C@@H]3CSSC[C@H](NC(=O)[C@H](CC(=O)O)NC(=O)[C@@H](NC(=O)[C@H](Cc4ccc(O)cc4)NC(=O)[C@@H](NC(=O)[C@@H](N)C(C)C)C(C)C)[C@@H](C)O)C(=O)N[C@@H]([C@@H](C)O)C(=O)N[C@@H](CCC(=O)O)C(=O)N[C@@H](CO)C(=O)NCC(=O)N[C@@H](CCC(N)=O)C(=O)N[C@@H](CC(N)=O)C(=O)N[C@@H](CC(C)C)C(=O)N3)C(=O)N[C@@H](CCC(=O)O)C(=O)NCC(=O)N[C@@H](CO)C(=O)N[C@@H](CC(N)=O)C(=O)N[C@@H](C(C)C)C(=O)N[C@@H](CSSC[C@@H](C(=O)N[C@H](C(=O)N[C@H](C(=O)NCC(=O)N[C@@H](CCC(=O)O)C(=O)NCC(=O)N[C@H](C(=O)N3CCC[C@H]3C(=O)N[C@@H](CCCCN)C(=O)N3CCC[C@H]3C(=O)N[C@@H](CCC(N)=O)C(=O)N[C@@H](CO)C(=O)N[C@@H](Cc3cnc[nH]3)C(=O)N[C@@H](CC(N)=O)C(=O)N[C@@H](CC(=O)O)C(=O)NCC(=O)N[C@@H](CC(=O)O)C(=O)N[C@@H](Cc3ccccc3)C(=O)N[C@@H](CCC(=O)O)C(=O)N[C@@H](CCC(=O)O)C(=O)N[C@H](C(=O)N3CCC[C@H]3C(=O)N[C@@H](CCC(=O)O)C(=O)N[C@@H](CCC(=O)O)C(=O)N[C@@H](Cc3ccc(O)cc3)C(=O)N[C@@H](CC(C)C)C(=O)N[C@@H](CCC(N)=O)C(=O)O)[C@@H](C)CC)[C@@H](C)O)[C@@H](C)O)C(C)C)NC(=O)[C@H](CCC(N)=O)NC(=O)[C@H](CC(N)=O)NC(=O)[C@H](CCCCN)NC(=O)[C@H](CCC(=O)O)NC(=O)CNC(=O)[C@H](CC(=O)O)NC(=O)[C@H](CO)NC(=O)CNC(=O)[C@H](CC(C)C)NC1=O)C(=O)NCC(=O)N[C@@H](CCC(N)=O)C(=O)NCC(=O)N[C@@H](CC(N)=O)C(=O)N[C@@H](CCCCN)C(=O)N2,O=C(CCc1ccccc1)NCC(=O)NCC(=O)NC1CSSCC(C(=O)NCC(=O)NC2CSSCC3NC(=O)CNC(=O)CNC(=O)CNC(=O)CNC(=O)CNC(=O)C(CSSCC(C(=O)NCC(=O)NCC(=O)NCC(=O)NCC(=O)NCC(=O)NCC(=O)N4CCCC4C(=O)NCC(=O)N4CCCC4C(=O)NCC(=O)NCC(=O)NC(Cc4cnc[nH]4)C(=O)NCC(=O)NCC(=O)NCC(=O)NCC(=O)NC(Cc4ccccc4)C(=O)NCC(=O)NCC(=O)NCC(=O)N4CCCC4C(=O)NCC(=O)NCC(=O)NCCc4ccccc4)NC(=O)CNC(=O)CNC(=O)CNC(=O)CNC(=O)CNC(=O)CNC(=O)CNC(=O)CNC(=O)CNC(=O)CNC3=O)NC(=O)CNC(=O)CNC(=O)CNC(=O)CNC(=O)CNC2=O)NC(=O)CNC(=O)CNC(=O)CNC(=O)CNC(=O)CNC(=O)CNC(=O)CNC1=O,1362,0,1,0,0,1,1,1,0,1,0,1,1,0,0,1,1,1,0,1,1,1,1,0,0,0,1,1
CC[C@H](C)[C@@H](C(=O)N1CCC[C@H]1C(=O)N[C@@H](CCC(=O)O)C(=O)N[C@@H](CCC(=O)O)C(=O)N[C@@H](CC2=CC=C(C=C2)O)C(=O)N[C@@H](CC(C)C)C(=O)O)NC(=O)[C@H](CCC(=O)O)NC(=O)[C@H](CCC(=O)O)NC(=O)[C@H](CC3=CC=CC=C3)NC(=O)[C@H](CC(=O)O)NC(=O)CNC(=O)[C@H](CC(=O)N)NC(=O)CNC(=O)CNC(=O)CNC(=O)CNC(=O)[C@@H]4CCCN4C(=O)[C@H](CCCNC(=N)N)NC(=O)[C@@H]5CCCN5C(=O)[C@@H](CC6=CC=CC=C6)N,CC[C@H](C)[C@H](NC(=O)[C@H](CCC(=O)O)NC(=O)[C@H](CCC(=O)O)NC(=O)[C@H](Cc1ccccc1)NC(=O)[C@H](CC(=O)O)NC(=O)CNC(=O)[C@H](CC(N)=O)NC(=O)CNC(=O)CNC(=O)CNC(=O)CNC(=O)[C@@H]1CCCN1C(=O)[C@H](CCCNC(=N)N)NC(=O)[C@@H]1CCCN1C(=O)[C@H](N)Cc1ccccc1)C(=O)N1CCC[C@H]1C(=O)N[C@@H](CCC(=O)O)C(=O)N[C@@H](CCC(=O)O)C(=O)N[C@@H](Cc1ccc(O)cc1)C(=O)N[C@@H](CC(C)C)C(=O)O,O=C(CNC(=O)CNC(=O)C1CCCN1C(=O)CNC(=O)CNC(=O)CNC(=O)C(Cc1ccccc1)NC(=O)CNC(=O)CNC(=O)CNC(=O)CNC(=O)CNC(=O)CNC(=O)CNC(=O)C1CCCN1C(=O)CNC(=O)C1CCCN1C(=O)CCc1ccccc1)NCCc1ccccc1,1363,0,0,1,1,1,1,1,0,1,1,0,1,0,1,1,1,1,1,1,1,1,1,0,1,1,1,1
CC1=CN(C(=O)C=C1)C2=CC=CC=C2,Cc1ccc(=O)n(-c2ccccc2)c1,O=c1ccccn1-c1ccccc1,1364,1,1,0,0,1,1,1,0,0,1,0,1,0,0,1,0,1,0,1,1,1,0,0,0,0,1,1
CN1/C(=C(/NC2=CC=CC=N2)\[O-])/C(=O)C3=CC=CC=C3S1(=O)=O.[Na+],CN1/C(=C(\O)Nc2ccccn2)C(=O)c2ccccc2S1(=O)=O,O=C1C(=CNc2ccccn2)NS(=O)(=O)c2ccccc21,1365,1,1,0,1,1,0,1,0,1,1,0,1,0,0,1,1,1,0,1,1,1,1,0,1,1,1,1
CC1CC2C3CCC(C3(CC(C2C4(C1=CC(=O)CC4)C)O)C)C(=O)C,CC(=O)C1CCC2C3CC(C)C4=CC(=O)CCC4(C)C3C(O)CC12C,O=C1C=C2CCC3C4CCCC4CCC3C2CC1,1366,0,0,0,1,0,0,0,0,1,0,0,1,1,0,0,0,0,0,1,0,0,0,0,0,0,0,1
C[C@@H](C(=O)N1[C@H]2CCC[C@H]2C[C@H]1C(=O)O)N[C@@H](CCC3=CC=CC=C3)C(=O)O,C[C@H](N[C@@H](CCc1ccccc1)C(=O)O)C(=O)N1[C@H](C(=O)O)C[C@@H]2CCC[C@@H]21,O=C(CNCCCc1ccccc1)N1CCC2CCCC21,1367,1,1,0,1,1,1,1,0,1,1,0,1,0,0,1,1,1,0,1,1,1,1,0,1,1,1,1
CC(=O)C[C@@H](C1=CC=C(C=C1)[N+](=O)[O-])C2=C(OC3=CC=CC=C3C2=O)[O-],CC(=O)C[C@@H](c1ccc([N+](=O)[O-])cc1)c1c(O)oc2ccccc2c1=O,O=c1c(Cc2ccccc2)coc2ccccc12,1368,1,1,0,0,1,0,1,0,1,1,1,1,0,0,1,1,1,1,0,0,0,1,0,0,0,0,0
CC1=CC(=CC(=C1NC2=NC(=NC=C2)NC3=CC=C(C=C3)C#N)C)C=CC#N,Cc1cc(C=CC#N)cc(C)c1Nc1ccnc(Nc2ccc(C#N)cc2)n1,c1ccc(Nc2ccnc(Nc3ccccc3)n2)cc1,1369,1,1,0,0,1,0,1,0,1,1,0,1,1,0,0,0,1,0,1,0,1,1,0,0,0,1,1
C(P(=O)(O)O)P(=O)(O)O,O=P(O)(O)CP(=O)(O)O,,1370,0,0,0,0,1,0,1,0,1,0,0,1,0,0,1,0,1,0,0,0,0,0,0,0,1,1,0
C1COCC2=C1N=CC3=N/C(=C\4/C=CON4)/N=C23.OP(=O)(O)O,C1=C/C(=C2/N=c3cnc4c(c3=N2)COCC4)NO1,C1=CC(=C2N=c3cnc4c(c3=N2)COCC4)NO1,1371,0,1,0,0,1,1,1,0,1,0,0,1,0,0,1,1,1,1,1,1,1,0,0,0,1,1,1
CCC(C)C1C(=O)NC(C(=O)NC(C(=O)NC(C(=O)NC(C(=O)NCCCCC(C(=O)NC(C(=O)N1)CCCN)NC(=O)C(C(C)CC)NC(=O)C(CCC(=O)O)NC(=O)C(CC(C)C)NC(=O)C2CSC(=N2)C(C(C)CC)N)CC(=O)N)CC(=O)O)CC3=CN=CN3)CC4=CC=CC=C4,CCC(C)C(N)C1=NC(C(=O)NC(CC(C)C)C(=O)NC(CCC(=O)O)C(=O)NC(C(=O)NC2CCCCNC(=O)C(CC(N)=O)NC(=O)C(CC(=O)O)NC(=O)C(Cc3cnc[nH]3)NC(=O)C(Cc3ccccc3)NC(=O)C(C(C)CC)NC(=O)C(CCCN)NC2=O)C(C)CC)CS1,O=C1CNC(=O)CNC(=O)C(Cc2cnc[nH]2)NC(=O)C(Cc2ccccc2)NC(=O)CNC(=O)CNC(=O)C(NC(=O)CNC(=O)CNC(=O)CNC(=O)C2CSC=N2)CCCCN1,1372,0,0,0,0,0,0,1,0,0,0,0,1,0,0,0,0,1,0,0,0,0,1,0,0,0,0,0
CCOC1=C(C=CC(=C1)[C@H](CS(=O)(=O)C)N2C(=O)C3=C(C2=O)C(=CC=C3)NC(=O)C)OC,CCOc1cc([C@H](CS(C)(=O)=O)N2C(=O)c3cccc(NC(C)=O)c3C2=O)ccc1OC,O=C1c2ccccc2C(=O)N1Cc1ccccc1,1373,0,1,0,0,1,1,1,0,1,0,0,0,0,0,0,0,1,0,1,1,0,0,0,0,0,1,0
CNC1=CC=C(C=C1)/C=C/C2=CC=C(C=C2)OCCOCCOCC[18F],CNc1ccc(/C=C/c2ccc(OCCOCCOCC[18F])cc2)cc1,C(=Cc1ccccc1)c1ccccc1,1374,0,0,0,0,0,0,0,0,0,0,0,1,0,0,0,0,1,0,0,0,0,0,0,0,0,0,0
CN(C1=C(N=C(N=C1N)C2=NN(C3=C2C=CC=N3)CC4=CC=CC=C4F)N)C(=O)OC,COC(=O)N(C)c1c(N)nc(-c2nn(Cc3ccccc3F)c3ncccc23)nc1N,c1ccc(Cn2nc(-c3ncccn3)c3cccnc32)cc1,1375,0,0,0,0,1,0,1,0,0,0,0,1,0,0,1,1,0,0,1,1,0,0,0,0,1,1,0
CC1C(C(C(C(O1)CO)OC2C(C(C(C(O2)COC3C(C(C(C(O3)CO)OC)O)O)OC4C(C(C(C(O4)CO)OC)O)OCCO)O)O)O)O,COC1C(CO)OC(OCC2OC(OC3C(CO)OC(C)C(O)C3O)C(O)C(O)C2OC2OC(CO)C(OC)C(O)C2OCCO)C(O)C1O,C1CCC(OCC2OC(OC3CCCOC3)CCC2OC2CCCCO2)OC1,1376,0,1,0,1,1,1,1,0,1,0,0,1,0,0,1,1,1,1,1,1,1,0,0,0,1,1,0
CCCC1=NC(=C(N1CC2=CC=C(C=C2)C3=CC=CC=C3C4=NNN=N4)C(=O)OCC5=C(OC(=O)O5)C)C(C)(C)O,CCCc1nc(C(C)(C)O)c(C(=O)OCc2oc(=O)oc2C)n1Cc1ccc(-c2ccccc2-c2nn[nH]n2)cc1,O=C(OCc1coc(=O)o1)c1cncn1Cc1ccc(-c2ccccc2-c2nn[nH]n2)cc1,1377,0,1,0,0,1,1,1,0,0,0,0,1,0,0,0,0,1,0,1,1,1,1,0,1,1,1,1
C1CN(CCN(CCN(CCN1CC(=O)[O-])CC(=O)[O-])[C@H](CO)[C@@H](CO)O)CC(=O)[O-].[Gd+3],O=C(O)CN1CCN(CC(=O)O)CCN([C@H](CO)[C@H](O)CO)CCN(CC(=O)O)CC1,C1CNCCNCCNCCN1,1378,0,0,0,1,1,0,1,1,1,1,0,1,0,0,1,0,1,0,1,1,1,1,1,1,1,1,1
CC1=C(C2=CC3=NC(=CC4=NC(=CC5=C(C(=C(N5)C=C1N2)C(C)OC(C)C6=C(C7=CC8=C(C(=C(N8)C=C9C(=C(C(=N9)C=C1C(=C(C(=N1)C=C6N7)C)CCC(=O)O)CCC(=O)O)C)C)C(C)O)C)C)C(=C4CCC(=O)O)C)C(=C3C)CCC(=O)O)C(C)O,CC1=C(CCC(=O)O)c2cc3nc(cc4[nH]c(cc5[nH]c(cc1n2)c(C)c5C(C)O)c(C)c4C(C)OC(C)c1c(C)c2cc4nc(cc5nc(cc6[nH]c(cc1[nH]2)c(C)c6C(C)O)C(C)=C5CCC(=O)O)C(CCC(=O)O)=C4C)C(C)=C3CCC(=O)O,C1=Cc2cc3ccc(cc4cc(COCc5cc6cc7nc(cc8nc(cc9ccc(cc5[nH]6)[nH]9)C=C8)C=C7)c(cc5nc(cc1n2)C=C5)[nH]4)[nH]3,1379,1,1,0,1,1,1,1,0,0,0,1,1,0,0,1,1,1,1,1,1,1,0,0,0,1,1,1
C[NH+](C)[C@H]1[C@@H]2C[C@@H]3[C@@H](C4=C(C=CC(=C4C(=C3C(=O)[C@@]2(C(=O)C(=C(N)[O-])C1=O)O)O)O)Cl)O,CN(C)[C@@H]1C(=O)C(=C(N)O)C(=O)[C@@]2(O)C(=O)C3=C(O)c4c(O)ccc(Cl)c4[C@@H](O)[C@H]3C[C@@H]12,C=C1C(=O)CC2CC3Cc4ccccc4C=C3C(=O)C2C1=O,1380,1,1,0,1,1,1,1,0,1,1,0,0,0,0,0,1,1,0,0,1,0,1,0,1,1,1,1
C[C@@H](C(=O)O)N.C1=CC(=CC=C1C[C@@H](C(=O)O)N)O.C(CCN)C[C@@H](C(=O)O)N.C(CC(=O)O)[C@@H](C(=O)O)N,N[C@@H](Cc1ccc(O)cc1)C(=O)O,c1ccccc1,215,1,1,0,1,1,1,1,0,1,1,1,1,1,0,1,1,1,0,1,1,1,1,0,0,1,1,1
CCCC1CC(N(C1)C)C(=O)NC(C2C(C(C(C(O2)SC)OP(=O)(O)O)O)O)C(C)Cl,CCCC1CC(C(=O)NC(C(C)Cl)C2OC(SC)C(OP(=O)(O)O)C(O)C2O)N(C)C1,O=C(NCC1CCCCO1)C1CCCN1,1381,1,0,0,1,1,1,1,0,1,1,0,1,1,0,1,1,1,0,1,1,1,1,1,1,1,1,1
[O-]S(=O)(=O)[O-].[Ba+2],O=S(=O)(O)O,,1382,0,0,0,0,0,0,1,0,0,0,0,1,0,0,0,0,0,0,1,1,0,0,0,0,0,0,1
C1(=C(N=C(C(=N1)Cl)N)N)C(=O)N=C(N)N.Cl,NC(N)=NC(=O)c1nc(Cl)c(N)nc1N,c1cnccn1,1383,1,1,0,1,1,1,1,0,0,1,0,1,0,0,1,1,1,0,0,1,1,1,0,1,1,1,1
[O-]S(=O)(=O)[O-].[Zn+2],O=S(=O)(O)O,,1382,0,0,0,0,0,0,1,0,0,0,0,0,0,0,0,0,0,0,0,0,0,0,0,0,0,0,0
C1=CC(=CC=C1CCCC(=O)O)N(CCCl)CCCl,O=C(O)CCCc1ccc(N(CCCl)CCCl)cc1,c1ccccc1,1384,1,1,0,1,1,1,1,1,1,1,1,1,1,0,0,1,1,0,1,1,1,1,0,0,0,1,1
CC12CCC3C(C1CC(C2O)O)CCC4=C3C=CC(=C4)O,CC12CCC3c4ccc(O)cc4CCC3C1CC(O)C2O,c1ccc2c(c1)CCC1C2CCC2CCCC21,1385,1,1,0,0,0,0,1,0,0,1,1,1,0,0,1,0,1,0,0,1,0,0,0,0,1,1,0
C[C@H]1CN(CC[C@@]1(C)C2=CC(=CC=C2)O)C[C@H](CC3=CC=CC=C3)C(=O)NCC(=O)O.O.O,C[C@H]1CN(C[C@H](Cc2ccccc2)C(=O)NCC(=O)O)CC[C@@]1(C)c1cccc(O)c1,c1ccc(CCCN2CCC(c3ccccc3)CC2)cc1,1386,0,1,0,0,0,1,1,0,0,0,0,0,0,0,0,1,0,0,0,0,0,1,0,0,0,0,0
CC[C@@H]1[C@@]2([C@@H]([C@@H](C(=O)[C@@H](C[C@@]([C@@H]([C@H](C(=O)[C@H](C(=O)O1)C)C)O[C@H]3[C@@H]([C@H](C[C@H](O3)C)N(C)C)O)(C)OC)C)C)N(C(=O)O2)CCCCN4C=C(N=C4)C5=CN=CC=C5)C,CC[C@H]1OC(=O)[C@H](C)C(=O)[C@H](C)[C@@H](O[C@@H]2O[C@H](C)C[C@H](N(C)C)[C@H]2O)[C@](C)(OC)C[C@@H](C)C(=O)[C@@H](C)[C@H]2N(CCCCn3cnc(-c4cccnc4)c3)C(=O)O[C@]12C,O=C1CC(=O)OCC2OC(=O)N(CCCCn3cnc(-c4cccnc4)c3)C2CC(=O)CCCC(OC2CCCCO2)C1,1387,1,1,0,1,1,1,1,0,1,1,0,1,0,0,1,1,1,0,1,1,1,1,0,1,1,1,1
CCOC1=CC=C(C=C1)CC2=C(C=CC(=C2)[C@H]3[C@@H]([C@H]([C@@H]([C@H](O3)CO)O)O)O)Cl,CCOc1ccc(Cc2cc([C@@H]3O[C@H](CO)[C@@H](O)[C@H](O)[C@H]3O)ccc2Cl)cc1,c1ccc(Cc2cccc(C3CCCCO3)c2)cc1,1388,1,1,0,0,1,1,1,0,1,1,1,1,0,0,1,0,1,0,1,0,0,1,0,0,1,1,1
C1CN(CCC1N2C3=CC=CC=C3NC2=O)CCCC(C4=CC=C(C=C4)F)C5=CC=C(C=C5)F,O=c1[nH]c2ccccc2n1C1CCN(CCCC(c2ccc(F)cc2)c2ccc(F)cc2)CC1,O=c1[nH]c2ccccc2n1C1CCN(CCCC(c2ccccc2)c2ccccc2)CC1,1389,0,1,0,1,1,1,1,0,0,1,0,1,1,0,1,1,1,0,0,0,1,1,0,0,1,1,1
CCC(=O)C(CC(C)N(C)C)(C1=CC=CC=C1)C2=CC=CC=C2,CCC(=O)C(CC(C)N(C)C)(c1ccccc1)c1ccccc1,c1ccc(Cc2ccccc2)cc1,1390,1,1,0,1,1,1,1,0,1,1,0,1,1,0,1,1,1,0,1,1,1,1,0,1,1,1,1
