seed,model,term,prevalence,roc_auc,pr_auc
0,prior,Abdominal discomfort,0.20253164556962025,0.5,0.20256102107655546
0,prior,Abdominal distension,0.20815752461322082,0.5,0.2081501893388725
0,prior,Abdominal pain,0.580168776371308,0.5,0.5802625423360322
0,prior,Abdominal pain upper,0.18846694796061886,0.5,0.18849123505523874
0,prior,Abnormal dreams,0.10548523206751055,0.5,0.10546374271916292
0,prior,Abscess,0.07805907172995781,0.5,0.07800610494533752
0,prior,Accommodation disorder,0.04922644163150492,0.5,0.04924164040719427
0,prior,Acidosis,0.0450070323488045,0.5,0.044993979748555187
0,prior,Acne,0.09282700421940929,0.5,0.09278512810169554
0,prior,Acute coronary syndrome,0.2348804500703235,0.5,0.2348465425246289
0,prior,Affect lability,0.1617440225035162,0.5,0.16170319418214077
0,prior,Ageusia,0.07946554149085795,0.5,0.0794591902041472
0,prior,Aggression,0.0850914205344585,0.5,0.085090591905534
0,prior,Agitation,0.3340365682137834,0.5,0.3340243219904636
0,prior,Agranulocytosis,0.23347398030942335,0.5,0.23358680381838487
0,prior,Akathisia,0.04852320675105485,0.5,0.048510182039481334
0,prior,Alanine aminotransferase increased,0.19268635724331926,0.5,0.1926720399266219
0,prior,Albuminuria,0.0710267229254571,0.5,0.07104805636247588
0,prior,Alopecia,0.3108298171589311,0.5,0.31084660713646456
0,prior,Altered state of consciousness,0.040787623066104076,0.5,0.04077605799698071
0,prior,Amblyopia,0.07383966244725738,0.5,0.0738451551164279
0,prior,Amenorrhoea,0.08720112517580872,0.5,0.08713390628315178
0,prior,Amnesia,0.14486638537271448,0.5,0.14485118759173354
0,prior,Amylase increased,0.04430379746835443,0.5,0.04427741702836198
0,prior,Anaemia,0.36146272855133615,0.5,0.3615166755289657
0,prior,Anaphylactic shock,0.4388185654008439,0.5,0.4388681490717287
0,prior,Anaphylactoid reaction,0.17651195499296765,0.5,0.17650447349648696
0,prior,Angina pectoris,0.2039381153305204,0.5,0.20392981408380853
0,prior,Angioedema,0.37060478199718705,0.5,0.37056751020037526
0,prior,Angiopathy,0.319971870604782,0.5,0.31998688554362564
0,prior,Anorectal discomfort,0.051336146272855133,0.5,0.05133200791756927
0,prior,Anorectal disorder,0.04289732770745429,0.5,0.04291100767396518
0,prior,Anxiety,0.38466947960618847,0.5,0.38463734860966675
0,prior,Apathy,0.06188466947960619,0.5,0.06184593395098755
0,prior,Aphasia,0.06047819971870605,0.5,0.06046229768418956
0,prior,Aphthous stomatitis,0.03938115330520394,0.5,0.039374985265882075
0,prior,Aplastic anaemia,0.11392405063291139,0.5,0.11397401207193569
0,prior,Apnoea,0.08368495077355836,0.5,0.08366729794176378
0,prior,Application site pain,0.04289732770745429,0.5,0.04288128622955887
0,prior,Application site reaction,0.03727144866385373,0.5,0.03726975703330391
0,prior,Arrhythmia,0.28621659634317864,0.5,0.28623073759649215
0,prior,Arrhythmia supraventricular,0.035161744022503515,0.5,0.0351644589500926
0,prior,Arthralgia,0.4120956399437412,0.5,0.4121048877107416
0,prior,Arthritis,0.1568213783403657,0.5,0.1567834656566265
0,prior,Arthropathy,0.0949367088607595,0.5,0.09493250246005198
0,prior,Aspartate aminotransferase increased,0.1940928270042194,0.5,0.19408546748845934
0,prior,Asthenia,0.6371308016877637,0.5,0.637174044203227
0,prior,Asthma,0.19057665260196907,0.5,0.19057418966717046
0,prior,Ataxia,0.1680731364275668,0.5,0.16804614682079208
0,prior,Atrial fibrillation,0.1469760900140647,0.5,0.14693417712898182
0,prior,Atrioventricular block,0.09423347398030943,0.5,0.09423819589784693
0,prior,Azotaemia,0.0450070323488045,0.5,0.045003933463779386
0,prior,Back pain,0.3509142053445851,0.5,0.35087138664857537
0,prior,Bacterial infection,0.03867791842475387,0.5,0.038678207737529266
0,prior,Balance disorder,0.04781997187060478,0.5,0.047796055360119306
0,prior,Bladder pain,0.11744022503516174,0.5,0.11741333500974853
0,prior,Blepharitis,0.05555555555555555,0.5,0.05550543481582572
0,prior,Blindness,0.052742616033755275,0.5,0.052688498482058435
0,prior,Blister,0.0710267229254571,0.5,0.0709985148009126
0,prior,Blood alkaline phosphatase increased,0.13431786216596342,0.5,0.13435708167547222
0,prior,Blood bilirubin increased,0.0970464135021097,0.5,0.09707749316555213
0,prior,Blood creatine phosphokinase increased,0.06821378340365682,0.5,0.06818413674658451
0,prior,Blood creatinine increased,0.1751054852320675,0.5,0.175135628101259
0,prior,Blood disorder,0.08720112517580872,0.5,0.08721320421443794
0,prior,Blood glucose increased,0.046413502109704644,0.5,0.04639004069672514
0,prior,Blood lactate dehydrogenase increased,0.058368495077355836,0.5,0.05835214498197418
0,prior,Blood pressure increased,0.10337552742616034,0.5,0.10334859569667713
0,prior,Blood triglycerides increased,0.06751054852320675,0.5,0.06751210380502592
0,prior,Blood urea increased,0.1160337552742616,0.5,0.11607191471936198
0,prior,Blood uric acid increased,0.10618846694796062,0.5,0.10620019540714624
0,prior,Body temperature decreased,0.046413502109704644,0.5,0.046417343562958555
0,prior,Body temperature increased,0.5414908579465542,0.5,0.5415522469638987
0,prior,Bone disorder,0.08931082981715893,0.5,0.08932095580113873
0,prior,Bone pain,0.1090014064697609,0.5,0.10898493933035944
0,prior,Bradycardia,0.2559774964838256,0.5,0.2559190466087081
0,prior,Breast cancer,0.035864978902953586,0.5,0.03585636439678303
0,prior,Breast disorder,0.180028129395218,0.5,0.18004293194540125
0,prior,Breast enlargement,0.06258790436005626,0.5,0.06261217793401037
0,prior,Breast pain,0.09142053445850915,0.5,0.09141873620995702
0,prior,Bronchitis,0.21167369901547117,0.5,0.21164417039712702
0,prior,Bronchospasm,0.20182841068917018,0.5,0.20181470198663928
0,prior,Bundle branch block,0.04571026722925457,0.5,0.04572047872131431
0,prior,Burning sensation,0.07172995780590717,0.5,0.07170275761568357
0,prior,Bursitis,0.04360056258790436,0.5,0.04360035484121642
0,prior,Candida infection,0.11954992967651196,0.5,0.1195458835712184
0,prior,Cardiac arrest,0.16736990154711673,0.5,0.16730974652078362
0,prior,Cardiac disorder,0.29254571026722925,0.5,0.29257139389557857
0,prior,Cardiac failure,0.15330520393811534,0.5,0.1533044850218414
0,prior,Cardiac failure congestive,0.1441631504922644,0.5,0.14414936335513545
0,prior,Cardiomyopathy,0.04360056258790436,0.5,0.04362019242103168
0,prior,Cardiovascular disorder,0.0850914205344585,0.5,0.08509309779699835
0,prior,Cataract,0.10126582278481013,0.5,0.10124335000144065
0,prior,Cellulitis,0.09282700421940929,0.5,0.09281484954610185
0,prior,Cerebral haemorrhage,0.04922644163150492,0.5,0.04920454098966123
0,prior,Cerebral ischaemia,0.04219409282700422,0.5,0.04216966544166119
0,prior,Cerebrovascular accident,0.15822784810126583,0.5,0.1581844859997503
0,prior,Cerebrovascular disorder,0.035161744022503515,0.5,0.03516696484155693
0,prior,Chest discomfort,0.09634317862165963,0.5,0.09630630725023379
0,prior,Chest pain,0.38748241912798875,0.5,0.3874517615893115
0,prior,Chills,0.3108298171589311,0.5,0.3108293452987468
0,prior,Cholecystitis,0.052742616033755275,0.5,0.052738092431596585
0,prior,Cholelithiasis,0.06118143459915612,0.5,0.061151679776757374
0,prior,Cholestasis,0.07243319268635724,0.5,0.07243919284100861
0,prior,Coagulopathy,0.07524613220815753,0.5,0.0752313496626651
0,prior,Cognitive disorder,0.04219409282700422,0.5,0.04215976411441184
0,prior,Cold sweat,0.03867791842475387,0.5,0.03867326580523374
0,prior,Colitis,0.10478199718706048,0.5,0.10479914013870588
0,prior,Coma,0.1209563994374121,0.5,0.12090724621736992
0,prior,Completed suicide,0.04781997187060478,0.5,0.0478084451161747
0,prior,Confusional state,0.38255977496483823,0.5,0.3826014995184672
0,prior,Conjunctival hyperaemia,0.0379746835443038,0.5,0.03795170876477013
0,prior,Conjunctivitis,0.23136427566807313,0.5,0.2313154969741579
0,prior,Connective tissue disorder,0.2848101265822785,0.5,0.2848669563721677
0,prior,Constipation,0.4929676511954993,0.5,0.49305193132635
0,prior,Contusion,0.09774964838255977,0.5,0.09772716517317281
0,prior,Convulsion,0.36357243319268634,0.5,0.3635772168189847
0,prior,Coordination abnormal,0.09915611814345991,0.5,0.09915289517777423
0,prior,Cough,0.4008438818565401,0.5,0.4008372471516222
0,prior,Cyanosis,0.06962025316455696,0.5,0.06962970433100119
0,prior,Cyst,0.06540084388185655,0.5,0.06538204367236211
0,prior,Cystitis,0.10759493670886076,0.5,0.10757391288403662
0,prior,Cystitis noninfective,0.10618846694796062,0.5,0.10616297375100521
0,prior,Deafness,0.1371308016877637,0.5,0.13713930224456278
0,prior,Decreased appetite,0.4838255977496484,0.5,0.4839092867289908
0,prior,Deep vein thrombosis,0.06680731364275667,0.5,0.06677314522557826
0,prior,Dehydration,0.17158931082981715,0.5,0.17161693738152678
0,prior,Delirium,0.07876230661040788,0.5,0.07874259255863743
0,prior,Delusion,0.06821378340365682,0.5,0.06822864906256085
0,prior,Dementia,0.03727144866385373,0.5,0.037267251141839576
0,prior,Depersonalisation,0.06188466947960619,0.5,0.061860812135849
0,prior,Depressed level of consciousness,0.10126582278481013,0.5,0.10121602967254897
0,prior,Depressed mood,0.035864978902953586,0.5,0.03587124258164447
0,prior,Depression,0.22644163150492264,0.5,0.22645040910642705
0,prior,Dermatitis,0.7658227848101266,0.5,0.7658897879247465
0,prior,Dermatitis atopic,0.07454289732770746,0.5,0.0745395489919244
0,prior,Dermatitis bullous,0.14767932489451477,0.5,0.14763833263046136
0,prior,Dermatitis contact,0.11181434599156118,0.5,0.11176956101496463
0,prior,Dermatitis exfoliative,0.14556962025316456,0.5,0.14558513438825252
0,prior,Diabetes mellitus,0.1441631504922644,0.5,0.14412957816329508
0,prior,Diarrhoea,0.6849507735583685,0.5,0.6850295249895006
0,prior,Diplopia,0.1518987341772152,0.5,0.15187111510423895
0,prior,Discomfort,0.3924050632911392,0.5,0.39236898422336136
0,prior,Disorientation,0.12376933895921238,0.5,0.12378362543994985
0,prior,Disturbance in attention,0.09071729957805907,0.5,0.09069719663215173
0,prior,Disturbance in sexual arousal,0.16455696202531644,0.5,0.1645498344976561
0,prior,Dizziness,0.7250351617440225,0.5,0.7250791538643553
0,prior,Drug eruption,0.05414908579465542,0.5,0.054171340110591014
0,prior,Drug interaction,0.09353023909985936,0.5,0.0934967663522515
0,prior,Drug withdrawal syndrome,0.04008438818565401,0.5,0.04006189639230211
0,prior,Dry eye,0.11462728551336146,0.5,0.11457911937560519
0,prior,Dry mouth,0.38959212376933894,0.5,0.3896165025613354
0,prior,Dry skin,0.18635724331926865,0.5,0.186321534688261
0,prior,Duodenal ulcer,0.03938115330520394,0.5,0.03937997958615246
0,prior,Dysarthria,0.09212376933895922,0.5,0.09211553120096813
0,prior,Dysgeusia,0.32208157524613223,0.5,0.32208704960530027
0,prior,Dyskinesia,0.09142053445850915,0.5,0.09140636391655993
0,prior,Dysmenorrhoea,0.09845288326300984,0.5,0.09841891345593864
0,prior,Dyspepsia,0.4908579465541491,0.5,0.490921853731028
0,prior,Dysphagia,0.18565400843881857,0.5,0.18564948428404413
0,prior,Dysphonia,0.08649789029535865,0.5,0.08644950104819607
0,prior,Dyspnoea,0.4908579465541491,0.5,0.49085983510011777
0,prior,Dysuria,0.21026722925457103,0.5,0.21027034814428697
0,prior,Ear disorder,0.047116736990154715,0.5,0.04710670819286807
0,prior,Ear infection,0.03727144866385373,0.5,0.03723752969743325
0,prior,Ear pain,0.12658227848101267,0.5,0.1265634448935258
0,prior,Ecchymosis,0.1279887482419128,0.5,0.12791739464123403
0,prior,Eczema,0.13924050632911392,0.5,0.13920990202575567
0,prior,Electrocardiogram QT prolonged,0.05977496483825598,0.5,0.059748153542169266
0,prior,Electrocardiogram abnormal,0.05977496483825598,0.5,0.05977051447610715
0,prior,Electrolyte imbalance,0.03656821378340366,0.5,0.03658538672366478
0,prior,Embolism,0.06751054852320675,0.5,0.0674922138372358
0,prior,Embolism venous,0.051336146272855133,0.5,0.05131719958334098
0,prior,Encephalopathy,0.056962025316455694,0.5,0.056963462006930934
0,prior,Endocrine disorder,0.09071729957805907,0.5,0.0907096213135237
0,prior,Endophthalmitis,0.04149085794655415,0.5,0.041472852987991804
0,prior,Eosinophilia,0.2039381153305204,0.5,0.20400665851160524
0,prior,Epigastric discomfort,0.04289732770745429,0.5,0.04291845549772505
0,prior,Epilepsy,0.03727144866385373,0.5,0.03725983824339628
0,prior,Epistaxis,0.2468354430379747,0.5,0.24680363502694927
0,prior,Erectile dysfunction,0.2109704641350211,0.5,0.21096970141473728
0,prior,Eructation,0.1090014064697609,0.5,0.10901211995798485
0,prior,Erythema,0.339662447257384,0.5,0.33963351992183716
0,prior,Erythema multiforme,0.27355836849507736,0.5,0.273586873669018
0,prior,Erythema nodosum,0.03867791842475387,0.5,0.038660858586520054
0,prior,Euphoric mood,0.11954992967651196,0.5,0.11951122019451654
0,prior,Extrapyramidal disorder,0.07172995780590717,0.5,0.07171758341257015
0,prior,Extrasystoles,0.07735583684950774,0.5,0.07732672895596879
0,prior,Extravasation,0.07524613220815753,0.5,0.07526604796468352
0,prior,Eye disorder,0.28621659634317864,0.5,0.28621345829611605
0,prior,Eye haemorrhage,0.04289732770745429,0.5,0.0428788152634111
0,prior,Eye irritation,0.090014064697609,0.5,0.08996565095114735
0,prior,Eye pain,0.14064697609001406,0.5,0.14060093372833868
0,prior,Eye pruritus,0.0379746835443038,0.5,0.03795174369008671
0,prior,Eyelid oedema,0.04289732770745429,0.5,0.04286395454120794
0,prior,Face oedema,0.17088607594936708,0.5,0.17083092566932184
0,prior,Faecal incontinence,0.04781997187060478,0.5,0.047788624999017724
0,prior,Fatigue,0.510548523206751,0.5,0.5106056573774056
0,prior,Febrile neutropenia,0.05977496483825598,0.5,0.059802724349319526
0,prior,Feeling abnormal,0.5133614627285513,0.5,0.5134027037433828
0,prior,Feeling hot,0.08227848101265822,0.5,0.0822339629494779
0,prior,Flank pain,0.035161744022503515,0.5,0.03514469122091048
0,prior,Flat affect,0.06258790436005626,0.5,0.06254768833695247
0,prior,Flatulence,0.3143459915611814,0.5,0.3144049380905107
0,prior,Fluid overload,0.0379746835443038,0.5,0.03799879682284395
0,prior,Fluid retention,0.1160337552742616,0.5,0.11598261068487674
0,prior,Flushing,0.30028129395218,0.5,0.30034014638946444
0,prior,Foetor hepaticus,0.05063291139240506,0.5,0.05060554387012671
0,prior,Folliculitis,0.0639943741209564,0.5,0.0639537553883215
0,prior,Fracture,0.05485232067510549,0.5,0.05486314078133172
0,prior,Fungal infection,0.07946554149085795,0.5,0.07946667295322365
0,prior,Fungal skin infection,0.03656821378340366,0.5,0.036548147604865446
0,prior,Furuncle,0.04289732770745429,0.5,0.042866442970014004
0,prior,Gait disturbance,0.10056258790436005,0.5,0.10055393298355628
0,prior,Galactorrhoea,0.05977496483825598,0.5,0.059787811239141495
0,prior,Gamma-glutamyltransferase increased,0.0829817158931083,0.5,0.08294326993515241
0,prior,Gastric ulcer,0.05063291139240506,0.5,0.05062042205498816
0,prior,Gastritis,0.18424753867791843,0.5,0.18426088862229234
0,prior,Gastroenteritis,0.13853727144866385,0.5,0.13853042126043721
0,prior,Gastrointestinal disorder,0.5210970464135021,0.5,0.5211715784758767
0,prior,Gastrointestinal haemorrhage,0.15330520393811534,0.5,0.15328948459837194
0,prior,Gastrointestinal pain,0.5478199718706048,0.5,0.5478976531060394
0,prior,Gastrooesophageal reflux disease,0.09915611814345991,0.5,0.09916284889299845
0,prior,Generalised oedema,0.053445850914205346,0.5,0.05342740467353124
0,prior,Gingival bleeding,0.05414908579465542,0.5,0.05412919398481273
0,prior,Gingivitis,0.07383966244725738,0.5,0.07382538738724578
0,prior,Glaucoma,0.07805907172995781,0.5,0.07801604119790344
0,prior,Glossitis,0.09774964838255977,0.5,0.09774691543969664
0,prior,Glycosuria,0.08579465541490858,0.5,0.08575768291479706
0,prior,Gout,0.09774964838255977,0.5,0.09772960121400401
0,prior,Grand mal convulsion,0.0379746835443038,0.5,0.03795915658853
0,prior,Gynaecomastia,0.12517580872011252,0.5,0.12521690804426083
0,prior,Haematemesis,0.07032348804500703,0.5,0.07029180101999387
0,prior,Haematochezia,0.035864978902953586,0.5,0.035856329471466455
0,prior,Haematocrit decreased,0.0379746835443038,0.5,0.03797152888192711
0,prior,Haematoma,0.07172995780590717,0.5,0.07169038532228646
0,prior,Haematuria,0.2369901547116737,0.5,0.23697667250792587
0,prior,Haemoglobin,0.2679324894514768,0.5,0.2678910347585482
0,prior,Haemoglobin decreased,0.07383966244725738,0.5,0.07386260904338685
0,prior,Haemolytic anaemia,0.14064697609001406,0.5,0.1406555394608055
0,prior,Haemoptysis,0.08157524613220815,0.5,0.08156201732121075
0,prior,Haemorrhage,0.26933895921237694,0.5,0.269294543530478
0,prior,Haemorrhage intracranial,0.04008438818565401,0.5,0.04007677457716356
0,prior,Haemorrhoids,0.05907172995780591,0.5,0.05907866141739158
0,prior,Hallucination,0.24261603375527427,0.5,0.2426203766520766
0,prior,Headache,0.7805907172995781,0.5,0.7806415431401876
0,prior,Hearing impaired,0.10056258790436005,0.5,0.10060606774987538
0,prior,Hepatic enzyme increased,0.09634317862165963,0.5,0.09636331409821523
0,prior,Hepatic failure,0.1441631504922644,0.5,0.1441767709973186
0,prior,Hepatic function abnormal,0.12939521800281295,0.5,0.12939766052766916
0,prior,Hepatic necrosis,0.052742616033755275,0.5,0.052762854481049094
0,prior,Hepatitis,0.2552742616033755,0.5,0.25529415411319817
0,prior,Hepatobiliary disease,0.24120956399437413,0.5,0.24120954229499497
0,prior,Hepatocellular injury,0.10478199718706048,0.5,0.1047644069113709
0,prior,Hepatomegaly,0.06891701828410689,0.5,0.06890811236522101
0,prior,Hepatotoxicity,0.07946554149085795,0.5,0.07951877279422614
0,prior,Hernia,0.03727144866385373,0.5,0.03726972210798733
0,prior,Herpes simplex,0.09353023909985936,0.5,0.09349433031142032
0,prior,Herpes zoster,0.08157524613220815,0.5,0.08154463324488498
0,prior,Hiccups,0.10267229254571027,0.5,0.10264182952778352
0,prior,Hirsutism,0.06118143459915612,0.5,0.06114673784446184
0,prior,Hostility,0.047116736990154715,0.5,0.04710171387259769
0,prior,Hot flush,0.15611814345991562,0.5,0.15611383383058253
0,prior,Hyperaesthesia,0.07524613220815753,0.5,0.07523881494908326
0,prior,Hyperbilirubinaemia,0.0970464135021097,0.5,0.09708480128804568
0,prior,Hypercalcaemia,0.0710267229254571,0.5,0.07100345673320814
0,prior,Hypercholesterolaemia,0.09915611814345991,0.5,0.09914052288437711
0,prior,Hyperglycaemia,0.23417721518987342,0.5,0.23410265947554398
0,prior,Hyperhidrosis,0.42334739803094235,0.5,0.4233626269426116
0,prior,Hyperkalaemia,0.11040787623066103,0.5,0.11040329136183413
0,prior,Hyperkinesia,0.11954992967651196,0.5,0.11956572115103367
0,prior,Hyperlipidaemia,0.0639943741209564,0.5,0.0639685637225498
0,prior,Hypernatraemia,0.052742616033755275,0.5,0.0527256852128829
0,prior,Hyperreflexia,0.040787623066104076,0.5,0.040753731988359396
0,prior,Hypersensitivity,0.6315049226441631,0.5,0.6315575381493599
0,prior,Hypertension,0.39732770745428975,0.5,0.397308620179324
0,prior,Hyperthyroidism,0.035864978902953586,0.5,0.035838997783115535
0,prior,Hypertonia,0.12376933895921238,0.5,0.12375882846518078
0,prior,Hypertrichosis,0.03656821378340366,0.5,0.036530850841831095
0,prior,Hypertriglyceridaemia,0.05625879043600562,0.5,0.0562617425462826
0,prior,Hyperuricaemia,0.09774964838255977,0.5,0.0977667704821702
0,prior,Hyperventilation,0.06469760900140648,0.5,0.0646553875356784
0,prior,Hypoaesthesia,0.2559774964838256,0.5,0.2559661346667819
0,prior,Hypocalcaemia,0.0949367088607595,0.5,0.09493500835151633
0,prior,Hypoglycaemia,0.1568213783403657,0.5,0.15680325084846689
0,prior,Hypokalaemia,0.18143459915611815,0.5,0.18145886539870304
0,prior,Hypokinesia,0.05907172995780591,0.5,0.0590439107273983
0,prior,Hypomagnesaemia,0.06047819971870605,0.5,0.060494577408035086
0,prior,Hyponatraemia,0.1540084388185654,0.5,0.15406314147983807
0,prior,Hypophosphataemia,0.056962025316455694,0.5,0.05696598536105355
0,prior,Hyporeflexia,0.0379746835443038,0.5,0.037956615771749094
0,prior,Hypotension,0.4676511954992968,0.5,0.4677142777313562
0,prior,Hypothermia,0.046413502109704644,0.5,0.046417343562958555
0,prior,Hypothyroidism,0.06329113924050633,0.5,0.06327180365685528
0,prior,Hypotonia,0.04571026722925457,0.5,0.04567095462240931
0,prior,Hypoxia,0.06047819971870605,0.5,0.060474687440244965
0,prior,Ileus,0.07032348804500703,0.5,0.07024721885338439
0,prior,Ileus paralytic,0.035161744022503515,0.5,0.03517439520265851
0,prior,Ill-defined disorder,0.34247538677918427,0.5,0.34248254389020877
0,prior,Immune system disorder,0.3150492264416315,0.5,0.31511669857967467
0,prior,Impaired healing,0.04430379746835443,0.5,0.04424515476717474
0,prior,Inappropriate antidiuretic hormone secretion,0.04922644163150492,0.5,0.0492341925834344
0,prior,Increased appetite,0.1568213783403657,0.5,0.1568032857737835
0,prior,Induration,0.04149085794655415,0.5,0.041487696247536676
0,prior,Infection,0.4212376933895921,0.5,0.4211856184531403
0,prior,Infestation,0.24753867791842477,0.5,0.2475551230637186
0,prior,Inflammation,0.10829817158931083,0.5,0.10829802820393941
0,prior,Influenza,0.1990154711673699,0.5,0.1989778756850819
0,prior,Influenza like illness,0.1160337552742616,0.5,0.11605949003799002
0,prior,Injection site pain,0.10267229254571027,0.5,0.10266173695823193
0,prior,Injection site reaction,0.13853727144866385,0.5,0.1385527647317168
0,prior,Injury,0.14556962025316456,0.5,0.1455157203215574
0,prior,Insomnia,0.4739803094233474,0.5,0.47400793328566027
0,prior,Interstitial lung disease,0.06891701828410689,0.5,0.06893792112291877
0,prior,Intestinal obstruction,0.06469760900140648,0.5,0.06466786460502523
0,prior,Intracranial pressure increased,0.03938115330520394,0.5,0.03933537995688469
0,prior,Intraocular pressure increased,0.04430379746835443,0.5,0.044269934279285536
0,prior,Irritability,0.1617440225035162,0.5,0.16175021238958145
0,prior,Jaundice,0.23136427566807313,0.5,0.23138985297314854
0,prior,Jaundice cholestatic,0.0949367088607595,0.5,0.09492260113280264
0,prior,Joint swelling,0.0450070323488045,0.5,0.04498411334662242
0,prior,Keratitis,0.06047819971870605,0.5,0.0604474544246447
0,prior,Lacrimal disorder,0.0379746835443038,0.5,0.03795169130211185
0,prior,Lacrimation increased,0.1019690576652602,0.5,0.10193015635191098
0,prior,Laryngeal oedema,0.0639943741209564,0.5,0.06397106961401414
0,prior,Laryngeal pain,0.07313642756680731,0.5,0.07313109828769904
0,prior,Laryngitis,0.06821378340365682,0.5,0.06822616063375479
0,prior,Laryngospasm,0.07243319268635724,0.5,0.07238714538798098
0,prior,Lethargy,0.15611814345991562,0.5,0.15610154885047683
0,prior,Leukocytoclastic vasculitis,0.03938115330520394,0.5,0.03937503765385693
0,prior,Leukocytosis,0.10548523206751055,0.5,0.10541661973577252
0,prior,Leukoderma,0.04430379746835443,0.5,0.04425756198588843
0,prior,Leukopenia,0.35864978902953587,0.5,0.3587070822430086
0,prior,Libido decreased,0.14767932489451477,0.5,0.14768049621889792
0,prior,Libido increased,0.057665260196905765,0.5,0.05763544256051466
0,prior,Liver disorder,0.06610407876230662,0.5,0.06607882120071493
0,prior,Liver function test abnormal,0.17440225035161744,0.5,0.17436197121979286
0,prior,Liver injury,0.08649789029535865,0.5,0.08653621187792554
0,prior,Local reaction,0.053445850914205346,0.5,0.05345214926032545
0,prior,Loss of consciousness,0.37060478199718705,0.5,0.3706121447549596
0,prior,Loss of libido,0.03867791842475387,0.5,0.038680696166335314
0,prior,Lung disorder,0.05414908579465542,0.5,0.05415893289187732
0,prior,Lung infiltration,0.04289732770745429,0.5,0.042901176197349
0,prior,Lymphadenopathy,0.13291139240506328,0.5,0.13286179790290936
0,prior,Lymphopenia,0.05063291139240506,0.5,0.05063282927370185
0,prior,Malaise,0.35372714486638535,0.5,0.3537329051489521
0,prior,Malnutrition,0.33122362869198313,0.5,0.3312991955826459
0,prior,Mania,0.06751054852320675,0.5,0.06750710948475555
0,prior,Mediastinal disorder,0.31856540084388185,0.5,0.31857102194095704
0,prior,Melaena,0.10970464135021098,0.5,0.10970651383348133
0,prior,Memory impairment,0.07735583684950774,0.5,0.07732674641862707
0,prior,Meningitis,0.03867791842475387,0.5,0.03864850375578123
0,prior,Menopausal symptoms,0.1589310829817159,0.5,0.15892332234058992
0,prior,Menorrhagia,0.07524613220815753,0.5,0.07523382062881287
0,prior,Menstrual disorder,0.06469760900140648,0.5,0.0646827078645701
0,prior,Menstruation irregular,0.05555555555555555,0.5,0.0555004754208719
0,prior,Mental disability,0.12306610407876231,0.5,0.12305214960957862
0,prior,Mental disorder,0.3227848101265823,0.5,0.32281875245022923
0,prior,Metrorrhagia,0.07172995780590717,0.5,0.07169778075807146
0,prior,Micturition urgency,0.05414908579465542,0.5,0.05411426341197643
0,prior,Migraine,0.16455696202531644,0.5,0.1645225840193975
0,prior,Mood swings,0.17088607594936708,0.5,0.17085326914060145
0,prior,Mouth ulceration,0.1209563994374121,0.5,0.12093454908360335
0,prior,Mucosal inflammation,0.05625879043600562,0.5,0.05629647577361759
0,prior,Multiple fractures,0.05485232067510549,0.5,0.05486314078133172
0,prior,Muscle contractions involuntary,0.03867791842475387,0.5,0.03864846883046466
0,prior,Muscle relaxant therapy,0.04289732770745429,0.5,0.042856506717448076
0,prior,Muscle rigidity,0.04360056258790436,0.5,0.04357315675093273
0,prior,Muscle spasms,0.340365682137834,0.5,0.3403748446914828
0,prior,Muscle twitching,0.10267229254571027,0.5,0.10262448037677432
0,prior,Muscular weakness,0.19760900140646975,0.5,0.19759408225435934
0,prior,Musculoskeletal discomfort,0.4859353023909986,0.5,0.48595261856926697
0,prior,Musculoskeletal pain,0.11673699015471167,0.5,0.11674640116441007
0,prior,Musculoskeletal stiffness,0.09774964838255977,0.5,0.0977420084327177
0,prior,Myalgia,0.39943741209563993,0.5,0.39945355849684927
0,prior,Mydriasis,0.07665260196905767,0.5,0.07663980036689046
0,prior,Myocardial infarction,0.2348804500703235,0.5,0.2348440715584811
0,prior,Myocardial ischaemia,0.08227848101265822,0.5,0.0822736904970833
0,prior,Myoclonus,0.05485232067510549,0.5,0.05484083223536869
0,prior,Myopathy,0.07665260196905767,0.5,0.07660261363606598
0,prior,Myositis,0.0450070323488045,0.5,0.04501634068249307
0,prior,Nail disorder,0.06047819971870605,0.5,0.06048709465895865
0,prior,Nasal congestion,0.1441631504922644,0.5,0.14418166054163928
0,prior,Nasopharyngitis,0.20042194092827004,0.5,0.20039386152635857
0,prior,Nausea,0.8438818565400844,0.5,0.8439157828378742
0,prior,Neck pain,0.10548523206751055,0.5,0.1054637427191629
0,prior,Necrosis,0.06962025316455696,0.5,0.06961482614613976
0,prior,Neoplasm,0.12447257383966245,0.5,0.12445823412360593
0,prior,Neoplasm malignant,0.09423347398030943,0.5,0.09429024335087458
0,prior,Nephrolithiasis,0.0808720112517581,0.5,0.08089003676762703
0,prior,Nephropathy,0.04289732770745429,0.5,0.04289619933973689
0,prior,Nephropathy toxic,0.053445850914205346,0.5,0.05350680738076715
0,prior,Nephrotic syndrome,0.04430379746835443,0.5,0.04432445269846093
0,prior,Nervous system disorder,0.4409282700421941,0.5,0.44099579062621963
0,prior,Nervousness,0.3059071729957806,0.5,0.3058822265937077
0,prior,Neuralgia,0.06821378340365682,0.5,0.06821878266062807
0,prior,Neuritis,0.07172995780590717,0.5,0.07173994434650803
0,prior,Neuroleptic malignant syndrome,0.04360056258790436,0.5,0.04360040722919127
0,prior,Neuropathy peripheral,0.2390998593530239,0.5,0.23912651783243008
0,prior,Neutropenia,0.21940928270042195,0.5,0.21947008690291897
0,prior,Night sweats,0.05555555555555555,0.5,0.05556244166380716
0,prior,Nightmare,0.10407876230661041,0.5,0.1040726062406302
0,prior,Nocturia,0.09563994374120956,0.5,0.0956218670899615
0,prior,Nuchal rigidity,0.04852320675105485,0.5,0.04852011829204724
0,prior,Nystagmus,0.06821378340365682,0.5,0.0682187477353115
0,prior,Ocular hyperaemia,0.04008438818565401,0.5,0.04008422240092343
0,prior,Oedema,0.4015471167369902,0.5,0.40153150132585236
0,prior,Oedema peripheral,0.2876230661040788,0.5,0.2875872980116144
0,prior,Oesophagitis,0.12025316455696203,0.5,0.12025010892333107
0,prior,Oliguria,0.09212376933895922,0.5,0.09212299648738628
0,prior,Opportunistic infection,0.0379746835443038,0.5,0.037956650697065664
0,prior,Optic neuritis,0.06610407876230662,0.5,0.0660564951920936
0,prior,Oral candidiasis,0.06751054852320675,0.5,0.06748727190494028
0,prior,Oropharyngeal discomfort,0.07454289732770746,0.5,0.07452221730357347
0,prior,Oropharyngeal pain,0.10407876230661041,0.5,0.1040677516216261
0,prior,Orthostatic hypotension,0.17862165963431786,0.5,0.17861460873604407
0,prior,Osteoarthritis,0.15611814345991562,0.5,0.15611642703533832
0,prior,Osteonecrosis,0.035161744022503515,0.5,0.03515709843962417
0,prior,Osteoporosis,0.05977496483825598,0.5,0.05972833342501229
0,prior,Otitis media,0.07243319268635724,0.5,0.07243174501724874
0,prior,Pain,0.5203938115330521,0.5,0.520345996379991
0,prior,Pain in extremity,0.17932489451476794,0.5,0.1793164504353004
0,prior,Pallor,0.09563994374120956,0.5,0.0956566003172965
0,prior,Palpitations,0.3551336146272855,0.5,0.3551513270310599
0,prior,Pancreatitis,0.22292545710267228,0.5,0.22289454911852866
0,prior,Pancreatitis acute,0.04219409282700422,0.5,0.04217958423156882
0,prior,Pancytopenia,0.2088607594936709,0.5,0.20894864319510767
0,prior,Paraesthesia,0.45639943741209565,0.5,0.4564020375429691
0,prior,Paraesthesia oral,0.04149085794655415,0.5,0.041475271566164706
0,prior,Paralysis,0.06680731364275667,0.5,0.06677806969521549
0,prior,Paranoia,0.06258790436005626,0.5,0.06256759576740088
0,prior,Parkinsonism,0.03656821378340366,0.5,0.03655314192513584
0,prior,Parosmia,0.06329113924050633,0.5,0.06327678051446738
0,prior,Pelvic pain,0.057665260196905765,0.5,0.05765030328271782
0,prior,Peptic ulcer,0.06821378340365682,0.5,0.06821135229952649
0,prior,Pericardial effusion,0.035161744022503515,0.5,0.03513475496834457
0,prior,Pericarditis,0.03867791842475387,0.5,0.03867575423403978
0,prior,Periorbital oedema,0.035161744022503515,0.5,0.03513973182595667
0,prior,Peripheral coldness,0.03938115330520394,0.5,0.039382450552300226
0,prior,Peripheral vascular disorder,0.04289732770745429,0.5,0.0428912050194665
0,prior,Personality disorder,0.03656821378340366,0.5,0.03655808385743137
0,prior,Petechiae,0.0850914205344585,0.5,0.08507075432571873
0,prior,Pharyngitis,0.270042194092827,0.5,0.2700408800830524
0,prior,Phlebitis,0.1209563994374121,0.5,0.12094935741783167
0,prior,Photophobia,0.11251758087201125,0.5,0.11246148392431335
0,prior,Photosensitivity reaction,0.21308016877637131,0.5,0.21310712205786952
0,prior,Platelet count decreased,0.057665260196905765,0.5,0.057667687359043616
0,prior,Pleural effusion,0.08157524613220815,0.5,0.08153976116322259
0,prior,Pneumonia,0.23628691983122363,0.5,0.23627744147608354
0,prior,Pneumothorax,0.0450070323488045,0.5,0.0450039160011211
0,prior,Pollakiuria,0.2109704641350211,0.5,0.21098946914391936
0,prior,Polyp,0.05907172995780591,0.5,0.059053864442622506
0,prior,Polyuria,0.13853727144866385,0.5,0.1385402527370534
0,prior,Pregnancy,0.04992967651195499,0.5,0.049913708274069435
0,prior,Priapism,0.04571026722925457,0.5,0.04569573413452009
0,prior,Proctalgia,0.04360056258790436,0.5,0.04359045351396707
0,prior,Protein urine present,0.09634317862165963,0.5,0.09634591255923117
0,prior,Proteinuria,0.09423347398030943,0.5,0.09424064940133642
0,prior,Prothrombin level increased,0.03727144866385373,0.5,0.0372821467893593
0,prior,Prurigo,0.04219409282700422,0.5,0.042179566768910534
0,prior,Pruritus,0.6638537271448663,0.5,0.6638109370375125
0,prior,Pseudomembranous colitis,0.04571026722925457,0.5,0.04572797893304904
0,prior,Psoriasis,0.056962025316455694,0.5,0.05691637394885711
0,prior,Psychotic disorder,0.1568213783403657,0.5,0.15678097722782047
0,prior,Pulmonary embolism,0.1209563994374121,0.5,0.12092711872250177
0,prior,Pulmonary fibrosis,0.04289732770745429,0.5,0.04287885018872768
0,prior,Pulmonary function test decreased,0.06540084388185655,0.5,0.06541174765411015
0,prior,Pulmonary oedema,0.1258790436005626,0.5,0.12583444002930233
0,prior,Purpura,0.15260196905766527,0.5,0.15261999247359428
0,prior,Rash,0.760196905766526,0.5,0.7602633630809718
0,prior,Rash erythematous,0.0759493670886076,0.5,0.07594798223349146
0,prior,Rash generalised,0.03727144866385373,0.5,0.037247448487340885
0,prior,Rash macular,0.035864978902953586,0.5,0.035858835362930795
0,prior,Rash maculo-papular,0.1209563994374121,0.5,0.12091721739525244
0,prior,Rash pustular,0.07524613220815753,0.5,0.07519416293184063
0,prior,Rectal haemorrhage,0.0970464135021097,0.5,0.09701547453464199
0,prior,Renal failure,0.23277074542897327,0.5,0.23280336784827743
0,prior,Renal failure acute,0.14838255977496484,0.5,0.14836749465860938
0,prior,Renal impairment,0.14838255977496484,0.5,0.14837495994502753
0,prior,Renal pain,0.047116736990154715,0.5,0.04708687061305281
0,prior,Respiratory arrest,0.035864978902953586,0.5,0.035861288866420274
0,prior,Respiratory depression,0.06469760900140648,0.5,0.06470999326814522
0,prior,Respiratory distress,0.06258790436005626,0.5,0.06257507851647733
0,prior,Respiratory failure,0.09915611814345991,0.5,0.09911083636528736
0,prior,Respiratory tract infection,0.05555555555555555,0.5,0.05555006937041005
0,prior,Rhabdomyolysis,0.09563994374120956,0.5,0.09562931491372137
0,prior,Rhinitis,0.26652601969057665,0.5,0.26649737492589287
0,prior,Rhinorrhoea,0.0850914205344585,0.5,0.08509810957992703
0,prior,Salivary hypersecretion,0.10618846694796062,0.5,0.10618529975962651
0,prior,Scotoma,0.07032348804500703,0.5,0.07029425452348334
0,prior,Seborrhoeic dermatitis,0.06469760900140648,0.5,0.0646802892863972
0,prior,Sensory loss,0.0850914205344585,0.5,0.08510301658690597
0,prior,Sepsis,0.13431786216596342,0.5,0.1343249067275764
0,prior,Serum sickness,0.040787623066104076,0.5,0.040820657626248466
0,prior,Sexual dysfunction,0.051336146272855133,0.5,0.05130484475260215
0,prior,Shock,0.41561181434599154,0.5,0.41564821824131826
0,prior,Sinus bradycardia,0.04289732770745429,0.5,0.04289861791790979
0,prior,Sinus congestion,0.0450070323488045,0.5,0.04501879418598255
0,prior,Sinusitis,0.25035161744022505,0.5,0.25033977967364035
0,prior,Skin discolouration,0.09634317862165963,0.5,0.0963210631964872
0,prior,Skin disorder,0.44585091420534456,0.5,0.4458758265294451
0,prior,Skin exfoliation,0.1111111111111111,0.5,0.11107523699010129
0,prior,Skin hyperpigmentation,0.05485232067510549,0.5,0.0548284424793133
0,prior,Skin irritation,0.03867791842475387,0.5,0.03864352689816912
0,prior,Skin striae,0.03656821378340366,0.5,0.0365060887923786
0,prior,Skin ulcer,0.07735583684950774,0.5,0.07734157221551366
0,prior,Sleep disorder,0.13783403656821377,0.5,0.13782374240483508
0,prior,Sneezing,0.06258790436005626,0.5,0.06256514226391141
0,prior,Somnolence,0.46835443037974683,0.5,0.4684583179443657
0,prior,Speech disorder,0.0829817158931083,0.5,0.0829952475375469
0,prior,Stevens-Johnson syndrome,0.22292545710267228,0.5,0.22296394572256548
0,prior,Stomatitis,0.2320675105485232,0.5,0.2321560445681965
0,prior,Stupor,0.06891701828410689,0.5,0.0688684197429322
0,prior,Sudden death,0.04289732770745429,0.5,0.04288876897863531
0,prior,Suicidal ideation,0.0639943741209564,0.5,0.06397108707667241
0,prior,Suicide attempt,0.04922644163150492,0.5,0.04922185521535387
0,prior,Supraventricular tachycardia,0.057665260196905765,0.5,0.057637930989320706
0,prior,Swelling,0.14486638537271448,0.5,0.1448536585578813
0,prior,Swelling face,0.03656821378340366,0.5,0.036602700949357414
0,prior,Syncope,0.35372714486638535,0.5,0.35373535865244154
0,prior,Systemic lupus erythematosus,0.053445850914205346,0.5,0.05346713222113662
0,prior,Tachycardia,0.4191279887482419,0.5,0.4191792987171058
0,prior,Tenderness,0.0850914205344585,0.5,0.08509308033434006
0,prior,Tension,0.30239099859353025,0.5,0.3023784315214952
0,prior,Thinking abnormal,0.08720112517580872,0.5,0.08719084328050006
0,prior,Thirst,0.1490857946554149,0.5,0.14909136550129615
0,prior,Throat irritation,0.04922644163150492,0.5,0.049221890140670445
0,prior,Throat tightness,0.03727144866385373,0.5,0.03725983824339628
0,prior,Thrombocytopenia,0.4212376933895921,0.5,0.421319382415627
0,prior,Thrombocytopenic purpura,0.03867791842475387,0.5,0.038688126527436896
0,prior,Thrombocytosis,0.05977496483825598,0.5,0.05976795619666795
0,prior,Thrombophlebitis,0.14556962025316456,0.5,0.1455206622538529
0,prior,Thrombosis,0.07946554149085795,0.5,0.07942450936478708
0,prior,Tinnitus,0.27637130801687765,0.5,0.27638880957931583
0,prior,Tongue discolouration,0.04149085794655415,0.5,0.041497597574786015
0,prior,Tongue disorder,0.0710267229254571,0.5,0.07098609011954063
0,prior,Tongue oedema,0.052742616033755275,0.5,0.05270828367389883
0,prior,Tooth disorder,0.05907172995780591,0.5,0.059071231056289995
0,prior,Toothache,0.05977496483825598,0.5,0.059758107257393465
0,prior,Torsade de pointes,0.0639943741209564,0.5,0.06397849997511572
0,prior,Toxic epidermal necrolysis,0.180028129395218,0.5,0.18007517674393023
0,prior,Transaminases increased,0.06891701828410689,0.5,0.06888585620723285
0,prior,Transient ischaemic attack,0.04922644163150492,0.5,0.049209500384615044
0,prior,Tremor,0.32770745428973275,0.5,0.32768126457586255
0,prior,Tubulointerstitial nephritis,0.08016877637130802,0.5,0.08020806757350252
0,prior,Ulcer,0.09282700421940929,0.5,0.09280489583087766
0,prior,Upper respiratory tract infection,0.2320675105485232,0.5,0.23208678766542593
0,prior,Urethral disorder,0.2714486638537271,0.5,0.2714543425702064
0,prior,Urinary incontinence,0.11251758087201125,0.5,0.11248125165349546
0,prior,Urinary retention,0.16736990154711673,0.5,0.16739396892170705
0,prior,Urinary tract disorder,0.26863572433192684,0.5,0.26863989466524524
0,prior,Urinary tract infection,0.24824191279887484,0.5,0.24823949337335774
0,prior,Urine abnormality,0.04571026722925457,0.5,0.045708141353233776
0,prior,Urine analysis abnormal,0.04992967651195499,0.5,0.049928586458930876
0,prior,Urine output increased,0.12236286919831224,0.5,0.12236529087113346
0,prior,Urticaria,0.5590717299578059,0.5,0.5590712397876192
0,prior,VIIth nerve paralysis,0.03727144866385373,0.5,0.03725489631110075
0,prior,Vaginal discharge,0.06047819971870605,0.5,0.06048458876749431
0,prior,Vaginal haemorrhage,0.08227848101265822,0.5,0.08226130074102792
0,prior,Vaginal infection,0.11673699015471167,0.5,0.11675122085809755
0,prior,Vaginal inflammation,0.10829817158931083,0.5,0.10831530750431546
0,prior,Vascular purpura,0.14135021097046413,0.5,0.14137459060980476
0,prior,Vasculitis,0.10689170182841069,0.5,0.10688467049273512
0,prior,Vasodilation procedure,0.09353023909985936,0.5,0.09354881380527913
0,prior,Ventricular arrhythmia,0.07032348804500703,0.5,0.07029421959816677
0,prior,Ventricular extrasystoles,0.090014064697609,0.5,0.09000036671582404
0,prior,Ventricular fibrillation,0.07243319268635724,0.5,0.07241939018650992
0,prior,Ventricular tachycardia,0.1019690576652602,0.5,0.10194505199943071
0,prior,Vertigo,0.3558368495077356,0.5,0.35584058688501974
0,prior,Viral infection,0.09142053445850915,0.5,0.0914212071761048
0,prior,Vision blurred,0.3227848101265823,0.5,0.32276901879942477
0,prior,Visual acuity reduced,0.052742616033755275,0.5,0.05272573760085777
0,prior,Visual impairment,0.2714486638537271,0.5,0.27142700477865644
0,prior,Vomiting,0.759493670886076,0.5,0.7595963419223418
0,prior,Vulvovaginal candidiasis,0.051336146272855133,0.5,0.05131965308683045
0,prior,Vulvovaginal mycotic infection,0.05555555555555555,0.5,0.055532650368767686
0,prior,Weight decreased,0.22433192686357242,0.5,0.22435257630963384
0,prior,Weight increased,0.23136427566807313,0.5,0.23132056114506142
0,prior,Wheezing,0.12165963431786217,0.5,0.12162894295909983
0,prior,White blood cell count decreased,0.046413502109704644,0.5,0.046424808849376706
0,documentation flags + logreg,Abdominal discomfort,0.20253164556962025,0.6163344027271156,0.3055584027780026
0,documentation flags + logreg,Abdominal distension,0.20815752461322082,0.6164494954202518,0.32443839803673435
0,documentation flags + logreg,Abdominal pain,0.580168776371308,0.6317643663275418,0.7013314389992625
0,documentation flags + logreg,Abdominal pain upper,0.18846694796061886,0.5935860042185651,0.26758871090815334
0,documentation flags + logreg,Abnormal dreams,0.10548523206751055,0.6320442299656478,0.2018726223725727
0,documentation flags + logreg,Abscess,0.07805907172995781,0.5699056727056726,0.17665969064572629
0,documentation flags + logreg,Accommodation disorder,0.04922644163150492,0.6822409657292027,0.11844845821106036
0,documentation flags + logreg,Acidosis,0.0450070323488045,0.5706526693046428,0.08629954718113038
0,documentation flags + logreg,Acne,0.09282700421940929,0.6007610820738464,0.19894170388946575
0,documentation flags + logreg,Acute coronary syndrome,0.2348804500703235,0.628939249758516,0.35447696353743974
0,documentation flags + logreg,Affect lability,0.1617440225035162,0.6231990653283138,0.27975886424992497
0,documentation flags + logreg,Ageusia,0.07946554149085795,0.634397639363461,0.1781434766926758
0,documentation flags + logreg,Aggression,0.0850914205344585,0.6373412467860513,0.16350031906151313
0,documentation flags + logreg,Agitation,0.3340365682137834,0.6277441547297088,0.46429914090005664
0,documentation flags + logreg,Agranulocytosis,0.23347398030942335,0.6977725419237947,0.3928903578643738
0,documentation flags + logreg,Akathisia,0.04852320675105485,0.669219388664499,0.12556008283530634
0,documentation flags + logreg,Alanine aminotransferase increased,0.19268635724331926,0.5982153754186104,0.2835828903658561
0,documentation flags + logreg,Albuminuria,0.0710267229254571,0.6147984334652703,0.1440388090073588
0,documentation flags + logreg,Alopecia,0.3108298171589311,0.6568740482290801,0.47474767069032586
0,documentation flags + logreg,Altered state of consciousness,0.040787623066104076,0.6221454126069782,0.07392224017471352
0,documentation flags + logreg,Amblyopia,0.07383966244725738,0.647904196562578,0.16883137340816876
0,documentation flags + logreg,Amenorrhoea,0.08720112517580872,0.6324593563111016,0.19150499114492076
0,documentation flags + logreg,Amnesia,0.14486638537271448,0.6693017146959844,0.2607287782574443
0,documentation flags + logreg,Amylase increased,0.04430379746835443,0.4508975337156261,0.04352944523279829
0,documentation flags + logreg,Anaemia,0.36146272855133615,0.598036877511017,0.4543705089983613
0,documentation flags + logreg,Anaphylactic shock,0.4388185654008439,0.6559983560034813,0.6204805933312384
0,documentation flags + logreg,Anaphylactoid reaction,0.17651195499296765,0.5790526473530997,0.28225402301590613
0,documentation flags + logreg,Angina pectoris,0.2039381153305204,0.6492245613461958,0.31634277339290856
0,documentation flags + logreg,Angioedema,0.37060478199718705,0.680764436303029,0.5626714069226766
0,documentation flags + logreg,Angiopathy,0.319971870604782,0.5727448336413189,0.3951768619995582
0,documentation flags + logreg,Anorectal discomfort,0.051336146272855133,0.5917360358401115,0.108118940851668
0,documentation flags + logreg,Anorectal disorder,0.04289732770745429,0.6435582705003626,0.10990254393239465
0,documentation flags + logreg,Anxiety,0.38466947960618847,0.6313210383538055,0.5089644291533622
0,documentation flags + logreg,Apathy,0.06188466947960619,0.6447377873547973,0.1210058447706516
0,documentation flags + logreg,Aphasia,0.06047819971870605,0.602878659956465,0.1079259332145042
0,documentation flags + logreg,Aphthous stomatitis,0.03938115330520394,0.6292296643691114,0.1147964430669782
0,documentation flags + logreg,Aplastic anaemia,0.11392405063291139,0.6713368607349286,0.21257555698940997
0,documentation flags + logreg,Apnoea,0.08368495077355836,0.4931042730799103,0.11683739788161748
0,documentation flags + logreg,Application site pain,0.04289732770745429,0.5920999317722189,0.08179486209478382
0,documentation flags + logreg,Application site reaction,0.03727144866385373,0.6371119271304226,0.1194484320560858
0,documentation flags + logreg,Arrhythmia,0.28621659634317864,0.6281702478367098,0.4319578263902539
0,documentation flags + logreg,Arrhythmia supraventricular,0.035161744022503515,0.5288597356208191,0.043467883442448736
0,documentation flags + logreg,Arthralgia,0.4120956399437412,0.6307555739904831,0.5338339223098363
0,documentation flags + logreg,Arthritis,0.1568213783403657,0.6470252475754638,0.2647684116106643
0,documentation flags + logreg,Arthropathy,0.0949367088607595,0.700397185570069,0.2659782725827977
0,documentation flags + logreg,Aspartate aminotransferase increased,0.1940928270042194,0.5812753510181004,0.24862045429991192
0,documentation flags + logreg,Asthenia,0.6371308016877637,0.6526637061917173,0.7575542855908761
0,documentation flags + logreg,Asthma,0.19057665260196907,0.6575051623243728,0.3453027212605383
0,documentation flags + logreg,Ataxia,0.1680731364275668,0.6615207190814419,0.2871368988338622
0,documentation flags + logreg,Atrial fibrillation,0.1469760900140647,0.6598837259235542,0.25784478970321584
0,documentation flags + logreg,Atrioventricular block,0.09423347398030943,0.6869023980978057,0.21768521167920216
0,documentation flags + logreg,Azotaemia,0.0450070323488045,0.6555590686294313,0.10906346697841122
0,documentation flags + logreg,Back pain,0.3509142053445851,0.5981668528933504,0.44744205916879043
0,documentation flags + logreg,Bacterial infection,0.03867791842475387,0.5321516727958308,0.06201925200479026
0,documentation flags + logreg,Balance disorder,0.04781997187060478,0.6113287308833245,0.10437050601658086
0,documentation flags + logreg,Bladder pain,0.11744022503516174,0.6681291067903329,0.24585510838471256
0,documentation flags + logreg,Blepharitis,0.05555555555555555,0.5488927825531229,0.10905291817654258
0,documentation flags + logreg,Blindness,0.052742616033755275,0.7364801990599072,0.200045592934713
0,documentation flags + logreg,Blister,0.0710267229254571,0.6400375619090235,0.1779936283699833
0,documentation flags + logreg,Blood alkaline phosphatase increased,0.13431786216596342,0.6172220674197682,0.21977441586168833
0,documentation flags + logreg,Blood bilirubin increased,0.0970464135021097,0.6147402252551306,0.15329600229602472
0,documentation flags + logreg,Blood creatine phosphokinase increased,0.06821378340365682,0.6237836686358602,0.1329476782452754
0,documentation flags + logreg,Blood creatinine increased,0.1751054852320675,0.5908986462196778,0.24381290011867054
0,documentation flags + logreg,Blood disorder,0.08720112517580872,0.6394996016432495,0.1623694990097065
0,documentation flags + logreg,Blood glucose increased,0.046413502109704644,0.633024171017381,0.08953848268768058
0,documentation flags + logreg,Blood lactate dehydrogenase increased,0.058368495077355836,0.6061742466345142,0.09553815302214055
0,documentation flags + logreg,Blood pressure increased,0.10337552742616034,0.581835453351766,0.17667000735599087
0,documentation flags + logreg,Blood triglycerides increased,0.06751054852320675,0.6074876683074086,0.11028870190440596
0,documentation flags + logreg,Blood urea increased,0.1160337552742616,0.6395935263653934,0.1999340005680899
0,documentation flags + logreg,Blood uric acid increased,0.10618846694796062,0.6513112645654122,0.17973178473746412
0,documentation flags + logreg,Body temperature decreased,0.046413502109704644,0.6100298756169631,0.11052636166318583
0,documentation flags + logreg,Body temperature increased,0.5414908579465542,0.615819011229037,0.6513145047139054
0,documentation flags + logreg,Bone disorder,0.08931082981715893,0.6489939788484421,0.16291438793009883
0,documentation flags + logreg,Bone pain,0.1090014064697609,0.6202704642804645,0.17955494191080387
0,documentation flags + logreg,Bradycardia,0.2559774964838256,0.6224959700368391,0.3939054865210476
0,documentation flags + logreg,Breast cancer,0.035864978902953586,0.6718189564497983,0.11289176767644278
0,documentation flags + logreg,Breast disorder,0.180028129395218,0.643392644136155,0.29632689558589165
0,documentation flags + logreg,Breast enlargement,0.06258790436005626,0.6395311730355869,0.1432044352144309
0,documentation flags + logreg,Breast pain,0.09142053445850915,0.6283951825491236,0.18938532491928942
0,documentation flags + logreg,Bronchitis,0.21167369901547117,0.6492136861494655,0.34729577279167234
0,documentation flags + logreg,Bronchospasm,0.20182841068917018,0.5708172228374779,0.30543811804451365
0,documentation flags + logreg,Bundle branch block,0.04571026722925457,0.6265197492064173,0.10883580852643346
0,documentation flags + logreg,Burning sensation,0.07172995780590717,0.5019232266798213,0.12364376225369689
0,documentation flags + logreg,Bursitis,0.04360056258790436,0.6768141309326602,0.14005816354170683
0,documentation flags + logreg,Candida infection,0.11954992967651196,0.6504528992102407,0.22176940476225085
0,documentation flags + logreg,Cardiac arrest,0.16736990154711673,0.6041007547180006,0.26436295738010146
0,documentation flags + logreg,Cardiac disorder,0.29254571026722925,0.6059131633137778,0.3782831351783866
0,documentation flags + logreg,Cardiac failure,0.15330520393811534,0.6378456690246539,0.2499805150258465
0,documentation flags + logreg,Cardiac failure congestive,0.1441631504922644,0.6209560181989393,0.2596056130904046
0,documentation flags + logreg,Cardiomyopathy,0.04360056258790436,0.6140359700885971,0.08080585199345205
0,documentation flags + logreg,Cardiovascular disorder,0.0850914205344585,0.6168894085074698,0.18232852141692996
0,documentation flags + logreg,Cataract,0.10126582278481013,0.6251152638293324,0.22758915587187728
0,documentation flags + logreg,Cellulitis,0.09282700421940929,0.5267890746146134,0.12763067069617293
0,documentation flags + logreg,Cerebral haemorrhage,0.04922644163150492,0.6057186682737876,0.07852949978699003
0,documentation flags + logreg,Cerebral ischaemia,0.04219409282700422,0.6344020234680593,0.08436340537348545
0,documentation flags + logreg,Cerebrovascular accident,0.15822784810126583,0.6377603243717772,0.25297143371295217
0,documentation flags + logreg,Cerebrovascular disorder,0.035161744022503515,0.7396608893144947,0.10992834503534687
0,documentation flags + logreg,Chest discomfort,0.09634317862165963,0.564799121710271,0.12575136899854905
0,documentation flags + logreg,Chest pain,0.38748241912798875,0.6370542852332545,0.5243738566783558
0,documentation flags + logreg,Chills,0.3108298171589311,0.5715769633033533,0.3865696444392404
0,documentation flags + logreg,Cholecystitis,0.052742616033755275,0.5735625300997487,0.10924287097829062
0,documentation flags + logreg,Cholelithiasis,0.06118143459915612,0.633271589236695,0.12666832952446413
0,documentation flags + logreg,Cholestasis,0.07243319268635724,0.6594772444004962,0.14405668712487427
0,documentation flags + logreg,Coagulopathy,0.07524613220815753,0.5880309162104009,0.1277928108479876
0,documentation flags + logreg,Cognitive disorder,0.04219409282700422,0.6054722463949844,0.15268229247703297
0,documentation flags + logreg,Cold sweat,0.03867791842475387,0.541424702082673,0.050063152806430346
0,documentation flags + logreg,Colitis,0.10478199718706048,0.66334418346445,0.1989173698006864
0,documentation flags + logreg,Coma,0.1209563994374121,0.6285363952155216,0.2080060502629663
0,documentation flags + logreg,Completed suicide,0.04781997187060478,0.716367992735792,0.129403060405726
0,documentation flags + logreg,Confusional state,0.38255977496483823,0.6489826518821525,0.5255596011610527
0,documentation flags + logreg,Conjunctival hyperaemia,0.0379746835443038,0.5457727397752669,0.07145173501860783
0,documentation flags + logreg,Conjunctivitis,0.23136427566807313,0.6411580608755711,0.37418626118511406
0,documentation flags + logreg,Connective tissue disorder,0.2848101265822785,0.5877188860711278,0.3616158252949745
0,documentation flags + logreg,Constipation,0.4929676511954993,0.6647827231912661,0.645664817369508
0,documentation flags + logreg,Contusion,0.09774964838255977,0.6109426689239982,0.1918467682582363
0,documentation flags + logreg,Convulsion,0.36357243319268634,0.6004542474079745,0.45771756489701765
0,documentation flags + logreg,Coordination abnormal,0.09915611814345991,0.6846903796969667,0.2061197523357959
0,documentation flags + logreg,Cough,0.4008438818565401,0.6166916346103108,0.5218663918820344
0,documentation flags + logreg,Cyanosis,0.06962025316455696,0.5270821096847869,0.09523215969527306
0,documentation flags + logreg,Cyst,0.06540084388185655,0.5001093868162597,0.07316425050567434
0,documentation flags + logreg,Cystitis,0.10759493670886076,0.6843217590287537,0.24770100344301352
0,documentation flags + logreg,Cystitis noninfective,0.10618846694796062,0.681724263919634,0.24252345071354925
0,documentation flags + logreg,Deafness,0.1371308016877637,0.6520986593550623,0.2493934804908368
0,documentation flags + logreg,Decreased appetite,0.4838255977496484,0.6429960094993568,0.6018069869120604
0,documentation flags + logreg,Deep vein thrombosis,0.06680731364275667,0.5989795863603528,0.1075452092001008
0,documentation flags + logreg,Dehydration,0.17158931082981715,0.5623363006256124,0.2262441188225368
0,documentation flags + logreg,Delirium,0.07876230661040788,0.6434928305578774,0.1556233780457222
0,documentation flags + logreg,Delusion,0.06821378340365682,0.646915738649523,0.16331268343919647
0,documentation flags + logreg,Dementia,0.03727144866385373,0.604362791225325,0.07728679274145575
0,documentation flags + logreg,Depersonalisation,0.06188466947960619,0.6606722098652378,0.1536380416080356
0,documentation flags + logreg,Depressed level of consciousness,0.10126582278481013,0.6120878029949459,0.1617648665958515
0,documentation flags + logreg,Depressed mood,0.035864978902953586,0.5916190993682047,0.05748203001162418
0,documentation flags + logreg,Depression,0.22644163150492264,0.6255105524632291,0.3308504570239719
0,documentation flags + logreg,Dermatitis,0.7658227848101266,0.7085709406608744,0.8733616621452942
0,documentation flags + logreg,Dermatitis atopic,0.07454289732770746,0.6644847551814361,0.14049364815774829
0,documentation flags + logreg,Dermatitis bullous,0.14767932489451477,0.6515582684910494,0.26760898044352455
0,documentation flags + logreg,Dermatitis contact,0.11181434599156118,0.6404264997716761,0.2595594435964219
0,documentation flags + logreg,Dermatitis exfoliative,0.14556962025316456,0.6732811094741679,0.2548046217200904
0,documentation flags + logreg,Diabetes mellitus,0.1441631504922644,0.647862361773306,0.2813650981111856
0,documentation flags + logreg,Diarrhoea,0.6849507735583685,0.6472468728653009,0.7910863278909195
0,documentation flags + logreg,Diplopia,0.1518987341772152,0.6354467940531485,0.25620794468818797
0,documentation flags + logreg,Discomfort,0.3924050632911392,0.6246620129520104,0.5265379624089398
0,documentation flags + logreg,Disorientation,0.12376933895921238,0.6130608271420207,0.19699508554862968
0,documentation flags + logreg,Disturbance in attention,0.09071729957805907,0.6561803673646889,0.17764898983714772
0,documentation flags + logreg,Disturbance in sexual arousal,0.16455696202531644,0.6370891283163369,0.26104187055333095
0,documentation flags + logreg,Dizziness,0.7250351617440225,0.6497531745236353,0.8297479532165255
0,documentation flags + logreg,Drug eruption,0.05414908579465542,0.7084624130094495,0.14490388297464998
0,documentation flags + logreg,Drug interaction,0.09353023909985936,0.700845784498269,0.2294382647625209
0,documentation flags + logreg,Drug withdrawal syndrome,0.04008438818565401,0.6899996732100634,0.11377905642809841
0,documentation flags + logreg,Dry eye,0.11462728551336146,0.6511485147512797,0.22418623981632085
0,documentation flags + logreg,Dry mouth,0.38959212376933894,0.6693847219578565,0.5535499188268073
0,documentation flags + logreg,Dry skin,0.18635724331926865,0.6059741907697808,0.29857438300707223
0,documentation flags + logreg,Duodenal ulcer,0.03938115330520394,0.6341747218074812,0.10158577551717907
0,documentation flags + logreg,Dysarthria,0.09212376933895922,0.6568362026413432,0.17415567065395637
0,documentation flags + logreg,Dysgeusia,0.32208157524613223,0.6137310463871961,0.450283925043122
0,documentation flags + logreg,Dyskinesia,0.09142053445850915,0.6730025368055089,0.20255994851204737
0,documentation flags + logreg,Dysmenorrhoea,0.09845288326300984,0.6711490552791722,0.22186607535517236
0,documentation flags + logreg,Dyspepsia,0.4908579465541491,0.68034930906281,0.6641956137031585
0,documentation flags + logreg,Dysphagia,0.18565400843881857,0.6416711753187039,0.29644255227633465
0,documentation flags + logreg,Dysphonia,0.08649789029535865,0.6699332545897005,0.17686965047689873
0,documentation flags + logreg,Dyspnoea,0.4908579465541491,0.6171593110495038,0.6107980288008781
0,documentation flags + logreg,Dysuria,0.21026722925457103,0.6525483796021393,0.34604294750584236
0,documentation flags + logreg,Ear disorder,0.047116736990154715,0.6278486920728819,0.09026697216641104
0,documentation flags + logreg,Ear infection,0.03727144866385373,0.699951422372347,0.09822789110401499
0,documentation flags + logreg,Ear pain,0.12658227848101267,0.6026936377964682,0.2078306782151782
0,documentation flags + logreg,Ecchymosis,0.1279887482419128,0.6314654508372654,0.26588494550017927
0,documentation flags + logreg,Eczema,0.13924050632911392,0.6602733580396611,0.25751367789969787
0,documentation flags + logreg,Electrocardiogram QT prolonged,0.05977496483825598,0.627356438380306,0.10048209347614993
0,documentation flags + logreg,Electrocardiogram abnormal,0.05977496483825598,0.5846018909750609,0.09402183189221784
0,documentation flags + logreg,Electrolyte imbalance,0.03656821378340366,0.5586506473739234,0.12638930703741436
0,documentation flags + logreg,Embolism,0.06751054852320675,0.6250637076083259,0.16492921372214883
0,documentation flags + logreg,Embolism venous,0.051336146272855133,0.6031797077335451,0.15393589704099314
0,documentation flags + logreg,Encephalopathy,0.056962025316455694,0.6226121355898839,0.08968827033213307
0,documentation flags + logreg,Endocrine disorder,0.09071729957805907,0.5994396658862243,0.15462001398934516
0,documentation flags + logreg,Endophthalmitis,0.04149085794655415,0.6250829003675002,0.10430536642604812
0,documentation flags + logreg,Eosinophilia,0.2039381153305204,0.6650509700434771,0.31700178259613115
0,documentation flags + logreg,Epigastric discomfort,0.04289732770745429,0.6407948919465711,0.08193216136779546
0,documentation flags + logreg,Epilepsy,0.03727144866385373,0.6373968364968364,0.12920240167817562
0,documentation flags + logreg,Epistaxis,0.2468354430379747,0.6774988824469318,0.4126428761904332
0,documentation flags + logreg,Erectile dysfunction,0.2109704641350211,0.6930448487816866,0.38197022741838554
0,documentation flags + logreg,Eructation,0.1090014064697609,0.632892776682983,0.2043779584718553
0,documentation flags + logreg,Erythema,0.339662447257384,0.5841337322799862,0.45040865880897485
0,documentation flags + logreg,Erythema multiforme,0.27355836849507736,0.6780672286831049,0.4391106781789581
0,documentation flags + logreg,Erythema nodosum,0.03867791842475387,0.675042940030377,0.14902969868308488
0,documentation flags + logreg,Euphoric mood,0.11954992967651196,0.661420404843415,0.23448224595545147
0,documentation flags + logreg,Extrapyramidal disorder,0.07172995780590717,0.7172308597798741,0.19074992606259378
0,documentation flags + logreg,Extrasystoles,0.07735583684950774,0.655938700999356,0.14432706386241032
0,documentation flags + logreg,Extravasation,0.07524613220815753,0.5465009568524647,0.10747593311720038
0,documentation flags + logreg,Eye disorder,0.28621659634317864,0.6172929614902497,0.40299255440822906
0,documentation flags + logreg,Eye haemorrhage,0.04289732770745429,0.6505112923359987,0.12760677318748098
0,documentation flags + logreg,Eye irritation,0.090014064697609,0.6102359289795657,0.14427502725926078
0,documentation flags + logreg,Eye pain,0.14064697609001406,0.6140852581947367,0.23099430963906542
0,documentation flags + logreg,Eye pruritus,0.0379746835443038,0.5977279827335448,0.080997344034351
0,documentation flags + logreg,Eyelid oedema,0.04289732770745429,0.5998150721032978,0.06958310248370785
0,documentation flags + logreg,Face oedema,0.17088607594936708,0.6434288413519849,0.2885859533533972
0,documentation flags + logreg,Faecal incontinence,0.04781997187060478,0.5514101622983882,0.09735677246546096
0,documentation flags + logreg,Fatigue,0.510548523206751,0.646715331980172,0.6559206534739425
0,documentation flags + logreg,Febrile neutropenia,0.05977496483825598,0.5482068333607544,0.07646674462847937
0,documentation flags + logreg,Feeling abnormal,0.5133614627285513,0.6605680687925534,0.670108413078441
0,documentation flags + logreg,Feeling hot,0.08227848101265822,0.4722493440212058,0.08151826340707385
0,documentation flags + logreg,Flank pain,0.035161744022503515,0.5768114391823488,0.060911339960027844
0,documentation flags + logreg,Flat affect,0.06258790436005626,0.6471015193980894,0.12523628117236046
0,documentation flags + logreg,Flatulence,0.3143459915611814,0.6679370053392389,0.46391232312009834
0,documentation flags + logreg,Fluid overload,0.0379746835443038,0.5824939559615424,0.06808356048709435
0,documentation flags + logreg,Fluid retention,0.1160337552742616,0.6540910227005082,0.2547225679682007
0,documentation flags + logreg,Flushing,0.30028129395218,0.5786569771887466,0.3844394054702658
0,documentation flags + logreg,Foetor hepaticus,0.05063291139240506,0.6637447392099505,0.11349774065104568
0,documentation flags + logreg,Folliculitis,0.0639943741209564,0.5660634965681807,0.13687366453927696
0,documentation flags + logreg,Fracture,0.05485232067510549,0.7110427153522724,0.19940926094395686
0,documentation flags + logreg,Fungal infection,0.07946554149085795,0.6127131760331795,0.19219161028011228
0,documentation flags + logreg,Fungal skin infection,0.03656821378340366,0.6156236321102101,0.1144160158728698
0,documentation flags + logreg,Furuncle,0.04289732770745429,0.5388140794317955,0.11299951315794714
0,documentation flags + logreg,Gait disturbance,0.10056258790436005,0.6336929641951609,0.1699558154940432
0,documentation flags + logreg,Galactorrhoea,0.05977496483825598,0.687950362837516,0.1722830743698342
0,documentation flags + logreg,Gamma-glutamyltransferase increased,0.0829817158931083,0.5675754289470539,0.114579565942038
0,documentation flags + logreg,Gastric ulcer,0.05063291139240506,0.6212249221997392,0.1389990700611698
0,documentation flags + logreg,Gastritis,0.18424753867791843,0.6530954971461586,0.30601800876855595
0,documentation flags + logreg,Gastroenteritis,0.13853727144866385,0.6487512274622401,0.2467966218747349
0,documentation flags + logreg,Gastrointestinal disorder,0.5210970464135021,0.5899556586173644,0.5929202808055818
0,documentation flags + logreg,Gastrointestinal haemorrhage,0.15330520393811534,0.6089469386817055,0.23062088356956925
0,documentation flags + logreg,Gastrointestinal pain,0.5478199718706048,0.6421779234349956,0.6760091274060103
0,documentation flags + logreg,Gastrooesophageal reflux disease,0.09915611814345991,0.6433915890249875,0.17931213876385635
0,documentation flags + logreg,Generalised oedema,0.053445850914205346,0.5836439021960953,0.11969203163243232
0,documentation flags + logreg,Gingival bleeding,0.05414908579465542,0.5953855002107864,0.13032120069306924
0,documentation flags + logreg,Gingivitis,0.07383966244725738,0.6311677633140025,0.1398153938064814
0,documentation flags + logreg,Glaucoma,0.07805907172995781,0.6509630054488413,0.20389332549254952
0,documentation flags + logreg,Glossitis,0.09774964838255977,0.6846034214088577,0.21327845249955532
0,documentation flags + logreg,Glycosuria,0.08579465541490858,0.6703781245629461,0.21363059745643492
0,documentation flags + logreg,Gout,0.09774964838255977,0.6745829274703719,0.19752591879007225
0,documentation flags + logreg,Grand mal convulsion,0.0379746835443038,0.7027669231950673,0.12020174225375377
0,documentation flags + logreg,Gynaecomastia,0.12517580872011252,0.6975704626248446,0.282005287954877
0,documentation flags + logreg,Haematemesis,0.07032348804500703,0.7062635474815258,0.17112551122877373
0,documentation flags + logreg,Haematochezia,0.035864978902953586,0.6574305686291246,0.09855117996239188
0,documentation flags + logreg,Haematocrit decreased,0.0379746835443038,0.5869065184255181,0.06668863220134445
0,documentation flags + logreg,Haematoma,0.07172995780590717,0.607678127371757,0.12969961261940344
0,documentation flags + logreg,Haematuria,0.2369901547116737,0.6007033723738182,0.31976149370380835
0,documentation flags + logreg,Haemoglobin,0.2679324894514768,0.5876427893792804,0.37859325941801825
0,documentation flags + logreg,Haemoglobin decreased,0.07383966244725738,0.6096238841085448,0.11243415888411552
0,documentation flags + logreg,Haemolytic anaemia,0.14064697609001406,0.688377585266559,0.25304061130177724
0,documentation flags + logreg,Haemoptysis,0.08157524613220815,0.5441316624022988,0.1378988293645006
0,documentation flags + logreg,Haemorrhage,0.26933895921237694,0.585957847251078,0.38014576340704476
0,documentation flags + logreg,Haemorrhage intracranial,0.04008438818565401,0.5404363483351247,0.04939877097167069
0,documentation flags + logreg,Haemorrhoids,0.05907172995780591,0.6255353354441592,0.13273103657391117
0,documentation flags + logreg,Hallucination,0.24261603375527427,0.6450233982122927,0.38656810125938945
0,documentation flags + logreg,Headache,0.7805907172995781,0.6500591397806877,0.8591074831224554
0,documentation flags + logreg,Hearing impaired,0.10056258790436005,0.6228750404748247,0.16601738189669585
0,documentation flags + logreg,Hepatic enzyme increased,0.09634317862165963,0.6564210158183921,0.18216359179082617
0,documentation flags + logreg,Hepatic failure,0.1441631504922644,0.643761094751578,0.26091958107960384
0,documentation flags + logreg,Hepatic function abnormal,0.12939521800281295,0.6697854017188405,0.24173815936296386
0,documentation flags + logreg,Hepatic necrosis,0.052742616033755275,0.615909471832661,0.1356138738700821
0,documentation flags + logreg,Hepatitis,0.2552742616033755,0.6853093437405233,0.4108971972865116
0,documentation flags + logreg,Hepatobiliary disease,0.24120956399437413,0.6319583416253935,0.35329323262187967
0,documentation flags + logreg,Hepatocellular injury,0.10478199718706048,0.6263406628040239,0.19133847605098248
0,documentation flags + logreg,Hepatomegaly,0.06891701828410689,0.6275329382155391,0.17932835470607084
0,documentation flags + logreg,Hepatotoxicity,0.07946554149085795,0.5633683724612599,0.09869701853235843
0,documentation flags + logreg,Hernia,0.03727144866385373,0.6276043845542789,0.09831107541843229
0,documentation flags + logreg,Herpes simplex,0.09353023909985936,0.6124535877424495,0.2068631014678608
0,documentation flags + logreg,Herpes zoster,0.08157524613220815,0.560824330292391,0.14110879576981444
0,documentation flags + logreg,Hiccups,0.10267229254571027,0.5945184968650823,0.20741552228437596
0,documentation flags + logreg,Hirsutism,0.06118143459915612,0.6352547199841244,0.18484144493257296
0,documentation flags + logreg,Hostility,0.047116736990154715,0.664561887621578,0.13334683706343414
0,documentation flags + logreg,Hot flush,0.15611814345991562,0.5964448545682094,0.22145290479483806
0,documentation flags + logreg,Hyperaesthesia,0.07524613220815753,0.6121838900780755,0.14954412886680793
0,documentation flags + logreg,Hyperbilirubinaemia,0.0970464135021097,0.5766235996736966,0.14070816388394491
0,documentation flags + logreg,Hypercalcaemia,0.0710267229254571,0.5422254230969388,0.10849178994011414
0,documentation flags + logreg,Hypercholesterolaemia,0.09915611814345991,0.6044314244890889,0.1606252025934684
0,documentation flags + logreg,Hyperglycaemia,0.23417721518987342,0.6355622321563523,0.34677670330970833
0,documentation flags + logreg,Hyperhidrosis,0.42334739803094235,0.6167098794069898,0.5442060935860985
0,documentation flags + logreg,Hyperkalaemia,0.11040787623066103,0.604015050634962,0.19210036849258072
0,documentation flags + logreg,Hyperkinesia,0.11954992967651196,0.6461533034483543,0.23301363434922062
0,documentation flags + logreg,Hyperlipidaemia,0.0639943741209564,0.6407378624034903,0.12807477330621012
0,documentation flags + logreg,Hypernatraemia,0.052742616033755275,0.646939196346369,0.18954564969922347
0,documentation flags + logreg,Hyperreflexia,0.040787623066104076,0.6160070831786342,0.09110749733782782
0,documentation flags + logreg,Hypersensitivity,0.6315049226441631,0.6167564271931001,0.7334047944798009
0,documentation flags + logreg,Hypertension,0.39732770745428975,0.6047883723792118,0.5088619958059392
0,documentation flags + logreg,Hyperthyroidism,0.035864978902953586,0.640518766974197,0.09260424737479231
0,documentation flags + logreg,Hypertonia,0.12376933895921238,0.6409556966700334,0.24964059836009697
0,documentation flags + logreg,Hypertrichosis,0.03656821378340366,0.6370603413395547,0.15166894581060242
0,documentation flags + logreg,Hypertriglyceridaemia,0.05625879043600562,0.5903723907460939,0.0915438102605496
0,documentation flags + logreg,Hyperuricaemia,0.09774964838255977,0.6412726900927452,0.16333120148879737
0,documentation flags + logreg,Hyperventilation,0.06469760900140648,0.6214521765714617,0.13673020354315243
0,documentation flags + logreg,Hypoaesthesia,0.2559774964838256,0.6003573511635347,0.3608271104559195
0,documentation flags + logreg,Hypocalcaemia,0.0949367088607595,0.5460615841142777,0.15168001792313718
0,documentation flags + logreg,Hypoglycaemia,0.1568213783403657,0.6144095689299502,0.25346382461365835
0,documentation flags + logreg,Hypokalaemia,0.18143459915611815,0.5820681627018135,0.2736401567936565
0,documentation flags + logreg,Hypokinesia,0.05907172995780591,0.6766341857259426,0.1566717490324472
0,documentation flags + logreg,Hypomagnesaemia,0.06047819971870605,0.5575166254933888,0.10593111289195727
0,documentation flags + logreg,Hyponatraemia,0.1540084388185654,0.6259006547774127,0.23716217314478252
0,documentation flags + logreg,Hypophosphataemia,0.056962025316455694,0.4984824669356092,0.08598843891754557
0,documentation flags + logreg,Hyporeflexia,0.0379746835443038,0.6580863786401709,0.11392231861539663
0,documentation flags + logreg,Hypotension,0.4676511954992968,0.6029494407388495,0.5672950824430014
0,documentation flags + logreg,Hypothermia,0.046413502109704644,0.6100298756169631,0.11052636166318583
0,documentation flags + logreg,Hypothyroidism,0.06329113924050633,0.6265517030329396,0.12037679667490053
0,documentation flags + logreg,Hypotonia,0.04571026722925457,0.6472026810010997,0.0997012846260946
0,documentation flags + logreg,Hypoxia,0.06047819971870605,0.5459505946204805,0.11346854812552087
0,documentation flags + logreg,Ileus,0.07032348804500703,0.5789140149346208,0.12549175083039263
0,documentation flags + logreg,Ileus paralytic,0.035161744022503515,0.5765792548347303,0.055416878947489125
0,documentation flags + logreg,Ill-defined disorder,0.34247538677918427,0.6303571681894701,0.4819878875393093
0,documentation flags + logreg,Immune system disorder,0.3150492264416315,0.6059404737746915,0.41879767457430966
0,documentation flags + logreg,Impaired healing,0.04430379746835443,0.5582403855954852,0.13147096527283322
0,documentation flags + logreg,Inappropriate antidiuretic hormone secretion,0.04922644163150492,0.704906630560305,0.11431318683434766
0,documentation flags + logreg,Increased appetite,0.1568213783403657,0.6780787294465366,0.3163658560742672
0,documentation flags + logreg,Induration,0.04149085794655415,0.5966143116535256,0.06401015860722027
0,documentation flags + logreg,Infection,0.4212376933895921,0.6198974717408052,0.5411517742737921
0,documentation flags + logreg,Infestation,0.24753867791842477,0.5852061470843879,0.3179351736015725
0,documentation flags + logreg,Inflammation,0.10829817158931083,0.5776080808735484,0.17336868516263357
0,documentation flags + logreg,Influenza,0.1990154711673699,0.6669286516906922,0.3308840482635703
0,documentation flags + logreg,Influenza like illness,0.1160337552742616,0.5977888615328473,0.1886656720251597
0,documentation flags + logreg,Injection site pain,0.10267229254571027,0.5519119694490737,0.14588432576664964
0,documentation flags + logreg,Injection site reaction,0.13853727144866385,0.5672952063632188,0.19127265115361722
0,documentation flags + logreg,Injury,0.14556962025316456,0.6407200404612714,0.2853166824953962
0,documentation flags + logreg,Insomnia,0.4739803094233474,0.6791274768996691,0.6565911727901972
0,documentation flags + logreg,Interstitial lung disease,0.06891701828410689,0.5982246325089544,0.11235560621573715
0,documentation flags + logreg,Intestinal obstruction,0.06469760900140648,0.64641618046359,0.12627045824341684
0,documentation flags + logreg,Intracranial pressure increased,0.03938115330520394,0.5713611294447276,0.11110624234719353
0,documentation flags + logreg,Intraocular pressure increased,0.04430379746835443,0.6370445520876487,0.13508306897076558
0,documentation flags + logreg,Irritability,0.1617440225035162,0.6448241126464234,0.2790169310933364
0,documentation flags + logreg,Jaundice,0.23136427566807313,0.697455285126279,0.40707485584855574
0,documentation flags + logreg,Jaundice cholestatic,0.0949367088607595,0.6564460495833382,0.2116900520446658
0,documentation flags + logreg,Joint swelling,0.0450070323488045,0.7337825429983941,0.1474867870242306
0,documentation flags + logreg,Keratitis,0.06047819971870605,0.6371580384651437,0.12025818485063551
0,documentation flags + logreg,Lacrimal disorder,0.0379746835443038,0.6109421788527272,0.08500039341880013
0,documentation flags + logreg,Lacrimation increased,0.1019690576652602,0.5251463318637299,0.14401018749611388
0,documentation flags + logreg,Laryngeal oedema,0.0639943741209564,0.5234481047498476,0.10620864879500092
0,documentation flags + logreg,Laryngeal pain,0.07313642756680731,0.6007165608411709,0.11145274071907293
0,documentation flags + logreg,Laryngitis,0.06821378340365682,0.6684516587362654,0.15580530083701696
0,documentation flags + logreg,Laryngospasm,0.07243319268635724,0.6201826661124358,0.1461680470860046
0,documentation flags + logreg,Lethargy,0.15611814345991562,0.641414439677382,0.27055883308665657
0,documentation flags + logreg,Leukocytoclastic vasculitis,0.03938115330520394,0.6852012239917045,0.10316004233920764
0,documentation flags + logreg,Leukocytosis,0.10548523206751055,0.5941196520710488,0.18920124164908733
0,documentation flags + logreg,Leukoderma,0.04430379746835443,0.6608317315798423,0.15794818697191673
0,documentation flags + logreg,Leukopenia,0.35864978902953587,0.643656990942348,0.4793648363419976
0,documentation flags + logreg,Libido decreased,0.14767932489451477,0.6467810866469172,0.2436579923727158
0,documentation flags + logreg,Libido increased,0.057665260196905765,0.6402412278534759,0.12836539055472643
0,documentation flags + logreg,Liver disorder,0.06610407876230662,0.6514900726836034,0.13141547145550578
0,documentation flags + logreg,Liver function test abnormal,0.17440225035161744,0.6313204269925289,0.25887611548188116
0,documentation flags + logreg,Liver injury,0.08649789029535865,0.5883486543386974,0.13689415115646436
0,documentation flags + logreg,Local reaction,0.053445850914205346,0.6509814391961224,0.11589096867644663
0,documentation flags + logreg,Loss of consciousness,0.37060478199718705,0.6341732981049787,0.5105157591012912
0,documentation flags + logreg,Loss of libido,0.03867791842475387,0.7199026705439973,0.13286107790334684
0,documentation flags + logreg,Lung disorder,0.05414908579465542,0.5193669199425193,0.0647922951437424
0,documentation flags + logreg,Lung infiltration,0.04289732770745429,0.5826856911939648,0.054859820055970475
0,documentation flags + logreg,Lymphadenopathy,0.13291139240506328,0.610850795968871,0.22463466634264972
0,documentation flags + logreg,Lymphopenia,0.05063291139240506,0.5337778115262748,0.06851984244135731
0,documentation flags + logreg,Malaise,0.35372714486638535,0.6321215550269155,0.497797716579283
0,documentation flags + logreg,Malnutrition,0.33122362869198313,0.5814703411882576,0.4139094234970774
0,documentation flags + logreg,Mania,0.06751054852320675,0.6720750849953829,0.18573931465941695
0,documentation flags + logreg,Mediastinal disorder,0.31856540084388185,0.5883814356875012,0.4024554041988255
0,documentation flags + logreg,Melaena,0.10970464135021098,0.622113111606887,0.21766271763459186
0,documentation flags + logreg,Memory impairment,0.07735583684950774,0.6745215693478022,0.16858571151979254
0,documentation flags + logreg,Meningitis,0.03867791842475387,0.6091972418523031,0.14663474504585658
0,documentation flags + logreg,Menopausal symptoms,0.1589310829817159,0.5990308666059685,0.22558075697448804
0,documentation flags + logreg,Menorrhagia,0.07524613220815753,0.6911947662815814,0.17309846687831346
0,documentation flags + logreg,Menstrual disorder,0.06469760900140648,0.7037896260848499,0.15886908588286186
0,documentation flags + logreg,Menstruation irregular,0.05555555555555555,0.6319278575371488,0.15380070694086423
0,documentation flags + logreg,Mental disability,0.12306610407876231,0.6457598797205419,0.2135598228745959
0,documentation flags + logreg,Mental disorder,0.3227848101265823,0.6008245341849545,0.43458776584042214
0,documentation flags + logreg,Metrorrhagia,0.07172995780590717,0.6651504606913186,0.17641133581097265
0,documentation flags + logreg,Micturition urgency,0.05414908579465542,0.5602250940506391,0.09944867530651935
0,documentation flags + logreg,Migraine,0.16455696202531644,0.6496536649887312,0.28731241767271315
0,documentation flags + logreg,Mood swings,0.17088607594936708,0.6390343849768202,0.30855138437274554
0,documentation flags + logreg,Mouth ulceration,0.1209563994374121,0.6448542978700325,0.21924737799217492
0,documentation flags + logreg,Mucosal inflammation,0.05625879043600562,0.553574646599645,0.08811099830310294
0,documentation flags + logreg,Multiple fractures,0.05485232067510549,0.7110427153522724,0.19940926094395686
0,documentation flags + logreg,Muscle contractions involuntary,0.03867791842475387,0.5763434228717548,0.08482616311344382
0,documentation flags + logreg,Muscle relaxant therapy,0.04289732770745429,0.6779523997935416,0.09877016939121613
0,documentation flags + logreg,Muscle rigidity,0.04360056258790436,0.5832936726846475,0.08092620764629568
0,documentation flags + logreg,Muscle spasms,0.340365682137834,0.6340068971597803,0.47386885465007583
0,documentation flags + logreg,Muscle twitching,0.10267229254571027,0.6399024171257384,0.18623822056812564
0,documentation flags + logreg,Muscular weakness,0.19760900140646975,0.6250325380325149,0.3339511168289917
0,documentation flags + logreg,Musculoskeletal discomfort,0.4859353023909986,0.6397939085813737,0.6257314090221566
0,documentation flags + logreg,Musculoskeletal pain,0.11673699015471167,0.6248395733412713,0.20263176340249672
0,documentation flags + logreg,Musculoskeletal stiffness,0.09774964838255977,0.6249607314785639,0.18943700113841588
0,documentation flags + logreg,Myalgia,0.39943741209563993,0.6411328248462496,0.557742797714747
0,documentation flags + logreg,Mydriasis,0.07665260196905767,0.6145151335051204,0.13486861020714372
0,documentation flags + logreg,Myocardial infarction,0.2348804500703235,0.6356622909487657,0.36131369519795686
0,documentation flags + logreg,Myocardial ischaemia,0.08227848101265822,0.5411190553928156,0.10892657444561174
0,documentation flags + logreg,Myoclonus,0.05485232067510549,0.6718283404625413,0.12607417944561752
0,documentation flags + logreg,Myopathy,0.07665260196905767,0.6257677289607497,0.1854342289678411
0,documentation flags + logreg,Myositis,0.0450070323488045,0.5759437458869164,0.13272456539600003
0,documentation flags + logreg,Nail disorder,0.06047819971870605,0.5948484962417744,0.11581093182983374
0,documentation flags + logreg,Nasal congestion,0.1441631504922644,0.6190201501647461,0.22170061577736627
0,documentation flags + logreg,Nasopharyngitis,0.20042194092827004,0.6075951105829105,0.2896100226077358
0,documentation flags + logreg,Nausea,0.8438818565400844,0.6576298575986025,0.9003271638063175
0,documentation flags + logreg,Neck pain,0.10548523206751055,0.6092049322087718,0.18011872468253762
0,documentation flags + logreg,Necrosis,0.06962025316455696,0.5699486267849109,0.1786769109522782
0,documentation flags + logreg,Neoplasm,0.12447257383966245,0.5500530459827121,0.18707458628038112
0,documentation flags + logreg,Neoplasm malignant,0.09423347398030943,0.5130008508915845,0.14244029750280393
0,documentation flags + logreg,Nephrolithiasis,0.0808720112517581,0.6033312656416091,0.14498856549530537
0,documentation flags + logreg,Nephropathy,0.04289732770745429,0.5708409560275239,0.11128219837877096
0,documentation flags + logreg,Nephropathy toxic,0.053445850914205346,0.6733869265967856,0.09849375242618286
0,documentation flags + logreg,Nephrotic syndrome,0.04430379746835443,0.5957867627869274,0.08474734323469439
0,documentation flags + logreg,Nervous system disorder,0.4409282700421941,0.586460526346866,0.5242132069381717
0,documentation flags + logreg,Nervousness,0.3059071729957806,0.6752197671653852,0.4669379320195944
0,documentation flags + logreg,Neuralgia,0.06821378340365682,0.6341487219148553,0.1339505844830841
0,documentation flags + logreg,Neuritis,0.07172995780590717,0.6510322057861908,0.22527191645998243
0,documentation flags + logreg,Neuroleptic malignant syndrome,0.04360056258790436,0.6654459446144652,0.11841775320612177
0,documentation flags + logreg,Neuropathy peripheral,0.2390998593530239,0.6420945828541791,0.3767309856602159
0,documentation flags + logreg,Neutropenia,0.21940928270042195,0.6087053808012326,0.3150718995819989
0,documentation flags + logreg,Night sweats,0.05555555555555555,0.4604407292523601,0.058466245009573536
0,documentation flags + logreg,Nightmare,0.10407876230661041,0.6901152887552799,0.2320947912580274
0,documentation flags + logreg,Nocturia,0.09563994374120956,0.642532922886349,0.20124425474935767
0,documentation flags + logreg,Nuchal rigidity,0.04852320675105485,0.6455110611292294,0.15349608201746637
0,documentation flags + logreg,Nystagmus,0.06821378340365682,0.6630680853412872,0.12935251413659396
0,documentation flags + logreg,Ocular hyperaemia,0.04008438818565401,0.5944436118134704,0.07487261474922297
0,documentation flags + logreg,Oedema,0.4015471167369902,0.6408171092521328,0.5344621563250882
0,documentation flags + logreg,Oedema peripheral,0.2876230661040788,0.618343447704442,0.3923999101042148
0,documentation flags + logreg,Oesophagitis,0.12025316455696203,0.6851254887249677,0.2735335553579835
0,documentation flags + logreg,Oliguria,0.09212376933895922,0.6068265404890651,0.1675961903672004
0,documentation flags + logreg,Opportunistic infection,0.0379746835443038,0.43608779850439355,0.11924604363282447
0,documentation flags + logreg,Optic neuritis,0.06610407876230662,0.6672450969144459,0.2106392939414309
0,documentation flags + logreg,Oral candidiasis,0.06751054852320675,0.6215550088993487,0.11878049760923688
0,documentation flags + logreg,Oropharyngeal discomfort,0.07454289732770746,0.6498537914719915,0.16161812477897583
0,documentation flags + logreg,Oropharyngeal pain,0.10407876230661041,0.6040051464018251,0.16486822819464467
0,documentation flags + logreg,Orthostatic hypotension,0.17862165963431786,0.6347364185886625,0.27234049908215613
0,documentation flags + logreg,Osteoarthritis,0.15611814345991562,0.6817476780546456,0.313245488598117
0,documentation flags + logreg,Osteonecrosis,0.035161744022503515,0.6161661059359175,0.16711422163756948
0,documentation flags + logreg,Osteoporosis,0.05977496483825598,0.6201969855508551,0.16375414328939075
0,documentation flags + logreg,Otitis media,0.07243319268635724,0.6921425708061044,0.1891854536444441
0,documentation flags + logreg,Pain,0.5203938115330521,0.6057496600594476,0.635065595424073
0,documentation flags + logreg,Pain in extremity,0.17932489451476794,0.5828962013841134,0.2565661757479262
0,documentation flags + logreg,Pallor,0.09563994374120956,0.5889139298917077,0.14040338131167923
0,documentation flags + logreg,Palpitations,0.3551336146272855,0.6881798634943259,0.5360134486090744
0,documentation flags + logreg,Pancreatitis,0.22292545710267228,0.6619046850139443,0.38758118539554515
0,documentation flags + logreg,Pancreatitis acute,0.04219409282700422,0.650146184546144,0.14707880094761464
0,documentation flags + logreg,Pancytopenia,0.2088607594936709,0.6119787963833472,0.28914117432926434
0,documentation flags + logreg,Paraesthesia,0.45639943741209565,0.6418061752781414,0.6090067544133719
0,documentation flags + logreg,Paraesthesia oral,0.04149085794655415,0.5201713369735398,0.05056297193504407
0,documentation flags + logreg,Paralysis,0.06680731364275667,0.6016715781831301,0.15026001524658855
0,documentation flags + logreg,Paranoia,0.06258790436005626,0.628914393205261,0.11777165819867001
0,documentation flags + logreg,Parkinsonism,0.03656821378340366,0.6209053559680874,0.08140379434940681
0,documentation flags + logreg,Parosmia,0.06329113924050633,0.6364668980527037,0.1390877932809811
0,documentation flags + logreg,Pelvic pain,0.057665260196905765,0.5959943692370326,0.11874136059320498
0,documentation flags + logreg,Peptic ulcer,0.06821378340365682,0.6765071911506272,0.2020118942192258
0,documentation flags + logreg,Pericardial effusion,0.035161744022503515,0.547962406388314,0.04075094180754581
0,documentation flags + logreg,Pericarditis,0.03867791842475387,0.5876363294047687,0.060192522787672106
0,documentation flags + logreg,Periorbital oedema,0.035161744022503515,0.5144989299076531,0.051155375433360815
0,documentation flags + logreg,Peripheral coldness,0.03938115330520394,0.6575904407009073,0.08593007792134932
0,documentation flags + logreg,Peripheral vascular disorder,0.04289732770745429,0.5536145723497946,0.10146052752959486
0,documentation flags + logreg,Personality disorder,0.03656821378340366,0.49339954787066514,0.06962957944870103
0,documentation flags + logreg,Petechiae,0.0850914205344585,0.6407286386423816,0.20866399087972304
0,documentation flags + logreg,Pharyngitis,0.270042194092827,0.6408305704944998,0.41641886885578216
0,documentation flags + logreg,Phlebitis,0.1209563994374121,0.6042428977622241,0.19613850867732505
0,documentation flags + logreg,Photophobia,0.11251758087201125,0.5993813360165033,0.16551264544484653
0,documentation flags + logreg,Photosensitivity reaction,0.21308016877637131,0.7010368639713919,0.3894401868126212
0,documentation flags + logreg,Platelet count decreased,0.057665260196905765,0.5725974660542955,0.08647071741927945
0,documentation flags + logreg,Pleural effusion,0.08157524613220815,0.5554506014382481,0.1313053180673286
0,documentation flags + logreg,Pneumonia,0.23628691983122363,0.6329056100163133,0.3474282828467343
0,documentation flags + logreg,Pneumothorax,0.0450070323488045,0.5168613320827259,0.08824566929230873
0,documentation flags + logreg,Pollakiuria,0.2109704641350211,0.653302635691036,0.3508051109169248
0,documentation flags + logreg,Polyp,0.05907172995780591,0.5467398217793698,0.1009643670705637
0,documentation flags + logreg,Polyuria,0.13853727144866385,0.661224682187249,0.2499746994243434
0,documentation flags + logreg,Pregnancy,0.04992967651195499,0.6215943800960159,0.12472083394194182
0,documentation flags + logreg,Priapism,0.04571026722925457,0.6114292614631349,0.10433542769132516
0,documentation flags + logreg,Proctalgia,0.04360056258790436,0.583756385944348,0.10255730178151187
0,documentation flags + logreg,Protein urine present,0.09634317862165963,0.5770168893076681,0.12916813067596436
0,documentation flags + logreg,Proteinuria,0.09423347398030943,0.5807379645620447,0.1275214413342532
0,documentation flags + logreg,Prothrombin level increased,0.03727144866385373,0.6380588753371936,0.09012343677550547
0,documentation flags + logreg,Prurigo,0.04219409282700422,0.5713563657012795,0.05565734509239863
0,documentation flags + logreg,Pruritus,0.6638537271448663,0.6407001487113254,0.7664913773002618
0,documentation flags + logreg,Pseudomembranous colitis,0.04571026722925457,0.7497058817329861,0.11451868926779141
0,documentation flags + logreg,Psoriasis,0.056962025316455694,0.6659740644033884,0.13516433254791446
0,documentation flags + logreg,Psychotic disorder,0.1568213783403657,0.6502405836200955,0.26841000694140144
0,documentation flags + logreg,Pulmonary embolism,0.1209563994374121,0.6238864136021245,0.19605802828316204
0,documentation flags + logreg,Pulmonary fibrosis,0.04289732770745429,0.5630799493443449,0.06047102952430646
0,documentation flags + logreg,Pulmonary function test decreased,0.06540084388185655,0.5454607853038331,0.10860469301535654
0,documentation flags + logreg,Pulmonary oedema,0.1258790436005626,0.5675633167310112,0.2231359183677455
0,documentation flags + logreg,Purpura,0.15260196905766527,0.6974462733505173,0.32012841673832443
0,documentation flags + logreg,Rash,0.760196905766526,0.7073210136542132,0.8712800914990723
0,documentation flags + logreg,Rash erythematous,0.0759493670886076,0.6497086835027478,0.195333615023289
0,documentation flags + logreg,Rash generalised,0.03727144866385373,0.5590479427059527,0.05655524031401192
0,documentation flags + logreg,Rash macular,0.035864978902953586,0.5868935533002153,0.05823424992776087
0,documentation flags + logreg,Rash maculo-papular,0.1209563994374121,0.6598863346424652,0.24229404434816787
0,documentation flags + logreg,Rash pustular,0.07524613220815753,0.6397194571234689,0.15575737592573494
0,documentation flags + logreg,Rectal haemorrhage,0.0970464135021097,0.6788762133888271,0.22047045757787095
0,documentation flags + logreg,Renal failure,0.23277074542897327,0.6229680905124758,0.3352960900499321
0,documentation flags + logreg,Renal failure acute,0.14838255977496484,0.6065850351835257,0.24187475338800013
0,documentation flags + logreg,Renal impairment,0.14838255977496484,0.6529786631584394,0.27544590591768436
0,documentation flags + logreg,Renal pain,0.047116736990154715,0.6155154684305868,0.12177656311682879
0,documentation flags + logreg,Respiratory arrest,0.035864978902953586,0.5246450013169616,0.04654845186667512
0,documentation flags + logreg,Respiratory depression,0.06469760900140648,0.5456170446736186,0.10888849058407728
0,documentation flags + logreg,Respiratory distress,0.06258790436005626,0.5056716582963537,0.11792473723704591
0,documentation flags + logreg,Respiratory failure,0.09915611814345991,0.5396336869863771,0.13799697705214936
0,documentation flags + logreg,Respiratory tract infection,0.05555555555555555,0.7296346422622644,0.13348793358446204
0,documentation flags + logreg,Rhabdomyolysis,0.09563994374120956,0.6287728801054872,0.1538296208352497
0,documentation flags + logreg,Rhinitis,0.26652601969057665,0.6520906291381028,0.4192842628459717
0,documentation flags + logreg,Rhinorrhoea,0.0850914205344585,0.6138556052262751,0.13707573430635403
0,documentation flags + logreg,Salivary hypersecretion,0.10618846694796062,0.6096313137440321,0.18236739385694994
0,documentation flags + logreg,Scotoma,0.07032348804500703,0.6106699790249877,0.15045084016050037
0,documentation flags + logreg,Seborrhoeic dermatitis,0.06469760900140648,0.5972341115071961,0.13935294050886732
0,documentation flags + logreg,Sensory loss,0.0850914205344585,0.5797766124217203,0.1401025800852327
0,documentation flags + logreg,Sepsis,0.13431786216596342,0.5172115950644313,0.1720690818561
0,documentation flags + logreg,Serum sickness,0.040787623066104076,0.6875471534485167,0.10034406337168615
0,documentation flags + logreg,Sexual dysfunction,0.051336146272855133,0.6977630158060766,0.135729995353811
0,documentation flags + logreg,Shock,0.41561181434599154,0.6321836078917892,0.5539192342914954
0,documentation flags + logreg,Sinus bradycardia,0.04289732770745429,0.6457654241689841,0.09329878142986095
0,documentation flags + logreg,Sinus congestion,0.0450070323488045,0.659827885329068,0.10429248905460789
0,documentation flags + logreg,Sinusitis,0.25035161744022505,0.658944163374455,0.3971411628239426
0,documentation flags + logreg,Skin discolouration,0.09634317862165963,0.6249722172145824,0.18673465192434943
0,documentation flags + logreg,Skin disorder,0.44585091420534456,0.5762267705351326,0.5184012226541974
0,documentation flags + logreg,Skin exfoliation,0.1111111111111111,0.6072161647271102,0.19817058145226185
0,documentation flags + logreg,Skin hyperpigmentation,0.05485232067510549,0.5996779422367284,0.13548883145235197
0,documentation flags + logreg,Skin irritation,0.03867791842475387,0.6135885302522561,0.09808520939527807
0,documentation flags + logreg,Skin striae,0.03656821378340366,0.6991817835430446,0.12321988183820523
0,documentation flags + logreg,Skin ulcer,0.07735583684950774,0.6574942874759986,0.17179589402578954
0,documentation flags + logreg,Sleep disorder,0.13783403656821377,0.6619778558469662,0.27346820951711914
0,documentation flags + logreg,Sneezing,0.06258790436005626,0.4827925767290182,0.0745811302796382
0,documentation flags + logreg,Somnolence,0.46835443037974683,0.6690001156992176,0.6234034866051771
0,documentation flags + logreg,Speech disorder,0.0829817158931083,0.6353992894968876,0.14552465008602938
0,documentation flags + logreg,Stevens-Johnson syndrome,0.22292545710267228,0.6891152588953656,0.38361860534335407
0,documentation flags + logreg,Stomatitis,0.2320675105485232,0.6414241870242622,0.3347149506122645
0,documentation flags + logreg,Stupor,0.06891701828410689,0.5981044950243586,0.13161521495865658
0,documentation flags + logreg,Sudden death,0.04289732770745429,0.7106374143428819,0.10857994472861936
0,documentation flags + logreg,Suicidal ideation,0.0639943741209564,0.6668426100132478,0.18339088124717434
0,documentation flags + logreg,Suicide attempt,0.04922644163150492,0.6353804916500613,0.11392490382307571
0,documentation flags + logreg,Supraventricular tachycardia,0.057665260196905765,0.5914988389119189,0.09686454678568417
0,documentation flags + logreg,Swelling,0.14486638537271448,0.5976442843428351,0.2274498114944965
0,documentation flags + logreg,Swelling face,0.03656821378340366,0.5731621312914468,0.059097821815972576
0,documentation flags + logreg,Syncope,0.35372714486638535,0.6392006745614616,0.49818836092504803
0,documentation flags + logreg,Systemic lupus erythematosus,0.053445850914205346,0.6711202543342656,0.12733857217308964
0,documentation flags + logreg,Tachycardia,0.4191279887482419,0.6245261694885513,0.5522876446162972
0,documentation flags + logreg,Tenderness,0.0850914205344585,0.6056267664203026,0.14483695654838769
0,documentation flags + logreg,Tension,0.30239099859353025,0.6734290558868039,0.4606598576308508
0,documentation flags + logreg,Thinking abnormal,0.08720112517580872,0.6546735317840708,0.18200684200346826
0,documentation flags + logreg,Thirst,0.1490857946554149,0.6376958664260299,0.25561737723177835
0,documentation flags + logreg,Throat irritation,0.04922644163150492,0.5320686472091458,0.06459485752614039
0,documentation flags + logreg,Throat tightness,0.03727144866385373,0.5607070467722071,0.06151542519053349
0,documentation flags + logreg,Thrombocytopenia,0.4212376933895921,0.6662647400341688,0.572011088662061
0,documentation flags + logreg,Thrombocytopenic purpura,0.03867791842475387,0.6349232928660837,0.08773272482149283
0,documentation flags + logreg,Thrombocytosis,0.05977496483825598,0.6365273829219869,0.14277087077968073
0,documentation flags + logreg,Thrombophlebitis,0.14556962025316456,0.6258145300572824,0.2544318147017415
0,documentation flags + logreg,Thrombosis,0.07946554149085795,0.4883853051154589,0.11163378091794449
0,documentation flags + logreg,Tinnitus,0.27637130801687765,0.6668530627354033,0.42725196043503183
0,documentation flags + logreg,Tongue discolouration,0.04149085794655415,0.6717469162397938,0.10008473924681216
0,documentation flags + logreg,Tongue disorder,0.0710267229254571,0.6285383502937788,0.13694255179658474
0,documentation flags + logreg,Tongue oedema,0.052742616033755275,0.6298583653891369,0.1141245038952424
0,documentation flags + logreg,Tooth disorder,0.05907172995780591,0.6768736017766653,0.12796428789924055
0,documentation flags + logreg,Toothache,0.05977496483825598,0.6098823277149554,0.12190148980253279
0,documentation flags + logreg,Torsade de pointes,0.0639943741209564,0.6536890485265827,0.13173552382104378
0,documentation flags + logreg,Toxic epidermal necrolysis,0.180028129395218,0.6997294077741965,0.349986742115045
0,documentation flags + logreg,Transaminases increased,0.06891701828410689,0.6044218334813403,0.13639354552472502
0,documentation flags + logreg,Transient ischaemic attack,0.04922644163150492,0.5741540849474429,0.08408008150139186
0,documentation flags + logreg,Tremor,0.32770745428973275,0.615853390369424,0.4400775498488853
0,documentation flags + logreg,Tubulointerstitial nephritis,0.08016877637130802,0.652152179443384,0.15645256654089593
0,documentation flags + logreg,Ulcer,0.09282700421940929,0.6781857106045679,0.22754748972315939
0,documentation flags + logreg,Upper respiratory tract infection,0.2320675105485232,0.6473494922303639,0.3703766569214242
0,documentation flags + logreg,Urethral disorder,0.2714486638537271,0.6010189291059091,0.3547918121330471
0,documentation flags + logreg,Urinary incontinence,0.11251758087201125,0.645664056863714,0.21623388675098026
0,documentation flags + logreg,Urinary retention,0.16736990154711673,0.6491215408558225,0.28203398975160754
0,documentation flags + logreg,Urinary tract disorder,0.26863572433192684,0.60321228476797,0.3516708182822998
0,documentation flags + logreg,Urinary tract infection,0.24824191279887484,0.6376621126954782,0.3731163810078494
0,documentation flags + logreg,Urine abnormality,0.04571026722925457,0.5748423907316818,0.10078041579275838
0,documentation flags + logreg,Urine analysis abnormal,0.04992967651195499,0.5683920374030444,0.11471637176342335
0,documentation flags + logreg,Urine output increased,0.12236286919831224,0.6605273199399541,0.2337544411453715
0,documentation flags + logreg,Urticaria,0.5590717299578059,0.6600788846651717,0.7059045846321075
0,documentation flags + logreg,VIIth nerve paralysis,0.03727144866385373,0.6017207559660595,0.08229603586775373
0,documentation flags + logreg,Vaginal discharge,0.06047819971870605,0.6441891347693769,0.18080597209262153
0,documentation flags + logreg,Vaginal haemorrhage,0.08227848101265822,0.6088718052044566,0.1637315065228809
0,documentation flags + logreg,Vaginal infection,0.11673699015471167,0.6701414502760671,0.23764368844984726
0,documentation flags + logreg,Vaginal inflammation,0.10829817158931083,0.7026504357621166,0.2411268707230157
0,documentation flags + logreg,Vascular purpura,0.14135021097046413,0.6808545712082317,0.29174621423716945
0,documentation flags + logreg,Vasculitis,0.10689170182841069,0.7457315885863369,0.3131631306937085
0,documentation flags + logreg,Vasodilation procedure,0.09353023909985936,0.58492638810379,0.17135760585692836
0,documentation flags + logreg,Ventricular arrhythmia,0.07032348804500703,0.6172589829538349,0.12489340145223826
0,documentation flags + logreg,Ventricular extrasystoles,0.090014064697609,0.6284828334390913,0.15904337678367592
0,documentation flags + logreg,Ventricular fibrillation,0.07243319268635724,0.6384273839679818,0.13446018738230134
0,documentation flags + logreg,Ventricular tachycardia,0.1019690576652602,0.6427398597852896,0.188388827764631
0,documentation flags + logreg,Vertigo,0.3558368495077356,0.683343918532165,0.5408681767597233
0,documentation flags + logreg,Viral infection,0.09142053445850915,0.683743665432375,0.20748813005327876
0,documentation flags + logreg,Vision blurred,0.3227848101265823,0.6580073123877274,0.46896282856351856
0,documentation flags + logreg,Visual acuity reduced,0.052742616033755275,0.5693342421536007,0.10244816456194679
0,documentation flags + logreg,Visual impairment,0.2714486638537271,0.6444819683625959,0.40987954132736987
0,documentation flags + logreg,Vomiting,0.759493670886076,0.6099836564472501,0.8240799548709861
0,documentation flags + logreg,Vulvovaginal candidiasis,0.051336146272855133,0.716605585689521,0.13815258737603006
0,documentation flags + logreg,Vulvovaginal mycotic infection,0.05555555555555555,0.6926225323540554,0.13183650705622815
0,documentation flags + logreg,Weight decreased,0.22433192686357242,0.5862324850804592,0.2995671982829319
0,documentation flags + logreg,Weight increased,0.23136427566807313,0.6567983635566319,0.3671477037414362
0,documentation flags + logreg,Wheezing,0.12165963431786217,0.5700348588391886,0.1758477477964674
0,documentation flags + logreg,White blood cell count decreased,0.046413502109704644,0.5251396078833938,0.05707718417533025
0,knn5 tanimoto,Abdominal discomfort,0.20253164556962025,0.5553000961724239,0.232625503781291
0,knn5 tanimoto,Abdominal distension,0.20815752461322082,0.5685953475020482,0.2684249122267222
0,knn5 tanimoto,Abdominal pain,0.580168776371308,0.5950176411245292,0.6422970098441667
0,knn5 tanimoto,Abdominal pain upper,0.18846694796061886,0.5386189285991314,0.21090828443512516
0,knn5 tanimoto,Abnormal dreams,0.10548523206751055,0.6409808107754411,0.212901826998265
0,knn5 tanimoto,Abscess,0.07805907172995781,0.5612525294525295,0.10275999817920178
0,knn5 tanimoto,Accommodation disorder,0.04922644163150492,0.7318121182787127,0.23190809068936113
0,knn5 tanimoto,Acidosis,0.0450070323488045,0.5953901009501859,0.1053294509889993
0,knn5 tanimoto,Acne,0.09282700421940929,0.6659979497489245,0.23443169784867507
0,knn5 tanimoto,Acute coronary syndrome,0.2348804500703235,0.6537718277404965,0.36486299589833804
0,knn5 tanimoto,Affect lability,0.1617440225035162,0.6321433331332023,0.26945353559034463
0,knn5 tanimoto,Ageusia,0.07946554149085795,0.5396740105028748,0.11195289844984213
0,knn5 tanimoto,Aggression,0.0850914205344585,0.6007316883446427,0.1681047667661044
0,knn5 tanimoto,Agitation,0.3340365682137834,0.64837602276651,0.44869932598744827
0,knn5 tanimoto,Agranulocytosis,0.23347398030942335,0.7425233498015842,0.49396071856765733
0,knn5 tanimoto,Akathisia,0.04852320675105485,0.7636606552150788,0.37806266577934344
0,knn5 tanimoto,Alanine aminotransferase increased,0.19268635724331926,0.6342041017808384,0.2792876498008522
0,knn5 tanimoto,Albuminuria,0.0710267229254571,0.6047029320340311,0.13377844407639733
0,knn5 tanimoto,Alopecia,0.3108298171589311,0.6522232940133608,0.4341673546007604
0,knn5 tanimoto,Altered state of consciousness,0.040787623066104076,0.5882645951187833,0.05987214184881016
0,knn5 tanimoto,Amblyopia,0.07383966244725738,0.5431104278998251,0.08926284641392887
0,knn5 tanimoto,Amenorrhoea,0.08720112517580872,0.6545077811633181,0.22620043511115656
0,knn5 tanimoto,Amnesia,0.14486638537271448,0.6548584996371345,0.2513752922948015
0,knn5 tanimoto,Amylase increased,0.04430379746835443,0.5993639246917052,0.10659098912864169
0,knn5 tanimoto,Anaemia,0.36146272855133615,0.633380422506225,0.4712091528754808
0,knn5 tanimoto,Anaphylactic shock,0.4388185654008439,0.6203127093850618,0.5306794393417069
0,knn5 tanimoto,Anaphylactoid reaction,0.17651195499296765,0.6197299718319009,0.2591317674438229
0,knn5 tanimoto,Angina pectoris,0.2039381153305204,0.6441534317765404,0.3313950504883862
0,knn5 tanimoto,Angioedema,0.37060478199718705,0.6067989429691807,0.4566886268172132
0,knn5 tanimoto,Angiopathy,0.319971870604782,0.5897478802682842,0.3755056931072807
0,knn5 tanimoto,Anorectal discomfort,0.051336146272855133,0.6034864927754583,0.0849237171283608
0,knn5 tanimoto,Anorectal disorder,0.04289732770745429,0.5324316221745181,0.07102940760594957
0,knn5 tanimoto,Anxiety,0.38466947960618847,0.6012248924823237,0.45692310108025447
0,knn5 tanimoto,Apathy,0.06188466947960619,0.5867856518498789,0.0816578618219862
0,knn5 tanimoto,Aphasia,0.06047819971870605,0.552822066220702,0.10596838367316797
0,knn5 tanimoto,Aphthous stomatitis,0.03938115330520394,0.650706400153303,0.07860517677690063
0,knn5 tanimoto,Aplastic anaemia,0.11392405063291139,0.7310222364808505,0.34053812283270357
0,knn5 tanimoto,Apnoea,0.08368495077355836,0.7105858231598485,0.18543546966543012
0,knn5 tanimoto,Application site pain,0.04289732770745429,0.5050602875744686,0.05154143952883071
0,knn5 tanimoto,Application site reaction,0.03727144866385373,0.5505753033619193,0.04444973306253211
0,knn5 tanimoto,Arrhythmia,0.28621659634317864,0.5819574856795262,0.35397652956153924
0,knn5 tanimoto,Arrhythmia supraventricular,0.035161744022503515,0.5371329925496939,0.04458489130395234
0,knn5 tanimoto,Arthralgia,0.4120956399437412,0.6054788706035501,0.5035874190953094
0,knn5 tanimoto,Arthritis,0.1568213783403657,0.585851805979663,0.21473460856145582
0,knn5 tanimoto,Arthropathy,0.0949367088607595,0.5502736512951594,0.11378803266278296
0,knn5 tanimoto,Aspartate aminotransferase increased,0.1940928270042194,0.6445545161124913,0.3022527211312292
0,knn5 tanimoto,Asthenia,0.6371308016877637,0.6651314873492165,0.7500633086684827
0,knn5 tanimoto,Asthma,0.19057665260196907,0.5454485137066475,0.23002617296594355
0,knn5 tanimoto,Ataxia,0.1680731364275668,0.6699584648611265,0.31147985720349575
0,knn5 tanimoto,Atrial fibrillation,0.1469760900140647,0.6041817626146926,0.19419800759482572
0,knn5 tanimoto,Atrioventricular block,0.09423347398030943,0.6895043733747299,0.2745583055091974
0,knn5 tanimoto,Azotaemia,0.0450070323488045,0.5818233423186551,0.07205959327530928
0,knn5 tanimoto,Back pain,0.3509142053445851,0.6034187702756292,0.42798423073080477
0,knn5 tanimoto,Bacterial infection,0.03867791842475387,0.6721380589239092,0.09963704539748271
0,knn5 tanimoto,Balance disorder,0.04781997187060478,0.6066924077524452,0.10358509564419478
0,knn5 tanimoto,Bladder pain,0.11744022503516174,0.586646689915338,0.15341214736664383
0,knn5 tanimoto,Blepharitis,0.05555555555555555,0.6226776654817489,0.13091073507015033
0,knn5 tanimoto,Blindness,0.052742616033755275,0.559946468342206,0.06660254435628442
0,knn5 tanimoto,Blister,0.0710267229254571,0.4746169694148733,0.07110212403687015
0,knn5 tanimoto,Blood alkaline phosphatase increased,0.13431786216596342,0.6049357918031156,0.19609737358545914
0,knn5 tanimoto,Blood bilirubin increased,0.0970464135021097,0.6274321289777915,0.18134867440747868
0,knn5 tanimoto,Blood creatine phosphokinase increased,0.06821378340365682,0.6578507997862519,0.14501739494683202
0,knn5 tanimoto,Blood creatinine increased,0.1751054852320675,0.6403227522116243,0.2883142810129943
0,knn5 tanimoto,Blood disorder,0.08720112517580872,0.6017549232225659,0.14336407560383976
0,knn5 tanimoto,Blood glucose increased,0.046413502109704644,0.5303899515932103,0.06308871541568921
0,knn5 tanimoto,Blood lactate dehydrogenase increased,0.058368495077355836,0.6511637841856727,0.117661590048642
0,knn5 tanimoto,Blood pressure increased,0.10337552742616034,0.6026096319340534,0.161587136939536
0,knn5 tanimoto,Blood triglycerides increased,0.06751054852320675,0.6541016357591515,0.1519786919902041
0,knn5 tanimoto,Blood urea increased,0.1160337552742616,0.6557456429213179,0.23605550664240477
0,knn5 tanimoto,Blood uric acid increased,0.10618846694796062,0.6930721599168822,0.26968777367988017
0,knn5 tanimoto,Body temperature decreased,0.046413502109704644,0.5908329711512321,0.0833452934130638
0,knn5 tanimoto,Body temperature increased,0.5414908579465542,0.6392292428790658,0.64732561916094
0,knn5 tanimoto,Bone disorder,0.08931082981715893,0.547009484041799,0.10163496710602742
0,knn5 tanimoto,Bone pain,0.1090014064697609,0.6150494503521485,0.1660631847134447
0,knn5 tanimoto,Bradycardia,0.2559774964838256,0.6428995358485151,0.37449625074766996
0,knn5 tanimoto,Breast cancer,0.035864978902953586,0.6601751538930245,0.18586687482254974
0,knn5 tanimoto,Breast disorder,0.180028129395218,0.6211158661146452,0.2775698190930639
0,knn5 tanimoto,Breast enlargement,0.06258790436005626,0.721259779494858,0.2232855003210794
0,knn5 tanimoto,Breast pain,0.09142053445850915,0.6398452240821246,0.2051504399916742
0,knn5 tanimoto,Bronchitis,0.21167369901547117,0.5894123158204987,0.2729653173136286
0,knn5 tanimoto,Bronchospasm,0.20182841068917018,0.5899601468156044,0.2748959807799415
0,knn5 tanimoto,Bundle branch block,0.04571026722925457,0.5928838300083736,0.07797601518862071
0,knn5 tanimoto,Burning sensation,0.07172995780590717,0.5981066441288098,0.12274561037890404
0,knn5 tanimoto,Bursitis,0.04360056258790436,0.5577279456602392,0.059795104503562804
0,knn5 tanimoto,Candida infection,0.11954992967651196,0.6696216195337913,0.25005890515752255
0,knn5 tanimoto,Cardiac arrest,0.16736990154711673,0.6196646254407856,0.24272639176472116
0,knn5 tanimoto,Cardiac disorder,0.29254571026722925,0.6319158243705256,0.372574019631318
0,knn5 tanimoto,Cardiac failure,0.15330520393811534,0.6009609150631935,0.20297386543054924
0,knn5 tanimoto,Cardiac failure congestive,0.1441631504922644,0.6398976830373795,0.257458337799362
0,knn5 tanimoto,Cardiomyopathy,0.04360056258790436,0.610234505835559,0.09079086171792386
0,knn5 tanimoto,Cardiovascular disorder,0.0850914205344585,0.6030658927708332,0.12993700407606878
0,knn5 tanimoto,Cataract,0.10126582278481013,0.6214978085899862,0.15854069755476002
0,knn5 tanimoto,Cellulitis,0.09282700421940929,0.623027276765485,0.1461807630692373
0,knn5 tanimoto,Cerebral haemorrhage,0.04922644163150492,0.5922763950522751,0.09841520631865544
0,knn5 tanimoto,Cerebral ischaemia,0.04219409282700422,0.5814429366347836,0.0695876580582174
0,knn5 tanimoto,Cerebrovascular accident,0.15822784810126583,0.6647772658067587,0.31901016467526383
0,knn5 tanimoto,Cerebrovascular disorder,0.035161744022503515,0.5899069176369698,0.06968293128459406
0,knn5 tanimoto,Chest discomfort,0.09634317862165963,0.5874274011120286,0.1320408656328131
0,knn5 tanimoto,Chest pain,0.38748241912798875,0.6078187640234674,0.4803264883187676
0,knn5 tanimoto,Chills,0.3108298171589311,0.5868614892047941,0.3765592061852988
0,knn5 tanimoto,Cholecystitis,0.052742616033755275,0.5486999775181098,0.06665166339260094
0,knn5 tanimoto,Cholelithiasis,0.06118143459915612,0.6111293815073032,0.10773422544184927
0,knn5 tanimoto,Cholestasis,0.07243319268635724,0.7164591388966978,0.24414216641335793
0,knn5 tanimoto,Coagulopathy,0.07524613220815753,0.5456861265415123,0.09926031122606513
0,knn5 tanimoto,Cognitive disorder,0.04219409282700422,0.6256324299946388,0.11094488469134114
0,knn5 tanimoto,Cold sweat,0.03867791842475387,0.5538443872820685,0.05166134907371679
0,knn5 tanimoto,Colitis,0.10478199718706048,0.6449549428183369,0.1972278168176344
0,knn5 tanimoto,Coma,0.1209563994374121,0.588033803240888,0.16073303216147997
0,knn5 tanimoto,Completed suicide,0.04781997187060478,0.6435133412549304,0.11763226396054302
0,knn5 tanimoto,Confusional state,0.38255977496483823,0.6353566292159474,0.4853321853840944
0,knn5 tanimoto,Conjunctival hyperaemia,0.0379746835443038,0.5980731586103427,0.11254410480442575
0,knn5 tanimoto,Conjunctivitis,0.23136427566807313,0.5836244305407595,0.28155935469207855
0,knn5 tanimoto,Connective tissue disorder,0.2848101265822785,0.5651133804725463,0.3267787302868881
0,knn5 tanimoto,Constipation,0.4929676511954993,0.6627017998516178,0.6250786245748798
0,knn5 tanimoto,Contusion,0.09774964838255977,0.5520364056415575,0.11641608432214272
0,knn5 tanimoto,Convulsion,0.36357243319268634,0.6364140266412042,0.48995311436479183
0,knn5 tanimoto,Coordination abnormal,0.09915611814345991,0.6388412212529379,0.20854858995993902
0,knn5 tanimoto,Cough,0.4008438818565401,0.5741946706131056,0.4728539517774821
0,knn5 tanimoto,Cyanosis,0.06962025316455696,0.5840775641806921,0.1220451106421776
0,knn5 tanimoto,Cyst,0.06540084388185655,0.5689150131921832,0.1015008430934842
0,knn5 tanimoto,Cystitis,0.10759493670886076,0.5554828330933657,0.1334430988025305
0,knn5 tanimoto,Cystitis noninfective,0.10618846694796062,0.5528392829381271,0.13028430109890393
0,knn5 tanimoto,Deafness,0.1371308016877637,0.6127822507735124,0.20654634835197885
0,knn5 tanimoto,Decreased appetite,0.4838255977496484,0.6121175834774872,0.5663639899385502
0,knn5 tanimoto,Deep vein thrombosis,0.06680731364275667,0.6619960283597028,0.1353184383106495
0,knn5 tanimoto,Dehydration,0.17158931082981715,0.6260776093260823,0.2736901224759301
0,knn5 tanimoto,Delirium,0.07876230661040788,0.6005085400578224,0.10923039909733182
0,knn5 tanimoto,Delusion,0.06821378340365682,0.7612459905969526,0.24803090985618725
0,knn5 tanimoto,Dementia,0.03727144866385373,0.6382268901256194,0.2059647990191738
0,knn5 tanimoto,Depersonalisation,0.06188466947960619,0.5952716645756838,0.1037188362657094
0,knn5 tanimoto,Depressed level of consciousness,0.10126582278481013,0.6567648847137024,0.18774526810017872
0,knn5 tanimoto,Depressed mood,0.035864978902953586,0.5043130625493586,0.06057855067160271
0,knn5 tanimoto,Depression,0.22644163150492264,0.6206503324050241,0.3257638535533831
0,knn5 tanimoto,Dermatitis,0.7658227848101266,0.5770612045581229,0.7987513591031775
0,knn5 tanimoto,Dermatitis atopic,0.07454289732770746,0.5534590088093155,0.0882539112438467
0,knn5 tanimoto,Dermatitis bullous,0.14767932489451477,0.5255901073387322,0.17870010433542055
0,knn5 tanimoto,Dermatitis contact,0.11181434599156118,0.6077387621550626,0.18689656860964587
0,knn5 tanimoto,Dermatitis exfoliative,0.14556962025316456,0.6537304469333522,0.2266355525806926
0,knn5 tanimoto,Diabetes mellitus,0.1441631504922644,0.65796505417698,0.26124554585564846
0,knn5 tanimoto,Diarrhoea,0.6849507735583685,0.6368795540368509,0.763797345493488
0,knn5 tanimoto,Diplopia,0.1518987341772152,0.7019462042137503,0.2951360162120669
0,knn5 tanimoto,Discomfort,0.3924050632911392,0.5808859304970729,0.45138499469374294
0,knn5 tanimoto,Disorientation,0.12376933895921238,0.6514721011019013,0.1937853536599186
0,knn5 tanimoto,Disturbance in attention,0.09071729957805907,0.5727768315716391,0.11347031273280565
0,knn5 tanimoto,Disturbance in sexual arousal,0.16455696202531644,0.6906944077397817,0.3044341947906891
0,knn5 tanimoto,Dizziness,0.7250351617440225,0.6501000051197571,0.8041048800902372
0,knn5 tanimoto,Drug eruption,0.05414908579465542,0.5832761427893887,0.07999554051655387
0,knn5 tanimoto,Drug interaction,0.09353023909985936,0.5603904423076641,0.12143995622176282
0,knn5 tanimoto,Drug withdrawal syndrome,0.04008438818565401,0.7647149263876426,0.18039228587459147
0,knn5 tanimoto,Dry eye,0.11462728551336146,0.6730829502612213,0.22872143930385064
0,knn5 tanimoto,Dry mouth,0.38959212376933894,0.6904975220850517,0.5590759334593056
0,knn5 tanimoto,Dry skin,0.18635724331926865,0.5454518041339786,0.2152960240218745
0,knn5 tanimoto,Duodenal ulcer,0.03938115330520394,0.6097795765848244,0.07341075776619213
0,knn5 tanimoto,Dysarthria,0.09212376933895922,0.6609840483880427,0.21326777823045226
0,knn5 tanimoto,Dysgeusia,0.32208157524613223,0.5721755867003128,0.3804783818944106
0,knn5 tanimoto,Dyskinesia,0.09142053445850915,0.7324106528620955,0.289682886334058
0,knn5 tanimoto,Dysmenorrhoea,0.09845288326300984,0.5979202937268078,0.13767585034860869
0,knn5 tanimoto,Dyspepsia,0.4908579465541491,0.6059613365084824,0.5908432054382707
0,knn5 tanimoto,Dysphagia,0.18565400843881857,0.6606370279329739,0.29328170059040204
0,knn5 tanimoto,Dysphonia,0.08649789029535865,0.5877867875686112,0.12378319518129606
0,knn5 tanimoto,Dyspnoea,0.4908579465541491,0.6138111244617812,0.5884616098605178
0,knn5 tanimoto,Dysuria,0.21026722925457103,0.6091653835492631,0.27372429632680717
0,knn5 tanimoto,Ear disorder,0.047116736990154715,0.49279618743079945,0.05013359756653243
0,knn5 tanimoto,Ear infection,0.03727144866385373,0.547732115916246,0.043584133706952397
0,knn5 tanimoto,Ear pain,0.12658227848101267,0.5569207834719181,0.16414047769069878
0,knn5 tanimoto,Ecchymosis,0.1279887482419128,0.6071766402807233,0.1910850093050864
0,knn5 tanimoto,Eczema,0.13924050632911392,0.5619998637769058,0.16510846020681985
0,knn5 tanimoto,Electrocardiogram QT prolonged,0.05977496483825598,0.5976649435777596,0.09444529423329076
0,knn5 tanimoto,Electrocardiogram abnormal,0.05977496483825598,0.5454495798539689,0.07192659265556309
0,knn5 tanimoto,Electrolyte imbalance,0.03656821378340366,0.6375442860755145,0.09903264551192019
0,knn5 tanimoto,Embolism,0.06751054852320675,0.6559204959873945,0.16362307705437135
0,knn5 tanimoto,Embolism venous,0.051336146272855133,0.7112510270900176,0.17038929399257544
0,knn5 tanimoto,Encephalopathy,0.056962025316455694,0.5361767933746343,0.066202482947981
0,knn5 tanimoto,Endocrine disorder,0.09071729957805907,0.5979561833633401,0.12718821369534541
0,knn5 tanimoto,Endophthalmitis,0.04149085794655415,0.6109765282888583,0.07336414250309384
0,knn5 tanimoto,Eosinophilia,0.2039381153305204,0.7187311877460107,0.44450644228028435
0,knn5 tanimoto,Epigastric discomfort,0.04289732770745429,0.679431022067113,0.24320707289197854
0,knn5 tanimoto,Epilepsy,0.03727144866385373,0.5605075036075038,0.12989331492826892
0,knn5 tanimoto,Epistaxis,0.2468354430379747,0.6445831974501763,0.34542739405499356
0,knn5 tanimoto,Erectile dysfunction,0.2109704641350211,0.6972145955609408,0.38800296833388764
0,knn5 tanimoto,Eructation,0.1090014064697609,0.5886340766937597,0.14708487292026087
0,knn5 tanimoto,Erythema,0.339662447257384,0.5512185193327882,0.3768401752807825
0,knn5 tanimoto,Erythema multiforme,0.27355836849507736,0.6921646837356994,0.453850753644833
0,knn5 tanimoto,Erythema nodosum,0.03867791842475387,0.7314569197533871,0.2699719177706403
0,knn5 tanimoto,Euphoric mood,0.11954992967651196,0.7083460362244599,0.25321827625825377
0,knn5 tanimoto,Extrapyramidal disorder,0.07172995780590717,0.7606420785074031,0.36180564031540413
0,knn5 tanimoto,Extrasystoles,0.07735583684950774,0.617193571885248,0.10707326506566373
0,knn5 tanimoto,Extravasation,0.07524613220815753,0.6142215281879997,0.15021772643542172
0,knn5 tanimoto,Eye disorder,0.28621659634317864,0.5716998145923495,0.3299128737614968
0,knn5 tanimoto,Eye haemorrhage,0.04289732770745429,0.5846339088621851,0.05660050392786318
0,knn5 tanimoto,Eye irritation,0.090014064697609,0.5752034932020109,0.11544940534024126
0,knn5 tanimoto,Eye pain,0.14064697609001406,0.6005439858318786,0.2405789435112018
0,knn5 tanimoto,Eye pruritus,0.0379746835443038,0.6177728010870004,0.1041825988044132
0,knn5 tanimoto,Eyelid oedema,0.04289732770745429,0.6401975985651094,0.10727434086523055
0,knn5 tanimoto,Face oedema,0.17088607594936708,0.5947647972031876,0.2365796394656395
0,knn5 tanimoto,Faecal incontinence,0.04781997187060478,0.6072237944432457,0.0774734970826402
0,knn5 tanimoto,Fatigue,0.510548523206751,0.6285162916674231,0.610680097035915
0,knn5 tanimoto,Febrile neutropenia,0.05977496483825598,0.716924223768054,0.18076531068574972
0,knn5 tanimoto,Feeling abnormal,0.5133614627285513,0.6189140720406198,0.6021091057567158
0,knn5 tanimoto,Feeling hot,0.08227848101265822,0.562335108498462,0.17575006569011462
0,knn5 tanimoto,Flank pain,0.035161744022503515,0.5040562740562683,0.04059877400380465
0,knn5 tanimoto,Flat affect,0.06258790436005626,0.5942936862490299,0.08739246773646597
0,knn5 tanimoto,Flatulence,0.3143459915611814,0.6104844320762515,0.41548991742935015
0,knn5 tanimoto,Fluid overload,0.0379746835443038,0.6158483082433497,0.10907706025442063
0,knn5 tanimoto,Fluid retention,0.1160337552742616,0.5939453439055271,0.21677248385689502
0,knn5 tanimoto,Flushing,0.30028129395218,0.5838154960139039,0.35733734804552364
0,knn5 tanimoto,Foetor hepaticus,0.05063291139240506,0.5408204394168075,0.062152301097966677
0,knn5 tanimoto,Folliculitis,0.0639943741209564,0.7296927845489508,0.20506763698085936
0,knn5 tanimoto,Fracture,0.05485232067510549,0.6306732330416414,0.08796004789428222
0,knn5 tanimoto,Fungal infection,0.07946554149085795,0.5494331330471592,0.13339913195698982
0,knn5 tanimoto,Fungal skin infection,0.03656821378340366,0.5763622066426244,0.058623588773878944
0,knn5 tanimoto,Furuncle,0.04289732770745429,0.5266319444672776,0.047526182399698455
0,knn5 tanimoto,Gait disturbance,0.10056258790436005,0.6888810614546503,0.20417940960816922
0,knn5 tanimoto,Galactorrhoea,0.05977496483825598,0.7608606577072641,0.3275355698720084
0,knn5 tanimoto,Gamma-glutamyltransferase increased,0.0829817158931083,0.5275247256758144,0.08902249653709457
0,knn5 tanimoto,Gastric ulcer,0.05063291139240506,0.5826691864863915,0.06589813003295424
0,knn5 tanimoto,Gastritis,0.18424753867791843,0.5992195631058606,0.2599729845943033
0,knn5 tanimoto,Gastroenteritis,0.13853727144866385,0.6270091712403545,0.20839812360310198
0,knn5 tanimoto,Gastrointestinal disorder,0.5210970464135021,0.5982513936757513,0.5970093587023187
0,knn5 tanimoto,Gastrointestinal haemorrhage,0.15330520393811534,0.6542445644785136,0.2549800769922101
0,knn5 tanimoto,Gastrointestinal pain,0.5478199718706048,0.6115986442338457,0.6250198337714012
0,knn5 tanimoto,Gastrooesophageal reflux disease,0.09915611814345991,0.591130638591699,0.1505376147292867
0,knn5 tanimoto,Generalised oedema,0.053445850914205346,0.5381441868828782,0.07102989440159749
0,knn5 tanimoto,Gingival bleeding,0.05414908579465542,0.5635995602375405,0.07341938383953446
0,knn5 tanimoto,Gingivitis,0.07383966244725738,0.5597295484470463,0.11459744373185843
0,knn5 tanimoto,Glaucoma,0.07805907172995781,0.7034874191141728,0.22079038251191516
0,knn5 tanimoto,Glossitis,0.09774964838255977,0.5695758264626309,0.13964101485986746
0,knn5 tanimoto,Glycosuria,0.08579465541490858,0.7123462927170653,0.22300946615220418
0,knn5 tanimoto,Gout,0.09774964838255977,0.6057909776176361,0.16677996114722593
0,knn5 tanimoto,Grand mal convulsion,0.0379746835443038,0.547528488775872,0.06307027657626908
0,knn5 tanimoto,Gynaecomastia,0.12517580872011252,0.7461775298226614,0.3551047007108382
0,knn5 tanimoto,Haematemesis,0.07032348804500703,0.5758371296268492,0.10256954231494489
0,knn5 tanimoto,Haematochezia,0.035864978902953586,0.5551669223275721,0.048909184524877476
0,knn5 tanimoto,Haematocrit decreased,0.0379746835443038,0.5769769230459441,0.0593772779001838
0,knn5 tanimoto,Haematoma,0.07172995780590717,0.6056226090990128,0.11201989032856982
0,knn5 tanimoto,Haematuria,0.2369901547116737,0.6221275337895689,0.3233069692639573
0,knn5 tanimoto,Haemoglobin,0.2679324894514768,0.632208496787005,0.38912514102041096
0,knn5 tanimoto,Haemoglobin decreased,0.07383966244725738,0.5979819918447629,0.11524851718229638
0,knn5 tanimoto,Haemolytic anaemia,0.14064697609001406,0.7329941760628214,0.3788892432096741
0,knn5 tanimoto,Haemoptysis,0.08157524613220815,0.5693668673269805,0.10417949895339118
0,knn5 tanimoto,Haemorrhage,0.26933895921237694,0.632643640327776,0.3899403578843099
0,knn5 tanimoto,Haemorrhage intracranial,0.04008438818565401,0.6126475613980982,0.10038882572652356
0,knn5 tanimoto,Haemorrhoids,0.05907172995780591,0.4956694634794906,0.07319445875567479
0,knn5 tanimoto,Hallucination,0.24261603375527427,0.7029513015050297,0.4077082195648982
0,knn5 tanimoto,Headache,0.7805907172995781,0.613467777142394,0.8272248326846168
0,knn5 tanimoto,Hearing impaired,0.10056258790436005,0.6183552017344607,0.18404537610386684
0,knn5 tanimoto,Hepatic enzyme increased,0.09634317862165963,0.5583751767973425,0.1247525199280283
0,knn5 tanimoto,Hepatic failure,0.1441631504922644,0.6638601106472471,0.23706871512096334
0,knn5 tanimoto,Hepatic function abnormal,0.12939521800281295,0.6094006560962537,0.22778301552597488
0,knn5 tanimoto,Hepatic necrosis,0.052742616033755275,0.6514530804029397,0.1673136811715464
0,knn5 tanimoto,Hepatitis,0.2552742616033755,0.6619882962033531,0.38670080438437643
0,knn5 tanimoto,Hepatobiliary disease,0.24120956399437413,0.6224198946722687,0.33642402636307284
0,knn5 tanimoto,Hepatocellular injury,0.10478199718706048,0.6013615636451645,0.1419941679329717
0,knn5 tanimoto,Hepatomegaly,0.06891701828410689,0.5964743379851165,0.13530380566301287
0,knn5 tanimoto,Hepatotoxicity,0.07946554149085795,0.6617497915251975,0.2058790743544392
0,knn5 tanimoto,Hernia,0.03727144866385373,0.5467725062509337,0.04429471165083298
0,knn5 tanimoto,Herpes simplex,0.09353023909985936,0.5907531489813234,0.15043844139867818
0,knn5 tanimoto,Herpes zoster,0.08157524613220815,0.564062024169688,0.11036036024904486
0,knn5 tanimoto,Hiccups,0.10267229254571027,0.6535834202601374,0.1721938020081836
0,knn5 tanimoto,Hirsutism,0.06118143459915612,0.798146539840262,0.3378863436417041
0,knn5 tanimoto,Hostility,0.047116736990154715,0.6309394056653916,0.11405607539164393
0,knn5 tanimoto,Hot flush,0.15611814345991562,0.6211909673149381,0.24728532848709586
0,knn5 tanimoto,Hyperaesthesia,0.07524613220815753,0.5784895588834906,0.1287140898632706
0,knn5 tanimoto,Hyperbilirubinaemia,0.0970464135021097,0.6046041436083456,0.1652351379787908
0,knn5 tanimoto,Hypercalcaemia,0.0710267229254571,0.6899373806615785,0.17194461873535896
0,knn5 tanimoto,Hypercholesterolaemia,0.09915611814345991,0.674658523792266,0.1831180610175728
0,knn5 tanimoto,Hyperglycaemia,0.23417721518987342,0.6565664814113447,0.3580250880130735
0,knn5 tanimoto,Hyperhidrosis,0.42334739803094235,0.6067214139608417,0.5189686773248413
0,knn5 tanimoto,Hyperkalaemia,0.11040787623066103,0.6621733152138981,0.2558736902793515
0,knn5 tanimoto,Hyperkinesia,0.11954992967651196,0.6615424209177109,0.19601708539670254
0,knn5 tanimoto,Hyperlipidaemia,0.0639943741209564,0.6058529769145373,0.10503857364259035
0,knn5 tanimoto,Hypernatraemia,0.052742616033755275,0.6686558403438918,0.17985656152735047
0,knn5 tanimoto,Hyperreflexia,0.040787623066104076,0.5759479842640565,0.06486511108134899
0,knn5 tanimoto,Hypersensitivity,0.6315049226441631,0.5700668846515909,0.6775094361091225
0,knn5 tanimoto,Hypertension,0.39732770745428975,0.5771941937853239,0.4656620320179906
0,knn5 tanimoto,Hyperthyroidism,0.035864978902953586,0.5522568715042749,0.04582856351264244
0,knn5 tanimoto,Hypertonia,0.12376933895921238,0.5602449127494121,0.1750137005263876
0,knn5 tanimoto,Hypertrichosis,0.03656821378340366,0.7067465262653797,0.23422336238095331
0,knn5 tanimoto,Hypertriglyceridaemia,0.05625879043600562,0.6737038816949054,0.16048499216244305
0,knn5 tanimoto,Hyperuricaemia,0.09774964838255977,0.6860542359064378,0.24873020614165725
0,knn5 tanimoto,Hyperventilation,0.06469760900140648,0.519905689121583,0.07806681474490654
0,knn5 tanimoto,Hypoaesthesia,0.2559774964838256,0.5965694023026065,0.34912361720823915
0,knn5 tanimoto,Hypocalcaemia,0.0949367088607595,0.6119031774691466,0.1792218139257288
0,knn5 tanimoto,Hypoglycaemia,0.1568213783403657,0.6500537817480261,0.2673247205783914
0,knn5 tanimoto,Hypokalaemia,0.18143459915611815,0.5832594931480498,0.23472821276089867
0,knn5 tanimoto,Hypokinesia,0.05907172995780591,0.5962606502719561,0.09243447480898334
0,knn5 tanimoto,Hypomagnesaemia,0.06047819971870605,0.6766707526043445,0.13244876414090984
0,knn5 tanimoto,Hyponatraemia,0.1540084388185654,0.7020807165696433,0.350247316838122
0,knn5 tanimoto,Hypophosphataemia,0.056962025316455694,0.675622001392765,0.17118424696596474
0,knn5 tanimoto,Hyporeflexia,0.0379746835443038,0.5187922816467478,0.04125417487010126
0,knn5 tanimoto,Hypotension,0.4676511954992968,0.6288019446021129,0.573547842141531
0,knn5 tanimoto,Hypothermia,0.046413502109704644,0.5908329711512321,0.0833452934130638
0,knn5 tanimoto,Hypothyroidism,0.06329113924050633,0.565866859056724,0.08270315310409648
0,knn5 tanimoto,Hypotonia,0.04571026722925457,0.5918123199639505,0.07029295917039521
0,knn5 tanimoto,Hypoxia,0.06047819971870605,0.6379822644797402,0.11847405348410942
0,knn5 tanimoto,Ileus,0.07032348804500703,0.6139651010276685,0.12269318434797846
0,knn5 tanimoto,Ileus paralytic,0.035161744022503515,0.865546685219825,0.37523096130499844
0,knn5 tanimoto,Ill-defined disorder,0.34247538677918427,0.5735323755879598,0.3934332967572359
0,knn5 tanimoto,Immune system disorder,0.3150492264416315,0.6051704850277437,0.3937508363225325
0,knn5 tanimoto,Impaired healing,0.04430379746835443,0.7166589718225463,0.18272556932284992
0,knn5 tanimoto,Inappropriate antidiuretic hormone secretion,0.04922644163150492,0.7193128344228852,0.2569608758662093
0,knn5 tanimoto,Increased appetite,0.1568213783403657,0.6445065713897805,0.24680874009579618
0,knn5 tanimoto,Induration,0.04149085794655415,0.5790057143021201,0.07242897508201442
0,knn5 tanimoto,Infection,0.4212376933895921,0.6180436635606864,0.5198252254494549
0,knn5 tanimoto,Infestation,0.24753867791842477,0.6250924931210893,0.34125688906239404
0,knn5 tanimoto,Inflammation,0.10829817158931083,0.6087561804520767,0.15956419777110392
0,knn5 tanimoto,Influenza,0.1990154711673699,0.5565318803093084,0.2427923209698256
0,knn5 tanimoto,Influenza like illness,0.1160337552742616,0.5586869391829212,0.14518691435733289
0,knn5 tanimoto,Injection site pain,0.10267229254571027,0.5575903026172588,0.12284302901983028
0,knn5 tanimoto,Injection site reaction,0.13853727144866385,0.6513079575325724,0.29852535123074586
0,knn5 tanimoto,Injury,0.14556962025316456,0.5975686599793576,0.22439734203448242
0,knn5 tanimoto,Insomnia,0.4739803094233474,0.6297829934734107,0.5694834005225913
0,knn5 tanimoto,Interstitial lung disease,0.06891701828410689,0.632954899594304,0.1669929278785451
0,knn5 tanimoto,Intestinal obstruction,0.06469760900140648,0.5688434882455837,0.08892789690106759
0,knn5 tanimoto,Intracranial pressure increased,0.03938115330520394,0.7179766898565143,0.2196804792721469
0,knn5 tanimoto,Intraocular pressure increased,0.04430379746835443,0.7809922470245916,0.2602250047533102
0,knn5 tanimoto,Irritability,0.1617440225035162,0.623331547169714,0.24267470345274983
0,knn5 tanimoto,Jaundice,0.23136427566807313,0.6802996765699166,0.38111411690140795
0,knn5 tanimoto,Jaundice cholestatic,0.0949367088607595,0.7326592375640818,0.255923304486448
0,knn5 tanimoto,Joint swelling,0.0450070323488045,0.4792350076243682,0.0504109308577018
0,knn5 tanimoto,Keratitis,0.06047819971870605,0.6314283621049241,0.11819973752261241
0,knn5 tanimoto,Lacrimal disorder,0.0379746835443038,0.519963605463141,0.04120620997967071
0,knn5 tanimoto,Lacrimation increased,0.1019690576652602,0.5595830506922572,0.13040249588337266
0,knn5 tanimoto,Laryngeal oedema,0.0639943741209564,0.6969556344898542,0.271269729389598
0,knn5 tanimoto,Laryngeal pain,0.07313642756680731,0.5220990161323324,0.07762438813588109
0,knn5 tanimoto,Laryngitis,0.06821378340365682,0.6108392081583018,0.0989321081394268
0,knn5 tanimoto,Laryngospasm,0.07243319268635724,0.661394807737971,0.15949149698090606
0,knn5 tanimoto,Lethargy,0.15611814345991562,0.5955874798808231,0.21853459210533138
0,knn5 tanimoto,Leukocytoclastic vasculitis,0.03938115330520394,0.6092148893037608,0.06117479440971799
0,knn5 tanimoto,Leukocytosis,0.10548523206751055,0.6131925257153311,0.16727013087604695
0,knn5 tanimoto,Leukoderma,0.04430379746835443,0.6929868299500649,0.2117163976454075
0,knn5 tanimoto,Leukopenia,0.35864978902953587,0.6734104513864603,0.5044725108277401
0,knn5 tanimoto,Libido decreased,0.14767932489451477,0.6829482403449247,0.2758962042499594
0,knn5 tanimoto,Libido increased,0.057665260196905765,0.6632187702477511,0.1492270669900047
0,knn5 tanimoto,Liver disorder,0.06610407876230662,0.5387572833063962,0.07848016730584259
0,knn5 tanimoto,Liver function test abnormal,0.17440225035161744,0.5678647335288132,0.20334189935109234
0,knn5 tanimoto,Liver injury,0.08649789029535865,0.6472847548337854,0.15350138390395282
0,knn5 tanimoto,Local reaction,0.053445850914205346,0.6323037674372733,0.11828121510824059
0,knn5 tanimoto,Loss of consciousness,0.37060478199718705,0.6131326179925599,0.47986018715796747
0,knn5 tanimoto,Loss of libido,0.03867791842475387,0.5623305741506954,0.10872904063481878
0,knn5 tanimoto,Lung disorder,0.05414908579465542,0.6219444820088926,0.09044589413013909
0,knn5 tanimoto,Lung infiltration,0.04289732770745429,0.5872841020831562,0.06570587941399877
0,knn5 tanimoto,Lymphadenopathy,0.13291139240506328,0.5848904407346133,0.1850557225330503
0,knn5 tanimoto,Lymphopenia,0.05063291139240506,0.6278867328373703,0.10913134247702061
0,knn5 tanimoto,Malaise,0.35372714486638535,0.5775934594027248,0.40973986713428695
0,knn5 tanimoto,Malnutrition,0.33122362869198313,0.6197695020483758,0.42001345807914936
0,knn5 tanimoto,Mania,0.06751054852320675,0.6474201471728334,0.13116616919806862
0,knn5 tanimoto,Mediastinal disorder,0.31856540084388185,0.606286060687165,0.40400100641298636
0,knn5 tanimoto,Melaena,0.10970464135021098,0.5771009867968343,0.13843187768635704
0,knn5 tanimoto,Memory impairment,0.07735583684950774,0.546174444246946,0.10919613166632303
0,knn5 tanimoto,Meningitis,0.03867791842475387,0.6253394690439855,0.09832772526126082
0,knn5 tanimoto,Menopausal symptoms,0.1589310829817159,0.6197777275000698,0.2488288873212312
0,knn5 tanimoto,Menorrhagia,0.07524613220815753,0.5856993080662001,0.10070918596761083
0,knn5 tanimoto,Menstrual disorder,0.06469760900140648,0.5850222606881241,0.11096880204555884
0,knn5 tanimoto,Menstruation irregular,0.05555555555555555,0.7884725240945075,0.31080986164512076
0,knn5 tanimoto,Mental disability,0.12306610407876231,0.6075789809834575,0.17807941299767477
0,knn5 tanimoto,Mental disorder,0.3227848101265823,0.6291581799690149,0.4100606384397311
0,knn5 tanimoto,Metrorrhagia,0.07172995780590717,0.5733160552837626,0.0947654621710354
0,knn5 tanimoto,Micturition urgency,0.05414908579465542,0.5602128757361942,0.09874961272118038
0,knn5 tanimoto,Migraine,0.16455696202531644,0.5805403275807643,0.23711704972279093
0,knn5 tanimoto,Mood swings,0.17088607594936708,0.633292327545044,0.287248106129636
0,knn5 tanimoto,Mouth ulceration,0.1209563994374121,0.5988312617253764,0.1636129775084763
0,knn5 tanimoto,Mucosal inflammation,0.05625879043600562,0.7559658614486018,0.19656666431705078
0,knn5 tanimoto,Multiple fractures,0.05485232067510549,0.6306732330416414,0.08796004789428222
0,knn5 tanimoto,Muscle contractions involuntary,0.03867791842475387,0.5951875163944946,0.08187581816093846
0,knn5 tanimoto,Muscle relaxant therapy,0.04289732770745429,0.6015761788870325,0.06738373673615211
0,knn5 tanimoto,Muscle rigidity,0.04360056258790436,0.7794904495319971,0.31312976655431274
0,knn5 tanimoto,Muscle spasms,0.340365682137834,0.6128959643785994,0.4282946588466293
0,knn5 tanimoto,Muscle twitching,0.10267229254571027,0.6014088790052319,0.15843258594124077
0,knn5 tanimoto,Muscular weakness,0.19760900140646975,0.6226194374651922,0.28667567020795853
0,knn5 tanimoto,Musculoskeletal discomfort,0.4859353023909986,0.6080325971170686,0.5812986590673167
0,knn5 tanimoto,Musculoskeletal pain,0.11673699015471167,0.5937122526917035,0.16103650933518973
0,knn5 tanimoto,Musculoskeletal stiffness,0.09774964838255977,0.6113341832416691,0.16002987255763906
0,knn5 tanimoto,Myalgia,0.39943741209563993,0.6114354497364014,0.5137012830119494
0,knn5 tanimoto,Mydriasis,0.07665260196905767,0.7669736466242849,0.2755718952660141
0,knn5 tanimoto,Myocardial infarction,0.2348804500703235,0.6535948472040113,0.3646891782027682
0,knn5 tanimoto,Myocardial ischaemia,0.08227848101265822,0.6560756951138398,0.17179271251174577
0,knn5 tanimoto,Myoclonus,0.05485232067510549,0.6257651892391648,0.09198410051518471
0,knn5 tanimoto,Myopathy,0.07665260196905767,0.6396332307757046,0.22452835101033236
0,knn5 tanimoto,Myositis,0.0450070323488045,0.6128305060546736,0.16491790633347522
0,knn5 tanimoto,Nail disorder,0.06047819971870605,0.6195690818945054,0.11236823932215267
0,knn5 tanimoto,Nasal congestion,0.1441631504922644,0.5719438789115212,0.21221427682928615
0,knn5 tanimoto,Nasopharyngitis,0.20042194092827004,0.5553434655020787,0.22753963478347447
0,knn5 tanimoto,Nausea,0.8438818565400844,0.6393383069079154,0.8874180999355092
0,knn5 tanimoto,Neck pain,0.10548523206751055,0.5466395939149356,0.13477561832062815
0,knn5 tanimoto,Necrosis,0.06962025316455696,0.5391844383732296,0.0880190448425408
0,knn5 tanimoto,Neoplasm,0.12447257383966245,0.6173814307092366,0.20085357155065572
0,knn5 tanimoto,Neoplasm malignant,0.09423347398030943,0.6271378441052841,0.1737270437677271
0,knn5 tanimoto,Nephrolithiasis,0.0808720112517581,0.6111077403418977,0.1314328962807243
0,knn5 tanimoto,Nephropathy,0.04289732770745429,0.6242429869906398,0.1319765749571093
0,knn5 tanimoto,Nephropathy toxic,0.053445850914205346,0.7768259999806112,0.39112489527066563
0,knn5 tanimoto,Nephrotic syndrome,0.04430379746835443,0.6295519961987179,0.11090659399807382
0,knn5 tanimoto,Nervous system disorder,0.4409282700421941,0.6370678339248464,0.5517036250095353
0,knn5 tanimoto,Nervousness,0.3059071729957806,0.6274350133817967,0.40955788218237615
0,knn5 tanimoto,Neuralgia,0.06821378340365682,0.5861189366295918,0.09548278315051931
0,knn5 tanimoto,Neuritis,0.07172995780590717,0.5669677130583721,0.1004945821944679
0,knn5 tanimoto,Neuroleptic malignant syndrome,0.04360056258790436,0.821527826708554,0.409151723257446
0,knn5 tanimoto,Neuropathy peripheral,0.2390998593530239,0.6184212418771748,0.33388730500627656
0,knn5 tanimoto,Neutropenia,0.21940928270042195,0.7605141939147504,0.47219792113505965
0,knn5 tanimoto,Night sweats,0.05555555555555555,0.5522060957199428,0.08311816425789921
0,knn5 tanimoto,Nightmare,0.10407876230661041,0.7080720651002266,0.2540038372089114
0,knn5 tanimoto,Nocturia,0.09563994374120956,0.6586875736056427,0.18373934785723484
0,knn5 tanimoto,Nuchal rigidity,0.04852320675105485,0.5787876447241014,0.06419697155237426
0,knn5 tanimoto,Nystagmus,0.06821378340365682,0.656138235518031,0.13953918547354927
0,knn5 tanimoto,Ocular hyperaemia,0.04008438818565401,0.5861499900093146,0.07089324539304453
0,knn5 tanimoto,Oedema,0.4015471167369902,0.5894885919595405,0.4786308715036454
0,knn5 tanimoto,Oedema peripheral,0.2876230661040788,0.5848025678521058,0.353237694968832
0,knn5 tanimoto,Oesophagitis,0.12025316455696203,0.6578811134806928,0.21092967197876086
0,knn5 tanimoto,Oliguria,0.09212376933895922,0.5844616820260808,0.13272948648929214
0,knn5 tanimoto,Opportunistic infection,0.0379746835443038,0.7253263341529097,0.13631864251854608
0,knn5 tanimoto,Optic neuritis,0.06610407876230662,0.6535927470463834,0.20339860358818695
0,knn5 tanimoto,Oral candidiasis,0.06751054852320675,0.6940396489324577,0.14398575843990372
0,knn5 tanimoto,Oropharyngeal discomfort,0.07454289732770746,0.5392576631243988,0.10207476942936015
0,knn5 tanimoto,Oropharyngeal pain,0.10407876230661041,0.5240824169554055,0.12396591925242133
0,knn5 tanimoto,Orthostatic hypotension,0.17862165963431786,0.7418971450080853,0.411283039934499
0,knn5 tanimoto,Osteoarthritis,0.15611814345991562,0.5871448912378379,0.2045524149883578
0,knn5 tanimoto,Osteonecrosis,0.035161744022503515,0.6643385714401997,0.1901640126702932
0,knn5 tanimoto,Osteoporosis,0.05977496483825598,0.701626778412583,0.21713759551728296
0,knn5 tanimoto,Otitis media,0.07243319268635724,0.5330869351264267,0.09083513562345155
0,knn5 tanimoto,Pain,0.5203938115330521,0.5616394373687951,0.568074776003864
0,knn5 tanimoto,Pain in extremity,0.17932489451476794,0.5345814565085438,0.2044258654282225
0,knn5 tanimoto,Pallor,0.09563994374120956,0.5852793102707998,0.12476727145868263
0,knn5 tanimoto,Palpitations,0.3551336146272855,0.6244082233959827,0.45104826289245714
0,knn5 tanimoto,Pancreatitis,0.22292545710267228,0.6938150637692726,0.3991172933303438
0,knn5 tanimoto,Pancreatitis acute,0.04219409282700422,0.5176906086574992,0.04604784384547407
0,knn5 tanimoto,Pancytopenia,0.2088607594936709,0.690483152006691,0.36463356090168486
0,knn5 tanimoto,Paraesthesia,0.45639943741209565,0.601593285320461,0.5290623516721823
0,knn5 tanimoto,Paraesthesia oral,0.04149085794655415,0.577487304854347,0.11096881962165464
0,knn5 tanimoto,Paralysis,0.06680731364275667,0.6086171180461936,0.13041090629316449
0,knn5 tanimoto,Paranoia,0.06258790436005626,0.6511705479589723,0.12417716016236802
0,knn5 tanimoto,Parkinsonism,0.03656821378340366,0.7929920831076019,0.3506269533871414
0,knn5 tanimoto,Parosmia,0.06329113924050633,0.5503522220240351,0.1246073670896886
0,knn5 tanimoto,Pelvic pain,0.057665260196905765,0.6295011175016111,0.09722474065194066
0,knn5 tanimoto,Peptic ulcer,0.06821378340365682,0.651818931293375,0.21957066975179776
0,knn5 tanimoto,Pericardial effusion,0.035161744022503515,0.635327321287434,0.1123197093018247
0,knn5 tanimoto,Pericarditis,0.03867791842475387,0.6326822382459419,0.12508988589982317
0,knn5 tanimoto,Periorbital oedema,0.035161744022503515,0.5795160342991654,0.0630569253331406
0,knn5 tanimoto,Peripheral coldness,0.03938115330520394,0.636375729635976,0.21028962838754506
0,knn5 tanimoto,Peripheral vascular disorder,0.04289732770745429,0.6322693020562097,0.07793259215982723
0,knn5 tanimoto,Personality disorder,0.03656821378340366,0.5532386428636957,0.05069786456934883
0,knn5 tanimoto,Petechiae,0.0850914205344585,0.6159604562398242,0.17943202953119572
0,knn5 tanimoto,Pharyngitis,0.270042194092827,0.6285691192485329,0.3729481954873749
0,knn5 tanimoto,Phlebitis,0.1209563994374121,0.6329697751011344,0.18778580234045855
0,knn5 tanimoto,Photophobia,0.11251758087201125,0.6465408983983545,0.20718337813860316
0,knn5 tanimoto,Photosensitivity reaction,0.21308016877637131,0.706169901654351,0.42287242550472665
0,knn5 tanimoto,Platelet count decreased,0.057665260196905765,0.5941328559093625,0.11023089147347509
0,knn5 tanimoto,Pleural effusion,0.08157524613220815,0.6126142076843103,0.12993053772740185
0,knn5 tanimoto,Pneumonia,0.23628691983122363,0.6000722204707184,0.31715883799096434
0,knn5 tanimoto,Pneumothorax,0.0450070323488045,0.5715096659251881,0.06954512015762804
0,knn5 tanimoto,Pollakiuria,0.2109704641350211,0.6458398478464071,0.3073507025784819
0,knn5 tanimoto,Polyp,0.05907172995780591,0.5634030781068373,0.09667333983866436
0,knn5 tanimoto,Polyuria,0.13853727144866385,0.6239461725284469,0.19603715131471489
0,knn5 tanimoto,Pregnancy,0.04992967651195499,0.48349890756436037,0.0581918936828449
0,knn5 tanimoto,Priapism,0.04571026722925457,0.766591686689952,0.2392842908448089
0,knn5 tanimoto,Proctalgia,0.04360056258790436,0.5336440149535149,0.053585143826181215
0,knn5 tanimoto,Protein urine present,0.09634317862165963,0.663366973036922,0.2030356345619523
0,knn5 tanimoto,Proteinuria,0.09423347398030943,0.671144834305894,0.20588915717791348
0,knn5 tanimoto,Prothrombin level increased,0.03727144866385373,0.686723086288863,0.17094182945022604
0,knn5 tanimoto,Prurigo,0.04219409282700422,0.5810773638504031,0.0678071236000652
0,knn5 tanimoto,Pruritus,0.6638537271448663,0.5742001758858939,0.7080368518056286
0,knn5 tanimoto,Pseudomembranous colitis,0.04571026722925457,0.8826595913113465,0.5964241643658845
0,knn5 tanimoto,Psoriasis,0.056962025316455694,0.607462305229645,0.10680677451110905
0,knn5 tanimoto,Psychotic disorder,0.1568213783403657,0.6475783490702571,0.24283798593267977
0,knn5 tanimoto,Pulmonary embolism,0.1209563994374121,0.606808067191942,0.19131218608780529
0,knn5 tanimoto,Pulmonary fibrosis,0.04289732770745429,0.5582614344553856,0.06362896887657246
0,knn5 tanimoto,Pulmonary function test decreased,0.06540084388185655,0.729365246655196,0.2545076379128256
0,knn5 tanimoto,Pulmonary oedema,0.1258790436005626,0.5609821748055164,0.1530167981911313
0,knn5 tanimoto,Purpura,0.15260196905766527,0.6295516382957163,0.23915817460707647
0,knn5 tanimoto,Rash,0.760196905766526,0.5915848425826138,0.801036814538099
0,knn5 tanimoto,Rash erythematous,0.0759493670886076,0.5012670804748703,0.08058486278770735
0,knn5 tanimoto,Rash generalised,0.03727144866385373,0.5461963845695792,0.06624875613958507
0,knn5 tanimoto,Rash macular,0.035864978902953586,0.516775244863164,0.04222658270756359
0,knn5 tanimoto,Rash maculo-papular,0.1209563994374121,0.5427717135522874,0.14269764095392845
0,knn5 tanimoto,Rash pustular,0.07524613220815753,0.5751084601036279,0.09844297241135677
0,knn5 tanimoto,Rectal haemorrhage,0.0970464135021097,0.5030182506684773,0.10591138182416442
0,knn5 tanimoto,Renal failure,0.23277074542897327,0.6476929999833969,0.37905126903419956
0,knn5 tanimoto,Renal failure acute,0.14838255977496484,0.6506324506523086,0.24231242037370326
0,knn5 tanimoto,Renal impairment,0.14838255977496484,0.6652150127427866,0.25916008578529715
0,knn5 tanimoto,Renal pain,0.047116736990154715,0.5698603672458464,0.0683986062919725
0,knn5 tanimoto,Respiratory arrest,0.035864978902953586,0.6486750253956287,0.08983583961929101
0,knn5 tanimoto,Respiratory depression,0.06469760900140648,0.7368479214988584,0.25816938865331973
0,knn5 tanimoto,Respiratory distress,0.06258790436005626,0.6738805944313927,0.18777336731889177
0,knn5 tanimoto,Respiratory failure,0.09915611814345991,0.6032777689557486,0.14450625065428954
0,knn5 tanimoto,Respiratory tract infection,0.05555555555555555,0.549053299525854,0.06632758955917577
0,knn5 tanimoto,Rhabdomyolysis,0.09563994374120956,0.6450140920978276,0.24991860170145647
0,knn5 tanimoto,Rhinitis,0.26652601969057665,0.5964723542722167,0.3308343915998568
0,knn5 tanimoto,Rhinorrhoea,0.0850914205344585,0.527259826990172,0.10198111437997023
0,knn5 tanimoto,Salivary hypersecretion,0.10618846694796062,0.6753995480971999,0.22957256370319845
0,knn5 tanimoto,Scotoma,0.07032348804500703,0.5621954419882147,0.10568668640069143
0,knn5 tanimoto,Seborrhoeic dermatitis,0.06469760900140648,0.5785163705329475,0.10731421262233728
0,knn5 tanimoto,Sensory loss,0.0850914205344585,0.5908645454149981,0.14420480353005743
0,knn5 tanimoto,Sepsis,0.13431786216596342,0.6646427925787917,0.22698679232812452
0,knn5 tanimoto,Serum sickness,0.040787623066104076,0.7114091804251574,0.26814433514566927
0,knn5 tanimoto,Sexual dysfunction,0.051336146272855133,0.5817532909974049,0.08506883483349122
0,knn5 tanimoto,Shock,0.41561181434599154,0.5812784687905681,0.4982210641839339
0,knn5 tanimoto,Sinus bradycardia,0.04289732770745429,0.5640522622354684,0.12178139036922875
0,knn5 tanimoto,Sinus congestion,0.0450070323488045,0.5822625605112374,0.0593938268522046
0,knn5 tanimoto,Sinusitis,0.25035161744022505,0.6060047870103688,0.3210382732923964
0,knn5 tanimoto,Skin discolouration,0.09634317862165963,0.4997137327394242,0.10254424351757381
0,knn5 tanimoto,Skin disorder,0.44585091420534456,0.5876051942329215,0.5123542789412799
0,knn5 tanimoto,Skin exfoliation,0.1111111111111111,0.5605385602121206,0.13043539852810296
0,knn5 tanimoto,Skin hyperpigmentation,0.05485232067510549,0.6092138563489548,0.09195912222877022
0,knn5 tanimoto,Skin irritation,0.03867791842475387,0.5152890132927942,0.04884958467802681
0,knn5 tanimoto,Skin striae,0.03656821378340366,0.7415559279647087,0.3907244988582782
0,knn5 tanimoto,Skin ulcer,0.07735583684950774,0.5907616318614057,0.1125296165766321
0,knn5 tanimoto,Sleep disorder,0.13783403656821377,0.6228182932351243,0.20864886907321073
0,knn5 tanimoto,Sneezing,0.06258790436005626,0.6398200745926361,0.14233034559956548
0,knn5 tanimoto,Somnolence,0.46835443037974683,0.7343899254343902,0.6820435070342239
0,knn5 tanimoto,Speech disorder,0.0829817158931083,0.5877039895995673,0.10899950046248877
0,knn5 tanimoto,Stevens-Johnson syndrome,0.22292545710267228,0.7024866838359545,0.3985324545751186
0,knn5 tanimoto,Stomatitis,0.2320675105485232,0.6415223823631604,0.32718272999635845
0,knn5 tanimoto,Stupor,0.06891701828410689,0.5207814671327033,0.08497699730054427
0,knn5 tanimoto,Sudden death,0.04289732770745429,0.6988700375402177,0.20567241842283318
0,knn5 tanimoto,Suicidal ideation,0.0639943741209564,0.6866369789542532,0.16265773558896304
0,knn5 tanimoto,Suicide attempt,0.04922644163150492,0.5899723345656818,0.08502743429816248
0,knn5 tanimoto,Supraventricular tachycardia,0.057665260196905765,0.6421464442185837,0.1067554275835613
0,knn5 tanimoto,Swelling,0.14486638537271448,0.539809327069041,0.1710568043633899
0,knn5 tanimoto,Swelling face,0.03656821378340366,0.5438091125334268,0.053210800147244164
0,knn5 tanimoto,Syncope,0.35372714486638535,0.6140575043977149,0.45933384266195676
0,knn5 tanimoto,Systemic lupus erythematosus,0.053445850914205346,0.6993742139960716,0.17862651093659906
0,knn5 tanimoto,Tachycardia,0.4191279887482419,0.6209792747464293,0.5141813014722467
0,knn5 tanimoto,Tenderness,0.0850914205344585,0.5371315409695638,0.12765188773777564
0,knn5 tanimoto,Tension,0.30239099859353025,0.6402352467145752,0.41478527461837295
0,knn5 tanimoto,Thinking abnormal,0.08720112517580872,0.6628632740406222,0.14648291365721847
0,knn5 tanimoto,Thirst,0.1490857946554149,0.5982010495988865,0.22240031094874985
0,knn5 tanimoto,Throat irritation,0.04922644163150492,0.5943757310020568,0.12217056985805039
0,knn5 tanimoto,Throat tightness,0.03727144866385373,0.6382884345576874,0.11424712351687016
0,knn5 tanimoto,Thrombocytopenia,0.4212376933895921,0.712746546740975,0.6065399490737474
0,knn5 tanimoto,Thrombocytopenic purpura,0.03867791842475387,0.6317507160108097,0.1025590172880382
0,knn5 tanimoto,Thrombocytosis,0.05977496483825598,0.6884369557148446,0.19173940940310663
0,knn5 tanimoto,Thrombophlebitis,0.14556962025316456,0.6148707241201878,0.20799847503423718
0,knn5 tanimoto,Thrombosis,0.07946554149085795,0.5754011552948508,0.12638023285807015
0,knn5 tanimoto,Tinnitus,0.27637130801687765,0.6429632022502172,0.38733396205834375
0,knn5 tanimoto,Tongue discolouration,0.04149085794655415,0.6957915169755504,0.19324223678789754
0,knn5 tanimoto,Tongue disorder,0.0710267229254571,0.5625895266909191,0.11045736899925152
0,knn5 tanimoto,Tongue oedema,0.052742616033755275,0.600816568076467,0.09359220128455877
0,knn5 tanimoto,Tooth disorder,0.05907172995780591,0.5380070260370001,0.0684339620879896
0,knn5 tanimoto,Toothache,0.05977496483825598,0.5154365201975573,0.06659404808124995
0,knn5 tanimoto,Torsade de pointes,0.0639943741209564,0.7584031597409394,0.30991635641994125
0,knn5 tanimoto,Toxic epidermal necrolysis,0.180028129395218,0.6810441873103733,0.33100634824994346
0,knn5 tanimoto,Transaminases increased,0.06891701828410689,0.5491356272416807,0.08994363661250832
0,knn5 tanimoto,Transient ischaemic attack,0.04922644163150492,0.634690842163167,0.0968972039606421
0,knn5 tanimoto,Tremor,0.32770745428973275,0.6505612135244012,0.44682422687699513
0,knn5 tanimoto,Tubulointerstitial nephritis,0.08016877637130802,0.7473499945182723,0.27125039583899124
0,knn5 tanimoto,Ulcer,0.09282700421940929,0.5994023693630662,0.13559801532029583
0,knn5 tanimoto,Upper respiratory tract infection,0.2320675105485232,0.5844475288162454,0.30896978219859256
0,knn5 tanimoto,Urethral disorder,0.2714486638537271,0.6124183165219065,0.3492347480755136
0,knn5 tanimoto,Urinary incontinence,0.11251758087201125,0.6481234037113774,0.19223405534870586
0,knn5 tanimoto,Urinary retention,0.16736990154711673,0.7457988610276928,0.38411229319966844
0,knn5 tanimoto,Urinary tract disorder,0.26863572433192684,0.6168854492398651,0.34809458178884595
0,knn5 tanimoto,Urinary tract infection,0.24824191279887484,0.58324749422666,0.3046189749136351
0,knn5 tanimoto,Urine abnormality,0.04571026722925457,0.530210116959493,0.05373122186083597
0,knn5 tanimoto,Urine analysis abnormal,0.04992967651195499,0.5253099337247509,0.05779567688252748
0,knn5 tanimoto,Urine output increased,0.12236286919831224,0.6038439586453833,0.17782129926982457
0,knn5 tanimoto,Urticaria,0.5590717299578059,0.5500260535608993,0.5913798558252976
0,knn5 tanimoto,VIIth nerve paralysis,0.03727144866385373,0.5574383618976079,0.09138225890294753
0,knn5 tanimoto,Vaginal discharge,0.06047819971870605,0.6475476909506968,0.19611435367773086
0,knn5 tanimoto,Vaginal haemorrhage,0.08227848101265822,0.5947208583972083,0.14779872894586052
0,knn5 tanimoto,Vaginal infection,0.11673699015471167,0.6329708174787638,0.2799156748450451
0,knn5 tanimoto,Vaginal inflammation,0.10829817158931083,0.6284264461318825,0.28200696337722303
0,knn5 tanimoto,Vascular purpura,0.14135021097046413,0.6534289599481817,0.23778200377712508
0,knn5 tanimoto,Vasculitis,0.10689170182841069,0.6091682139604613,0.216337165139142
0,knn5 tanimoto,Vasodilation procedure,0.09353023909985936,0.5797047763663267,0.12764485080183993
0,knn5 tanimoto,Ventricular arrhythmia,0.07032348804500703,0.6494013589919366,0.1285794659886818
0,knn5 tanimoto,Ventricular extrasystoles,0.090014064697609,0.6021020995012603,0.11812665136028402
0,knn5 tanimoto,Ventricular fibrillation,0.07243319268635724,0.648957775116214,0.18835900964962476
0,knn5 tanimoto,Ventricular tachycardia,0.1019690576652602,0.6543629329349672,0.19031783629054183
0,knn5 tanimoto,Vertigo,0.3558368495077356,0.6414940416355471,0.4800584477581804
0,knn5 tanimoto,Viral infection,0.09142053445850915,0.5598092462896225,0.11792955339539693
0,knn5 tanimoto,Vision blurred,0.3227848101265823,0.6480077209461108,0.44358062975691376
0,knn5 tanimoto,Visual acuity reduced,0.052742616033755275,0.5901881617476887,0.09434644082334485
0,knn5 tanimoto,Visual impairment,0.2714486638537271,0.589734240335626,0.3421094140562044
0,knn5 tanimoto,Vomiting,0.759493670886076,0.6236699664392052,0.8152656179590021
0,knn5 tanimoto,Vulvovaginal candidiasis,0.051336146272855133,0.6882675361744048,0.2019600104503915
0,knn5 tanimoto,Vulvovaginal mycotic infection,0.05555555555555555,0.7185933863097534,0.20921521745066213
0,knn5 tanimoto,Weight decreased,0.22433192686357242,0.6044864068107276,0.2858448844966743
0,knn5 tanimoto,Weight increased,0.23136427566807313,0.6695763830962506,0.3696580482939685
0,knn5 tanimoto,Wheezing,0.12165963431786217,0.5434812474922299,0.13366056309895935
0,knn5 tanimoto,White blood cell count decreased,0.046413502109704644,0.6714909873335331,0.10701574708342751
0,structure rf,Abdominal discomfort,0.20253164556962025,0.5751970479707977,0.2598599708974597
0,structure rf,Abdominal distension,0.20815752461322082,0.6255878874416236,0.3522982489423106
0,structure rf,Abdominal pain,0.580168776371308,0.6286283692108068,0.705374565235957
0,structure rf,Abdominal pain upper,0.18846694796061886,0.6048522519580323,0.2607568694396224
0,structure rf,Abnormal dreams,0.10548523206751055,0.7572779472529824,0.2786039322650343
0,structure rf,Abscess,0.07805907172995781,0.5436952578952579,0.15691666256328785
0,structure rf,Accommodation disorder,0.04922644163150492,0.8667303255945338,0.3676472166510263
0,structure rf,Acidosis,0.0450070323488045,0.6750866889531094,0.1607429639537839
0,structure rf,Acne,0.09282700421940929,0.714739233841921,0.30329589893644227
0,structure rf,Acute coronary syndrome,0.2348804500703235,0.6628397718837882,0.4133105539569158
0,structure rf,Affect lability,0.1617440225035162,0.6825483405720966,0.3443774738124191
0,structure rf,Ageusia,0.07946554149085795,0.6043901575551653,0.1833439684240369
0,structure rf,Aggression,0.0850914205344585,0.6882891806657518,0.2037063860776987
0,structure rf,Agitation,0.3340365682137834,0.707010449996522,0.5512990234097211
0,structure rf,Agranulocytosis,0.23347398030942335,0.7906987296033596,0.5850695884491646
0,structure rf,Akathisia,0.04852320675105485,0.8579951440561416,0.4415812660769437
0,structure rf,Alanine aminotransferase increased,0.19268635724331926,0.6772170452193272,0.37824441258985386
0,structure rf,Albuminuria,0.0710267229254571,0.6500991664185974,0.18715378232589278
0,structure rf,Alopecia,0.3108298171589311,0.6659629831105154,0.4825467826926789
0,structure rf,Altered state of consciousness,0.040787623066104076,0.6553471742822763,0.11494373902367432
0,structure rf,Amblyopia,0.07383966244725738,0.5936833129044582,0.12344710163139579
0,structure rf,Amenorrhoea,0.08720112517580872,0.7200752162438981,0.27899203566100156
0,structure rf,Amnesia,0.14486638537271448,0.6854121438871341,0.26859088591896524
0,structure rf,Amylase increased,0.04430379746835443,0.6907925092523399,0.18625046367057027
0,structure rf,Anaemia,0.36146272855133615,0.6583858163033025,0.5257536740812581
0,structure rf,Anaphylactic shock,0.4388185654008439,0.6656895040656569,0.6322523157135199
0,structure rf,Anaphylactoid reaction,0.17651195499296765,0.6570225283791189,0.36038290921702193
0,structure rf,Angina pectoris,0.2039381153305204,0.6824319935974346,0.4053200241286124
0,structure rf,Angioedema,0.37060478199718705,0.6491166650729242,0.5261093386740253
0,structure rf,Angiopathy,0.319971870604782,0.6364074240446035,0.4569480771772444
0,structure rf,Anorectal discomfort,0.051336146272855133,0.6735582979752213,0.12999448667919558
0,structure rf,Anorectal disorder,0.04289732770745429,0.5615376138019492,0.07827232495591449
0,structure rf,Anxiety,0.38466947960618847,0.6253839716880115,0.4933057489253597
0,structure rf,Apathy,0.06188466947960619,0.6853501555138266,0.13484924805490586
0,structure rf,Aphasia,0.06047819971870605,0.6440007201984402,0.2072602220804959
0,structure rf,Aphthous stomatitis,0.03938115330520394,0.7104851031332255,0.12915286290702815
0,structure rf,Aplastic anaemia,0.11392405063291139,0.8261678335162987,0.45510022655439064
0,structure rf,Apnoea,0.08368495077355836,0.7038928335255171,0.24160695675349841
0,structure rf,Application site pain,0.04289732770745429,0.6340201960736073,0.10836991484969823
0,structure rf,Application site reaction,0.03727144866385373,0.5534024997546758,0.05274914589128188
0,structure rf,Arrhythmia,0.28621659634317864,0.6209659153358034,0.419051761958867
0,structure rf,Arrhythmia supraventricular,0.035161744022503515,0.5842523656633336,0.06619906372776053
0,structure rf,Arthralgia,0.4120956399437412,0.6433146309653532,0.5653616792778547
0,structure rf,Arthritis,0.1568213783403657,0.6574643301598507,0.3027200345777194
0,structure rf,Arthropathy,0.0949367088607595,0.6409557679520513,0.18001930938790406
0,structure rf,Aspartate aminotransferase increased,0.1940928270042194,0.6836399899772851,0.36108967296466477
0,structure rf,Asthenia,0.6371308016877637,0.716434429388008,0.813424873555894
0,structure rf,Asthma,0.19057665260196907,0.5861483602263343,0.272991354531636
0,structure rf,Ataxia,0.1680731364275668,0.7403330757009835,0.42886574632661556
0,structure rf,Atrial fibrillation,0.1469760900140647,0.6496027043383409,0.2528619495845602
0,structure rf,Atrioventricular block,0.09423347398030943,0.750969320814162,0.3612923654287631
0,structure rf,Azotaemia,0.0450070323488045,0.6485837131324039,0.08908268993987208
0,structure rf,Back pain,0.3509142053445851,0.6487421534342963,0.48953128998488804
0,structure rf,Bacterial infection,0.03867791842475387,0.6091587157071026,0.12073330003771439
0,structure rf,Balance disorder,0.04781997187060478,0.7313257464719788,0.2014042585091397
0,structure rf,Bladder pain,0.11744022503516174,0.7087596458132293,0.2759562829105805
0,structure rf,Blepharitis,0.05555555555555555,0.6722897208375225,0.19427894137772694
0,structure rf,Blindness,0.052742616033755275,0.5798626753523815,0.1258061348962716
0,structure rf,Blister,0.0710267229254571,0.4903326217492043,0.09234314922131028
0,structure rf,Blood alkaline phosphatase increased,0.13431786216596342,0.6192523349574774,0.2495882697528796
0,structure rf,Blood bilirubin increased,0.0970464135021097,0.7355740583667629,0.2541217655309052
0,structure rf,Blood creatine phosphokinase increased,0.06821378340365682,0.7316668290873733,0.24432588641275393
0,structure rf,Blood creatinine increased,0.1751054852320675,0.7054071710032208,0.3700178011435802
0,structure rf,Blood disorder,0.08720112517580872,0.6244738907507289,0.15818714118750926
0,structure rf,Blood glucose increased,0.046413502109704644,0.617704236614466,0.11797462309435539
0,structure rf,Blood lactate dehydrogenase increased,0.058368495077355836,0.7377869012414068,0.22652158993633073
0,structure rf,Blood pressure increased,0.10337552742616034,0.6753727171853002,0.2347013675365995
0,structure rf,Blood triglycerides increased,0.06751054852320675,0.701645142990587,0.2575825198728993
0,structure rf,Blood urea increased,0.1160337552742616,0.7015348711663283,0.32845506744824143
0,structure rf,Blood uric acid increased,0.10618846694796062,0.7210124107434448,0.3173594216145569
0,structure rf,Body temperature decreased,0.046413502109704644,0.6619422881941397,0.1148179280968759
0,structure rf,Body temperature increased,0.5414908579465542,0.644691188280453,0.6818472478321584
0,structure rf,Bone disorder,0.08931082981715893,0.6074884655440489,0.13230524634320404
0,structure rf,Bone pain,0.1090014064697609,0.6837406121018054,0.264620720305049
0,structure rf,Bradycardia,0.2559774964838256,0.6918560056585175,0.45686180362319817
0,structure rf,Breast cancer,0.035864978902953586,0.7321368166527381,0.27054906905208853
0,structure rf,Breast disorder,0.180028129395218,0.6914922806718453,0.3647194680209786
0,structure rf,Breast enlargement,0.06258790436005626,0.8292671601598853,0.36099012794523355
0,structure rf,Breast pain,0.09142053445850915,0.7189190196309857,0.31494739145264067
0,structure rf,Bronchitis,0.21167369901547117,0.6426459582208751,0.33694265840372306
0,structure rf,Bronchospasm,0.20182841068917018,0.6260949190966181,0.3415288848234043
0,structure rf,Bundle branch block,0.04571026722925457,0.6193843530390479,0.10647623823992802
0,structure rf,Burning sensation,0.07172995780590717,0.5898336458089893,0.13604256630854092
0,structure rf,Bursitis,0.04360056258790436,0.7088273365080354,0.13802781315315377
0,structure rf,Candida infection,0.11954992967651196,0.7067354095650453,0.36831185354598006
0,structure rf,Cardiac arrest,0.16736990154711673,0.6431434628328492,0.2870079846170813
0,structure rf,Cardiac disorder,0.29254571026722925,0.6743467022633894,0.44045896230219733
0,structure rf,Cardiac failure,0.15330520393811534,0.6259936348176389,0.24863507600659682
0,structure rf,Cardiac failure congestive,0.1441631504922644,0.662858888060768,0.3298437935659536
0,structure rf,Cardiomyopathy,0.04360056258790436,0.6448696949554327,0.13477550039402286
0,structure rf,Cardiovascular disorder,0.0850914205344585,0.6049094690267083,0.15354992297322595
0,structure rf,Cataract,0.10126582278481013,0.7154110621703557,0.24945822178916277
0,structure rf,Cellulitis,0.09282700421940929,0.6229055829558244,0.16642265653453095
0,structure rf,Cerebral haemorrhage,0.04922644163150492,0.6195218093506312,0.12468792403925458
0,structure rf,Cerebral ischaemia,0.04219409282700422,0.6283854113063876,0.0867801385018813
0,structure rf,Cerebrovascular accident,0.15822784810126583,0.7149172767200385,0.3864071651962564
0,structure rf,Cerebrovascular disorder,0.035161744022503515,0.6346607181015624,0.1158268967436122
0,structure rf,Chest discomfort,0.09634317862165963,0.5641468347537982,0.14014151752888487
0,structure rf,Chest pain,0.38748241912798875,0.632339186941669,0.5199726745038232
0,structure rf,Chills,0.3108298171589311,0.6378693185147208,0.4410213407430065
0,structure rf,Cholecystitis,0.052742616033755275,0.6263324354283966,0.12042989373897894
0,structure rf,Cholelithiasis,0.06118143459915612,0.6814371508751009,0.14228285983170808
0,structure rf,Cholestasis,0.07243319268635724,0.7273901605158869,0.3128545232184171
0,structure rf,Coagulopathy,0.07524613220815753,0.5630199884794498,0.13705398245989636
0,structure rf,Cognitive disorder,0.04219409282700422,0.6797118430848027,0.13925669851114642
0,structure rf,Cold sweat,0.03867791842475387,0.6598821893082762,0.15223889816467603
0,structure rf,Colitis,0.10478199718706048,0.7248848149538893,0.3001592593968892
0,structure rf,Coma,0.1209563994374121,0.6423492979022087,0.2048925403943008
0,structure rf,Completed suicide,0.04781997187060478,0.7759163552401687,0.1506288556219753
0,structure rf,Confusional state,0.38255977496483823,0.6444975287434253,0.5433631712941124
0,structure rf,Conjunctival hyperaemia,0.0379746835443038,0.6025943321820577,0.11275134917286114
0,structure rf,Conjunctivitis,0.23136427566807313,0.6143924435649915,0.34996129799813974
0,structure rf,Connective tissue disorder,0.2848101265822785,0.6232868372816028,0.40679040044427606
0,structure rf,Constipation,0.4929676511954993,0.6948887917936389,0.6937490622172477
0,structure rf,Contusion,0.09774964838255977,0.6123038488185368,0.17934267540997717
0,structure rf,Convulsion,0.36357243319268634,0.6584421634353876,0.5637484860663602
0,structure rf,Coordination abnormal,0.09915611814345991,0.7444793055917218,0.3167468069834212
0,structure rf,Cough,0.4008438818565401,0.6611257426543053,0.5667490875497989
0,structure rf,Cyanosis,0.06962025316455696,0.6027966111882399,0.1407571551272618
0,structure rf,Cyst,0.06540084388185655,0.6745688552428486,0.15393989049402973
0,structure rf,Cystitis,0.10759493670886076,0.690928330762065,0.24049665218553334
0,structure rf,Cystitis noninfective,0.10618846694796062,0.6920368448591944,0.2393776566941877
0,structure rf,Deafness,0.1371308016877637,0.6999692939937315,0.3008746900130569
0,structure rf,Decreased appetite,0.4838255977496484,0.6461154212565243,0.6204458264173365
0,structure rf,Deep vein thrombosis,0.06680731364275667,0.7181421513304302,0.23895992650667724
0,structure rf,Dehydration,0.17158931082981715,0.6277665119757383,0.3014628405279944
0,structure rf,Delirium,0.07876230661040788,0.7003946835409429,0.21676679901866155
0,structure rf,Delusion,0.06821378340365682,0.8075778234648341,0.30948312676576617
0,structure rf,Dementia,0.03727144866385373,0.7031166364518199,0.24072067147745915
0,structure rf,Depersonalisation,0.06188466947960619,0.7469873631511035,0.21884339903484573
0,structure rf,Depressed level of consciousness,0.10126582278481013,0.6950793419607764,0.2097324851985672
0,structure rf,Depressed mood,0.035864978902953586,0.6340161115443836,0.09127777181645585
0,structure rf,Depression,0.22644163150492264,0.6593251453706406,0.37797849433384406
0,structure rf,Dermatitis,0.7658227848101266,0.6404814556598992,0.8467381878175948
0,structure rf,Dermatitis atopic,0.07454289732770746,0.5323893954813833,0.10273526766426792
0,structure rf,Dermatitis bullous,0.14767932489451477,0.5755828106468895,0.2380389067574294
0,structure rf,Dermatitis contact,0.11181434599156118,0.6961424084009836,0.2814807971419153
0,structure rf,Dermatitis exfoliative,0.14556962025316456,0.7151908902413091,0.3222187574046401
0,structure rf,Diabetes mellitus,0.1441631504922644,0.6966088110949282,0.348534404051969
0,structure rf,Diarrhoea,0.6849507735583685,0.6707440409163998,0.8126058629291604
0,structure rf,Diplopia,0.1518987341772152,0.7314017000376796,0.3671912829868159
0,structure rf,Discomfort,0.3924050632911392,0.6260701104842216,0.5213147087968675
0,structure rf,Disorientation,0.12376933895921238,0.7035258339291466,0.30712342407980414
0,structure rf,Disturbance in attention,0.09071729957805907,0.65644821486816,0.16018630397941655
0,structure rf,Disturbance in sexual arousal,0.16455696202531644,0.7330800403275208,0.36987267111383226
0,structure rf,Dizziness,0.7250351617440225,0.7060191818419541,0.8432274701631753
0,structure rf,Drug eruption,0.05414908579465542,0.6573983911455338,0.14119362053770065
0,structure rf,Drug interaction,0.09353023909985936,0.6196231590600775,0.14123315478632364
0,structure rf,Drug withdrawal syndrome,0.04008438818565401,0.8858972906952992,0.30154653584787117
0,structure rf,Dry eye,0.11462728551336146,0.7286248535149363,0.3072291806598938
0,structure rf,Dry mouth,0.38959212376933894,0.7183522592962812,0.6341969143644154
0,structure rf,Dry skin,0.18635724331926865,0.6093478263269174,0.3010998118983266
0,structure rf,Duodenal ulcer,0.03938115330520394,0.6844473906915334,0.09805758426422821
0,structure rf,Dysarthria,0.09212376933895922,0.715983644463989,0.23246115899106093
0,structure rf,Dysgeusia,0.32208157524613223,0.5944733386101289,0.42583070640026177
0,structure rf,Dyskinesia,0.09142053445850915,0.8074785692891087,0.3699016465429321
0,structure rf,Dysmenorrhoea,0.09845288326300984,0.6788101216783826,0.25784636817393636
0,structure rf,Dyspepsia,0.4908579465541491,0.6366309544037054,0.6278768328265208
0,structure rf,Dysphagia,0.18565400843881857,0.663926185609254,0.3149894502349314
0,structure rf,Dysphonia,0.08649789029535865,0.6328029278013563,0.17934047003702883
0,structure rf,Dyspnoea,0.4908579465541491,0.6569887809571775,0.641899434049074
0,structure rf,Dysuria,0.21026722925457103,0.6341141901463134,0.33546616096465465
0,structure rf,Ear disorder,0.047116736990154715,0.5331436687566832,0.09882006098655502
0,structure rf,Ear infection,0.03727144866385373,0.5806116850356706,0.0682816200364528
0,structure rf,Ear pain,0.12658227848101267,0.6290810047762341,0.21673201357412056
0,structure rf,Ecchymosis,0.1279887482419128,0.6530398295454724,0.2736863649094754
0,structure rf,Eczema,0.13924050632911392,0.6074412951085076,0.20024498266995866
0,structure rf,Electrocardiogram QT prolonged,0.05977496483825598,0.7427420244829666,0.18243787867863953
0,structure rf,Electrocardiogram abnormal,0.05977496483825598,0.6061087797107841,0.10748887174448093
0,structure rf,Electrolyte imbalance,0.03656821378340366,0.7002172653134127,0.18381591174514195
0,structure rf,Embolism,0.06751054852320675,0.6807906068318108,0.28539784659014494
0,structure rf,Embolism venous,0.051336146272855133,0.7847151249498552,0.3598035191707706
0,structure rf,Encephalopathy,0.056962025316455694,0.5434525763906685,0.0877211287725912
0,structure rf,Endocrine disorder,0.09071729957805907,0.6453872467760069,0.15791427692657092
0,structure rf,Endophthalmitis,0.04149085794655415,0.6059838416411336,0.15323234277360598
0,structure rf,Eosinophilia,0.2039381153305204,0.741781872188167,0.49971736133625083
0,structure rf,Epigastric discomfort,0.04289732770745429,0.6803465931029583,0.22383868072502183
0,structure rf,Epilepsy,0.03727144866385373,0.6539296925296926,0.2192304582559436
0,structure rf,Epistaxis,0.2468354430379747,0.6923722003118071,0.45124784700736703
0,structure rf,Erectile dysfunction,0.2109704641350211,0.7436626306455675,0.4902347606994767
0,structure rf,Eructation,0.1090014064697609,0.6379369797562968,0.1866431706956295
0,structure rf,Erythema,0.339662447257384,0.5814043805692712,0.4333606937043613
0,structure rf,Erythema multiforme,0.27355836849507736,0.7461814557192369,0.5536248375915889
0,structure rf,Erythema nodosum,0.03867791842475387,0.7365436497300071,0.352699936775223
0,structure rf,Euphoric mood,0.11954992967651196,0.7909808574927986,0.3350031007009352
0,structure rf,Extrapyramidal disorder,0.07172995780590717,0.8391589972099862,0.4105349723771357
0,structure rf,Extrasystoles,0.07735583684950774,0.6727242678316975,0.18486770823327078
0,structure rf,Extravasation,0.07524613220815753,0.7204508678882805,0.19786505702946583
0,structure rf,Eye disorder,0.28621659634317864,0.6362568242105459,0.4271902064921462
0,structure rf,Eye haemorrhage,0.04289732770745429,0.707861911762122,0.16223224418572366
0,structure rf,Eye irritation,0.090014064697609,0.5808879400580153,0.16743796901130414
0,structure rf,Eye pain,0.14064697609001406,0.6409752038561243,0.31676705111192743
0,structure rf,Eye pruritus,0.0379746835443038,0.6066232155070037,0.1624583000399126
0,structure rf,Eyelid oedema,0.04289732770745429,0.6815548997082185,0.14580314909543785
0,structure rf,Face oedema,0.17088607594936708,0.598726670361699,0.30478860926594287
0,structure rf,Faecal incontinence,0.04781997187060478,0.6039521423539875,0.09810224300254682
0,structure rf,Fatigue,0.510548523206751,0.670390208745982,0.6627897207650422
0,structure rf,Febrile neutropenia,0.05977496483825598,0.7480046023933302,0.20367781814724978
0,structure rf,Feeling abnormal,0.5133614627285513,0.6455433882463794,0.6491390066228981
0,structure rf,Feeling hot,0.08227848101265822,0.6221383977599237,0.24303221109929463
0,structure rf,Flank pain,0.035161744022503515,0.6027840726061229,0.08043272850377392
0,structure rf,Flat affect,0.06258790436005626,0.6889974197682082,0.13982268149782845
0,structure rf,Flatulence,0.3143459915611814,0.6315349798114835,0.46155080518647684
0,structure rf,Fluid overload,0.0379746835443038,0.7214752476326377,0.18937830265580938
0,structure rf,Fluid retention,0.1160337552742616,0.6435510804528045,0.2885144958312126
0,structure rf,Flushing,0.30028129395218,0.6035720329998032,0.40427063272240804
0,structure rf,Foetor hepaticus,0.05063291139240506,0.5651316582981305,0.09355031932165239
0,structure rf,Folliculitis,0.0639943741209564,0.7568095029687643,0.25201267324966636
0,structure rf,Fracture,0.05485232067510549,0.6940750865223804,0.199984744033762
0,structure rf,Fungal infection,0.07946554149085795,0.6188751854145265,0.17262742190470376
0,structure rf,Fungal skin infection,0.03656821378340366,0.686334917881059,0.13121503468196583
0,structure rf,Furuncle,0.04289732770745429,0.6340469195356591,0.09354266856660493
0,structure rf,Gait disturbance,0.10056258790436005,0.712289487466418,0.2464831303111988
0,structure rf,Galactorrhoea,0.05977496483825598,0.8314464370211911,0.38071537029317
0,structure rf,Gamma-glutamyltransferase increased,0.0829817158931083,0.5424759290064093,0.13425548708233456
0,structure rf,Gastric ulcer,0.05063291139240506,0.6376506049395487,0.09332770968382412
0,structure rf,Gastritis,0.18424753867791843,0.6585934571145661,0.3577364167696695
0,structure rf,Gastroenteritis,0.13853727144866385,0.6931708664420893,0.29441181410272865
0,structure rf,Gastrointestinal disorder,0.5210970464135021,0.6640762813132278,0.6721615441028755
0,structure rf,Gastrointestinal haemorrhage,0.15330520393811534,0.6698344798851676,0.342475722394246
0,structure rf,Gastrointestinal pain,0.5478199718706048,0.6453097092658437,0.6914309921815255
0,structure rf,Gastrooesophageal reflux disease,0.09915611814345991,0.702472862656418,0.24388627124224346
0,structure rf,Generalised oedema,0.053445850914205346,0.5963151930321227,0.11478719563288113
0,structure rf,Gingival bleeding,0.05414908579465542,0.6199260314735874,0.09284368122859406
0,structure rf,Gingivitis,0.07383966244725738,0.6772459236600672,0.1694606470970444
0,structure rf,Glaucoma,0.07805907172995781,0.7566916717734888,0.3217023774725368
0,structure rf,Glossitis,0.09774964838255977,0.6119000849292419,0.20710889875645058
0,structure rf,Glycosuria,0.08579465541490858,0.7616377322758354,0.32351233737538987
0,structure rf,Gout,0.09774964838255977,0.6865955928924515,0.22185758718966894
0,structure rf,Grand mal convulsion,0.0379746835443038,0.635381075951447,0.1074480070528286
0,structure rf,Gynaecomastia,0.12517580872011252,0.7271397036841138,0.39511145927225527
0,structure rf,Haematemesis,0.07032348804500703,0.7011974491039991,0.18393547150391504
0,structure rf,Haematochezia,0.035864978902953586,0.6452735178980666,0.06697039220063397
0,structure rf,Haematocrit decreased,0.0379746835443038,0.639117262490384,0.1264103158614322
0,structure rf,Haematoma,0.07172995780590717,0.647843848086096,0.17567625143229137
0,structure rf,Haematuria,0.2369901547116737,0.6772622444181933,0.42684794532365206
0,structure rf,Haemoglobin,0.2679324894514768,0.6476940669601975,0.44583763698491563
0,structure rf,Haemoglobin decreased,0.07383966244725738,0.6664360980367723,0.18519070848865052
0,structure rf,Haemolytic anaemia,0.14064697609001406,0.7806027996358165,0.48939544395602097
0,structure rf,Haemoptysis,0.08157524613220815,0.6241231120037332,0.1683248197064617
0,structure rf,Haemorrhage,0.26933895921237694,0.6491330310815421,0.4464553783647795
0,structure rf,Haemorrhage intracranial,0.04008438818565401,0.7303423912569469,0.17127291400670908
0,structure rf,Haemorrhoids,0.05907172995780591,0.5611347118510509,0.08516808275631157
0,structure rf,Hallucination,0.24261603375527427,0.7161507484763182,0.47536829896096683
0,structure rf,Headache,0.7805907172995781,0.6926196461732201,0.876532956638411
0,structure rf,Hearing impaired,0.10056258790436005,0.6849907580786783,0.2663783104087429
0,structure rf,Hepatic enzyme increased,0.09634317862165963,0.6231803294395543,0.14658981553791853
0,structure rf,Hepatic failure,0.1441631504922644,0.7287878228853986,0.3104030971520444
0,structure rf,Hepatic function abnormal,0.12939521800281295,0.624930764292053,0.2921110824683207
0,structure rf,Hepatic necrosis,0.052742616033755275,0.7424321479334236,0.2834616198732246
0,structure rf,Hepatitis,0.2552742616033755,0.6974340910544837,0.44132305433594904
0,structure rf,Hepatobiliary disease,0.24120956399437413,0.6638683242985337,0.40186022046010095
0,structure rf,Hepatocellular injury,0.10478199718706048,0.637601511397847,0.19081941239858108
0,structure rf,Hepatomegaly,0.06891701828410689,0.7050767302951776,0.2123992189937555
0,structure rf,Hepatotoxicity,0.07946554149085795,0.7096864824244549,0.2293653758027138
0,structure rf,Hernia,0.03727144866385373,0.6651437262448081,0.0801076056704489
0,structure rf,Herpes simplex,0.09353023909985936,0.6229412611664592,0.17614466634143106
0,structure rf,Herpes zoster,0.08157524613220815,0.6497664488775523,0.15701904294444527
0,structure rf,Hiccups,0.10267229254571027,0.6647506976135782,0.23356804357340613
0,structure rf,Hirsutism,0.06118143459915612,0.8227553263761838,0.43553103384099795
0,structure rf,Hostility,0.047116736990154715,0.7439159969299999,0.2120373093415014
0,structure rf,Hot flush,0.15611814345991562,0.6758178070636027,0.3064893401003164
0,structure rf,Hyperaesthesia,0.07524613220815753,0.6555659325842411,0.18796464092635704
0,structure rf,Hyperbilirubinaemia,0.0970464135021097,0.7068248802004632,0.2513382501039169
0,structure rf,Hypercalcaemia,0.0710267229254571,0.687957540785995,0.24924735175997553
0,structure rf,Hypercholesterolaemia,0.09915611814345991,0.7094029225214765,0.26079446841804466
0,structure rf,Hyperglycaemia,0.23417721518987342,0.6823949632493801,0.4195752646853534
0,structure rf,Hyperhidrosis,0.42334739803094235,0.6417967752554607,0.5902365496188912
0,structure rf,Hyperkalaemia,0.11040787623066103,0.6624351174921318,0.29476527873708974
0,structure rf,Hyperkinesia,0.11954992967651196,0.7354288446602657,0.2978904808978631
0,structure rf,Hyperlipidaemia,0.0639943741209564,0.6877921259138065,0.15884356910173852
0,structure rf,Hypernatraemia,0.052742616033755275,0.6925195245872839,0.2971958292061472
0,structure rf,Hyperreflexia,0.040787623066104076,0.6788833725460239,0.1744547657796504
0,structure rf,Hypersensitivity,0.6315049226441631,0.6258259036314618,0.7428602179795961
0,structure rf,Hypertension,0.39732770745428975,0.6121652762871606,0.5213646256622568
0,structure rf,Hyperthyroidism,0.035864978902953586,0.6029333303384626,0.0642468724021519
0,structure rf,Hypertonia,0.12376933895921238,0.6153237248418475,0.21859782871306987
0,structure rf,Hypertrichosis,0.03656821378340366,0.7808542461678971,0.3042102763868431
0,structure rf,Hypertriglyceridaemia,0.05625879043600562,0.7148420455613469,0.2680601090435686
0,structure rf,Hyperuricaemia,0.09774964838255977,0.7135211070012444,0.30816341714263357
0,structure rf,Hyperventilation,0.06469760900140648,0.6465659060655176,0.18235730141148698
0,structure rf,Hypoaesthesia,0.2559774964838256,0.6394436316958334,0.4144681181680803
0,structure rf,Hypocalcaemia,0.0949367088607595,0.6517279122582087,0.2669192374093511
0,structure rf,Hypoglycaemia,0.1568213783403657,0.6630137962709209,0.30232976626267094
0,structure rf,Hypokalaemia,0.18143459915611815,0.6022783106293634,0.26408869801113743
0,structure rf,Hypokinesia,0.05907172995780591,0.7147233369023945,0.1781417476482137
0,structure rf,Hypomagnesaemia,0.06047819971870605,0.7307568479595761,0.19843069493369314
0,structure rf,Hyponatraemia,0.1540084388185654,0.7022738498718979,0.3655945795800392
0,structure rf,Hypophosphataemia,0.056962025316455694,0.7525999649794665,0.2337502917590109
0,structure rf,Hyporeflexia,0.0379746835443038,0.6181000233248121,0.07421026508203002
0,structure rf,Hypotension,0.4676511954992968,0.6346313739108985,0.6178379955410263
0,structure rf,Hypothermia,0.046413502109704644,0.6619422881941397,0.1148179280968759
0,structure rf,Hypothyroidism,0.06329113924050633,0.6195395104775656,0.12443525293273479
0,structure rf,Hypotonia,0.04571026722925457,0.7039539979657385,0.11558429330430306
0,structure rf,Hypoxia,0.06047819971870605,0.6943516375342538,0.16159946622741642
0,structure rf,Ileus,0.07032348804500703,0.6686660592489804,0.1962030785037371
0,structure rf,Ileus paralytic,0.035161744022503515,0.8735518774909805,0.46239646614629687
0,structure rf,Ill-defined disorder,0.34247538677918427,0.6291137835847648,0.47511657393066253
0,structure rf,Immune system disorder,0.3150492264416315,0.6335331574571436,0.4430673397155028
0,structure rf,Impaired healing,0.04430379746835443,0.6699888696681265,0.29085227759855836
0,structure rf,Inappropriate antidiuretic hormone secretion,0.04922644163150492,0.7871225657957129,0.3150518548431838
0,structure rf,Increased appetite,0.1568213783403657,0.7012684467785919,0.364737960351804
0,structure rf,Induration,0.04149085794655415,0.6546155179923681,0.14011935031211017
0,structure rf,Infection,0.4212376933895921,0.6391058676596454,0.5731066494922701
0,structure rf,Infestation,0.24753867791842477,0.6413671931873145,0.40101853889285727
0,structure rf,Inflammation,0.10829817158931083,0.5940219902340831,0.16911711496779555
0,structure rf,Influenza,0.1990154711673699,0.6207297270886484,0.28201039332760236
0,structure rf,Influenza like illness,0.1160337552742616,0.5945881179669943,0.1608380433761894
0,structure rf,Injection site pain,0.10267229254571027,0.6025102509555061,0.2058254073562123
0,structure rf,Injection site reaction,0.13853727144866385,0.6997295173391296,0.40625400747549
0,structure rf,Injury,0.14556962025316456,0.6233790522365675,0.26433969918629396
0,structure rf,Insomnia,0.4739803094233474,0.6779653523215476,0.6352801132271864
0,structure rf,Interstitial lung disease,0.06891701828410689,0.6935492723937852,0.19527237810678705
0,structure rf,Intestinal obstruction,0.06469760900140648,0.6410583707893107,0.1627319772176894
0,structure rf,Intracranial pressure increased,0.03938115330520394,0.7298302555331588,0.29843368308785323
0,structure rf,Intraocular pressure increased,0.04430379746835443,0.8164788928009139,0.4206815552111577
0,structure rf,Irritability,0.1617440225035162,0.6659666110515271,0.2978139045276656
0,structure rf,Jaundice,0.23136427566807313,0.7197796004964616,0.47161005990623367
0,structure rf,Jaundice cholestatic,0.0949367088607595,0.7750394796686628,0.3479493562886212
0,structure rf,Joint swelling,0.0450070323488045,0.5629501990634288,0.058480571047538676
0,structure rf,Keratitis,0.06047819971870605,0.694889280163537,0.17518362878047544
0,structure rf,Lacrimal disorder,0.0379746835443038,0.6291202669696438,0.06331500294491474
0,structure rf,Lacrimation increased,0.1019690576652602,0.6094661388756734,0.17751448513676754
0,structure rf,Laryngeal oedema,0.0639943741209564,0.682446916290665,0.27610496114289484
0,structure rf,Laryngeal pain,0.07313642756680731,0.6019245881101474,0.09909859514382663
0,structure rf,Laryngitis,0.06821378340365682,0.6617810481192,0.14617245867063067
0,structure rf,Laryngospasm,0.07243319268635724,0.7409327901013406,0.2520819073868644
0,structure rf,Lethargy,0.15611814345991562,0.6215266892110669,0.26183043221173397
0,structure rf,Leukocytoclastic vasculitis,0.03938115330520394,0.6712595275176675,0.11138437193110098
0,structure rf,Leukocytosis,0.10548523206751055,0.6270500268331505,0.2160417924823415
0,structure rf,Leukoderma,0.04430379746835443,0.7042480952194342,0.2969736922632592
0,structure rf,Leukopenia,0.35864978902953587,0.7109521236522155,0.5734399599693608
0,structure rf,Libido decreased,0.14767932489451477,0.7381713272312511,0.366339887897972
0,structure rf,Libido increased,0.057665260196905765,0.7819897926195186,0.19782628450703926
0,structure rf,Liver disorder,0.06610407876230662,0.6116645042788063,0.11535823524761442
0,structure rf,Liver function test abnormal,0.17440225035161744,0.6422608979441844,0.2835525028603166
0,structure rf,Liver injury,0.08649789029535865,0.6954949825006738,0.18856404671006013
0,structure rf,Local reaction,0.053445850914205346,0.6703042886737705,0.21311809711746715
0,structure rf,Loss of consciousness,0.37060478199718705,0.6482992659839486,0.5144006746934648
0,structure rf,Loss of libido,0.03867791842475387,0.6190559171578386,0.1573210359609169
0,structure rf,Lung disorder,0.05414908579465542,0.6018417299939982,0.12871793787473568
0,structure rf,Lung infiltration,0.04289732770745429,0.6011976550475465,0.11669925846572635
0,structure rf,Lymphadenopathy,0.13291139240506328,0.6328773374498263,0.22216842481233479
0,structure rf,Lymphopenia,0.05063291139240506,0.7032538628880922,0.2276192816490717
0,structure rf,Malaise,0.35372714486638535,0.6233463459691507,0.48199740454475465
0,structure rf,Malnutrition,0.33122362869198313,0.6546781928268673,0.48949775437438686
0,structure rf,Mania,0.06751054852320675,0.7671898743383329,0.21698740771086422
0,structure rf,Mediastinal disorder,0.31856540084388185,0.6552796292880019,0.4696732571449734
0,structure rf,Melaena,0.10970464135021098,0.6450860926343647,0.2119754325820998
0,structure rf,Memory impairment,0.07735583684950774,0.605196069784398,0.12490240736915328
0,structure rf,Meningitis,0.03867791842475387,0.7103193726659234,0.18949915399561568
0,structure rf,Menopausal symptoms,0.1589310829817159,0.6729548416998545,0.30737064744004294
0,structure rf,Menorrhagia,0.07524613220815753,0.6404698733451526,0.15077002611540533
0,structure rf,Menstrual disorder,0.06469760900140648,0.689035810797112,0.2023786905752782
0,structure rf,Menstruation irregular,0.05555555555555555,0.8518320251295297,0.37824784660605254
0,structure rf,Mental disability,0.12306610407876231,0.6871336207682079,0.2318194329025703
0,structure rf,Mental disorder,0.3227848101265823,0.6577207831578216,0.48445019062648376
0,structure rf,Metrorrhagia,0.07172995780590717,0.6460933177683594,0.1816299552369351
0,structure rf,Micturition urgency,0.05414908579465542,0.6628351192596013,0.16446506040192316
0,structure rf,Migraine,0.16455696202531644,0.6674780685629336,0.3392949494304942
0,structure rf,Mood swings,0.17088607594936708,0.6882541827620405,0.37382163406591895
0,structure rf,Mouth ulceration,0.1209563994374121,0.6743374448692917,0.24463538029351373
0,structure rf,Mucosal inflammation,0.05625879043600562,0.7839920531732721,0.22109278297752194
0,structure rf,Multiple fractures,0.05485232067510549,0.6940750865223804,0.199984744033762
0,structure rf,Muscle contractions involuntary,0.03867791842475387,0.7060784259024777,0.14606260051756487
0,structure rf,Muscle relaxant therapy,0.04289732770745429,0.7072797907679974,0.1029051430806995
0,structure rf,Muscle rigidity,0.04360056258790436,0.8562657198476888,0.3515620682949109
0,structure rf,Muscle spasms,0.340365682137834,0.6643249948777792,0.49927632961036944
0,structure rf,Muscle twitching,0.10267229254571027,0.6656408348528302,0.2395556807081592
0,structure rf,Muscular weakness,0.19760900140646975,0.6417144145252661,0.3222410296095376
0,structure rf,Musculoskeletal discomfort,0.4859353023909986,0.6427868125828313,0.6357897251034357
0,structure rf,Musculoskeletal pain,0.11673699015471167,0.6368481577488443,0.1959947817918491
0,structure rf,Musculoskeletal stiffness,0.09774964838255977,0.6433763269999194,0.21588903173508397
0,structure rf,Myalgia,0.39943741209563993,0.6540108845578194,0.5784684320603897
0,structure rf,Mydriasis,0.07665260196905767,0.8630394036032326,0.4461795593236343
0,structure rf,Myocardial infarction,0.2348804500703235,0.6627608359528401,0.41280047344568177
0,structure rf,Myocardial ischaemia,0.08227848101265822,0.693068416077796,0.20369509542488987
0,structure rf,Myoclonus,0.05485232067510549,0.7302371787811679,0.212834728944642
0,structure rf,Myopathy,0.07665260196905767,0.6754425253222328,0.27766715637506173
0,structure rf,Myositis,0.0450070323488045,0.7045553252123838,0.29077563548746604
0,structure rf,Nail disorder,0.06047819971870605,0.6863484477808341,0.16829112330916157
0,structure rf,Nasal congestion,0.1441631504922644,0.6061923297541401,0.27234986969696917
0,structure rf,Nasopharyngitis,0.20042194092827004,0.6173363254550083,0.2578492074867405
0,structure rf,Nausea,0.8438818565400844,0.7356452638339535,0.9291554480068303
0,structure rf,Neck pain,0.10548523206751055,0.5907285997168623,0.1588918360695187
0,structure rf,Necrosis,0.06962025316455696,0.5890893526097257,0.0971085751276776
0,structure rf,Neoplasm,0.12447257383966245,0.679121555771153,0.279814322372509
0,structure rf,Neoplasm malignant,0.09423347398030943,0.6512027760123295,0.1824777681724738
0,structure rf,Nephrolithiasis,0.0808720112517581,0.7028927983155747,0.2258481636986529
0,structure rf,Nephropathy,0.04289732770745429,0.6738886131260828,0.1874860449355174
0,structure rf,Nephropathy toxic,0.053445850914205346,0.8496025574667524,0.491053152011538
0,structure rf,Nephrotic syndrome,0.04430379746835443,0.775196285432884,0.2207304725682627
0,structure rf,Nervous system disorder,0.4409282700421941,0.6843169537967092,0.6217125898096554
0,structure rf,Nervousness,0.3059071729957806,0.7066588834818502,0.5201770870934939
0,structure rf,Neuralgia,0.06821378340365682,0.667514447621506,0.17029213398912346
0,structure rf,Neuritis,0.07172995780590717,0.7167231055724317,0.22014114228631332
0,structure rf,Neuroleptic malignant syndrome,0.04360056258790436,0.8803106185945874,0.4459191554140783
0,structure rf,Neuropathy peripheral,0.2390998593530239,0.6494169582822977,0.37911801901502756
0,structure rf,Neutropenia,0.21940928270042195,0.7941564535296479,0.5592804924149468
0,structure rf,Night sweats,0.05555555555555555,0.6340511926562965,0.153427523414079
0,structure rf,Nightmare,0.10407876230661041,0.7467088945037406,0.3223084298805347
0,structure rf,Nocturia,0.09563994374120956,0.6776563259973913,0.21700874852590513
0,structure rf,Nuchal rigidity,0.04852320675105485,0.6180744664726671,0.10472775906392669
0,structure rf,Nystagmus,0.06821378340365682,0.7145784829934468,0.27603308429418244
0,structure rf,Ocular hyperaemia,0.04008438818565401,0.6389219102308514,0.14367549504002974
0,structure rf,Oedema,0.4015471167369902,0.6244280732577685,0.5454467709859622
0,structure rf,Oedema peripheral,0.2876230661040788,0.6612595026518294,0.4539433525518078
0,structure rf,Oesophagitis,0.12025316455696203,0.7221917711646724,0.27474821427038193
0,structure rf,Oliguria,0.09212376933895922,0.6299826831559939,0.1778010796575062
0,structure rf,Opportunistic infection,0.0379746835443038,0.8166706742154567,0.22271267395118383
0,structure rf,Optic neuritis,0.06610407876230662,0.6686494408178352,0.30800594658212443
0,structure rf,Oral candidiasis,0.06751054852320675,0.7122331313581732,0.2190470721667383
0,structure rf,Oropharyngeal discomfort,0.07454289732770746,0.5540130736144928,0.1327287998940589
0,structure rf,Oropharyngeal pain,0.10407876230661041,0.5843189212362558,0.17272178857842052
0,structure rf,Orthostatic hypotension,0.17862165963431786,0.765219122408072,0.44886569463534504
0,structure rf,Osteoarthritis,0.15611814345991562,0.6567852556041912,0.2616179563790413
0,structure rf,Osteonecrosis,0.035161744022503515,0.7092211270172648,0.27122666140517937
0,structure rf,Osteoporosis,0.05977496483825598,0.7818264204553469,0.3115701190535874
0,structure rf,Otitis media,0.07243319268635724,0.6189776432589943,0.14877820624341387
0,structure rf,Pain,0.5203938115330521,0.6148619528205261,0.6295099656136779
0,structure rf,Pain in extremity,0.17932489451476794,0.5910669991199139,0.24928073050204436
0,structure rf,Pallor,0.09563994374120956,0.6439843391066675,0.1589690240233594
0,structure rf,Palpitations,0.3551336146272855,0.6952376919352485,0.5680487378952946
0,structure rf,Pancreatitis,0.22292545710267228,0.7245695899290323,0.4844458689878034
0,structure rf,Pancreatitis acute,0.04219409282700422,0.5139792936226432,0.056816948739348005
0,structure rf,Pancytopenia,0.2088607594936709,0.7468382431937883,0.4479711530923584
0,structure rf,Paraesthesia,0.45639943741209565,0.6510199718362883,0.615850314264158
0,structure rf,Paraesthesia oral,0.04149085794655415,0.6323258738877591,0.09369594162596853
0,structure rf,Paralysis,0.06680731364275667,0.6236119459260246,0.19825944085075928
0,structure rf,Paranoia,0.06258790436005626,0.7525451309797758,0.24890668536953986
0,structure rf,Parkinsonism,0.03656821378340366,0.8036957202049765,0.44145932357763173
0,structure rf,Parosmia,0.06329113924050633,0.6693507762735225,0.20386453830944892
0,structure rf,Pelvic pain,0.057665260196905765,0.7142333172415781,0.16599444253079776
0,structure rf,Peptic ulcer,0.06821378340365682,0.6911473544590916,0.35855057308534766
0,structure rf,Pericardial effusion,0.035161744022503515,0.7367809509500898,0.1701171307954951
0,structure rf,Pericarditis,0.03867791842475387,0.682483047734119,0.16055567939798499
0,structure rf,Periorbital oedema,0.035161744022503515,0.6180542405919247,0.08609995639331988
0,structure rf,Peripheral coldness,0.03938115330520394,0.6994692140918117,0.2321605780145445
0,structure rf,Peripheral vascular disorder,0.04289732770745429,0.6842573389627615,0.19602642522156258
0,structure rf,Personality disorder,0.03656821378340366,0.6772018039796287,0.16136017236939593
0,structure rf,Petechiae,0.0850914205344585,0.641038926192291,0.25060140376692397
0,structure rf,Pharyngitis,0.270042194092827,0.644805110781822,0.41791440158446846
0,structure rf,Phlebitis,0.1209563994374121,0.6501737688242049,0.27533897786030154
0,structure rf,Photophobia,0.11251758087201125,0.7083022775090352,0.2901917494314437
0,structure rf,Photosensitivity reaction,0.21308016877637131,0.7555038580367384,0.4944594104817838
0,structure rf,Platelet count decreased,0.057665260196905765,0.6098582014660165,0.18544117617194184
0,structure rf,Pleural effusion,0.08157524613220815,0.6444130949352533,0.17336029639856965
0,structure rf,Pneumonia,0.23628691983122363,0.6658979333154673,0.3912645990180532
0,structure rf,Pneumothorax,0.0450070323488045,0.6120084422565683,0.09642212326268361
0,structure rf,Pollakiuria,0.2109704641350211,0.6748714753759976,0.35213571967987833
0,structure rf,Polyp,0.05907172995780591,0.6872143027122017,0.16273688211727877
0,structure rf,Polyuria,0.13853727144866385,0.6646834073082477,0.27140641372346297
0,structure rf,Pregnancy,0.04992967651195499,0.5375218978538596,0.07020890077090866
0,structure rf,Priapism,0.04571026722925457,0.7692816268287791,0.39184945702952867
0,structure rf,Proctalgia,0.04360056258790436,0.5981409804751985,0.10203950587787469
0,structure rf,Protein urine present,0.09634317862165963,0.7321787373155679,0.2652106739443936
0,structure rf,Proteinuria,0.09423347398030943,0.7366880122377152,0.2647130038581843
0,structure rf,Prothrombin level increased,0.03727144866385373,0.7452211605203707,0.27177216376457064
0,structure rf,Prurigo,0.04219409282700422,0.6325211181078865,0.15994488770210558
0,structure rf,Pruritus,0.6638537271448663,0.634671231132079,0.7593958728674542
0,structure rf,Pseudomembranous colitis,0.04571026722925457,0.9256575701882369,0.6933769977803981
0,structure rf,Psoriasis,0.056962025316455694,0.6234322388988762,0.1637170310342695
0,structure rf,Psychotic disorder,0.1568213783403657,0.6999544956796668,0.3213776977810866
0,structure rf,Pulmonary embolism,0.1209563994374121,0.6607762518757897,0.2889919372413356
0,structure rf,Pulmonary fibrosis,0.04289732770745429,0.6494530823148621,0.13483455428830945
0,structure rf,Pulmonary function test decreased,0.06540084388185655,0.7873601095319672,0.3586853810587383
0,structure rf,Pulmonary oedema,0.1258790436005626,0.6309256873719638,0.20367004894333407
0,structure rf,Purpura,0.15260196905766527,0.6584239825920971,0.34443181075811224
0,structure rf,Rash,0.760196905766526,0.6623199006928387,0.856301692070998
0,structure rf,Rash erythematous,0.0759493670886076,0.5503990892865387,0.09893340038562468
0,structure rf,Rash generalised,0.03727144866385373,0.6056421515344926,0.10343366764653214
0,structure rf,Rash macular,0.035864978902953586,0.6109450711155789,0.11105652158026351
0,structure rf,Rash maculo-papular,0.1209563994374121,0.5844977355980852,0.19620874665316812
0,structure rf,Rash pustular,0.07524613220815753,0.6389233751739716,0.2148645531269234
0,structure rf,Rectal haemorrhage,0.0970464135021097,0.6183479642633557,0.17976018064287907
0,structure rf,Renal failure,0.23277074542897327,0.7039379210039338,0.4622079471585817
0,structure rf,Renal failure acute,0.14838255977496484,0.6745337842443211,0.31370547145470307
0,structure rf,Renal impairment,0.14838255977496484,0.6947058943248555,0.3138574174363516
0,structure rf,Renal pain,0.047116736990154715,0.666002525931131,0.10841068736091146
0,structure rf,Respiratory arrest,0.035864978902953586,0.7194901247290728,0.13161884908307528
0,structure rf,Respiratory depression,0.06469760900140648,0.8005996338170119,0.3666693524307212
0,structure rf,Respiratory distress,0.06258790436005626,0.7242915026994249,0.23339191556937156
0,structure rf,Respiratory failure,0.09915611814345991,0.6557835172910998,0.20664612311204783
0,structure rf,Respiratory tract infection,0.05555555555555555,0.677370604188919,0.11270175580179971
0,structure rf,Rhabdomyolysis,0.09563994374120956,0.7140046056541,0.3194160607086613
0,structure rf,Rhinitis,0.26652601969057665,0.6181482941998968,0.3675104263780513
0,structure rf,Rhinorrhoea,0.0850914205344585,0.6395314205402943,0.15277138523952402
0,structure rf,Salivary hypersecretion,0.10618846694796062,0.70613445881902,0.26971574868842096
0,structure rf,Scotoma,0.07032348804500703,0.6695085649471979,0.19467336122833892
0,structure rf,Seborrhoeic dermatitis,0.06469760900140648,0.6037545813668865,0.15984859696415624
0,structure rf,Sensory loss,0.0850914205344585,0.600738388334765,0.19410716321072605
0,structure rf,Sepsis,0.13431786216596342,0.676114613703805,0.25448717870750903
0,structure rf,Serum sickness,0.040787623066104076,0.7548176768867046,0.3579579018171258
0,structure rf,Sexual dysfunction,0.051336146272855133,0.7124226403959985,0.14669887133470838
0,structure rf,Shock,0.41561181434599154,0.642162975898515,0.5733531143250548
0,structure rf,Sinus bradycardia,0.04289732770745429,0.6541726356574233,0.16526585105172995
0,structure rf,Sinus congestion,0.0450070323488045,0.6533837194435269,0.1262032782982433
0,structure rf,Sinusitis,0.25035161744022505,0.6358907784542559,0.3518801179609397
0,structure rf,Skin discolouration,0.09634317862165963,0.54166365633602,0.11125333543057987
0,structure rf,Skin disorder,0.44585091420534456,0.656818785427397,0.5937074125829449
0,structure rf,Skin exfoliation,0.1111111111111111,0.6021632001313837,0.17247583951725823
0,structure rf,Skin hyperpigmentation,0.05485232067510549,0.6488354820198565,0.17432080394110733
0,structure rf,Skin irritation,0.03867791842475387,0.5778997379255042,0.06201666264560559
0,structure rf,Skin striae,0.03656821378340366,0.7632062755311002,0.5073017912396768
0,structure rf,Skin ulcer,0.07735583684950774,0.5906979440579457,0.13266669468776934
0,structure rf,Sleep disorder,0.13783403656821377,0.6894456463806437,0.29675696828559844
0,structure rf,Sneezing,0.06258790436005626,0.6896022564740996,0.2291902417531181
0,structure rf,Somnolence,0.46835443037974683,0.7386824231479318,0.714146182130549
0,structure rf,Speech disorder,0.0829817158931083,0.681681724323626,0.1628044540236972
0,structure rf,Stevens-Johnson syndrome,0.22292545710267228,0.776193955505872,0.5234185633418488
0,structure rf,Stomatitis,0.2320675105485232,0.7016775382189874,0.4287684782924154
0,structure rf,Stupor,0.06891701828410689,0.6541562294460845,0.13305364941869843
0,structure rf,Sudden death,0.04289732770745429,0.6625345108151627,0.28943238478517086
0,structure rf,Suicidal ideation,0.0639943741209564,0.7528044132644676,0.21502549341554617
0,structure rf,Suicide attempt,0.04922644163150492,0.7057529303804455,0.11717644868129087
0,structure rf,Supraventricular tachycardia,0.057665260196905765,0.6349599379293887,0.09341360834113713
0,structure rf,Swelling,0.14486638537271448,0.5701490564729143,0.22960712606151032
0,structure rf,Swelling face,0.03656821378340366,0.5706976920867047,0.10401044636974777
0,structure rf,Syncope,0.35372714486638535,0.6636808399743873,0.5176571766648058
0,structure rf,Systemic lupus erythematosus,0.053445850914205346,0.7347814685249839,0.23777795331916537
0,structure rf,Tachycardia,0.4191279887482419,0.6621011772432435,0.5933307421898248
0,structure rf,Tenderness,0.0850914205344585,0.5648684832243769,0.1943283948644246
0,structure rf,Tension,0.30239099859353025,0.7128180256866372,0.5250097473146671
0,structure rf,Thinking abnormal,0.08720112517580872,0.7248516669908804,0.19764800423292966
0,structure rf,Thirst,0.1490857946554149,0.637133199811676,0.277936726603075
0,structure rf,Throat irritation,0.04922644163150492,0.6354074542551746,0.1691288402084515
0,structure rf,Throat tightness,0.03727144866385373,0.6819433155913104,0.21972462585767133
0,structure rf,Thrombocytopenia,0.4212376933895921,0.7406809094044127,0.6783331907642893
0,structure rf,Thrombocytopenic purpura,0.03867791842475387,0.6939299183322669,0.17009739768883606
0,structure rf,Thrombocytosis,0.05977496483825598,0.7916353172575439,0.3296409990556263
0,structure rf,Thrombophlebitis,0.14556962025316456,0.6500189488567896,0.26660028714559425
0,structure rf,Thrombosis,0.07946554149085795,0.6642864441332994,0.2124102690792661
0,structure rf,Tinnitus,0.27637130801687765,0.6865472748507718,0.48251945745063096
0,structure rf,Tongue discolouration,0.04149085794655415,0.7879611131326816,0.3336143224011707
0,structure rf,Tongue disorder,0.0710267229254571,0.6677681313041937,0.18817747872060853
0,structure rf,Tongue oedema,0.052742616033755275,0.6660840515010745,0.15029190563898598
0,structure rf,Tooth disorder,0.05907172995780591,0.5940309423744644,0.09272159507316849
0,structure rf,Toothache,0.05977496483825598,0.537388166991041,0.06992112226404723
0,structure rf,Torsade de pointes,0.0639943741209564,0.8247386209073555,0.4006842685811476
0,structure rf,Toxic epidermal necrolysis,0.180028129395218,0.7703620389542245,0.4850426898333833
0,structure rf,Transaminases increased,0.06891701828410689,0.6479911350278478,0.1547630899315617
0,structure rf,Transient ischaemic attack,0.04922644163150492,0.7707587512938067,0.26255568626192716
0,structure rf,Tremor,0.32770745428973275,0.6969131790884849,0.5496740043959513
0,structure rf,Tubulointerstitial nephritis,0.08016877637130802,0.8041252359370101,0.39022078841776964
0,structure rf,Ulcer,0.09282700421940929,0.6165849845403999,0.162130710584918
0,structure rf,Upper respiratory tract infection,0.2320675105485232,0.6259873615267373,0.36071081512973424
0,structure rf,Urethral disorder,0.2714486638537271,0.656011914049017,0.4025257710483762
0,structure rf,Urinary incontinence,0.11251758087201125,0.6791378788349155,0.26737378744661616
0,structure rf,Urinary retention,0.16736990154711673,0.7741910538450034,0.48559078885487317
0,structure rf,Urinary tract disorder,0.26863572433192684,0.6568341820856815,0.3968429979948109
0,structure rf,Urinary tract infection,0.24824191279887484,0.6276526931947748,0.3630404749030264
0,structure rf,Urine abnormality,0.04571026722925457,0.687429920388297,0.13469256666932075
0,structure rf,Urine analysis abnormal,0.04992967651195499,0.672697601113869,0.14021646229504414
0,structure rf,Urine output increased,0.12236286919831224,0.6540832849565792,0.24030080025335407
0,structure rf,Urticaria,0.5590717299578059,0.6103168616722675,0.6477040210586859
0,structure rf,VIIth nerve paralysis,0.03727144866385373,0.599367971165152,0.09981583546728952
0,structure rf,Vaginal discharge,0.06047819971870605,0.7466487771508593,0.27570118961074697
0,structure rf,Vaginal haemorrhage,0.08227848101265822,0.693529092981003,0.27368021554813915
0,structure rf,Vaginal infection,0.11673699015471167,0.6801678574876715,0.35913680299696
0,structure rf,Vaginal inflammation,0.10829817158931083,0.6803378512852308,0.36021425293353887
0,structure rf,Vascular purpura,0.14135021097046413,0.6671968965334129,0.32673544084659506
0,structure rf,Vasculitis,0.10689170182841069,0.7058634287788713,0.30570210006625625
0,structure rf,Vasodilation procedure,0.09353023909985936,0.607505988876663,0.15756830400300476
0,structure rf,Ventricular arrhythmia,0.07032348804500703,0.6988831582209576,0.19625664418163474
0,structure rf,Ventricular extrasystoles,0.090014064697609,0.6194062849723008,0.14363144204163053
0,structure rf,Ventricular fibrillation,0.07243319268635724,0.7277409410834609,0.23060591217039086
0,structure rf,Ventricular tachycardia,0.1019690576652602,0.7339551531291586,0.26679239740520905
0,structure rf,Vertigo,0.3558368495077356,0.6619274352859235,0.5487933185534122
0,structure rf,Viral infection,0.09142053445850915,0.6084577557609462,0.15139069841476188
0,structure rf,Vision blurred,0.3227848101265823,0.6962213149860597,0.5511507783183978
0,structure rf,Visual acuity reduced,0.052742616033755275,0.6890333602596646,0.21238451989853235
0,structure rf,Visual impairment,0.2714486638537271,0.6689666117849884,0.43248680657207095
0,structure rf,Vomiting,0.759493670886076,0.6798571950051179,0.8614240097300238
0,structure rf,Vulvovaginal candidiasis,0.051336146272855133,0.7687642700097675,0.3183049858058816
0,structure rf,Vulvovaginal mycotic infection,0.05555555555555555,0.7646631269761383,0.33943692474067716
0,structure rf,Weight decreased,0.22433192686357242,0.6231973907909413,0.3252816320400401
0,structure rf,Weight increased,0.23136427566807313,0.7019925387389574,0.46412550913751466
0,structure rf,Wheezing,0.12165963431786217,0.5688914782418577,0.17901576279147074
0,structure rf,White blood cell count decreased,0.046413502109704644,0.7453512241844933,0.1972563470132867
0,pharma rf,Abdominal discomfort,0.20253164556962025,0.5829213074286379,0.2882983297162106
0,pharma rf,Abdominal distension,0.20815752461322082,0.616496459770055,0.3165295475960957
0,pharma rf,Abdominal pain,0.580168776371308,0.6909273338763916,0.7548283962800642
0,pharma rf,Abdominal pain upper,0.18846694796061886,0.5781977661634505,0.25000564798439245
0,pharma rf,Abnormal dreams,0.10548523206751055,0.7398376894487699,0.34958502658863494
0,pharma rf,Abscess,0.07805907172995781,0.6097680031680032,0.18996977103501989
0,pharma rf,Accommodation disorder,0.04922644163150492,0.804105721371091,0.3869653231256338
0,pharma rf,Acidosis,0.0450070323488045,0.5416070062734074,0.11818155162013273
0,pharma rf,Acne,0.09282700421940929,0.7029946772498799,0.2744842616287715
0,pharma rf,Acute coronary syndrome,0.2348804500703235,0.717687970497763,0.48906367974374126
0,pharma rf,Affect lability,0.1617440225035162,0.7040880260961754,0.3897410928553201
0,pharma rf,Ageusia,0.07946554149085795,0.648158335586918,0.21084825965346915
0,pharma rf,Aggression,0.0850914205344585,0.7681765148566019,0.40805439393945625
0,pharma rf,Agitation,0.3340365682137834,0.7323484568648782,0.6471117614401726
0,pharma rf,Agranulocytosis,0.23347398030942335,0.7586380515859009,0.502650804806838
0,pharma rf,Akathisia,0.04852320675105485,0.834422743143169,0.6211065292836104
0,pharma rf,Alanine aminotransferase increased,0.19268635724331926,0.6908136393060345,0.39629690538972034
0,pharma rf,Albuminuria,0.0710267229254571,0.6493728086595294,0.1774147600016766
0,pharma rf,Alopecia,0.3108298171589311,0.7439550388962581,0.6074792648347199
0,pharma rf,Altered state of consciousness,0.040787623066104076,0.6795269041523115,0.13376708665543716
0,pharma rf,Amblyopia,0.07383966244725738,0.6945517505937606,0.18616211543763136
0,pharma rf,Amenorrhoea,0.08720112517580872,0.7935534541363924,0.45437967592970524
0,pharma rf,Amnesia,0.14486638537271448,0.7272956264192011,0.33690602796800284
0,pharma rf,Amylase increased,0.04430379746835443,0.6735046242576596,0.2402491330858488
0,pharma rf,Anaemia,0.36146272855133615,0.7380450942839155,0.6385016411110278
0,pharma rf,Anaphylactic shock,0.4388185654008439,0.699891532603149,0.6585304672579467
0,pharma rf,Anaphylactoid reaction,0.17651195499296765,0.6585945818272295,0.3309159351488682
0,pharma rf,Angina pectoris,0.2039381153305204,0.7263780674832276,0.4270116526010641
0,pharma rf,Angioedema,0.37060478199718705,0.7021864052864594,0.6017263730754532
0,pharma rf,Angiopathy,0.319971870604782,0.6389768812655691,0.47157891738848806
0,pharma rf,Anorectal discomfort,0.051336146272855133,0.6040596282612367,0.09444838720952736
0,pharma rf,Anorectal disorder,0.04289732770745429,0.5554139760011874,0.07877640272833479
0,pharma rf,Anxiety,0.38466947960618847,0.6711173158098289,0.5923136177707368
0,pharma rf,Apathy,0.06188466947960619,0.7629446347525709,0.31204721485041914
0,pharma rf,Aphasia,0.06047819971870605,0.6869515958981649,0.2784428050401196
0,pharma rf,Aphthous stomatitis,0.03938115330520394,0.7040672726155665,0.14496972336572067
0,pharma rf,Aplastic anaemia,0.11392405063291139,0.7563510433345787,0.3637373509765724
0,pharma rf,Apnoea,0.08368495077355836,0.7171474120443386,0.22639582532285019
0,pharma rf,Application site pain,0.04289732770745429,0.6236460510731122,0.13999906511473378
0,pharma rf,Application site reaction,0.03727144866385373,0.6064905275110412,0.08492471262366795
0,pharma rf,Arrhythmia,0.28621659634317864,0.6817486468794162,0.4780570644392362
0,pharma rf,Arrhythmia supraventricular,0.035161744022503515,0.6725176758828237,0.10363946547804323
0,pharma rf,Arthralgia,0.4120956399437412,0.6860901865701505,0.6065395345472658
0,pharma rf,Arthritis,0.1568213783403657,0.6746393369768069,0.3067196186644504
0,pharma rf,Arthropathy,0.0949367088607595,0.6898470809415798,0.25485816248130916
0,pharma rf,Aspartate aminotransferase increased,0.1940928270042194,0.7075810664789854,0.42242573304576164
0,pharma rf,Asthenia,0.6371308016877637,0.7132957407803113,0.8144849613444534
0,pharma rf,Asthma,0.19057665260196907,0.66237683504628,0.3545648007224593
0,pharma rf,Ataxia,0.1680731364275668,0.7804037046866578,0.5508553409099867
0,pharma rf,Atrial fibrillation,0.1469760900140647,0.6966768133291213,0.3702561711336518
0,pharma rf,Atrioventricular block,0.09423347398030943,0.7436704828835867,0.3953456588191073
0,pharma rf,Azotaemia,0.0450070323488045,0.7267033475491936,0.13714716997677787
0,pharma rf,Back pain,0.3509142053445851,0.646332055433753,0.505125991072283
0,pharma rf,Bacterial infection,0.03867791842475387,0.6253105021123082,0.06891778119263654
0,pharma rf,Balance disorder,0.04781997187060478,0.749586535970312,0.19889081863094188
0,pharma rf,Bladder pain,0.11744022503516174,0.7224701535827796,0.34016460173075436
0,pharma rf,Blepharitis,0.05555555555555555,0.719271770508392,0.28951875055102594
0,pharma rf,Blindness,0.052742616033755275,0.6712387235249827,0.14466929665195694
0,pharma rf,Blister,0.0710267229254571,0.6048906724413985,0.10877402109784629
0,pharma rf,Blood alkaline phosphatase increased,0.13431786216596342,0.6688032344403247,0.27696714759449076
0,pharma rf,Blood bilirubin increased,0.0970464135021097,0.7596247018759673,0.37833532586117546
0,pharma rf,Blood creatine phosphokinase increased,0.06821378340365682,0.6948369450018649,0.25781622185948605
0,pharma rf,Blood creatinine increased,0.1751054852320675,0.6921773763997408,0.36717946315064987
0,pharma rf,Blood disorder,0.08720112517580872,0.6506747658656462,0.1965212074076696
0,pharma rf,Blood glucose increased,0.046413502109704644,0.5834364694756028,0.16054748163051266
0,pharma rf,Blood lactate dehydrogenase increased,0.058368495077355836,0.7203840233818071,0.1866758626256933
0,pharma rf,Blood pressure increased,0.10337552742616034,0.634563434018663,0.24928520414168873
0,pharma rf,Blood triglycerides increased,0.06751054852320675,0.6680684705699473,0.24535371929255417
0,pharma rf,Blood urea increased,0.1160337552742616,0.6654346379803592,0.30692317027106875
0,pharma rf,Blood uric acid increased,0.10618846694796062,0.7619843896273654,0.4102296869406821
0,pharma rf,Body temperature decreased,0.046413502109704644,0.7492695370678082,0.18987098094211002
0,pharma rf,Body temperature increased,0.5414908579465542,0.6951453094703027,0.7143346518212235
0,pharma rf,Bone disorder,0.08931082981715893,0.6571524152493478,0.17219933684858785
0,pharma rf,Bone pain,0.1090014064697609,0.7429203887882618,0.3254128266377673
0,pharma rf,Bradycardia,0.2559774964838256,0.7257573358640188,0.4975380604391214
0,pharma rf,Breast cancer,0.035864978902953586,0.7421367216964944,0.23591747708969063
0,pharma rf,Breast disorder,0.180028129395218,0.6818273699565929,0.36547285200667207
0,pharma rf,Breast enlargement,0.06258790436005626,0.7879729875762514,0.37553260585449777
0,pharma rf,Breast pain,0.09142053445850915,0.6282608579099059,0.26936030754507023
0,pharma rf,Bronchitis,0.21167369901547117,0.6892667658232468,0.41863207153636744
0,pharma rf,Bronchospasm,0.20182841068917018,0.6807085353952536,0.38600661745176057
0,pharma rf,Bundle branch block,0.04571026722925457,0.6648939469265233,0.2532000113067759
0,pharma rf,Burning sensation,0.07172995780590717,0.61911526633766,0.16527546008036956
0,pharma rf,Bursitis,0.04360056258790436,0.7989837694754574,0.26055186444551337
0,pharma rf,Candida infection,0.11954992967651196,0.7268538860536768,0.312107713592348
0,pharma rf,Cardiac arrest,0.16736990154711673,0.6855584258151582,0.3489374033932169
0,pharma rf,Cardiac disorder,0.29254571026722925,0.6604142754478378,0.4563521963995165
0,pharma rf,Cardiac failure,0.15330520393811534,0.7260808546766178,0.3808484623207815
0,pharma rf,Cardiac failure congestive,0.1441631504922644,0.6979759231599977,0.35284800038444225
0,pharma rf,Cardiomyopathy,0.04360056258790436,0.6908928181990943,0.14340965972322955
0,pharma rf,Cardiovascular disorder,0.0850914205344585,0.5471049021422432,0.13724298934625861
0,pharma rf,Cataract,0.10126582278481013,0.6806957863709584,0.2449419524508943
0,pharma rf,Cellulitis,0.09282700421940929,0.6447724188745847,0.18545893193758717
0,pharma rf,Cerebral haemorrhage,0.04922644163150492,0.7445550276384539,0.17657223405567007
0,pharma rf,Cerebral ischaemia,0.04219409282700422,0.6865280738790511,0.18045626069284035
0,pharma rf,Cerebrovascular accident,0.15822784810126583,0.7012669872616765,0.3981017757369479
0,pharma rf,Cerebrovascular disorder,0.035161744022503515,0.7252424907670163,0.14405692528480138
0,pharma rf,Chest discomfort,0.09634317862165963,0.5625591959629352,0.15639054086301213
0,pharma rf,Chest pain,0.38748241912798875,0.6434242887892889,0.5451439996104304
0,pharma rf,Chills,0.3108298171589311,0.6691186840020051,0.4968025604757451
0,pharma rf,Cholecystitis,0.052742616033755275,0.6622513867623467,0.16630474564453904
0,pharma rf,Cholelithiasis,0.06118143459915612,0.6516500841791419,0.1849336353014284
0,pharma rf,Cholestasis,0.07243319268635724,0.7241473599346955,0.27222910532250844
0,pharma rf,Coagulopathy,0.07524613220815753,0.5664359427288217,0.13147305696100342
0,pharma rf,Cognitive disorder,0.04219409282700422,0.6385165579055931,0.15614246835027557
0,pharma rf,Cold sweat,0.03867791842475387,0.7105865846445556,0.1418565242101237
0,pharma rf,Colitis,0.10478199718706048,0.7356552299383645,0.3277527447408637
0,pharma rf,Coma,0.1209563994374121,0.7050277530566567,0.2961561716743318
0,pharma rf,Completed suicide,0.04781997187060478,0.7989983551337414,0.3528521874643487
0,pharma rf,Confusional state,0.38255977496483823,0.7054305236306909,0.6269547815659906
0,pharma rf,Conjunctival hyperaemia,0.0379746835443038,0.7035640588452863,0.3159949551492943
0,pharma rf,Conjunctivitis,0.23136427566807313,0.6618246315137507,0.4214122211271687
0,pharma rf,Connective tissue disorder,0.2848101265822785,0.6265736413890443,0.42669777695494027
0,pharma rf,Constipation,0.4929676511954993,0.7280727180069387,0.7325132188761951
0,pharma rf,Contusion,0.09774964838255977,0.6244780818715567,0.19880712409595197
0,pharma rf,Convulsion,0.36357243319268634,0.7060408810252459,0.6140331108098329
0,pharma rf,Coordination abnormal,0.09915611814345991,0.7862431617407997,0.4655830199597701
0,pharma rf,Cough,0.4008438818565401,0.649219888834458,0.5761196077398308
0,pharma rf,Cyanosis,0.06962025316455696,0.6522612829141032,0.1587892438681841
0,pharma rf,Cyst,0.06540084388185655,0.7107537785335698,0.20899977857798482
0,pharma rf,Cystitis,0.10759493670886076,0.7099860296164002,0.3121174978093018
0,pharma rf,Cystitis noninfective,0.10618846694796062,0.705149376383394,0.3085706800692095
0,pharma rf,Deafness,0.1371308016877637,0.657344412254594,0.29655939033138784
0,pharma rf,Decreased appetite,0.4838255977496484,0.721713551038313,0.7003879340123372
0,pharma rf,Deep vein thrombosis,0.06680731364275667,0.7194644694900545,0.27515292140534553
0,pharma rf,Dehydration,0.17158931082981715,0.6605483912641384,0.3628762506559807
0,pharma rf,Delirium,0.07876230661040788,0.7919099122837213,0.3249442014676803
0,pharma rf,Delusion,0.06821378340365682,0.8465069108054291,0.5498103694221672
0,pharma rf,Dementia,0.03727144866385373,0.6934442058600809,0.2656686703573035
0,pharma rf,Depersonalisation,0.06188466947960619,0.7302048054229583,0.3214998348391721
0,pharma rf,Depressed level of consciousness,0.10126582278481013,0.7468392250991739,0.3856068457656639
0,pharma rf,Depressed mood,0.035864978902953586,0.5632312884133696,0.10479238726303083
0,pharma rf,Depression,0.22644163150492264,0.6850958723950905,0.4277749940907566
0,pharma rf,Dermatitis,0.7658227848101266,0.6939948064749064,0.8632678423720433
0,pharma rf,Dermatitis atopic,0.07454289732770746,0.6387479971259118,0.15226309713716912
0,pharma rf,Dermatitis bullous,0.14767932489451477,0.6905027413234619,0.3171580790011026
0,pharma rf,Dermatitis contact,0.11181434599156118,0.6938297646123547,0.2529075254333399
0,pharma rf,Dermatitis exfoliative,0.14556962025316456,0.6718399877724068,0.2972648938400206
0,pharma rf,Diabetes mellitus,0.1441631504922644,0.6996517764861107,0.3396597014592844
0,pharma rf,Diarrhoea,0.6849507735583685,0.7180630017607805,0.8398309073449439
0,pharma rf,Diplopia,0.1518987341772152,0.7104194489589466,0.42276040913973184
0,pharma rf,Discomfort,0.3924050632911392,0.6586839274730341,0.5392344351551838
0,pharma rf,Disorientation,0.12376933895921238,0.7398069550066358,0.35402160056740434
0,pharma rf,Disturbance in attention,0.09071729957805907,0.7264338285214278,0.3196755428397513
0,pharma rf,Disturbance in sexual arousal,0.16455696202531644,0.7537420978148976,0.4988849765992708
0,pharma rf,Dizziness,0.7250351617440225,0.7030082102153751,0.860999955678186
0,pharma rf,Drug eruption,0.05414908579465542,0.7050684542121537,0.20410867523305437
0,pharma rf,Drug interaction,0.09353023909985936,0.6847414106706484,0.2216780875334437
0,pharma rf,Drug withdrawal syndrome,0.04008438818565401,0.8988322782888745,0.34659871413821347
0,pharma rf,Dry eye,0.11462728551336146,0.7478960699433296,0.38418299063804445
0,pharma rf,Dry mouth,0.38959212376933894,0.7353545463462627,0.6731518239404898
0,pharma rf,Dry skin,0.18635724331926865,0.6774978232327464,0.34817820355688206
0,pharma rf,Duodenal ulcer,0.03938115330520394,0.6990376527402523,0.23392721582654294
0,pharma rf,Dysarthria,0.09212376933895922,0.8190203475374733,0.4462294001512947
0,pharma rf,Dysgeusia,0.32208157524613223,0.6516110442420491,0.4848112540440635
0,pharma rf,Dyskinesia,0.09142053445850915,0.8599550638209577,0.5823114372057911
0,pharma rf,Dysmenorrhoea,0.09845288326300984,0.7201826063921608,0.32519447583454253
0,pharma rf,Dyspepsia,0.4908579465541491,0.695125398328903,0.6793559879870303
0,pharma rf,Dysphagia,0.18565400843881857,0.7075465153784954,0.4365486739593991
0,pharma rf,Dysphonia,0.08649789029535865,0.6716032296660546,0.22170366044527046
0,pharma rf,Dyspnoea,0.4908579465541491,0.6734101815634228,0.6826393962970649
0,pharma rf,Dysuria,0.21026722925457103,0.6793252704702077,0.41635199755513064
0,pharma rf,Ear disorder,0.047116736990154715,0.5524902485178111,0.07413520594624587
0,pharma rf,Ear infection,0.03727144866385373,0.6282692344268359,0.13473716782832726
0,pharma rf,Ear pain,0.12658227848101267,0.6341882653686579,0.3086301890009766
0,pharma rf,Ecchymosis,0.1279887482419128,0.6993474317374109,0.30674264898228676
0,pharma rf,Eczema,0.13924050632911392,0.6955922129460712,0.31911636894712
0,pharma rf,Electrocardiogram QT prolonged,0.05977496483825598,0.6432588734942242,0.20055664626583175
0,pharma rf,Electrocardiogram abnormal,0.05977496483825598,0.5814826211258082,0.10821888041010878
0,pharma rf,Electrolyte imbalance,0.03656821378340366,0.6300412106568564,0.21223400715928423
0,pharma rf,Embolism,0.06751054852320675,0.7540719845950772,0.31272255828347006
0,pharma rf,Embolism venous,0.051336146272855133,0.7851592382237726,0.3098665412572064
0,pharma rf,Encephalopathy,0.056962025316455694,0.7032793607969307,0.2013041137482837
0,pharma rf,Endocrine disorder,0.09071729957805907,0.6763500306978767,0.24180317491877426
0,pharma rf,Endophthalmitis,0.04149085794655415,0.6793080460374722,0.1868400294096761
0,pharma rf,Eosinophilia,0.2039381153305204,0.7465002248978874,0.4441341783329113
0,pharma rf,Epigastric discomfort,0.04289732770745429,0.6721755004630963,0.20597863330568958
0,pharma rf,Epilepsy,0.03727144866385373,0.6816658563658564,0.19330636005169008
0,pharma rf,Epistaxis,0.2468354430379747,0.7065818855469318,0.4708350291964325
0,pharma rf,Erectile dysfunction,0.2109704641350211,0.7846180289136293,0.5916493075354281
0,pharma rf,Eructation,0.1090014064697609,0.6473591246304558,0.2909960658519157
0,pharma rf,Erythema,0.339662447257384,0.6268458669373449,0.4867442527543194
0,pharma rf,Erythema multiforme,0.27355836849507736,0.7428479358885757,0.5652849291063233
0,pharma rf,Erythema nodosum,0.03867791842475387,0.7321843664332219,0.2098286247173578
0,pharma rf,Euphoric mood,0.11954992967651196,0.7963344997391479,0.4293680352001674
0,pharma rf,Extrapyramidal disorder,0.07172995780590717,0.8758798220387816,0.6559311648084428
0,pharma rf,Extrasystoles,0.07735583684950774,0.719829499008112,0.2407735501090542
0,pharma rf,Extravasation,0.07524613220815753,0.6939333165645356,0.2308527700464696
0,pharma rf,Eye disorder,0.28621659634317864,0.6355858209773702,0.4242042529360025
0,pharma rf,Eye haemorrhage,0.04289732770745429,0.6781961509616824,0.2115434701152176
0,pharma rf,Eye irritation,0.090014064697609,0.6458721812308319,0.2970762989963339
0,pharma rf,Eye pain,0.14064697609001406,0.6907494942958554,0.39683503474097764
0,pharma rf,Eye pruritus,0.0379746835443038,0.6741711307301069,0.2491862080947631
0,pharma rf,Eyelid oedema,0.04289732770745429,0.719339606010194,0.25904348823959356
0,pharma rf,Face oedema,0.17088607594936708,0.6706272237299105,0.34472447888441576
0,pharma rf,Faecal incontinence,0.04781997187060478,0.7080769833897886,0.2071379193316249
0,pharma rf,Fatigue,0.510548523206751,0.6881518129323181,0.7092586769557112
0,pharma rf,Febrile neutropenia,0.05977496483825598,0.9121351513808076,0.5626000344835141
0,pharma rf,Feeling abnormal,0.5133614627285513,0.6845461531050289,0.6929330064429331
0,pharma rf,Feeling hot,0.08227848101265822,0.5287092585677599,0.17211520230541186
0,pharma rf,Flank pain,0.035161744022503515,0.5255059206848808,0.05615181430900175
0,pharma rf,Flat affect,0.06258790436005626,0.7649409746949895,0.30171277933256757
0,pharma rf,Flatulence,0.3143459915611814,0.7253202891522481,0.5733952873792202
0,pharma rf,Fluid overload,0.0379746835443038,0.6643885766735359,0.13331716890385983
0,pharma rf,Fluid retention,0.1160337552742616,0.6625005178908486,0.2505007076119167
0,pharma rf,Flushing,0.30028129395218,0.6047748675852235,0.4047249570079995
0,pharma rf,Foetor hepaticus,0.05063291139240506,0.6580052553658933,0.15902904729316886
0,pharma rf,Folliculitis,0.0639943741209564,0.7469624434528452,0.20616741773678465
0,pharma rf,Fracture,0.05485232067510549,0.7911127778137783,0.2556231189589095
0,pharma rf,Fungal infection,0.07946554149085795,0.6744479809463609,0.18475468495904918
0,pharma rf,Fungal skin infection,0.03656821378340366,0.6596360961918896,0.10907510530049964
0,pharma rf,Furuncle,0.04289732770745429,0.5837529416479943,0.12678498712258263
0,pharma rf,Gait disturbance,0.10056258790436005,0.8004007197216371,0.4688723787031453
0,pharma rf,Galactorrhoea,0.05977496483825598,0.8151786211584605,0.5248813316959021
0,pharma rf,Gamma-glutamyltransferase increased,0.0829817158931083,0.6023449197177413,0.1804121137871842
0,pharma rf,Gastric ulcer,0.05063291139240506,0.6622094208166891,0.1842261138572617
0,pharma rf,Gastritis,0.18424753867791843,0.6754266930481759,0.389548886950953
0,pharma rf,Gastroenteritis,0.13853727144866385,0.6970583212891533,0.3167491485475352
0,pharma rf,Gastrointestinal disorder,0.5210970464135021,0.643166399920665,0.6684935051639453
0,pharma rf,Gastrointestinal haemorrhage,0.15330520393811534,0.7156496336779589,0.40067537182922053
0,pharma rf,Gastrointestinal pain,0.5478199718706048,0.6913991547284551,0.7290898706517546
0,pharma rf,Gastrooesophageal reflux disease,0.09915611814345991,0.7004914095845821,0.23905590230557952
0,pharma rf,Generalised oedema,0.053445850914205346,0.5607892330511507,0.09565130436296945
0,pharma rf,Gingival bleeding,0.05414908579465542,0.6900681342371632,0.20008866620776558
0,pharma rf,Gingivitis,0.07383966244725738,0.7191875261948045,0.23903577622181552
0,pharma rf,Glaucoma,0.07805907172995781,0.7408840250679691,0.2818963632307637
0,pharma rf,Glossitis,0.09774964838255977,0.7221909139974507,0.3094674205158138
0,pharma rf,Glycosuria,0.08579465541490858,0.7014595347982475,0.2502714616020067
0,pharma rf,Gout,0.09774964838255977,0.7008625292161877,0.27204709678578276
0,pharma rf,Grand mal convulsion,0.0379746835443038,0.7077748550008417,0.2297219468146588
0,pharma rf,Gynaecomastia,0.12517580872011252,0.7580946725575204,0.4404031966050364
0,pharma rf,Haematemesis,0.07032348804500703,0.7905778141606609,0.31252568469897946
0,pharma rf,Haematochezia,0.035864978902953586,0.6558313066796821,0.0881377992596821
0,pharma rf,Haematocrit decreased,0.0379746835443038,0.5032615644100187,0.08520367251178557
0,pharma rf,Haematoma,0.07172995780590717,0.6365399264600415,0.21061516764500157
0,pharma rf,Haematuria,0.2369901547116737,0.6735364801378905,0.4372850108765867
0,pharma rf,Haemoglobin,0.2679324894514768,0.6812225867284776,0.49155671651831395
0,pharma rf,Haemoglobin decreased,0.07383966244725738,0.6326105825336202,0.15602318932567286
0,pharma rf,Haemolytic anaemia,0.14064697609001406,0.7012283370192606,0.32420170895315936
0,pharma rf,Haemoptysis,0.08157524613220815,0.649363411897715,0.22749465096352567
0,pharma rf,Haemorrhage,0.26933895921237694,0.6849007791347203,0.49374673182294304
0,pharma rf,Haemorrhage intracranial,0.04008438818565401,0.6975795774641845,0.26551912034709607
0,pharma rf,Haemorrhoids,0.05907172995780591,0.6421846371684461,0.1575327127218144
0,pharma rf,Hallucination,0.24261603375527427,0.7476456202716636,0.5662769925657244
0,pharma rf,Headache,0.7805907172995781,0.6761091846388034,0.8631709899805934
0,pharma rf,Hearing impaired,0.10056258790436005,0.6397163518048335,0.22349076412294008
0,pharma rf,Hepatic enzyme increased,0.09634317862165963,0.6291585397660514,0.18016258974314248
0,pharma rf,Hepatic failure,0.1441631504922644,0.7347216182667882,0.3694500870703288
0,pharma rf,Hepatic function abnormal,0.12939521800281295,0.6655355094971712,0.2515848712671084
0,pharma rf,Hepatic necrosis,0.052742616033755275,0.6809137751365085,0.15734329505809092
0,pharma rf,Hepatitis,0.2552742616033755,0.7437838729174953,0.5128838356768323
0,pharma rf,Hepatobiliary disease,0.24120956399437413,0.68004481580684,0.45656681406152516
0,pharma rf,Hepatocellular injury,0.10478199718706048,0.6068507734037659,0.19860709032022666
0,pharma rf,Hepatomegaly,0.06891701828410689,0.7454423284873569,0.20513044196646804
0,pharma rf,Hepatotoxicity,0.07946554149085795,0.6970448682312639,0.28592212031708963
0,pharma rf,Hernia,0.03727144866385373,0.6923324638141182,0.18062709145016637
0,pharma rf,Herpes simplex,0.09353023909985936,0.6657716891668592,0.22803804866649377
0,pharma rf,Herpes zoster,0.08157524613220815,0.6521962732578613,0.1931657389512638
0,pharma rf,Hiccups,0.10267229254571027,0.7065463652614665,0.31892402545481463
0,pharma rf,Hirsutism,0.06118143459915612,0.7336558555937878,0.3401520935502389
0,pharma rf,Hostility,0.047116736990154715,0.8390255681850624,0.3904132518457933
0,pharma rf,Hot flush,0.15611814345991562,0.6775394147854377,0.3757623854552161
0,pharma rf,Hyperaesthesia,0.07524613220815753,0.6940955573795785,0.2976956546244921
0,pharma rf,Hyperbilirubinaemia,0.0970464135021097,0.6731951270768309,0.24691370015269593
0,pharma rf,Hypercalcaemia,0.0710267229254571,0.7429089694003328,0.2668789110516796
0,pharma rf,Hypercholesterolaemia,0.09915611814345991,0.7107592035989011,0.30632649986853944
0,pharma rf,Hyperglycaemia,0.23417721518987342,0.7095500408318327,0.4402724354894726
0,pharma rf,Hyperhidrosis,0.42334739803094235,0.6711525968620692,0.6051828743170665
0,pharma rf,Hyperkalaemia,0.11040787623066103,0.67829917214652,0.2909803626646174
0,pharma rf,Hyperkinesia,0.11954992967651196,0.7441045942456589,0.39752132636327697
0,pharma rf,Hyperlipidaemia,0.0639943741209564,0.6573455001382049,0.1595352566985035
0,pharma rf,Hypernatraemia,0.052742616033755275,0.6583882071876374,0.20501865600764405
0,pharma rf,Hyperreflexia,0.040787623066104076,0.7988894411338003,0.2868741032534104
0,pharma rf,Hypersensitivity,0.6315049226441631,0.6191746982422855,0.713358824530631
0,pharma rf,Hypertension,0.39732770745428975,0.6445147517045954,0.5750789100032041
0,pharma rf,Hyperthyroidism,0.035864978902953586,0.7258017900891446,0.13889173248853698
0,pharma rf,Hypertonia,0.12376933895921238,0.6755360169164911,0.30708355705381507
0,pharma rf,Hypertrichosis,0.03656821378340366,0.6914907657673558,0.19424904969891946
0,pharma rf,Hypertriglyceridaemia,0.05625879043600562,0.6375699959796809,0.22252778112506588
0,pharma rf,Hyperuricaemia,0.09774964838255977,0.7539958639080414,0.39952445258110225
0,pharma rf,Hyperventilation,0.06469760900140648,0.7158770734574136,0.22079558030636587
0,pharma rf,Hypoaesthesia,0.2559774964838256,0.5987932359473609,0.41633529883958076
0,pharma rf,Hypocalcaemia,0.0949367088607595,0.7114641252985604,0.36417375512174166
0,pharma rf,Hypoglycaemia,0.1568213783403657,0.7451832440199296,0.4422513299834894
0,pharma rf,Hypokalaemia,0.18143459915611815,0.6564436269132857,0.35758880447540803
0,pharma rf,Hypokinesia,0.05907172995780591,0.7760717213129217,0.3424362095836826
0,pharma rf,Hypomagnesaemia,0.06047819971870605,0.676135233571181,0.24031103681246355
0,pharma rf,Hyponatraemia,0.1540084388185654,0.7347889689335549,0.4054968489917111
0,pharma rf,Hypophosphataemia,0.056962025316455694,0.7727673505252413,0.2749774159456416
0,pharma rf,Hyporeflexia,0.0379746835443038,0.7530867935388433,0.26688432422066466
0,pharma rf,Hypotension,0.4676511954992968,0.687862746991253,0.6708169847654487
0,pharma rf,Hypothermia,0.046413502109704644,0.7492695370678082,0.18987098094211002
0,pharma rf,Hypothyroidism,0.06329113924050633,0.7759332388627047,0.30279224391810244
0,pharma rf,Hypotonia,0.04571026722925457,0.8133262353643669,0.27709611992579813
0,pharma rf,Hypoxia,0.06047819971870605,0.6220391192433554,0.1205889109827579
0,pharma rf,Ileus,0.07032348804500703,0.6707987675043767,0.16173924679118812
0,pharma rf,Ileus paralytic,0.035161744022503515,0.8000349274248914,0.21379539792997568
0,pharma rf,Ill-defined disorder,0.34247538677918427,0.6572328022740114,0.5003402538795868
0,pharma rf,Immune system disorder,0.3150492264416315,0.609433336563967,0.4207541982821635
0,pharma rf,Impaired healing,0.04430379746835443,0.7159748228429097,0.23218119556133962
0,pharma rf,Inappropriate antidiuretic hormone secretion,0.04922644163150492,0.8464612523583674,0.4402955985609486
0,pharma rf,Increased appetite,0.1568213783403657,0.713472259595423,0.4105581247186457
0,pharma rf,Induration,0.04149085794655415,0.5864347302224053,0.07020715743887462
0,pharma rf,Infection,0.4212376933895921,0.6828296501098977,0.633803642514866
0,pharma rf,Infestation,0.24753867791842477,0.656471979424969,0.42125834143600144
0,pharma rf,Inflammation,0.10829817158931083,0.6709021741491029,0.3041188507563626
0,pharma rf,Influenza,0.1990154711673699,0.6824616526129952,0.364668702810119
0,pharma rf,Influenza like illness,0.1160337552742616,0.6057751188652464,0.18395544445202183
0,pharma rf,Injection site pain,0.10267229254571027,0.6106002949530261,0.17103468452808346
0,pharma rf,Injection site reaction,0.13853727144866385,0.6205234731919119,0.2509555881648537
0,pharma rf,Injury,0.14556962025316456,0.653332023261046,0.26424839054963256
0,pharma rf,Insomnia,0.4739803094233474,0.7071613254408782,0.690732656136305
0,pharma rf,Interstitial lung disease,0.06891701828410689,0.775724271660702,0.3635644821156223
0,pharma rf,Intestinal obstruction,0.06469760900140648,0.7063878299339745,0.18789806471009118
0,pharma rf,Intracranial pressure increased,0.03938115330520394,0.6694168420607655,0.11125788800538547
0,pharma rf,Intraocular pressure increased,0.04430379746835443,0.8094613996983373,0.22659852917203444
0,pharma rf,Irritability,0.1617440225035162,0.6772937390354471,0.36361765494590353
0,pharma rf,Jaundice,0.23136427566807313,0.7355575459273087,0.4677376112951731
0,pharma rf,Jaundice cholestatic,0.0949367088607595,0.6872824732587389,0.29258050102328736
0,pharma rf,Joint swelling,0.0450070323488045,0.6936869082637898,0.13200835554099807
0,pharma rf,Keratitis,0.06047819971870605,0.7395385725853397,0.31157802647407495
0,pharma rf,Lacrimal disorder,0.0379746835443038,0.6638440821588436,0.14821469184292296
0,pharma rf,Lacrimation increased,0.1019690576652602,0.6481805575650311,0.30432722610712865
0,pharma rf,Laryngeal oedema,0.0639943741209564,0.6978875084363738,0.17904607268048234
0,pharma rf,Laryngeal pain,0.07313642756680731,0.6024382512678691,0.1277235294508885
0,pharma rf,Laryngitis,0.06821378340365682,0.7215128548164246,0.24371083901525425
0,pharma rf,Laryngospasm,0.07243319268635724,0.6837719950623016,0.3082571148917693
0,pharma rf,Lethargy,0.15611814345991562,0.7429438419304286,0.38659280364883253
0,pharma rf,Leukocytoclastic vasculitis,0.03938115330520394,0.6777372083114904,0.09614720569798249
0,pharma rf,Leukocytosis,0.10548523206751055,0.680780394275038,0.2692106073286027
0,pharma rf,Leukoderma,0.04430379746835443,0.7772273572523879,0.23599306670742734
0,pharma rf,Leukopenia,0.35864978902953587,0.7508148541919905,0.6407035964601838
0,pharma rf,Libido decreased,0.14767932489451477,0.7397751149193982,0.4517824476038224
0,pharma rf,Libido increased,0.057665260196905765,0.8120345480931395,0.46082111300285356
0,pharma rf,Liver disorder,0.06610407876230662,0.6504864537587123,0.15505094330713307
0,pharma rf,Liver function test abnormal,0.17440225035161744,0.6475943423479298,0.2922581743312352
0,pharma rf,Liver injury,0.08649789029535865,0.6468126959415821,0.15549212170873236
0,pharma rf,Local reaction,0.053445850914205346,0.585390994485683,0.1423832874478206
0,pharma rf,Loss of consciousness,0.37060478199718705,0.6918641676914901,0.6052374312691191
0,pharma rf,Loss of libido,0.03867791842475387,0.6564621893581587,0.13026365852561445
0,pharma rf,Lung disorder,0.05414908579465542,0.5470942372344919,0.10083629613817871
0,pharma rf,Lung infiltration,0.04289732770745429,0.6172966781389343,0.09079316957691277
0,pharma rf,Lymphadenopathy,0.13291139240506328,0.6381820262051221,0.3199906241134075
0,pharma rf,Lymphopenia,0.05063291139240506,0.7376362748787483,0.3098644591202465
0,pharma rf,Malaise,0.35372714486638535,0.6546586334639729,0.5088074451051142
0,pharma rf,Malnutrition,0.33122362869198313,0.660881342014415,0.5040020683911149
0,pharma rf,Mania,0.06751054852320675,0.8271754922926344,0.438436371384231
0,pharma rf,Mediastinal disorder,0.31856540084388185,0.6315893711979175,0.483179475439251
0,pharma rf,Melaena,0.10970464135021098,0.6499301325174855,0.28825892153268384
0,pharma rf,Memory impairment,0.07735583684950774,0.7357571819061108,0.25684935571879464
0,pharma rf,Meningitis,0.03867791842475387,0.6939860219659283,0.21411813821193088
0,pharma rf,Menopausal symptoms,0.1589310829817159,0.6820934687484507,0.3796352642512512
0,pharma rf,Menorrhagia,0.07524613220815753,0.6878478085264881,0.2543667985787138
0,pharma rf,Menstrual disorder,0.06469760900140648,0.7360325867486626,0.26462738206823233
0,pharma rf,Menstruation irregular,0.05555555555555555,0.7347844001548374,0.234731825435267
0,pharma rf,Mental disability,0.12306610407876231,0.7166163624261586,0.3741222813216229
0,pharma rf,Mental disorder,0.3227848101265823,0.6468531364477161,0.47201902954543007
0,pharma rf,Metrorrhagia,0.07172995780590717,0.7098747763966418,0.2878678370009173
0,pharma rf,Micturition urgency,0.05414908579465542,0.7301478930453811,0.23007744130591545
0,pharma rf,Migraine,0.16455696202531644,0.6991266063612371,0.37761218503711247
0,pharma rf,Mood swings,0.17088607594936708,0.705145095018623,0.4097661419891632
0,pharma rf,Mouth ulceration,0.1209563994374121,0.7256949938924502,0.3127953580843773
0,pharma rf,Mucosal inflammation,0.05625879043600562,0.8255252313058893,0.4534033864332062
0,pharma rf,Multiple fractures,0.05485232067510549,0.7911127778137783,0.2556231189589095
0,pharma rf,Muscle contractions involuntary,0.03867791842475387,0.7172982950817473,0.19040983989788013
0,pharma rf,Muscle relaxant therapy,0.04289732770745429,0.8226893556815469,0.2948218735146838
0,pharma rf,Muscle rigidity,0.04360056258790436,0.8716025025449692,0.38605333082624976
0,pharma rf,Muscle spasms,0.340365682137834,0.66130913556645,0.5530465437708678
0,pharma rf,Muscle twitching,0.10267229254571027,0.7316229419648408,0.3524327735257155
0,pharma rf,Muscular weakness,0.19760900140646975,0.6949950491899239,0.3957720515542552
0,pharma rf,Musculoskeletal discomfort,0.4859353023909986,0.6819326910665128,0.6773200254841119
0,pharma rf,Musculoskeletal pain,0.11673699015471167,0.6621189692816885,0.2785090211691714
0,pharma rf,Musculoskeletal stiffness,0.09774964838255977,0.6736140372411639,0.34613484342415335
0,pharma rf,Myalgia,0.39943741209563993,0.6739752283883006,0.5990127515414814
0,pharma rf,Mydriasis,0.07665260196905767,0.7721427089036241,0.37871530257712027
0,pharma rf,Myocardial infarction,0.2348804500703235,0.7220826995933325,0.4943686536837991
0,pharma rf,Myocardial ischaemia,0.08227848101265822,0.7356444975275023,0.26599372705598834
0,pharma rf,Myoclonus,0.05485232067510549,0.8142279562315169,0.35739551444994766
0,pharma rf,Myopathy,0.07665260196905767,0.6643238956665148,0.26068788134584475
0,pharma rf,Myositis,0.0450070323488045,0.6661942034657089,0.13066968236148113
0,pharma rf,Nail disorder,0.06047819971870605,0.6549022254353505,0.2079522763334743
0,pharma rf,Nasal congestion,0.1441631504922644,0.6256998447108219,0.28088316928952695
0,pharma rf,Nasopharyngitis,0.20042194092827004,0.6149930320510337,0.32956685661554747
0,pharma rf,Nausea,0.8438818565400844,0.7322769588569058,0.9291271671075763
0,pharma rf,Neck pain,0.10548523206751055,0.6318261882370979,0.2509513304798894
0,pharma rf,Necrosis,0.06962025316455696,0.5889307724973524,0.15694215531810657
0,pharma rf,Neoplasm,0.12447257383966245,0.7458706152430111,0.361584176785248
0,pharma rf,Neoplasm malignant,0.09423347398030943,0.7697027419134397,0.34825744718022084
0,pharma rf,Nephrolithiasis,0.0808720112517581,0.7113146275931841,0.25351901736429844
0,pharma rf,Nephropathy,0.04289732770745429,0.5974236163086314,0.10349519278979669
0,pharma rf,Nephropathy toxic,0.053445850914205346,0.7635983556862465,0.2261788586919832
0,pharma rf,Nephrotic syndrome,0.04430379746835443,0.6559436390870264,0.18642391503379593
0,pharma rf,Nervous system disorder,0.4409282700421941,0.6389755602684428,0.5837671895673203
0,pharma rf,Nervousness,0.3059071729957806,0.7127133758258345,0.5507427812425151
0,pharma rf,Neuralgia,0.06821378340365682,0.68672361968719,0.23168081420667413
0,pharma rf,Neuritis,0.07172995780590717,0.7216093657468138,0.2449824497732942
0,pharma rf,Neuroleptic malignant syndrome,0.04360056258790436,0.9129349770319155,0.6551373188167791
0,pharma rf,Neuropathy peripheral,0.2390998593530239,0.697488043529303,0.4365362414278769
0,pharma rf,Neutropenia,0.21940928270042195,0.7767358697950698,0.5355059351729431
0,pharma rf,Night sweats,0.05555555555555555,0.7292628474573819,0.19116014618127908
0,pharma rf,Nightmare,0.10407876230661041,0.7874764821383242,0.414883605995329
0,pharma rf,Nocturia,0.09563994374120956,0.7120959383690968,0.2903311403641245
0,pharma rf,Nuchal rigidity,0.04852320675105485,0.6711617343331594,0.2469539008442317
0,pharma rf,Nystagmus,0.06821378340365682,0.806982172958475,0.4016679270997428
0,pharma rf,Ocular hyperaemia,0.04008438818565401,0.7345313204670118,0.2863544479359335
0,pharma rf,Oedema,0.4015471167369902,0.6733674823158263,0.5815804486462189
0,pharma rf,Oedema peripheral,0.2876230661040788,0.6610223943003296,0.4548233534514837
0,pharma rf,Oesophagitis,0.12025316455696203,0.7163560527598296,0.36530202161399805
0,pharma rf,Oliguria,0.09212376933895922,0.6806699136862657,0.24604160385381563
0,pharma rf,Opportunistic infection,0.0379746835443038,0.860719588958409,0.43900380787963333
0,pharma rf,Optic neuritis,0.06610407876230662,0.6870941574017989,0.24003449800941742
0,pharma rf,Oral candidiasis,0.06751054852320675,0.7204239834378428,0.24183935485777458
0,pharma rf,Oropharyngeal discomfort,0.07454289732770746,0.5911557639458255,0.17437109243421198
0,pharma rf,Oropharyngeal pain,0.10407876230661041,0.6251392581023675,0.1962613564521908
0,pharma rf,Orthostatic hypotension,0.17862165963431786,0.7910773591091799,0.547676417410708
0,pharma rf,Osteoarthritis,0.15611814345991562,0.7087706323698784,0.381511024784235
0,pharma rf,Osteonecrosis,0.035161744022503515,0.6930299882142698,0.15467313088338291
0,pharma rf,Osteoporosis,0.05977496483825598,0.7516898570015224,0.19935114626106493
0,pharma rf,Otitis media,0.07243319268635724,0.6673493680701081,0.1952541331126465
0,pharma rf,Pain,0.5203938115330521,0.6309635948185972,0.6565322190120693
0,pharma rf,Pain in extremity,0.17932489451476794,0.5961437834666095,0.26877532971840673
0,pharma rf,Pallor,0.09563994374120956,0.6156136593535128,0.21521377930478716
0,pharma rf,Palpitations,0.3551336146272855,0.7169095837739927,0.616059080406797
0,pharma rf,Pancreatitis,0.22292545710267228,0.7195821962766595,0.46221643506100785
0,pharma rf,Pancreatitis acute,0.04219409282700422,0.5433419424747484,0.07582444648393119
0,pharma rf,Pancytopenia,0.2088607594936709,0.7533114504966347,0.49284579580728727
0,pharma rf,Paraesthesia,0.45639943741209565,0.6828643256702641,0.6710403184469922
0,pharma rf,Paraesthesia oral,0.04149085794655415,0.6582027110380697,0.12273621581907952
0,pharma rf,Paralysis,0.06680731364275667,0.6755065936656302,0.20737788106974792
0,pharma rf,Paranoia,0.06258790436005626,0.7684750497847205,0.3724740898981761
0,pharma rf,Parkinsonism,0.03656821378340366,0.8055340123260889,0.5354152300168075
0,pharma rf,Parosmia,0.06329113924050633,0.6778693156514295,0.19026103439515607
0,pharma rf,Pelvic pain,0.057665260196905765,0.7362280451190576,0.24604050172939332
0,pharma rf,Peptic ulcer,0.06821378340365682,0.7492722935466329,0.33811647219428087
0,pharma rf,Pericardial effusion,0.035161744022503515,0.6695222629023532,0.21764186249557257
0,pharma rf,Pericarditis,0.03867791842475387,0.7256745234461254,0.20416477664646449
0,pharma rf,Periorbital oedema,0.035161744022503515,0.5946774549836231,0.126152423196137
0,pharma rf,Peripheral coldness,0.03938115330520394,0.7332543343330531,0.25203363687759917
0,pharma rf,Peripheral vascular disorder,0.04289732770745429,0.6682447505885708,0.1508824793715701
0,pharma rf,Personality disorder,0.03656821378340366,0.6817927797974349,0.20356420592320434
0,pharma rf,Petechiae,0.0850914205344585,0.6763849723325656,0.2574853073366864
0,pharma rf,Pharyngitis,0.270042194092827,0.6760873424063624,0.46339204946790125
0,pharma rf,Phlebitis,0.1209563994374121,0.6582317546392114,0.25708564570259085
0,pharma rf,Photophobia,0.11251758087201125,0.6821274716920795,0.3422658556302591
0,pharma rf,Photosensitivity reaction,0.21308016877637131,0.734185206431876,0.47578361679530934
0,pharma rf,Platelet count decreased,0.057665260196905765,0.6046842308362264,0.13447743802709972
0,pharma rf,Pleural effusion,0.08157524613220815,0.6891130318469776,0.26709193238635154
0,pharma rf,Pneumonia,0.23628691983122363,0.693979312527145,0.46340150414556713
0,pharma rf,Pneumothorax,0.0450070323488045,0.6055826625773972,0.11708624337203984
0,pharma rf,Pollakiuria,0.2109704641350211,0.7075831479190702,0.47627353680598883
0,pharma rf,Polyp,0.05907172995780591,0.697449175705064,0.19545759445728592
0,pharma rf,Polyuria,0.13853727144866385,0.7043839623848436,0.3414373088144207
0,pharma rf,Pregnancy,0.04992967651195499,0.6386586533582403,0.19163967788031608
0,pharma rf,Priapism,0.04571026722925457,0.8168687668659489,0.4024916697042973
0,pharma rf,Proctalgia,0.04360056258790436,0.585922739388209,0.0809931021068206
0,pharma rf,Protein urine present,0.09634317862165963,0.6890810694552947,0.2743784246994988
0,pharma rf,Proteinuria,0.09423347398030943,0.7029607619221512,0.2792440601425782
0,pharma rf,Prothrombin level increased,0.03727144866385373,0.6454986100625073,0.18775941724153222
0,pharma rf,Prurigo,0.04219409282700422,0.7173963098402834,0.18039844427652013
0,pharma rf,Pruritus,0.6638537271448663,0.6651307586956318,0.7852457594884497
0,pharma rf,Pseudomembranous colitis,0.04571026722925457,0.9085981714772936,0.5176250329985393
0,pharma rf,Psoriasis,0.056962025316455694,0.7249246558566137,0.22101888633887196
0,pharma rf,Psychotic disorder,0.1568213783403657,0.7498220767616187,0.47937700846744996
0,pharma rf,Pulmonary embolism,0.1209563994374121,0.7541866286677212,0.3765972552506369
0,pharma rf,Pulmonary fibrosis,0.04289732770745429,0.727332629224313,0.12958020217279492
0,pharma rf,Pulmonary function test decreased,0.06540084388185655,0.7900107519260796,0.29075822342700863
0,pharma rf,Pulmonary oedema,0.1258790436005626,0.6307087173414537,0.2278561687978808
0,pharma rf,Purpura,0.15260196905766527,0.7263666088094802,0.400507416910428
0,pharma rf,Rash,0.760196905766526,0.7079556530269716,0.869683878730975
0,pharma rf,Rash erythematous,0.0759493670886076,0.6327434092207237,0.12825453559010852
0,pharma rf,Rash generalised,0.03727144866385373,0.6595934323605909,0.15902442533092243
0,pharma rf,Rash macular,0.035864978902953586,0.7133306753787181,0.13832644040037795
0,pharma rf,Rash maculo-papular,0.1209563994374121,0.6729506388175854,0.2848662548162514
0,pharma rf,Rash pustular,0.07524613220815753,0.641476533638704,0.19107506862165344
0,pharma rf,Rectal haemorrhage,0.0970464135021097,0.6937216880111616,0.248909215460594
0,pharma rf,Renal failure,0.23277074542897327,0.7199305769491948,0.46176976356980015
0,pharma rf,Renal failure acute,0.14838255977496484,0.6778671551794118,0.3652216368370794
0,pharma rf,Renal impairment,0.14838255977496484,0.6759183040303527,0.30970511449569105
0,pharma rf,Renal pain,0.047116736990154715,0.6371721846825822,0.19731250239004014
0,pharma rf,Respiratory arrest,0.035864978902953586,0.6440126845409753,0.1256674284060087
0,pharma rf,Respiratory depression,0.06469760900140648,0.7986822791627366,0.29323314671247747
0,pharma rf,Respiratory distress,0.06258790436005626,0.6409368266399168,0.222554875556513
0,pharma rf,Respiratory failure,0.09915611814345991,0.6495442586988192,0.20249012115199871
0,pharma rf,Respiratory tract infection,0.05555555555555555,0.6882079658132219,0.1721102782117294
0,pharma rf,Rhabdomyolysis,0.09563994374120956,0.7786338440274626,0.35309352237820824
0,pharma rf,Rhinitis,0.26652601969057665,0.6610453447402671,0.45516832357709996
0,pharma rf,Rhinorrhoea,0.0850914205344585,0.6428424925160992,0.15967498939275832
0,pharma rf,Salivary hypersecretion,0.10618846694796062,0.7431916706720123,0.4056221746881216
0,pharma rf,Scotoma,0.07032348804500703,0.6455650769185585,0.24960283554719717
0,pharma rf,Seborrhoeic dermatitis,0.06469760900140648,0.6837031252155341,0.2503241842923398
0,pharma rf,Sensory loss,0.0850914205344585,0.6353884222117478,0.24090190016499863
0,pharma rf,Sepsis,0.13431786216596342,0.7341694522721751,0.39997180642647906
0,pharma rf,Serum sickness,0.040787623066104076,0.7646990418628541,0.2123360865557117
0,pharma rf,Sexual dysfunction,0.051336146272855133,0.7923511145103462,0.3314385237389451
0,pharma rf,Shock,0.41561181434599154,0.6785129511850702,0.6256996334503552
0,pharma rf,Sinus bradycardia,0.04289732770745429,0.6833959927965305,0.10457493946411478
0,pharma rf,Sinus congestion,0.0450070323488045,0.5813623017524938,0.11429608564593008
0,pharma rf,Sinusitis,0.25035161744022505,0.6743613030746551,0.43880679558193725
0,pharma rf,Skin discolouration,0.09634317862165963,0.6299009063579535,0.23744012375498982
0,pharma rf,Skin disorder,0.44585091420534456,0.6221865377701092,0.5802259164137931
0,pharma rf,Skin exfoliation,0.1111111111111111,0.6668551631986123,0.3025367531687819
0,pharma rf,Skin hyperpigmentation,0.05485232067510549,0.7197536506781469,0.3098742170988699
0,pharma rf,Skin irritation,0.03867791842475387,0.6737585937148681,0.09406414986223884
0,pharma rf,Skin striae,0.03656821378340366,0.7576974457907726,0.24808103546348118
0,pharma rf,Skin ulcer,0.07735583684950774,0.7293300303798379,0.1911791272837098
0,pharma rf,Sleep disorder,0.13783403656821377,0.7264799520774721,0.32592951298304934
0,pharma rf,Sneezing,0.06258790436005626,0.5558618761479523,0.1524733357790223
0,pharma rf,Somnolence,0.46835443037974683,0.7456825636949825,0.7524436394754154
0,pharma rf,Speech disorder,0.0829817158931083,0.695895846035408,0.22838650482126432
0,pharma rf,Stevens-Johnson syndrome,0.22292545710267228,0.7703872988715538,0.5326394894170253
0,pharma rf,Stomatitis,0.2320675105485232,0.7639199587966228,0.5525318162174638
0,pharma rf,Stupor,0.06891701828410689,0.7505350907477932,0.28845893680013984
0,pharma rf,Sudden death,0.04289732770745429,0.819497845033521,0.30608235742778983
0,pharma rf,Suicidal ideation,0.0639943741209564,0.78874392480394,0.36362845466105687
0,pharma rf,Suicide attempt,0.04922644163150492,0.8195040150470858,0.34377400769864785
0,pharma rf,Supraventricular tachycardia,0.057665260196905765,0.679916162204313,0.20710041497542778
0,pharma rf,Swelling,0.14486638537271448,0.5679353467979676,0.20839623594322995
0,pharma rf,Swelling face,0.03656821378340366,0.4500673478068922,0.051453971051357975
0,pharma rf,Syncope,0.35372714486638535,0.6923536742590464,0.5917281209728724
0,pharma rf,Systemic lupus erythematosus,0.053445850914205346,0.6763874995364838,0.22482330650626164
0,pharma rf,Tachycardia,0.4191279887482419,0.6705021548357676,0.6165457918656474
0,pharma rf,Tenderness,0.0850914205344585,0.5964772416738195,0.22166058078628756
0,pharma rf,Tension,0.30239099859353025,0.7113095890072603,0.547585770862509
0,pharma rf,Thinking abnormal,0.08720112517580872,0.7641811040855381,0.32991453184591674
0,pharma rf,Thirst,0.1490857946554149,0.6757305877919867,0.3306779316324865
0,pharma rf,Throat irritation,0.04922644163150492,0.676953707502923,0.23012509163494207
0,pharma rf,Throat tightness,0.03727144866385373,0.7203198418113533,0.33845952683581104
0,pharma rf,Thrombocytopenia,0.4212376933895921,0.7525804824395314,0.6988302180345821
0,pharma rf,Thrombocytopenic purpura,0.03867791842475387,0.6193036061899153,0.14404452853742927
0,pharma rf,Thrombocytosis,0.05977496483825598,0.694200761477458,0.19806988331195807
0,pharma rf,Thrombophlebitis,0.14556962025316456,0.6852540022746811,0.33195898909598864
0,pharma rf,Thrombosis,0.07946554149085795,0.6781462864774117,0.2309518511328935
0,pharma rf,Tinnitus,0.27637130801687765,0.7000623486387711,0.5298020582424343
0,pharma rf,Tongue discolouration,0.04149085794655415,0.7850375349467942,0.28205050918542207
0,pharma rf,Tongue disorder,0.0710267229254571,0.6351270320417838,0.21898870163683096
0,pharma rf,Tongue oedema,0.052742616033755275,0.7024661856434011,0.22549825591720718
0,pharma rf,Tooth disorder,0.05907172995780591,0.637929482194689,0.1578673198316805
0,pharma rf,Toothache,0.05977496483825598,0.6489314502140686,0.13644886277613724
0,pharma rf,Torsade de pointes,0.0639943741209564,0.6990128564553058,0.3502795518025664
0,pharma rf,Toxic epidermal necrolysis,0.180028129395218,0.7836386709042183,0.4944918745502667
0,pharma rf,Transaminases increased,0.06891701828410689,0.5829896955318999,0.1358012056248584
0,pharma rf,Transient ischaemic attack,0.04922644163150492,0.6458276348497751,0.14316137962608005
0,pharma rf,Tremor,0.32770745428973275,0.7094002764350502,0.6007793619711376
0,pharma rf,Tubulointerstitial nephritis,0.08016877637130802,0.7747918156234828,0.37009706800788406
0,pharma rf,Ulcer,0.09282700421940929,0.7453764244801281,0.3185311914830968
0,pharma rf,Upper respiratory tract infection,0.2320675105485232,0.6578550843831061,0.40992368729634776
0,pharma rf,Urethral disorder,0.2714486638537271,0.6508461956831479,0.43114543585379
0,pharma rf,Urinary incontinence,0.11251758087201125,0.7390333692886577,0.38352824703667693
0,pharma rf,Urinary retention,0.16736990154711673,0.7518852495283442,0.49530540717889754
0,pharma rf,Urinary tract disorder,0.26863572433192684,0.6502226436743371,0.42523550182159287
0,pharma rf,Urinary tract infection,0.24824191279887484,0.6728731348690185,0.41288598981104646
0,pharma rf,Urine abnormality,0.04571026722925457,0.45335425061168266,0.07892310849039205
0,pharma rf,Urine analysis abnormal,0.04992967651195499,0.4582033703178693,0.07748943951843067
0,pharma rf,Urine output increased,0.12236286919831224,0.7299947458969062,0.3353461655647447
0,pharma rf,Urticaria,0.5590717299578059,0.6683542575341231,0.7121798259360058
0,pharma rf,VIIth nerve paralysis,0.03727144866385373,0.6764757820001301,0.10875796734248488
0,pharma rf,Vaginal discharge,0.06047819971870605,0.7557164906267433,0.28280194496817834
0,pharma rf,Vaginal haemorrhage,0.08227848101265822,0.7556139863194847,0.3667828015751629
0,pharma rf,Vaginal infection,0.11673699015471167,0.7160491782990082,0.32544773516103376
0,pharma rf,Vaginal inflammation,0.10829817158931083,0.7315775146337167,0.31368282602436715
0,pharma rf,Vascular purpura,0.14135021097046413,0.7202782949633533,0.37474929686732483
0,pharma rf,Vasculitis,0.10689170182841069,0.7552570019810199,0.36566901483467096
0,pharma rf,Vasodilation procedure,0.09353023909985936,0.6141459560954813,0.18006091847113534
0,pharma rf,Ventricular arrhythmia,0.07032348804500703,0.6714566308973078,0.17537696145915546
0,pharma rf,Ventricular extrasystoles,0.090014064697609,0.6760020545046016,0.23015677611444457
0,pharma rf,Ventricular fibrillation,0.07243319268635724,0.7386945958261582,0.2343160200999312
0,pharma rf,Ventricular tachycardia,0.1019690576652602,0.7159255064108723,0.31895303522240165
0,pharma rf,Vertigo,0.3558368495077356,0.6998133595509687,0.5788848314088806
0,pharma rf,Viral infection,0.09142053445850915,0.6837181912333796,0.24587508664715746
0,pharma rf,Vision blurred,0.3227848101265823,0.7035740183010345,0.5604589450088773
0,pharma rf,Visual acuity reduced,0.052742616033755275,0.6202856236826443,0.1802128112977464
0,pharma rf,Visual impairment,0.2714486638537271,0.6391903794424674,0.4245271673278689
0,pharma rf,Vomiting,0.759493670886076,0.7011435647969844,0.8769756314658897
0,pharma rf,Vulvovaginal candidiasis,0.051336146272855133,0.7496658853246743,0.29228637480644865
0,pharma rf,Vulvovaginal mycotic infection,0.05555555555555555,0.7268759761014605,0.28197246181577856
0,pharma rf,Weight decreased,0.22433192686357242,0.7248987468255642,0.4691346882283766
0,pharma rf,Weight increased,0.23136427566807313,0.733408338941818,0.5121485771423336
0,pharma rf,Wheezing,0.12165963431786217,0.5872999758996109,0.22903270763452852
0,pharma rf,White blood cell count decreased,0.046413502109704644,0.6123559422288066,0.12756060384831375
0,structure rf + pharma rf,Abdominal discomfort,0.20253164556962025,0.5967029778484683,0.2966269347309778
0,structure rf + pharma rf,Abdominal distension,0.20815752461322082,0.6532684495550631,0.3672794367223838
0,structure rf + pharma rf,Abdominal pain,0.580168776371308,0.7033345022589398,0.7718087891514124
0,structure rf + pharma rf,Abdominal pain upper,0.18846694796061886,0.6237129625360782,0.27631663375033366
0,structure rf + pharma rf,Abnormal dreams,0.10548523206751055,0.799772739102155,0.3820694838577614
0,structure rf + pharma rf,Abscess,0.07805907172995781,0.621874745074745,0.1942733499123713
0,structure rf + pharma rf,Accommodation disorder,0.04922644163150492,0.8821951043106985,0.4624553991635098
0,structure rf + pharma rf,Acidosis,0.0450070323488045,0.6575538408977202,0.18718995221740725
0,structure rf + pharma rf,Acne,0.09282700421940929,0.7731452581925021,0.3670071730111528
0,structure rf + pharma rf,Acute coronary syndrome,0.2348804500703235,0.7422454439154482,0.5289961586980197
0,structure rf + pharma rf,Affect lability,0.1617440225035162,0.7562186042526106,0.43788181971908424
0,structure rf + pharma rf,Ageusia,0.07946554149085795,0.6662037484877237,0.22753511914843508
0,structure rf + pharma rf,Aggression,0.0850914205344585,0.7767290608900852,0.4021847775730988
0,structure rf + pharma rf,Agitation,0.3340365682137834,0.7710442988909934,0.6793156995301816
0,structure rf + pharma rf,Agranulocytosis,0.23347398030942335,0.8316351540268796,0.6145868982978879
0,structure rf + pharma rf,Akathisia,0.04852320675105485,0.8970466894895475,0.662289993537619
0,structure rf + pharma rf,Alanine aminotransferase increased,0.19268635724331926,0.7338572297067584,0.45035634028796123
0,structure rf + pharma rf,Albuminuria,0.0710267229254571,0.6885176633138677,0.2044067303324673
0,structure rf + pharma rf,Alopecia,0.3108298171589311,0.772250911955985,0.6215240901037128
0,structure rf + pharma rf,Altered state of consciousness,0.040787623066104076,0.7171916788118253,0.15053632579731607
0,structure rf + pharma rf,Amblyopia,0.07383966244725738,0.6852437328313024,0.19178467246471825
0,structure rf + pharma rf,Amenorrhoea,0.08720112517580872,0.8146391538122948,0.47462893579775656
0,structure rf + pharma rf,Amnesia,0.14486638537271448,0.7495455218427277,0.35510837395591144
0,structure rf + pharma rf,Amylase increased,0.04430379746835443,0.738721075829707,0.2770912957673961
0,structure rf + pharma rf,Anaemia,0.36146272855133615,0.7584783600385435,0.6546951328128641
0,structure rf + pharma rf,Anaphylactic shock,0.4388185654008439,0.7316782616537654,0.7081492419462169
0,structure rf + pharma rf,Anaphylactoid reaction,0.17651195499296765,0.7040809657421573,0.3893823321378883
0,structure rf + pharma rf,Angina pectoris,0.2039381153305204,0.7591581500207812,0.4711283041235821
0,structure rf + pharma rf,Angioedema,0.37060478199718705,0.7197708310188347,0.6295545422722852
0,structure rf + pharma rf,Angiopathy,0.319971870604782,0.6858255977211107,0.5171861325099345
0,structure rf + pharma rf,Anorectal discomfort,0.051336146272855133,0.6728471294328552,0.1499050277060529
0,structure rf + pharma rf,Anorectal disorder,0.04289732770745429,0.590892687261871,0.09454643417492177
0,structure rf + pharma rf,Anxiety,0.38466947960618847,0.6928990889924566,0.6013442005566646
0,structure rf + pharma rf,Apathy,0.06188466947960619,0.7752301430640293,0.307119203182946
0,structure rf + pharma rf,Aphasia,0.06047819971870605,0.7330753155923075,0.2726871524407723
0,structure rf + pharma rf,Aphthous stomatitis,0.03938115330520394,0.7750395766295687,0.15933176584580472
0,structure rf + pharma rf,Aplastic anaemia,0.11392405063291139,0.8538649504192716,0.5036634366261407
0,structure rf + pharma rf,Apnoea,0.08368495077355836,0.7602997770595221,0.2816984801564744
0,structure rf + pharma rf,Application site pain,0.04289732770745429,0.69838497233078,0.17116471901199154
0,structure rf + pharma rf,Application site reaction,0.03727144866385373,0.6121127224275053,0.09030590221585279
0,structure rf + pharma rf,Arrhythmia,0.28621659634317864,0.6933555678255244,0.50336763167983
0,structure rf + pharma rf,Arrhythmia supraventricular,0.035161744022503515,0.6634105894355116,0.1018279099214873
0,structure rf + pharma rf,Arthralgia,0.4120956399437412,0.7067210096748643,0.6342379809844088
0,structure rf + pharma rf,Arthritis,0.1568213783403657,0.7185797508314533,0.34583250773618046
0,structure rf + pharma rf,Arthropathy,0.0949367088607595,0.7138976745881348,0.2513676988341678
0,structure rf + pharma rf,Aspartate aminotransferase increased,0.1940928270042194,0.7475114593836893,0.4653032642893133
0,structure rf + pharma rf,Asthenia,0.6371308016877637,0.7662628032962113,0.8571852805110485
0,structure rf + pharma rf,Asthma,0.19057665260196907,0.6579098370210922,0.35480367623005715
0,structure rf + pharma rf,Ataxia,0.1680731364275668,0.8065710291351433,0.5841076387869694
0,structure rf + pharma rf,Atrial fibrillation,0.1469760900140647,0.7365125281004214,0.37672536105201165
0,structure rf + pharma rf,Atrioventricular block,0.09423347398030943,0.7856524355941685,0.4536965288895682
0,structure rf + pharma rf,Azotaemia,0.0450070323488045,0.7517867245331418,0.13507274046432644
0,structure rf + pharma rf,Back pain,0.3509142053445851,0.700708050103934,0.5483632787383415
0,structure rf + pharma rf,Bacterial infection,0.03867791842475387,0.6484583251350141,0.10607479159289838
0,structure rf + pharma rf,Balance disorder,0.04781997187060478,0.7744586296200903,0.23638705827280093
0,structure rf + pharma rf,Bladder pain,0.11744022503516174,0.7532591932535964,0.36599946025803426
0,structure rf + pharma rf,Blepharitis,0.05555555555555555,0.7379363213772016,0.3224175786074668
0,structure rf + pharma rf,Blindness,0.052742616033755275,0.6649261997438977,0.1333615161546804
0,structure rf + pharma rf,Blister,0.0710267229254571,0.5838887853532388,0.10422791429035383
0,structure rf + pharma rf,Blood alkaline phosphatase increased,0.13431786216596342,0.6880097972605466,0.3058357850064369
0,structure rf + pharma rf,Blood bilirubin increased,0.0970464135021097,0.8041853326537826,0.4013085807793403
0,structure rf + pharma rf,Blood creatine phosphokinase increased,0.06821378340365682,0.7604183252866464,0.3448039593044624
0,structure rf + pharma rf,Blood creatinine increased,0.1751054852320675,0.73966930729905,0.42286700952958184
0,structure rf + pharma rf,Blood disorder,0.08720112517580872,0.673311973655457,0.20751967153443668
0,structure rf + pharma rf,Blood glucose increased,0.046413502109704644,0.6499488882775839,0.1669210978489355
0,structure rf + pharma rf,Blood lactate dehydrogenase increased,0.058368495077355836,0.7898172284618964,0.24707397178992024
0,structure rf + pharma rf,Blood pressure increased,0.10337552742616034,0.6970768463439214,0.28425831507925303
0,structure rf + pharma rf,Blood triglycerides increased,0.06751054852320675,0.7502510097219302,0.28398922666083204
0,structure rf + pharma rf,Blood urea increased,0.1160337552742616,0.717645648628799,0.3685297336516188
0,structure rf + pharma rf,Blood uric acid increased,0.10618846694796062,0.7872855193893337,0.4317987703602027
0,structure rf + pharma rf,Body temperature decreased,0.046413502109704644,0.7536005212441017,0.20445007302468432
0,structure rf + pharma rf,Body temperature increased,0.5414908579465542,0.7242864849545109,0.7481327026832708
0,structure rf + pharma rf,Bone disorder,0.08931082981715893,0.6741022343048456,0.18030318783860405
0,structure rf + pharma rf,Bone pain,0.1090014064697609,0.7735954855875598,0.3407599661634544
0,structure rf + pharma rf,Bradycardia,0.2559774964838256,0.7493230781261363,0.5492336724432467
0,structure rf + pharma rf,Breast cancer,0.035864978902953586,0.8246544824965518,0.31267187088868986
0,structure rf + pharma rf,Breast disorder,0.180028129395218,0.7443681582999615,0.4112274097289272
0,structure rf + pharma rf,Breast enlargement,0.06258790436005626,0.8840841370912601,0.4608368036072493
0,structure rf + pharma rf,Breast pain,0.09142053445850915,0.7406345632535797,0.371300826470193
0,structure rf + pharma rf,Bronchitis,0.21167369901547117,0.7187819948867237,0.43698820289885915
0,structure rf + pharma rf,Bronchospasm,0.20182841068917018,0.691324771278525,0.40941881747339276
0,structure rf + pharma rf,Bundle branch block,0.04571026722925457,0.6924123267297697,0.22298736649644169
0,structure rf + pharma rf,Burning sensation,0.07172995780590717,0.668353510964337,0.1690492768896609
0,structure rf + pharma rf,Bursitis,0.04360056258790436,0.8064240578952869,0.27116739309212934
0,structure rf + pharma rf,Candida infection,0.11954992967651196,0.7686768591522803,0.40918421720078635
0,structure rf + pharma rf,Cardiac arrest,0.16736990154711673,0.7081650368221107,0.377582673730121
0,structure rf + pharma rf,Cardiac disorder,0.29254571026722925,0.7139933466892392,0.501305280902224
0,structure rf + pharma rf,Cardiac failure,0.15330520393811534,0.7417931574229598,0.3702795109687131
0,structure rf + pharma rf,Cardiac failure congestive,0.1441631504922644,0.7243110340954045,0.40018001041280404
0,structure rf + pharma rf,Cardiomyopathy,0.04360056258790436,0.7243635811317662,0.16079875834853202
0,structure rf + pharma rf,Cardiovascular disorder,0.0850914205344585,0.6270051267223928,0.15862453722526296
0,structure rf + pharma rf,Cataract,0.10126582278481013,0.7711555603423831,0.29961166517692045
0,structure rf + pharma rf,Cellulitis,0.09282700421940929,0.6854605418783029,0.22102472065787815
0,structure rf + pharma rf,Cerebral haemorrhage,0.04922644163150492,0.7454199084262169,0.16707847398686776
0,structure rf + pharma rf,Cerebral ischaemia,0.04219409282700422,0.7059558006631875,0.18387754415796034
0,structure rf + pharma rf,Cerebrovascular accident,0.15822784810126583,0.7469785183366733,0.46023619240813207
0,structure rf + pharma rf,Cerebrovascular disorder,0.035161744022503515,0.7231130422831088,0.15712779503465485
0,structure rf + pharma rf,Chest discomfort,0.09634317862165963,0.5880814613801302,0.15041195094979698
0,structure rf + pharma rf,Chest pain,0.38748241912798875,0.6915126348823863,0.5740613403147105
0,structure rf + pharma rf,Chills,0.3108298171589311,0.6946403503397222,0.5191080689952764
0,structure rf + pharma rf,Cholecystitis,0.052742616033755275,0.7207758425060291,0.1824571058230508
0,structure rf + pharma rf,Cholelithiasis,0.06118143459915612,0.7428763322901026,0.2247099524042556
0,structure rf + pharma rf,Cholestasis,0.07243319268635724,0.7681149057317604,0.3597799623792716
0,structure rf + pharma rf,Coagulopathy,0.07524613220815753,0.5877445094398434,0.15294687904452983
0,structure rf + pharma rf,Cognitive disorder,0.04219409282700422,0.7192555538555268,0.20804474380331217
0,structure rf + pharma rf,Cold sweat,0.03867791842475387,0.7592029636493406,0.1659938673984065
0,structure rf + pharma rf,Colitis,0.10478199718706048,0.7880400081996857,0.3932987318488076
0,structure rf + pharma rf,Coma,0.1209563994374121,0.7270835890264058,0.2942935032824208
0,structure rf + pharma rf,Completed suicide,0.04781997187060478,0.8425145611841758,0.33995656396304125
0,structure rf + pharma rf,Confusional state,0.38255977496483823,0.7193462041849094,0.6439654440431313
0,structure rf + pharma rf,Conjunctival hyperaemia,0.0379746835443038,0.7127927526945577,0.31199585312673433
0,structure rf + pharma rf,Conjunctivitis,0.23136427566807313,0.6915863977037631,0.44683905291600956
0,structure rf + pharma rf,Connective tissue disorder,0.2848101265822785,0.6652208460948124,0.4625899978944784
0,structure rf + pharma rf,Constipation,0.4929676511954993,0.7596507895471805,0.7647653865858448
0,structure rf + pharma rf,Contusion,0.09774964838255977,0.6636276325731597,0.1981355329951388
0,structure rf + pharma rf,Convulsion,0.36357243319268634,0.7355525569870163,0.6499350728839962
0,structure rf + pharma rf,Coordination abnormal,0.09915611814345991,0.81036802018722,0.50071125167412
0,structure rf + pharma rf,Cough,0.4008438818565401,0.7107013252959157,0.6234987610003128
0,structure rf + pharma rf,Cyanosis,0.06962025316455696,0.670739608321254,0.17428696293222218
0,structure rf + pharma rf,Cyst,0.06540084388185655,0.7398409447320237,0.23090628957609996
0,structure rf + pharma rf,Cystitis,0.10759493670886076,0.7375067602301986,0.3180377227670632
0,structure rf + pharma rf,Cystitis noninfective,0.10618846694796062,0.7390609510618448,0.3160357890629172
0,structure rf + pharma rf,Deafness,0.1371308016877637,0.7327008463827285,0.34137593562568896
0,structure rf + pharma rf,Decreased appetite,0.4838255977496484,0.7343217073863747,0.7236629921616681
0,structure rf + pharma rf,Deep vein thrombosis,0.06680731364275667,0.7790315060824515,0.33677485646274735
0,structure rf + pharma rf,Dehydration,0.17158931082981715,0.7032962574041143,0.38630173029973286
0,structure rf + pharma rf,Delirium,0.07876230661040788,0.8016957874249091,0.3382817626801867
0,structure rf + pharma rf,Delusion,0.06821378340365682,0.8846368613530503,0.5863615704400391
0,structure rf + pharma rf,Dementia,0.03727144866385373,0.7581119844563037,0.3005752680329392
0,structure rf + pharma rf,Depersonalisation,0.06188466947960619,0.7817836032258301,0.338647151070807
0,structure rf + pharma rf,Depressed level of consciousness,0.10126582278481013,0.7695985589881589,0.40025254302000757
0,structure rf + pharma rf,Depressed mood,0.035864978902953586,0.6618371027009146,0.10645969725147345
0,structure rf + pharma rf,Depression,0.22644163150492264,0.7139294527474976,0.4632989476650584
0,structure rf + pharma rf,Dermatitis,0.7658227848101266,0.725062076811588,0.8828764449460509
0,structure rf + pharma rf,Dermatitis atopic,0.07454289732770746,0.6134699308059803,0.1546181212584879
0,structure rf + pharma rf,Dermatitis bullous,0.14767932489451477,0.6848510955162606,0.31686844974996087
0,structure rf + pharma rf,Dermatitis contact,0.11181434599156118,0.7499953801572157,0.3132824276575259
0,structure rf + pharma rf,Dermatitis exfoliative,0.14556962025316456,0.7370795790178241,0.35123445297789757
0,structure rf + pharma rf,Diabetes mellitus,0.1441631504922644,0.7621054515033149,0.4007167043410574
0,structure rf + pharma rf,Diarrhoea,0.6849507735583685,0.747672322023823,0.8611087727590524
0,structure rf + pharma rf,Diplopia,0.1518987341772152,0.7668849715369938,0.47179764521926487
0,structure rf + pharma rf,Discomfort,0.3924050632911392,0.6820456150001322,0.5694463695275931
0,structure rf + pharma rf,Disorientation,0.12376933895921238,0.7529147226461366,0.39090225054081734
0,structure rf + pharma rf,Disturbance in attention,0.09071729957805907,0.7499214159984922,0.31058989926778463
0,structure rf + pharma rf,Disturbance in sexual arousal,0.16455696202531644,0.8050813782276695,0.5260086052749419
0,structure rf + pharma rf,Dizziness,0.7250351617440225,0.7597579966226572,0.8899766616180743
0,structure rf + pharma rf,Drug eruption,0.05414908579465542,0.7287522635637415,0.2198491493748072
0,structure rf + pharma rf,Drug interaction,0.09353023909985936,0.7059567589155817,0.21620422673016387
0,structure rf + pharma rf,Drug withdrawal syndrome,0.04008438818565401,0.9351072725870336,0.43837551833089233
0,structure rf + pharma rf,Dry eye,0.11462728551336146,0.787359004232289,0.4268831957989179
0,structure rf + pharma rf,Dry mouth,0.38959212376933894,0.7744055637379009,0.7149245637451017
0,structure rf + pharma rf,Dry skin,0.18635724331926865,0.683821566752374,0.3637750199889823
0,structure rf + pharma rf,Duodenal ulcer,0.03938115330520394,0.7616268089457793,0.20945475718866371
0,structure rf + pharma rf,Dysarthria,0.09212376933895922,0.8161191038270047,0.4423667520590393
0,structure rf + pharma rf,Dysgeusia,0.32208157524613223,0.6556584608811616,0.49867913789455487
0,structure rf + pharma rf,Dyskinesia,0.09142053445850915,0.8895210991836515,0.6106658996565504
0,structure rf + pharma rf,Dysmenorrhoea,0.09845288326300984,0.7507936885595179,0.3439491976731063
0,structure rf + pharma rf,Dyspepsia,0.4908579465541491,0.7154961633464959,0.6984637407942811
0,structure rf + pharma rf,Dysphagia,0.18565400843881857,0.7363183766051964,0.44879702757774115
0,structure rf + pharma rf,Dysphonia,0.08649789029535865,0.7038765111600824,0.2364079226634393
0,structure rf + pharma rf,Dyspnoea,0.4908579465541491,0.7186847674780874,0.7133321019887388
0,structure rf + pharma rf,Dysuria,0.21026722925457103,0.6923414563633445,0.43500151523217034
0,structure rf + pharma rf,Ear disorder,0.047116736990154715,0.5715612791644893,0.09747611066654108
0,structure rf + pharma rf,Ear infection,0.03727144866385373,0.6531048361940757,0.13916552790631137
0,structure rf + pharma rf,Ear pain,0.12658227848101267,0.6862351522889356,0.32059613258064973
0,structure rf + pharma rf,Ecchymosis,0.1279887482419128,0.7286141494795441,0.3407339339835513
0,structure rf + pharma rf,Eczema,0.13924050632911392,0.7043830126640305,0.29491133478559795
0,structure rf + pharma rf,Electrocardiogram QT prolonged,0.05977496483825598,0.7387996883765983,0.23009152615856138
0,structure rf + pharma rf,Electrocardiogram abnormal,0.05977496483825598,0.6236338419880416,0.1356631566037709
0,structure rf + pharma rf,Electrolyte imbalance,0.03656821378340366,0.7344694516648878,0.23028264833096967
0,structure rf + pharma rf,Embolism,0.06751054852320675,0.7789615875115989,0.36975863175542373
0,structure rf + pharma rf,Embolism venous,0.051336146272855133,0.8421553291838322,0.4284486930326511
0,structure rf + pharma rf,Encephalopathy,0.056962025316455694,0.6562582532315954,0.19765725946980497
0,structure rf + pharma rf,Endocrine disorder,0.09071729957805907,0.7158424821199445,0.24813556514827267
0,structure rf + pharma rf,Endophthalmitis,0.04149085794655415,0.7037189541609894,0.20338287723042434
0,structure rf + pharma rf,Eosinophilia,0.2039381153305204,0.791767091257442,0.545623048502548
0,structure rf + pharma rf,Epigastric discomfort,0.04289732770745429,0.6991447769949503,0.2595552861260878
0,structure rf + pharma rf,Epilepsy,0.03727144866385373,0.6920333666333666,0.21769313307210236
0,structure rf + pharma rf,Epistaxis,0.2468354430379747,0.7589337980249331,0.5348098097589211
0,structure rf + pharma rf,Erectile dysfunction,0.2109704641350211,0.8216311018292707,0.6286617996125505
0,structure rf + pharma rf,Eructation,0.1090014064697609,0.6912578428924997,0.28784383459450513
0,structure rf + pharma rf,Erythema,0.339662447257384,0.6464670219489188,0.5010853935203572
0,structure rf + pharma rf,Erythema multiforme,0.27355836849507736,0.7966755002407335,0.6413051523757349
0,structure rf + pharma rf,Erythema nodosum,0.03867791842475387,0.8120712117327512,0.3585745094624709
0,structure rf + pharma rf,Euphoric mood,0.11954992967651196,0.841781089266588,0.4767739375315584
0,structure rf + pharma rf,Extrapyramidal disorder,0.07172995780590717,0.9189414736044771,0.6782622863166741
0,structure rf + pharma rf,Extrasystoles,0.07735583684950774,0.7447788075965583,0.2615815849178552
0,structure rf + pharma rf,Extravasation,0.07524613220815753,0.7601536623172646,0.27615042095148423
0,structure rf + pharma rf,Eye disorder,0.28621659634317864,0.6809933937681985,0.450534241501731
0,structure rf + pharma rf,Eye haemorrhage,0.04289732770745429,0.7699471922986276,0.23427887515244708
0,structure rf + pharma rf,Eye irritation,0.090014064697609,0.6311303250624078,0.2909071979676359
0,structure rf + pharma rf,Eye pain,0.14064697609001406,0.7212574345469968,0.4127537885014057
0,structure rf + pharma rf,Eye pruritus,0.0379746835443038,0.6404924832923008,0.24222626157274849
0,structure rf + pharma rf,Eyelid oedema,0.04289732770745429,0.7406234540074808,0.27510517778041227
0,structure rf + pharma rf,Face oedema,0.17088607594936708,0.6854360298684364,0.36976949416998084
0,structure rf + pharma rf,Faecal incontinence,0.04781997187060478,0.7139439155896972,0.20863939743556797
0,structure rf + pharma rf,Fatigue,0.510548523206751,0.7288453042740739,0.7395458061037163
0,structure rf + pharma rf,Febrile neutropenia,0.05977496483825598,0.9118423188067037,0.5699335072601235
0,structure rf + pharma rf,Feeling abnormal,0.5133614627285513,0.7044650262634701,0.7172225160147269
0,structure rf + pharma rf,Feeling hot,0.08227848101265822,0.6101860262050302,0.2568629613652397
0,structure rf + pharma rf,Flank pain,0.035161744022503515,0.6099554066858639,0.08625099767017756
0,structure rf + pharma rf,Flat affect,0.06258790436005626,0.7770711813606349,0.30496245784461246
0,structure rf + pharma rf,Flatulence,0.3143459915611814,0.7308262890154682,0.5882980087022703
0,structure rf + pharma rf,Fluid overload,0.0379746835443038,0.7678043153283873,0.21474014717842432
0,structure rf + pharma rf,Fluid retention,0.1160337552742616,0.6989418132054739,0.3225182843182702
0,structure rf + pharma rf,Flushing,0.30028129395218,0.6466717092836048,0.4363220386212842
0,structure rf + pharma rf,Foetor hepaticus,0.05063291139240506,0.6344593440269435,0.16971196623636328
0,structure rf + pharma rf,Folliculitis,0.0639943741209564,0.8085289146865338,0.3005675879532764
0,structure rf + pharma rf,Fracture,0.05485232067510549,0.7960633999675031,0.2880424139414369
0,structure rf + pharma rf,Fungal infection,0.07946554149085795,0.696466588954587,0.20647330006529377
0,structure rf + pharma rf,Fungal skin infection,0.03656821378340366,0.7315833178504609,0.12934967156956256
0,structure rf + pharma rf,Furuncle,0.04289732770745429,0.665060141350807,0.1359324679385928
0,structure rf + pharma rf,Gait disturbance,0.10056258790436005,0.8178449715639949,0.4734213729276019
0,structure rf + pharma rf,Galactorrhoea,0.05977496483825598,0.8794542990766958,0.5722265127189773
0,structure rf + pharma rf,Gamma-glutamyltransferase increased,0.0829817158931083,0.5899724067652631,0.17679821946993307
0,structure rf + pharma rf,Gastric ulcer,0.05063291139240506,0.7100583535074102,0.18025687859567144
0,structure rf + pharma rf,Gastritis,0.18424753867791843,0.7095666202774207,0.42876474852064383
0,structure rf + pharma rf,Gastroenteritis,0.13853727144866385,0.7543491680256921,0.3375577960713342
0,structure rf + pharma rf,Gastrointestinal disorder,0.5210970464135021,0.7025272363145202,0.7128560741490322
0,structure rf + pharma rf,Gastrointestinal haemorrhage,0.15330520393811534,0.7403292042969726,0.4423770756644293
0,structure rf + pharma rf,Gastrointestinal pain,0.5478199718706048,0.7111202275582164,0.7527378714398755
0,structure rf + pharma rf,Gastrooesophageal reflux disease,0.09915611814345991,0.774879966787356,0.29998148507244726
0,structure rf + pharma rf,Generalised oedema,0.053445850914205346,0.5816247185742007,0.11250857410775288
0,structure rf + pharma rf,Gingival bleeding,0.05414908579465542,0.7148002910461563,0.18114814565287682
0,structure rf + pharma rf,Gingivitis,0.07383966244725738,0.7670206108020683,0.2536893771792513
0,structure rf + pharma rf,Glaucoma,0.07805907172995781,0.8111460315784225,0.3902416460102437
0,structure rf + pharma rf,Glossitis,0.09774964838255977,0.7162987670763137,0.31370509651610207
0,structure rf + pharma rf,Glycosuria,0.08579465541490858,0.7832266615924582,0.35087715885530935
0,structure rf + pharma rf,Gout,0.09774964838255977,0.7402925826575821,0.29102067005182225
0,structure rf + pharma rf,Grand mal convulsion,0.0379746835443038,0.7420233050147601,0.2372861550594343
0,structure rf + pharma rf,Gynaecomastia,0.12517580872011252,0.7946459919070955,0.48052497236969083
0,structure rf + pharma rf,Haematemesis,0.07032348804500703,0.8093522217213588,0.3098695200204896
0,structure rf + pharma rf,Haematochezia,0.035864978902953586,0.6931316501388703,0.09727922938857395
0,structure rf + pharma rf,Haematocrit decreased,0.0379746835443038,0.6026713115375631,0.1414497279900063
0,structure rf + pharma rf,Haematoma,0.07172995780590717,0.6998357888350233,0.23083279658852898
0,structure rf + pharma rf,Haematuria,0.2369901547116737,0.7253160439245387,0.4833612682192355
0,structure rf + pharma rf,Haemoglobin,0.2679324894514768,0.7207984774876899,0.5472421255021764
0,structure rf + pharma rf,Haemoglobin decreased,0.07383966244725738,0.6985086081549311,0.1876422153246215
0,structure rf + pharma rf,Haemolytic anaemia,0.14064697609001406,0.7880654765886665,0.4779398884004472
0,structure rf + pharma rf,Haemoptysis,0.08157524613220815,0.6941058588611405,0.23953907214047393
0,structure rf + pharma rf,Haemorrhage,0.26933895921237694,0.7219035010441146,0.5485436956611043
0,structure rf + pharma rf,Haemorrhage intracranial,0.04008438818565401,0.7669013370580567,0.31060230299103553
0,structure rf + pharma rf,Haemorrhoids,0.05907172995780591,0.6316089635539932,0.15066992735190438
0,structure rf + pharma rf,Hallucination,0.24261603375527427,0.7829357941144962,0.592780809704886
0,structure rf + pharma rf,Headache,0.7805907172995781,0.7304701373564925,0.8913075399372528
0,structure rf + pharma rf,Hearing impaired,0.10056258790436005,0.7123206949910503,0.2837940910958638
0,structure rf + pharma rf,Hepatic enzyme increased,0.09634317862165963,0.6627730890411356,0.17576936224212836
0,structure rf + pharma rf,Hepatic failure,0.1441631504922644,0.7882912413899086,0.3974638873826494
0,structure rf + pharma rf,Hepatic function abnormal,0.12939521800281295,0.6882305896203533,0.3159327749414649
0,structure rf + pharma rf,Hepatic necrosis,0.052742616033755275,0.776784878680229,0.26109741821124277
0,structure rf + pharma rf,Hepatitis,0.2552742616033755,0.7787067657132878,0.5418580461127372
0,structure rf + pharma rf,Hepatobiliary disease,0.24120956399437413,0.7230597160322677,0.48962556285063463
0,structure rf + pharma rf,Hepatocellular injury,0.10478199718706048,0.6594226586717418,0.24891418825558526
0,structure rf + pharma rf,Hepatomegaly,0.06891701828410689,0.776046718826347,0.24997557472416765
0,structure rf + pharma rf,Hepatotoxicity,0.07946554149085795,0.7505439465437003,0.3197341615643044
0,structure rf + pharma rf,Hernia,0.03727144866385373,0.7439567223376612,0.18736341571896792
0,structure rf + pharma rf,Herpes simplex,0.09353023909985936,0.7130501538623787,0.23691986826495298
0,structure rf + pharma rf,Herpes zoster,0.08157524613220815,0.707875967856556,0.2239438582247458
0,structure rf + pharma rf,Hiccups,0.10267229254571027,0.730831759843605,0.3314428008178611
0,structure rf + pharma rf,Hirsutism,0.06118143459915612,0.8738236797829059,0.5116399205202609
0,structure rf + pharma rf,Hostility,0.047116736990154715,0.8349540675617417,0.4015202757453906
0,structure rf + pharma rf,Hot flush,0.15611814345991562,0.7301718139338489,0.40782288469916717
0,structure rf + pharma rf,Hyperaesthesia,0.07524613220815753,0.7384481171652568,0.3102943866207336
0,structure rf + pharma rf,Hyperbilirubinaemia,0.0970464135021097,0.7528320484722242,0.30745340913988894
0,structure rf + pharma rf,Hypercalcaemia,0.0710267229254571,0.773772411050936,0.3058963792989977
0,structure rf + pharma rf,Hypercholesterolaemia,0.09915611814345991,0.776810464082465,0.3394523303235239
0,structure rf + pharma rf,Hyperglycaemia,0.23417721518987342,0.7518831280574197,0.4878556068768172
0,structure rf + pharma rf,Hyperhidrosis,0.42334739803094235,0.7059394520019803,0.6462950356934944
0,structure rf + pharma rf,Hyperkalaemia,0.11040787623066103,0.7138135270305389,0.3464421770341768
0,structure rf + pharma rf,Hyperkinesia,0.11954992967651196,0.7947861999418284,0.42941398759600186
0,structure rf + pharma rf,Hyperlipidaemia,0.0639943741209564,0.7103645489774579,0.1908069291777525
0,structure rf + pharma rf,Hypernatraemia,0.052742616033755275,0.734905350449447,0.33472146903126243
0,structure rf + pharma rf,Hyperreflexia,0.040787623066104076,0.8060890502298097,0.2886917172689396
0,structure rf + pharma rf,Hypersensitivity,0.6315049226441631,0.6557364146456475,0.7581441096302426
0,structure rf + pharma rf,Hypertension,0.39732770745428975,0.6677655438399512,0.597566784761234
0,structure rf + pharma rf,Hyperthyroidism,0.035864978902953586,0.7164191014971493,0.13858552151692194
0,structure rf + pharma rf,Hypertonia,0.12376933895921238,0.7013222259877784,0.33218837670363643
0,structure rf + pharma rf,Hypertrichosis,0.03656821378340366,0.8022693116425141,0.3467574403459591
0,structure rf + pharma rf,Hypertriglyceridaemia,0.05625879043600562,0.751385428886928,0.2717459277366672
0,structure rf + pharma rf,Hyperuricaemia,0.09774964838255977,0.7791864272114016,0.41307834508691943
0,structure rf + pharma rf,Hyperventilation,0.06469760900140648,0.7124979048343567,0.23504323118017262
0,structure rf + pharma rf,Hypoaesthesia,0.2559774964838256,0.6713676241499569,0.4603680742261946
0,structure rf + pharma rf,Hypocalcaemia,0.0949367088607595,0.7277472299559193,0.3880389418518314
0,structure rf + pharma rf,Hypoglycaemia,0.1568213783403657,0.7524696262439878,0.4547378102634861
0,structure rf + pharma rf,Hypokalaemia,0.18143459915611815,0.6829119203577285,0.3712876559793007
0,structure rf + pharma rf,Hypokinesia,0.05907172995780591,0.8033083441015263,0.3513068440209143
0,structure rf + pharma rf,Hypomagnesaemia,0.06047819971870605,0.7583519352101196,0.2607531300279076
0,structure rf + pharma rf,Hyponatraemia,0.1540084388185654,0.7745489876592659,0.44468595754684304
0,structure rf + pharma rf,Hypophosphataemia,0.056962025316455694,0.8067951723724025,0.32585851840874197
0,structure rf + pharma rf,Hyporeflexia,0.0379746835443038,0.7766923446278875,0.23244440718343898
0,structure rf + pharma rf,Hypotension,0.4676511954992968,0.7012491408017525,0.694956927030945
0,structure rf + pharma rf,Hypothermia,0.046413502109704644,0.7536005212441017,0.20445007302468432
0,structure rf + pharma rf,Hypothyroidism,0.06329113924050633,0.7671771502568607,0.292053022677797
0,structure rf + pharma rf,Hypotonia,0.04571026722925457,0.8140869626641736,0.2772458872817549
0,structure rf + pharma rf,Hypoxia,0.06047819971870605,0.7082460691196426,0.14543244681867548
0,structure rf + pharma rf,Ileus,0.07032348804500703,0.7095707544079836,0.22108364084092508
0,structure rf + pharma rf,Ileus paralytic,0.035161744022503515,0.8846819982495905,0.45395062950908766
0,structure rf + pharma rf,Ill-defined disorder,0.34247538677918427,0.6845300684289459,0.5292326439902857
0,structure rf + pharma rf,Immune system disorder,0.3150492264416315,0.6584326749843419,0.46850515996308983
0,structure rf + pharma rf,Impaired healing,0.04430379746835443,0.7627607476662064,0.3272231139121085
0,structure rf + pharma rf,Inappropriate antidiuretic hormone secretion,0.04922644163150492,0.8728597119729355,0.49243100845073196
0,structure rf + pharma rf,Increased appetite,0.1568213783403657,0.7539755845147298,0.46500896166550587
0,structure rf + pharma rf,Induration,0.04149085794655415,0.6855151260617103,0.12565973664305566
0,structure rf + pharma rf,Infection,0.4212376933895921,0.7165400338411937,0.6703632069504607
0,structure rf + pharma rf,Infestation,0.24753867791842477,0.6927579446908952,0.4719038738574882
0,structure rf + pharma rf,Inflammation,0.10829817158931083,0.6929266966864671,0.2992739793046616
0,structure rf + pharma rf,Influenza,0.1990154711673699,0.7136845137685428,0.3628887614676116
0,structure rf + pharma rf,Influenza like illness,0.1160337552742616,0.6305205312216412,0.19784966196349632
0,structure rf + pharma rf,Injection site pain,0.10267229254571027,0.6472991171342054,0.21524802524855602
0,structure rf + pharma rf,Injection site reaction,0.13853727144866385,0.700794194727872,0.4006127269343578
0,structure rf + pharma rf,Injury,0.14556962025316456,0.6902808189882519,0.3227981598714592
0,structure rf + pharma rf,Insomnia,0.4739803094233474,0.7456200422554746,0.7175348356613691
0,structure rf + pharma rf,Interstitial lung disease,0.06891701828410689,0.8042097513458615,0.3973123042423261
0,structure rf + pharma rf,Intestinal obstruction,0.06469760900140648,0.7122933078996615,0.22955525396861579
0,structure rf + pharma rf,Intracranial pressure increased,0.03938115330520394,0.7454031479170758,0.3224079891101444
0,structure rf + pharma rf,Intraocular pressure increased,0.04430379746835443,0.8669653778064632,0.4167380441276631
0,structure rf + pharma rf,Irritability,0.1617440225035162,0.711437868238604,0.3877773991806705
0,structure rf + pharma rf,Jaundice,0.23136427566807313,0.7821313956030257,0.5231229669573465
0,structure rf + pharma rf,Jaundice cholestatic,0.0949367088607595,0.7874052551893345,0.35645813610437344
0,structure rf + pharma rf,Joint swelling,0.0450070323488045,0.6801453160866252,0.11414534764608897
0,structure rf + pharma rf,Keratitis,0.06047819971870605,0.7661751892982714,0.2943691626890356
0,structure rf + pharma rf,Lacrimal disorder,0.0379746835443038,0.6967610001717108,0.13521161836093154
0,structure rf + pharma rf,Lacrimation increased,0.1019690576652602,0.6641739858038271,0.30989532370357614
0,structure rf + pharma rf,Laryngeal oedema,0.0639943741209564,0.7212775454007019,0.27544786059136217
0,structure rf + pharma rf,Laryngeal pain,0.07313642756680731,0.629363318042049,0.12441741617464215
0,structure rf + pharma rf,Laryngitis,0.06821378340365682,0.7450203535253026,0.24691115661214874
0,structure rf + pharma rf,Laryngospasm,0.07243319268635724,0.7729912610274112,0.36142007302631207
0,structure rf + pharma rf,Lethargy,0.15611814345991562,0.7486854195842804,0.3856722980166384
0,structure rf + pharma rf,Leukocytoclastic vasculitis,0.03938115330520394,0.7235618838038003,0.12039661207024695
0,structure rf + pharma rf,Leukocytosis,0.10548523206751055,0.6973008249739407,0.28651374582847416
0,structure rf + pharma rf,Leukoderma,0.04430379746835443,0.8045727616784515,0.37087542381982286
0,structure rf + pharma rf,Leukopenia,0.35864978902953587,0.7873769764578304,0.6775129999105369
0,structure rf + pharma rf,Libido decreased,0.14767932489451477,0.799050838820692,0.4904483976545264
0,structure rf + pharma rf,Libido increased,0.057665260196905765,0.8763040654607279,0.46980653561875085
0,structure rf + pharma rf,Liver disorder,0.06610407876230662,0.6620231319676887,0.16051139860802585
0,structure rf + pharma rf,Liver function test abnormal,0.17440225035161744,0.6869393479040813,0.3131275529410746
0,structure rf + pharma rf,Liver injury,0.08649789029535865,0.7048439099154152,0.18991158407460546
0,structure rf + pharma rf,Local reaction,0.053445850914205346,0.6933092037281104,0.2056398821069924
0,structure rf + pharma rf,Loss of consciousness,0.37060478199718705,0.7136117163459647,0.6249222566174298
0,structure rf + pharma rf,Loss of libido,0.03867791842475387,0.6675601298515424,0.1784265679218297
0,structure rf + pharma rf,Lung disorder,0.05414908579465542,0.6084189710604463,0.11506833618714389
0,structure rf + pharma rf,Lung infiltration,0.04289732770745429,0.6209265727835686,0.09762839673390562
0,structure rf + pharma rf,Lymphadenopathy,0.13291139240506328,0.679640185849983,0.32830936813090983
0,structure rf + pharma rf,Lymphopenia,0.05063291139240506,0.7804651462306551,0.37470502923377613
0,structure rf + pharma rf,Malaise,0.35372714486638535,0.680205538532695,0.5329327866613692
0,structure rf + pharma rf,Malnutrition,0.33122362869198313,0.6970787250871722,0.5525029751219626
0,structure rf + pharma rf,Mania,0.06751054852320675,0.8547561193745004,0.4562072573441524
0,structure rf + pharma rf,Mediastinal disorder,0.31856540084388185,0.694990752615589,0.5411462201880707
0,structure rf + pharma rf,Melaena,0.10970464135021098,0.7025705474795678,0.29971743066561685
0,structure rf + pharma rf,Memory impairment,0.07735583684950774,0.7344644173273434,0.25558691801662387
0,structure rf + pharma rf,Meningitis,0.03867791842475387,0.7468600649003712,0.23046341651185792
0,structure rf + pharma rf,Menopausal symptoms,0.1589310829817159,0.728196704482746,0.4070412514683824
0,structure rf + pharma rf,Menorrhagia,0.07524613220815753,0.7313943200921221,0.2540419334317826
0,structure rf + pharma rf,Menstrual disorder,0.06469760900140648,0.7737121261396585,0.29501331816110316
0,structure rf + pharma rf,Menstruation irregular,0.05555555555555555,0.8836724321079235,0.4386281846091221
0,structure rf + pharma rf,Mental disability,0.12306610407876231,0.7485727770477394,0.3802629468154751
0,structure rf + pharma rf,Mental disorder,0.3227848101265823,0.7014894168707111,0.51832002967543
0,structure rf + pharma rf,Metrorrhagia,0.07172995780590717,0.7253988920009596,0.28136610415339736
0,structure rf + pharma rf,Micturition urgency,0.05414908579465542,0.7362757173052363,0.2501856836353074
0,structure rf + pharma rf,Migraine,0.16455696202531644,0.7449316347937904,0.411881783510306
0,structure rf + pharma rf,Mood swings,0.17088607594936708,0.7567437833704688,0.4644717523310681
0,structure rf + pharma rf,Mouth ulceration,0.1209563994374121,0.7601151413194452,0.32707626393370914
0,structure rf + pharma rf,Mucosal inflammation,0.05625879043600562,0.8659357081389484,0.5010945009262399
0,structure rf + pharma rf,Multiple fractures,0.05485232067510549,0.7960633999675031,0.2880424139414369
0,structure rf + pharma rf,Muscle contractions involuntary,0.03867791842475387,0.7745479834894871,0.21178928681442066
0,structure rf + pharma rf,Muscle relaxant therapy,0.04289732770745429,0.8221908636333373,0.28405014686896435
0,structure rf + pharma rf,Muscle rigidity,0.04360056258790436,0.9015364874842584,0.44970571642757734
0,structure rf + pharma rf,Muscle spasms,0.340365682137834,0.7140419109716261,0.5901802834137415
0,structure rf + pharma rf,Muscle twitching,0.10267229254571027,0.7527214896748535,0.36299500050974676
0,structure rf + pharma rf,Muscular weakness,0.19760900140646975,0.727557623340482,0.41489369110188
0,structure rf + pharma rf,Musculoskeletal discomfort,0.4859353023909986,0.7081857879654658,0.7069800836116622
0,structure rf + pharma rf,Musculoskeletal pain,0.11673699015471167,0.6981241631704656,0.2948494207298036
0,structure rf + pharma rf,Musculoskeletal stiffness,0.09774964838255977,0.7134490184490578,0.36476396641721925
0,structure rf + pharma rf,Myalgia,0.39943741209563993,0.71226037023022,0.6457773399124456
0,structure rf + pharma rf,Mydriasis,0.07665260196905767,0.8729333048197377,0.4980279258751173
0,structure rf + pharma rf,Myocardial infarction,0.2348804500703235,0.7463992085908613,0.5328203964419093
0,structure rf + pharma rf,Myocardial ischaemia,0.08227848101265822,0.7788137682301444,0.27656905321197056
0,structure rf + pharma rf,Myoclonus,0.05485232067510549,0.8232044768564482,0.3808076377331437
0,structure rf + pharma rf,Myopathy,0.07665260196905767,0.7488084801960282,0.35644226059292194
0,structure rf + pharma rf,Myositis,0.0450070323488045,0.7289534126100119,0.2631461729334533
0,structure rf + pharma rf,Nail disorder,0.06047819971870605,0.7373758519049044,0.2573307937149215
0,structure rf + pharma rf,Nasal congestion,0.1441631504922644,0.6343756064667473,0.3155165836583401
0,structure rf + pharma rf,Nasopharyngitis,0.20042194092827004,0.6593432111731454,0.3372873540008658
0,structure rf + pharma rf,Nausea,0.8438818565400844,0.7991761469552737,0.9473993862501654
0,structure rf + pharma rf,Neck pain,0.10548523206751055,0.650151359815529,0.2548979315916996
0,structure rf + pharma rf,Necrosis,0.06962025316455696,0.6030789259068554,0.14896330453989354
0,structure rf + pharma rf,Neoplasm,0.12447257383966245,0.793809897659135,0.40917090818653434
0,structure rf + pharma rf,Neoplasm malignant,0.09423347398030943,0.7811839936091942,0.3536439241694918
0,structure rf + pharma rf,Nephrolithiasis,0.0808720112517581,0.7837106390442816,0.28177208426405037
0,structure rf + pharma rf,Nephropathy,0.04289732770745429,0.6847792347923163,0.20471312731882305
0,structure rf + pharma rf,Nephropathy toxic,0.053445850914205346,0.8632386386728219,0.4600679921515688
0,structure rf + pharma rf,Nephrotic syndrome,0.04430379746835443,0.7624372465701444,0.2560910960462886
0,structure rf + pharma rf,Nervous system disorder,0.4409282700421941,0.7115671703814017,0.6503508026411051
0,structure rf + pharma rf,Nervousness,0.3059071729957806,0.759394675909877,0.5900400796194484
0,structure rf + pharma rf,Neuralgia,0.06821378340365682,0.7221511199891909,0.2526928094251885
0,structure rf + pharma rf,Neuritis,0.07172995780590717,0.7733699460689285,0.2837887507588311
0,structure rf + pharma rf,Neuroleptic malignant syndrome,0.04360056258790436,0.96552128870671,0.6816022983695249
0,structure rf + pharma rf,Neuropathy peripheral,0.2390998593530239,0.7282878931352196,0.462676136883071
0,structure rf + pharma rf,Neutropenia,0.21940928270042195,0.8362786747421784,0.6491648060777908
0,structure rf + pharma rf,Night sweats,0.05555555555555555,0.7253822251877702,0.2283469438324129
0,structure rf + pharma rf,Nightmare,0.10407876230661041,0.8110162139225376,0.4367021325698047
0,structure rf + pharma rf,Nocturia,0.09563994374120956,0.7530677659910702,0.30611001414168065
0,structure rf + pharma rf,Nuchal rigidity,0.04852320675105485,0.6897684675489311,0.23858818829931364
0,structure rf + pharma rf,Nystagmus,0.06821378340365682,0.8174903872400738,0.43752920579542937
0,structure rf + pharma rf,Ocular hyperaemia,0.04008438818565401,0.742924675423495,0.29785851615566933
0,structure rf + pharma rf,Oedema,0.4015471167369902,0.6949989906337694,0.613484502055327
0,structure rf + pharma rf,Oedema peripheral,0.2876230661040788,0.7059285118489319,0.5034805016002096
0,structure rf + pharma rf,Oesophagitis,0.12025316455696203,0.7877313655036055,0.39082536518055455
0,structure rf + pharma rf,Oliguria,0.09212376933895922,0.7036355838496895,0.25786480770177994
0,structure rf + pharma rf,Opportunistic infection,0.0379746835443038,0.9110812770466543,0.4746095818815562
0,structure rf + pharma rf,Optic neuritis,0.06610407876230662,0.7250379654933519,0.3406941938955555
0,structure rf + pharma rf,Oral candidiasis,0.06751054852320675,0.7651879143442532,0.2799675185125478
0,structure rf + pharma rf,Oropharyngeal discomfort,0.07454289732770746,0.5792468554568608,0.17650232767812946
0,structure rf + pharma rf,Oropharyngeal pain,0.10407876230661041,0.6216757009979335,0.21600350405305208
0,structure rf + pharma rf,Orthostatic hypotension,0.17862165963431786,0.834474189293213,0.5905197536697309
0,structure rf + pharma rf,Osteoarthritis,0.15611814345991562,0.7364095223656415,0.38349341632686784
0,structure rf + pharma rf,Osteonecrosis,0.035161744022503515,0.7697573658317127,0.31829753917214854
0,structure rf + pharma rf,Osteoporosis,0.05977496483825598,0.8267814383104948,0.3437481094216747
0,structure rf + pharma rf,Otitis media,0.07243319268635724,0.6939030171749275,0.20324494590802766
0,structure rf + pharma rf,Pain,0.5203938115330521,0.6604371703432137,0.6851471198879322
0,structure rf + pharma rf,Pain in extremity,0.17932489451476794,0.6192681807995557,0.276063925856364
0,structure rf + pharma rf,Pallor,0.09563994374120956,0.6652693983719854,0.2363921136143551
0,structure rf + pharma rf,Palpitations,0.3551336146272855,0.7557401193919481,0.6549222491928153
0,structure rf + pharma rf,Pancreatitis,0.22292545710267228,0.7786672368866903,0.5451697372308345
0,structure rf + pharma rf,Pancreatitis acute,0.04219409282700422,0.5278817077319675,0.06948363223503236
0,structure rf + pharma rf,Pancytopenia,0.2088607594936709,0.8112687925699993,0.573709889984743
0,structure rf + pharma rf,Paraesthesia,0.45639943741209565,0.7132805625874207,0.6982580544916582
0,structure rf + pharma rf,Paraesthesia oral,0.04149085794655415,0.6853570934972705,0.12723187116358173
0,structure rf + pharma rf,Paralysis,0.06680731364275667,0.6863788762324065,0.23992641627271047
0,structure rf + pharma rf,Paranoia,0.06258790436005626,0.8057261691919617,0.4103481074264904
0,structure rf + pharma rf,Parkinsonism,0.03656821378340366,0.8796672632741604,0.6004355278103175
0,structure rf + pharma rf,Parosmia,0.06329113924050633,0.7364315653539998,0.24086061889528038
0,structure rf + pharma rf,Pelvic pain,0.057665260196905765,0.7993550704525,0.2677731150289856
0,structure rf + pharma rf,Peptic ulcer,0.06821378340365682,0.7865797798832208,0.4209081582199456
0,structure rf + pharma rf,Pericardial effusion,0.035161744022503515,0.7677937936008031,0.26374548469512266
0,structure rf + pharma rf,Pericarditis,0.03867791842475387,0.7463813836921938,0.22697662560883575
0,structure rf + pharma rf,Periorbital oedema,0.035161744022503515,0.6395397667103774,0.14030548281074692
0,structure rf + pharma rf,Peripheral coldness,0.03938115330520394,0.7707259663898547,0.33743338294119674
0,structure rf + pharma rf,Peripheral vascular disorder,0.04289732770745429,0.7104595133394352,0.20806661270530732
0,structure rf + pharma rf,Personality disorder,0.03656821378340366,0.7374733388349555,0.20970794118195935
0,structure rf + pharma rf,Petechiae,0.0850914205344585,0.7256715378174643,0.34397063545068385
0,structure rf + pharma rf,Pharyngitis,0.270042194092827,0.7150236990682061,0.50342468620669
0,structure rf + pharma rf,Phlebitis,0.1209563994374121,0.6992544432632969,0.29958347961882953
0,structure rf + pharma rf,Photophobia,0.11251758087201125,0.7429936817319307,0.37788614957442135
0,structure rf + pharma rf,Photosensitivity reaction,0.21308016877637131,0.7914973728021223,0.5476154292430566
0,structure rf + pharma rf,Platelet count decreased,0.057665260196905765,0.6392824243112882,0.18506105459725092
0,structure rf + pharma rf,Pleural effusion,0.08157524613220815,0.7256947122557991,0.2770218129285874
0,structure rf + pharma rf,Pneumonia,0.23628691983122363,0.7401662412047367,0.5011740466218347
0,structure rf + pharma rf,Pneumothorax,0.0450070323488045,0.6553405678724166,0.1385446857161798
0,structure rf + pharma rf,Pollakiuria,0.2109704641350211,0.7426289481742598,0.4977158061119297
0,structure rf + pharma rf,Polyp,0.05907172995780591,0.7482852087827556,0.2369507939997236
0,structure rf + pharma rf,Polyuria,0.13853727144866385,0.7249688395100568,0.35870186985783814
0,structure rf + pharma rf,Pregnancy,0.04992967651195499,0.6227291856606374,0.17036403978763454
0,structure rf + pharma rf,Priapism,0.04571026722925457,0.8643706729755672,0.43389751588072994
0,structure rf + pharma rf,Proctalgia,0.04360056258790436,0.6258270621377123,0.08735405798931747
0,structure rf + pharma rf,Protein urine present,0.09634317862165963,0.7639086510529671,0.31090616125881426
0,structure rf + pharma rf,Proteinuria,0.09423347398030943,0.7707369921564375,0.31422563238039125
0,structure rf + pharma rf,Prothrombin level increased,0.03727144866385373,0.7228130994006212,0.27458940093995166
0,structure rf + pharma rf,Prurigo,0.04219409282700422,0.7360782445220563,0.2172112456068629
0,structure rf + pharma rf,Pruritus,0.6638537271448663,0.6925488720613252,0.8070974402346718
0,structure rf + pharma rf,Pseudomembranous colitis,0.04571026722925457,0.9569232816262817,0.7427103413336457
0,structure rf + pharma rf,Psoriasis,0.056962025316455694,0.7279051312067116,0.24036817765050883
0,structure rf + pharma rf,Psychotic disorder,0.1568213783403657,0.7693540761445552,0.48736471491829503
0,structure rf + pharma rf,Pulmonary embolism,0.1209563994374121,0.7708577327979879,0.40069661306648785
0,structure rf + pharma rf,Pulmonary fibrosis,0.04289732770745429,0.7481727783334058,0.1478298231375274
0,structure rf + pharma rf,Pulmonary function test decreased,0.06540084388185655,0.8209140417334936,0.3901846829755301
0,structure rf + pharma rf,Pulmonary oedema,0.1258790436005626,0.6814364148282139,0.2507983847705398
0,structure rf + pharma rf,Purpura,0.15260196905766527,0.7314797275652648,0.4391546638689087
0,structure rf + pharma rf,Rash,0.760196905766526,0.7403754051505771,0.8940721716387323
0,structure rf + pharma rf,Rash erythematous,0.0759493670886076,0.6219838003587285,0.12214005882400017
0,structure rf + pharma rf,Rash generalised,0.03727144866385373,0.6558297578222383,0.16567321400850724
0,structure rf + pharma rf,Rash macular,0.035864978902953586,0.703748370781906,0.12831010447467792
0,structure rf + pharma rf,Rash maculo-papular,0.1209563994374121,0.6722112441412227,0.2741377177059035
0,structure rf + pharma rf,Rash pustular,0.07524613220815753,0.6924373015502694,0.23193326451994428
0,structure rf + pharma rf,Rectal haemorrhage,0.0970464135021097,0.6953325034849103,0.2601909400646877
0,structure rf + pharma rf,Renal failure,0.23277074542897327,0.7607229997709343,0.5299055906427786
0,structure rf + pharma rf,Renal failure acute,0.14838255977496484,0.7237811080696479,0.39422886787755024
0,structure rf + pharma rf,Renal impairment,0.14838255977496484,0.7209413675399267,0.37076206847987253
0,structure rf + pharma rf,Renal pain,0.047116736990154715,0.7026223591930776,0.20786592168791246
0,structure rf + pharma rf,Respiratory arrest,0.035864978902953586,0.7508426157909597,0.17335459824465443
0,structure rf + pharma rf,Respiratory depression,0.06469760900140648,0.8330252000409402,0.3957191974884752
0,structure rf + pharma rf,Respiratory distress,0.06258790436005626,0.7500354829954323,0.28518533315494043
0,structure rf + pharma rf,Respiratory failure,0.09915611814345991,0.6967176338569697,0.2239075828774343
0,structure rf + pharma rf,Respiratory tract infection,0.05555555555555555,0.730751439192398,0.1796201359298642
0,structure rf + pharma rf,Rhabdomyolysis,0.09563994374120956,0.8095591696472629,0.42129824151261275
0,structure rf + pharma rf,Rhinitis,0.26652601969057665,0.6870702951039304,0.4680298432513352
0,structure rf + pharma rf,Rhinorrhoea,0.0850914205344585,0.688352112525904,0.17118872296956222
0,structure rf + pharma rf,Salivary hypersecretion,0.10618846694796062,0.7701727550614763,0.4069157630132407
0,structure rf + pharma rf,Scotoma,0.07032348804500703,0.7129020298115906,0.27485932603146557
0,structure rf + pharma rf,Seborrhoeic dermatitis,0.06469760900140648,0.6999205013352485,0.25280533556399326
0,structure rf + pharma rf,Sensory loss,0.0850914205344585,0.6471780015975066,0.25503518289819604
0,structure rf + pharma rf,Sepsis,0.13431786216596342,0.7601044142928923,0.41867214558557936
0,structure rf + pharma rf,Serum sickness,0.040787623066104076,0.808123791804582,0.38766116134334105
0,structure rf + pharma rf,Sexual dysfunction,0.051336146272855133,0.7986402257845876,0.34445035412813246
0,structure rf + pharma rf,Shock,0.41561181434599154,0.7067247205180793,0.6539881240944789
0,structure rf + pharma rf,Sinus bradycardia,0.04289732770745429,0.7200802879639024,0.13853037337733104
0,structure rf + pharma rf,Sinus congestion,0.0450070323488045,0.6581592015520201,0.12190734533700334
0,structure rf + pharma rf,Sinusitis,0.25035161744022505,0.7086171768681142,0.4637913860230924
0,structure rf + pharma rf,Skin discolouration,0.09634317862165963,0.6324300481737429,0.20733545030708336
0,structure rf + pharma rf,Skin disorder,0.44585091420534456,0.6768438172117436,0.6280387287934683
0,structure rf + pharma rf,Skin exfoliation,0.1111111111111111,0.6908714291182223,0.29826292930286397
0,structure rf + pharma rf,Skin hyperpigmentation,0.05485232067510549,0.7479992001384734,0.33416387690790234
0,structure rf + pharma rf,Skin irritation,0.03867791842475387,0.6667762041049162,0.08238718929550379
0,structure rf + pharma rf,Skin striae,0.03656821378340366,0.8237388723202678,0.5436807481503442
0,structure rf + pharma rf,Skin ulcer,0.07735583684950774,0.7226189495346086,0.19051831110559053
0,structure rf + pharma rf,Sleep disorder,0.13783403656821377,0.7629343977187941,0.356829909106099
0,structure rf + pharma rf,Sneezing,0.06258790436005626,0.6630319483773893,0.21649288879495612
0,structure rf + pharma rf,Somnolence,0.46835443037974683,0.7956641449707964,0.8035786556951644
0,structure rf + pharma rf,Speech disorder,0.0829817158931083,0.7340493677055655,0.23193340530660564
0,structure rf + pharma rf,Stevens-Johnson syndrome,0.22292545710267228,0.8273517547395267,0.6165047969030903
0,structure rf + pharma rf,Stomatitis,0.2320675105485232,0.7981878310588144,0.5813837305400331
0,structure rf + pharma rf,Stupor,0.06891701828410689,0.7532858124230672,0.2858551177516834
0,structure rf + pharma rf,Sudden death,0.04289732770745429,0.8028654988642202,0.33882420978370725
0,structure rf + pharma rf,Suicidal ideation,0.0639943741209564,0.8176264922320226,0.3840818683790252
0,structure rf + pharma rf,Suicide attempt,0.04922644163150492,0.839826876414555,0.34239082581464464
0,structure rf + pharma rf,Supraventricular tachycardia,0.057665260196905765,0.7069560518782538,0.20422257253467913
0,structure rf + pharma rf,Swelling,0.14486638537271448,0.6075667082857981,0.23837862405894011
0,structure rf + pharma rf,Swelling face,0.03656821378340366,0.523955672814332,0.0843746805051825
0,structure rf + pharma rf,Syncope,0.35372714486638535,0.7221189661520719,0.6213891592559083
0,structure rf + pharma rf,Systemic lupus erythematosus,0.053445850914205346,0.7369348835972466,0.29510982063428554
0,structure rf + pharma rf,Tachycardia,0.4191279887482419,0.7086211954911787,0.6561748329232084
0,structure rf + pharma rf,Tenderness,0.0850914205344585,0.6065491882967169,0.22554324605512305
0,structure rf + pharma rf,Tension,0.30239099859353025,0.7595802224456959,0.5920005031148385
0,structure rf + pharma rf,Thinking abnormal,0.08720112517580872,0.7843034359303288,0.34256687032051597
0,structure rf + pharma rf,Thirst,0.1490857946554149,0.7001991218209852,0.34949368046337853
0,structure rf + pharma rf,Throat irritation,0.04922644163150492,0.6823307099028726,0.2794234348695024
0,structure rf + pharma rf,Throat tightness,0.03727144866385373,0.7140858880435687,0.3547358598867321
0,structure rf + pharma rf,Thrombocytopenia,0.4212376933895921,0.807726751148025,0.7663230712577024
0,structure rf + pharma rf,Thrombocytopenic purpura,0.03867791842475387,0.7149016686261278,0.232022256907476
0,structure rf + pharma rf,Thrombocytosis,0.05977496483825598,0.7791674817196069,0.30963388882088694
0,structure rf + pharma rf,Thrombophlebitis,0.14556962025316456,0.7216984366022554,0.3558800296476782
0,structure rf + pharma rf,Thrombosis,0.07946554149085795,0.7278911664910603,0.2763960204664736
0,structure rf + pharma rf,Tinnitus,0.27637130801687765,0.7345239366115368,0.5723998878842217
0,structure rf + pharma rf,Tongue discolouration,0.04149085794655415,0.8240287529651139,0.4062344605676641
0,structure rf + pharma rf,Tongue disorder,0.0710267229254571,0.7109122244547945,0.235945501826764
0,structure rf + pharma rf,Tongue oedema,0.052742616033755275,0.7467934503242935,0.23057851366028767
0,structure rf + pharma rf,Tooth disorder,0.05907172995780591,0.6537423097097099,0.15620201447777043
0,structure rf + pharma rf,Toothache,0.05977496483825598,0.6193597388941552,0.11613052448501464
0,structure rf + pharma rf,Torsade de pointes,0.0639943741209564,0.8061075312839568,0.45431814975071455
0,structure rf + pharma rf,Toxic epidermal necrolysis,0.180028129395218,0.8351481554827067,0.5672372998726332
0,structure rf + pharma rf,Transaminases increased,0.06891701828410689,0.6631563514521719,0.1801820995114433
0,structure rf + pharma rf,Transient ischaemic attack,0.04922644163150492,0.7758845398144291,0.2584377068717355
0,structure rf + pharma rf,Tremor,0.32770745428973275,0.745601669034594,0.6354599034103894
0,structure rf + pharma rf,Tubulointerstitial nephritis,0.08016877637130802,0.841305205771737,0.469433333151234
0,structure rf + pharma rf,Ulcer,0.09282700421940929,0.7357378193674335,0.3075816849754007
0,structure rf + pharma rf,Upper respiratory tract infection,0.2320675105485232,0.687028179876188,0.432584283984175
0,structure rf + pharma rf,Urethral disorder,0.2714486638537271,0.6994188518570773,0.47570095386701805
0,structure rf + pharma rf,Urinary incontinence,0.11251758087201125,0.7600147221276172,0.40994964605172085
0,structure rf + pharma rf,Urinary retention,0.16736990154711673,0.8122616918103269,0.5682074996160418
0,structure rf + pharma rf,Urinary tract disorder,0.26863572433192684,0.6980900158724369,0.473180742061632
0,structure rf + pharma rf,Urinary tract infection,0.24824191279887484,0.7050693791788685,0.43335755012115806
0,structure rf + pharma rf,Urine abnormality,0.04571026722925457,0.6152878739183656,0.12218141702767196
0,structure rf + pharma rf,Urine analysis abnormal,0.04992967651195499,0.6155003754094907,0.10914103084035531
0,structure rf + pharma rf,Urine output increased,0.12236286919831224,0.7418300573910322,0.3499451894615917
0,structure rf + pharma rf,Urticaria,0.5590717299578059,0.6890080533372506,0.7251444679781545
0,structure rf + pharma rf,VIIth nerve paralysis,0.03727144866385373,0.6696333462348399,0.1238003549572428
0,structure rf + pharma rf,Vaginal discharge,0.06047819971870605,0.8051193622019964,0.3198600632430073
0,structure rf + pharma rf,Vaginal haemorrhage,0.08227848101265822,0.7833504539143368,0.40116636908675646
0,structure rf + pharma rf,Vaginal infection,0.11673699015471167,0.7565400099854661,0.4222018149417545
0,structure rf + pharma rf,Vaginal inflammation,0.10829817158931083,0.7671226908461717,0.4174225478616639
0,structure rf + pharma rf,Vascular purpura,0.14135021097046413,0.7285875458861384,0.4107611369766954
0,structure rf + pharma rf,Vasculitis,0.10689170182841069,0.7819440970220273,0.3943317878191954
0,structure rf + pharma rf,Vasodilation procedure,0.09353023909985936,0.6429010762706374,0.18907056554935198
0,structure rf + pharma rf,Ventricular arrhythmia,0.07032348804500703,0.7551721971695217,0.2102726127364909
0,structure rf + pharma rf,Ventricular extrasystoles,0.090014064697609,0.693417910073067,0.23892983199028298
0,structure rf + pharma rf,Ventricular fibrillation,0.07243319268635724,0.7651005584061548,0.27692762699184514
0,structure rf + pharma rf,Ventricular tachycardia,0.1019690576652602,0.7583256676136962,0.3514221739962188
0,structure rf + pharma rf,Vertigo,0.3558368495077356,0.7281734034737242,0.6243123380231785
0,structure rf + pharma rf,Viral infection,0.09142053445850915,0.6985032000623519,0.2411555071519696
0,structure rf + pharma rf,Vision blurred,0.3227848101265823,0.7279767046123039,0.6004714938168313
0,structure rf + pharma rf,Visual acuity reduced,0.052742616033755275,0.7233929865624414,0.20356649083158823
0,structure rf + pharma rf,Visual impairment,0.2714486638537271,0.6990754548722036,0.4721341257830332
0,structure rf + pharma rf,Vomiting,0.759493670886076,0.7520651330455488,0.8999732294797947
0,structure rf + pharma rf,Vulvovaginal candidiasis,0.051336146272855133,0.8079852844379305,0.37221804261994523
0,structure rf + pharma rf,Vulvovaginal mycotic infection,0.05555555555555555,0.803809673706278,0.37462403288163926
0,structure rf + pharma rf,Weight decreased,0.22433192686357242,0.7375082844199525,0.4703019156219246
0,structure rf + pharma rf,Weight increased,0.23136427566807313,0.7722429260655569,0.5615643520709204
0,structure rf + pharma rf,Wheezing,0.12165963431786217,0.6078177045563539,0.24810520406080627
0,structure rf + pharma rf,White blood cell count decreased,0.046413502109704644,0.721410861084099,0.19458031767099465
1,prior,Abdominal discomfort,0.20253164556962025,0.5,0.20247445536919217
1,prior,Abdominal distension,0.20815752461322082,0.5,0.207989291410344
1,prior,Abdominal pain,0.580168776371308,0.5,0.5798522530101478
1,prior,Abdominal pain upper,0.18846694796061886,0.5,0.18837969048495365
1,prior,Abnormal dreams,0.10548523206751055,0.5,0.10546953046953049
1,prior,Abscess,0.07805907172995781,0.5,0.0779150673887516
1,prior,Accommodation disorder,0.04922644163150492,0.5,0.04922437211910896
1,prior,Acidosis,0.0450070323488045,0.5,0.04504626951995373
1,prior,Acne,0.09282700421940929,0.5,0.09274041747725958
1,prior,Acute coronary syndrome,0.2348804500703235,0.5,0.23498615419668054
1,prior,Affect lability,0.1617440225035162,0.5,0.16179671205986995
1,prior,Ageusia,0.07946554149085795,0.5,0.07938368648894964
1,prior,Aggression,0.0850914205344585,0.5,0.08503531556163134
1,prior,Agitation,0.3340365682137834,0.5,0.33415242652084753
1,prior,Agranulocytosis,0.23347398030942335,0.5,0.23342324342324342
1,prior,Akathisia,0.04852320675105485,0.5,0.04854522670312144
1,prior,Alanine aminotransferase increased,0.19268635724331926,0.5,0.1924975901291691
1,prior,Albuminuria,0.0710267229254571,0.5,0.07091767881241566
1,prior,Alopecia,0.3108298171589311,0.5,0.31074907548591757
1,prior,Altered state of consciousness,0.040787623066104076,0.5,0.040843104264156896
1,prior,Amblyopia,0.07383966244725738,0.5,0.07380698249119302
1,prior,Amenorrhoea,0.08720112517580872,0.5,0.08721085931612248
1,prior,Amnesia,0.14486638537271448,0.5,0.1448587377534746
1,prior,Amylase increased,0.04430379746835443,0.5,0.04428457507404876
1,prior,Anaemia,0.36146272855133615,0.5,0.3612385859754281
1,prior,Anaphylactic shock,0.4388185654008439,0.5,0.43859298596140706
1,prior,Anaphylactoid reaction,0.17651195499296765,0.5,0.17642454037190877
1,prior,Angina pectoris,0.2039381153305204,0.5,0.20404034561929296
1,prior,Angioedema,0.37060478199718705,0.5,0.3705504144977829
1,prior,Angiopathy,0.319971870604782,0.5,0.3198435774751564
1,prior,Anorectal discomfort,0.051336146272855133,0.5,0.05130483551536184
1,prior,Anorectal disorder,0.04289732770745429,0.5,0.04281350228718649
1,prior,Anxiety,0.38466947960618847,0.5,0.384690660216976
1,prior,Apathy,0.06188466947960619,0.5,0.06184885290148447
1,prior,Aphasia,0.06047819971870605,0.5,0.06050256760783077
1,prior,Aphthous stomatitis,0.03938115330520394,0.5,0.03931726168568274
1,prior,Aplastic anaemia,0.11392405063291139,0.5,0.11391073838442259
1,prior,Apnoea,0.08368495077355836,0.5,0.08375659428291007
1,prior,Application site pain,0.04289732770745429,0.5,0.04286117391380549
1,prior,Application site reaction,0.03727144866385373,0.5,0.03725204619941462
1,prior,Arrhythmia,0.28621659634317864,0.5,0.2862590917854076
1,prior,Arrhythmia supraventricular,0.035161744022503515,0.5,0.03520917678812415
1,prior,Arthralgia,0.4120956399437412,0.5,0.4118574408048093
1,prior,Arthritis,0.1568213783403657,0.5,0.1567065390749601
1,prior,Arthropathy,0.0949367088607595,0.5,0.09483043272516956
1,prior,Aspartate aminotransferase increased,0.1940928270042194,0.5,0.19398119424435212
1,prior,Asthenia,0.6371308016877637,0.5,0.6370214872846451
1,prior,Asthma,0.19057665260196907,0.5,0.19051001629949
1,prior,Ataxia,0.1680731364275668,0.5,0.16803731356362936
1,prior,Atrial fibrillation,0.1469760900140647,0.5,0.14702367807630964
1,prior,Atrioventricular block,0.09423347398030943,0.5,0.09437334595229332
1,prior,Azotaemia,0.0450070323488045,0.5,0.04498852025167815
1,prior,Back pain,0.3509142053445851,0.5,0.3506498764393501
1,prior,Bacterial infection,0.03867791842475387,0.5,0.03871251555462082
1,prior,Balance disorder,0.04781997187060478,0.5,0.04783067809383599
1,prior,Bladder pain,0.11744022503516174,0.5,0.11739716423926949
1,prior,Blepharitis,0.05555555555555555,0.5,0.05550554708449444
1,prior,Blindness,0.052742616033755275,0.5,0.05271596824228404
1,prior,Blister,0.0710267229254571,0.5,0.07104220341062446
1,prior,Blood alkaline phosphatase increased,0.13431786216596342,0.5,0.13415750915750915
1,prior,Blood bilirubin increased,0.0970464135021097,0.5,0.09691580349475086
1,prior,Blood creatine phosphokinase increased,0.06821378340365682,0.5,0.0681302907618697
1,prior,Blood creatinine increased,0.1751054852320675,0.5,0.17497038049669628
1,prior,Blood disorder,0.08720112517580872,0.5,0.08720051877946615
1,prior,Blood glucose increased,0.046413502109704644,0.5,0.046387384545279284
1,prior,Blood lactate dehydrogenase increased,0.058368495077355836,0.5,0.05835015861331651
1,prior,Blood pressure increased,0.10337552742616034,0.5,0.10342613526824054
1,prior,Blood triglycerides increased,0.06751054852320675,0.5,0.06746315088420352
1,prior,Blood urea increased,0.1160337552742616,0.5,0.11591601381075065
1,prior,Blood uric acid increased,0.10618846694796062,0.5,0.10620861594545805
1,prior,Body temperature decreased,0.046413502109704644,0.5,0.046347073978652925
1,prior,Body temperature increased,0.5414908579465542,0.5,0.5412797728587202
1,prior,Bone disorder,0.08931082981715893,0.5,0.08919054629580944
1,prior,Bone pain,0.1090014064697609,0.5,0.10888076835445255
1,prior,Bradycardia,0.2559774964838256,0.5,0.2561597174755069
1,prior,Breast cancer,0.035864978902953586,0.5,0.03587552798079114
1,prior,Breast disorder,0.180028129395218,0.5,0.179957323378376
1,prior,Breast enlargement,0.06258790436005626,0.5,0.06251818357081515
1,prior,Breast pain,0.09142053445850915,0.5,0.09138869902027796
1,prior,Bronchitis,0.21167369901547117,0.5,0.21149070228017597
1,prior,Bronchospasm,0.20182841068917018,0.5,0.20196803196803198
1,prior,Bundle branch block,0.04571026722925457,0.5,0.04574311653259022
1,prior,Burning sensation,0.07172995780590717,0.5,0.07173414304993253
1,prior,Bursitis,0.04360056258790436,0.5,0.04358799095641201
1,prior,Candida infection,0.11954992967651196,0.5,0.1194098007255902
1,prior,Cardiac arrest,0.16736990154711673,0.5,0.16748812590917855
1,prior,Cardiac disorder,0.29254571026722925,0.5,0.292559633349107
1,prior,Cardiac failure,0.15330520393811534,0.5,0.15339967050493367
1,prior,Cardiac failure congestive,0.1441631504922644,0.5,0.144134637292532
1,prior,Cardiomyopathy,0.04360056258790436,0.5,0.04362015177804651
1,prior,Cardiovascular disorder,0.0850914205344585,0.5,0.08512741644320591
1,prior,Cataract,0.10126582278481013,0.5,0.10110862821389137
1,prior,Cellulitis,0.09282700421940929,0.5,0.09267451846399215
1,prior,Cerebral haemorrhage,0.04922644163150492,0.5,0.0491167604325499
1,prior,Cerebral ischaemia,0.04219409282700422,0.5,0.0421689713794977
1,prior,Cerebrovascular accident,0.15822784810126583,0.5,0.15833946754999384
1,prior,Cerebrovascular disorder,0.035161744022503515,0.5,0.03517868096815465
1,prior,Chest discomfort,0.09634317862165963,0.5,0.09626093205040573
1,prior,Chest pain,0.38748241912798875,0.5,0.38739523634260475
1,prior,Chills,0.3108298171589311,0.5,0.31080577317419417
1,prior,Cholecystitis,0.052742616033755275,0.5,0.05275110854058222
1,prior,Cholelithiasis,0.06118143459915612,0.5,0.06118714618714619
1,prior,Cholestasis,0.07243319268635724,0.5,0.07236097236097236
1,prior,Coagulopathy,0.07524613220815753,0.5,0.07521268205478732
1,prior,Cognitive disorder,0.04219409282700422,0.5,0.04208940182624393
1,prior,Cold sweat,0.03867791842475387,0.5,0.03869507685297159
1,prior,Colitis,0.10478199718706048,0.5,0.10479502953187163
1,prior,Coma,0.1209563994374121,0.5,0.12110591163222742
1,prior,Completed suicide,0.04781997187060478,0.5,0.04776092328723908
1,prior,Confusional state,0.38255977496483823,0.5,0.3827270974639395
1,prior,Conjunctival hyperaemia,0.0379746835443038,0.5,0.03797123928702876
1,prior,Conjunctivitis,0.23136427566807313,0.5,0.23134497081865502
1,prior,Connective tissue disorder,0.2848101265822785,0.5,0.2846528909686804
1,prior,Constipation,0.4929676511954993,0.5,0.4929219902904114
1,prior,Contusion,0.09774964838255977,0.5,0.09763718737402946
1,prior,Convulsion,0.36357243319268634,0.5,0.363505354294828
1,prior,Coordination abnormal,0.09915611814345991,0.5,0.09916302995250363
1,prior,Cough,0.4008438818565401,0.5,0.40061903009271427
1,prior,Cyanosis,0.06962025316455696,0.5,0.06973351210193315
1,prior,Cyst,0.06540084388185655,0.5,0.06539767250293566
1,prior,Cystitis,0.10759493670886076,0.5,0.10752983858247016
1,prior,Cystitis noninfective,0.10618846694796062,0.5,0.10612878349720453
1,prior,Deafness,0.1371308016877637,0.5,0.13707432917959234
1,prior,Decreased appetite,0.4838255977496484,0.5,0.48368640131798024
1,prior,Deep vein thrombosis,0.06680731364275667,0.5,0.06675622622991043
1,prior,Dehydration,0.17158931082981715,0.5,0.1714060500902606
1,prior,Delirium,0.07876230661040788,0.5,0.07880154932786512
1,prior,Delusion,0.06821378340365682,0.5,0.06819242161347425
1,prior,Dementia,0.03727144866385373,0.5,0.03729402176770598
1,prior,Depersonalisation,0.06188466947960619,0.5,0.06190633927476032
1,prior,Depressed level of consciousness,0.10126582278481013,0.5,0.10128108733371892
1,prior,Depressed mood,0.035864978902953586,0.5,0.03581585081585082
1,prior,Depression,0.22644163150492264,0.5,0.2264329530119004
1,prior,Dermatitis,0.7658227848101266,0.5,0.7656445309076888
1,prior,Dermatitis atopic,0.07454289732770746,0.5,0.07453625322046374
1,prior,Dermatitis bullous,0.14767932489451477,0.5,0.1476689976689977
1,prior,Dermatitis contact,0.11181434599156118,0.5,0.11166868219499797
1,prior,Dermatitis exfoliative,0.14556962025316456,0.5,0.14564058748269276
1,prior,Diabetes mellitus,0.1441631504922644,0.5,0.14407986750092014
1,prior,Diarrhoea,0.6849507735583685,0.5,0.6847924882135408
1,prior,Diplopia,0.1518987341772152,0.5,0.15180652680652681
1,prior,Discomfort,0.3924050632911392,0.5,0.3922827172827173
1,prior,Disorientation,0.12376933895921238,0.5,0.12390039784776627
1,prior,Disturbance in attention,0.09071729957805907,0.5,0.09072155914261179
1,prior,Disturbance in sexual arousal,0.16455696202531644,0.5,0.1645740224687593
1,prior,Dizziness,0.7250351617440225,0.5,0.7250864048232469
1,prior,Drug eruption,0.05414908579465542,0.5,0.05411211595422123
1,prior,Drug interaction,0.09353023909985936,0.5,0.09353181905813485
1,prior,Drug withdrawal syndrome,0.04008438818565401,0.5,0.04008140981825193
1,prior,Dry eye,0.11462728551336146,0.5,0.11464982386035016
1,prior,Dry mouth,0.38959212376933894,0.5,0.38959777065040224
1,prior,Dry skin,0.18635724331926865,0.5,0.18618425434214908
1,prior,Duodenal ulcer,0.03938115330520394,0.5,0.0394093625672573
1,prior,Dysarthria,0.09212376933895922,0.5,0.09210026815289973
1,prior,Dysgeusia,0.32208157524613223,0.5,0.32207958707958706
1,prior,Dyskinesia,0.09142053445850915,0.5,0.09157149867676184
1,prior,Dysmenorrhoea,0.09845288326300984,0.5,0.09836453020663546
1,prior,Dyspepsia,0.4908579465541491,0.5,0.49068624358098045
1,prior,Dysphagia,0.18565400843881857,0.5,0.18562446325604218
1,prior,Dysphonia,0.08649789029535865,0.5,0.08641402457191931
1,prior,Dyspnoea,0.4908579465541491,0.5,0.49080884028252453
1,prior,Dysuria,0.21026722925457103,0.5,0.2101166377482167
1,prior,Ear disorder,0.047116736990154715,0.5,0.047059168901274165
1,prior,Ear infection,0.03727144866385373,0.5,0.03717685822948981
1,prior,Ear pain,0.12658227848101267,0.5,0.1264850938535149
1,prior,Ecchymosis,0.1279887482419128,0.5,0.12793408346039925
1,prior,Eczema,0.13924050632911392,0.5,0.1392275268591058
1,prior,Electrocardiogram QT prolonged,0.05977496483825598,0.5,0.059731058415268934
1,prior,Electrocardiogram abnormal,0.05977496483825598,0.5,0.05985365511681301
1,prior,Electrolyte imbalance,0.03656821378340366,0.5,0.036559843665106825
1,prior,Embolism,0.06751054852320675,0.5,0.06749066722750934
1,prior,Embolism venous,0.051336146272855133,0.5,0.05131762973868237
1,prior,Encephalopathy,0.056962025316455694,0.5,0.05689871531976796
1,prior,Endocrine disorder,0.09071729957805907,0.5,0.0906795835743204
1,prior,Endophthalmitis,0.04149085794655415,0.5,0.041432339590234325
1,prior,Eosinophilia,0.2039381153305204,0.5,0.20390328969276336
1,prior,Epigastric discomfort,0.04289732770745429,0.5,0.042873442347126554
1,prior,Epilepsy,0.03727144866385373,0.5,0.037276845961056494
1,prior,Epistaxis,0.2468354430379747,0.5,0.24660865450339137
1,prior,Erectile dysfunction,0.2109704641350211,0.5,0.21103116182063547
1,prior,Eructation,0.1090014064697609,0.5,0.10898566345934768
1,prior,Erythema,0.339662447257384,0.5,0.339452302083881
1,prior,Erythema multiforme,0.27355836849507736,0.5,0.273434372644899
1,prior,Erythema nodosum,0.03867791842475387,0.5,0.03866019944967314
1,prior,Euphoric mood,0.11954992967651196,0.5,0.11958769300874564
1,prior,Extrapyramidal disorder,0.07172995780590717,0.5,0.07180144416986523
1,prior,Extrasystoles,0.07735583684950774,0.5,0.07741328846592005
1,prior,Extravasation,0.07524613220815753,0.5,0.07528322554638343
1,prior,Eye disorder,0.28621659634317864,0.5,0.2860762921289237
1,prior,Eye haemorrhage,0.04289732770745429,0.5,0.04284347231715653
1,prior,Eye irritation,0.090014064697609,0.5,0.08993287414340045
1,prior,Eye pain,0.14064697609001406,0.5,0.14056075503443927
1,prior,Eye pruritus,0.0379746835443038,0.5,0.03800857037699144
1,prior,Eyelid oedema,0.04289732770745429,0.5,0.042835848362164156
1,prior,Face oedema,0.17088607594936708,0.5,0.17080971659919028
1,prior,Faecal incontinence,0.04781997187060478,0.5,0.04782848730217151
1,prior,Fatigue,0.510548523206751,0.5,0.5103737490579596
1,prior,Febrile neutropenia,0.05977496483825598,0.5,0.05973596578859737
1,prior,Feeling abnormal,0.5133614627285513,0.5,0.513355679408311
1,prior,Feeling hot,0.08227848101265822,0.5,0.08236561683930106
1,prior,Flank pain,0.035161744022503515,0.5,0.035123648281543025
1,prior,Flat affect,0.06258790436005626,0.5,0.06255060728744939
1,prior,Flatulence,0.3143459915611814,0.5,0.3142172739541161
1,prior,Fluid overload,0.0379746835443038,0.5,0.03799849273533484
1,prior,Fluid retention,0.1160337552742616,0.5,0.11605850290060818
1,prior,Flushing,0.30028129395218,0.5,0.30046637572953355
1,prior,Foetor hepaticus,0.05063291139240506,0.5,0.050648036174351964
1,prior,Folliculitis,0.0639943741209564,0.5,0.06378980668454352
1,prior,Fracture,0.05485232067510549,0.5,0.054748760011917905
1,prior,Fungal infection,0.07946554149085795,0.5,0.07939569202727098
1,prior,Fungal skin infection,0.03656821378340366,0.5,0.03650262018683072
1,prior,Furuncle,0.04289732770745429,0.5,0.042928475033738187
1,prior,Gait disturbance,0.10056258790436005,0.5,0.10050169129116497
1,prior,Galactorrhoea,0.05977496483825598,0.5,0.0597337749969329
1,prior,Gamma-glutamyltransferase increased,0.0829817158931083,0.5,0.08297474455369191
1,prior,Gastric ulcer,0.05063291139240506,0.5,0.05063550484603117
1,prior,Gastritis,0.18424753867791843,0.5,0.1840637432742696
1,prior,Gastroenteritis,0.13853727144866385,0.5,0.13843533659323132
1,prior,Gastrointestinal disorder,0.5210970464135021,0.5,0.5209978617873354
1,prior,Gastrointestinal haemorrhage,0.15330520393811534,0.5,0.15320486531012847
1,prior,Gastrointestinal pain,0.5478199718706048,0.5,0.5474429956008904
1,prior,Gastrooesophageal reflux disease,0.09915611814345991,0.5,0.09909791962423542
1,prior,Generalised oedema,0.053445850914205346,0.5,0.053440068703226595
1,prior,Gingival bleeding,0.05414908579465542,0.5,0.054116760432549905
1,prior,Gingivitis,0.07383966244725738,0.5,0.0738116269695217
1,prior,Glaucoma,0.07805907172995781,0.5,0.07797553323869114
1,prior,Glossitis,0.09774964838255977,0.5,0.09772464377727537
1,prior,Glycosuria,0.08579465541490858,0.5,0.08567739278265593
1,prior,Gout,0.09774964838255977,0.5,0.0977022977022977
1,prior,Grand mal convulsion,0.0379746835443038,0.5,0.037896051317103954
1,prior,Gynaecomastia,0.12517580872011252,0.5,0.12498922130501078
1,prior,Haematemesis,0.07032348804500703,0.5,0.07030013845803319
1,prior,Haematochezia,0.035864978902953586,0.5,0.03585318190581348
1,prior,Haematocrit decreased,0.0379746835443038,0.5,0.03793828978039505
1,prior,Haematoma,0.07172995780590717,0.5,0.07174150410992516
1,prior,Haematuria,0.2369901547116737,0.5,0.2368767197714566
1,prior,Haemoglobin,0.2679324894514768,0.5,0.2677505827505827
1,prior,Haemoglobin decreased,0.07383966244725738,0.5,0.07375659428291008
1,prior,Haemolytic anaemia,0.14064697609001406,0.5,0.14067572778099097
1,prior,Haemoptysis,0.08157524613220815,0.5,0.08146117040853883
1,prior,Haemorrhage,0.26933895921237694,0.5,0.2691540915225126
1,prior,Haemorrhage intracranial,0.04008438818565401,0.5,0.04001112922165554
1,prior,Haemorrhoids,0.05907172995780591,0.5,0.05902465955097534
1,prior,Hallucination,0.24261603375527427,0.5,0.24280920833552413
1,prior,Headache,0.7805907172995781,0.5,0.780472334682861
1,prior,Hearing impaired,0.10056258790436005,0.5,0.1005019541861647
1,prior,Hepatic enzyme increased,0.09634317862165963,0.5,0.096370997423629
1,prior,Hepatic failure,0.1441631504922644,0.5,0.1440722435459278
1,prior,Hepatic function abnormal,0.12939521800281295,0.5,0.12929999824736668
1,prior,Hepatic necrosis,0.052742616033755275,0.5,0.05270834428729165
1,prior,Hepatitis,0.2552742616033755,0.5,0.2551133077448867
1,prior,Hepatobiliary disease,0.24120956399437413,0.5,0.24107524054892476
1,prior,Hepatocellular injury,0.10478199718706048,0.5,0.10483016983016982
1,prior,Hepatomegaly,0.06891701828410689,0.5,0.06884457647615543
1,prior,Hepatotoxicity,0.07946554149085795,0.5,0.07945098760888235
1,prior,Hernia,0.03727144866385373,0.5,0.03725423699107909
1,prior,Herpes simplex,0.09353023909985936,0.5,0.09347406978985925
1,prior,Herpes zoster,0.08157524613220815,0.5,0.08156361182676972
1,prior,Hiccups,0.10267229254571027,0.5,0.10262465604570867
1,prior,Hirsutism,0.06118143459915612,0.5,0.06100539811066127
1,prior,Hostility,0.047116736990154715,0.5,0.04705426152794574
1,prior,Hot flush,0.15611814345991562,0.5,0.15619441961547223
1,prior,Hyperaesthesia,0.07524613220815753,0.5,0.07535298035298035
1,prior,Hyperbilirubinaemia,0.0970464135021097,0.5,0.09698284171968383
1,prior,Hypercalcaemia,0.0710267229254571,0.5,0.07105473473894526
1,prior,Hypercholesterolaemia,0.09915611814345991,0.5,0.0991235080708765
1,prior,Hyperglycaemia,0.23417721518987342,0.5,0.234080305659253
1,prior,Hyperhidrosis,0.42334739803094235,0.5,0.42330099724836573
1,prior,Hyperkalaemia,0.11040787623066103,0.5,0.11029190108137477
1,prior,Hyperkinesia,0.11954992967651196,0.5,0.11952968084547033
1,prior,Hyperlipidaemia,0.0639943741209564,0.5,0.06396936396936397
1,prior,Hypernatraemia,0.052742616033755275,0.5,0.052733932733932745
1,prior,Hyperreflexia,0.040787623066104076,0.5,0.04076572550256761
1,prior,Hypersensitivity,0.6315049226441631,0.5,0.6313453213453213
1,prior,Hypertension,0.39732770745428975,0.5,0.3974350211192317
1,prior,Hyperthyroidism,0.035864978902953586,0.5,0.03585318190581348
1,prior,Hypertonia,0.12376933895921238,0.5,0.12375571796624427
1,prior,Hypertrichosis,0.03656821378340366,0.5,0.03644785039521882
1,prior,Hypertriglyceridaemia,0.05625879043600562,0.5,0.05618714618714619
1,prior,Hyperuricaemia,0.09774964838255977,0.5,0.09773989168726012
1,prior,Hyperventilation,0.06469760900140648,0.5,0.06471633629528366
1,prior,Hypoaesthesia,0.2559774964838256,0.5,0.25591943144574725
1,prior,Hypocalcaemia,0.0949367088607595,0.5,0.09485768617347565
1,prior,Hypoglycaemia,0.1568213783403657,0.5,0.1568315894631684
1,prior,Hypokalaemia,0.18143459915611815,0.5,0.18129431971537233
1,prior,Hypokinesia,0.05907172995780591,0.5,0.05909713093923621
1,prior,Hypomagnesaemia,0.06047819971870605,0.5,0.060485391801181274
1,prior,Hyponatraemia,0.1540084388185654,0.5,0.1539338731443995
1,prior,Hypophosphataemia,0.056962025316455694,0.5,0.05689924110976743
1,prior,Hyporeflexia,0.0379746835443038,0.5,0.03794863031705137
1,prior,Hypotension,0.4676511954992968,0.5,0.4676923953239743
1,prior,Hypothermia,0.046413502109704644,0.5,0.046347073978652925
1,prior,Hypothyroidism,0.06329113924050633,0.5,0.06325507825507826
1,prior,Hypotonia,0.04571026722925457,0.5,0.045777993935888675
1,prior,Hypoxia,0.06047819971870605,0.5,0.06048293811451707
1,prior,Ileus,0.07032348804500703,0.5,0.070312669786354
1,prior,Ileus paralytic,0.035161744022503515,0.5,0.035176490176490174
1,prior,Ill-defined disorder,0.34247538677918427,0.5,0.34231137283768864
1,prior,Immune system disorder,0.3150492264416315,0.5,0.31479669453353665
1,prior,Impaired healing,0.04430379746835443,0.5,0.04427230664072769
1,prior,Inappropriate antidiuretic hormone secretion,0.04922644163150492,0.5,0.04928404928404929
1,prior,Increased appetite,0.1568213783403657,0.5,0.15672178698494488
1,prior,Induration,0.04149085794655415,0.5,0.04143260248523406
1,prior,Infection,0.4212376933895921,0.5,0.4209110188057557
1,prior,Infestation,0.24753867791842477,0.5,0.2472537112010796
1,prior,Inflammation,0.10829817158931083,0.5,0.10819671556513662
1,prior,Influenza,0.1990154711673699,0.5,0.1989160839160839
1,prior,Influenza like illness,0.1160337552742616,0.5,0.11596832991569835
1,prior,Injection site pain,0.10267229254571027,0.5,0.10269248295564085
1,prior,Injection site reaction,0.13853727144866385,0.5,0.1384429605482237
1,prior,Injury,0.14556962025316456,0.5,0.1455484866011182
1,prior,Insomnia,0.4739803094233474,0.5,0.4738365143628302
1,prior,Interstitial lung disease,0.06891701828410689,0.5,0.06894430131272236
1,prior,Intestinal obstruction,0.06469760900140648,0.5,0.06474358974358974
1,prior,Intracranial pressure increased,0.03938115330520394,0.5,0.039329793014003536
1,prior,Intraocular pressure increased,0.04430379746835443,0.5,0.04418756681914577
1,prior,Irritability,0.1617440225035162,0.5,0.1616242529400424
1,prior,Jaundice,0.23136427566807313,0.5,0.23131526368368474
1,prior,Jaundice cholestatic,0.0949367088607595,0.5,0.09488818199344515
1,prior,Joint swelling,0.0450070323488045,0.5,0.04494137441505862
1,prior,Keratitis,0.06047819971870605,0.5,0.060368228262965104
1,prior,Lacrimal disorder,0.0379746835443038,0.5,0.03796335243703665
1,prior,Lacrimation increased,0.1019690576652602,0.5,0.10195041800304958
1,prior,Laryngeal oedema,0.0639943741209564,0.5,0.06405462958094536
1,prior,Laryngeal pain,0.07313642756680731,0.5,0.07299735352366932
1,prior,Laryngitis,0.06821378340365682,0.5,0.06818777713514555
1,prior,Laryngospasm,0.07243319268635724,0.5,0.07258084021241916
1,prior,Lethargy,0.15611814345991562,0.5,0.15607234870392767
1,prior,Leukocytoclastic vasculitis,0.03938115330520394,0.5,0.03926713637239953
1,prior,Leukocytosis,0.10548523206751055,0.5,0.10541695146958303
1,prior,Leukoderma,0.04430379746835443,0.5,0.0441502357291831
1,prior,Leukopenia,0.35864978902953587,0.5,0.3585966664914033
1,prior,Libido decreased,0.14767932489451477,0.5,0.14770878244562455
1,prior,Libido increased,0.057665260196905765,0.5,0.057615980510717354
1,prior,Liver disorder,0.06610407876230662,0.5,0.06614464482885536
1,prior,Liver function test abnormal,0.17440225035161744,0.5,0.1743909599172757
1,prior,Liver injury,0.08649789029535865,0.5,0.0865540599751126
1,prior,Local reaction,0.053445850914205346,0.5,0.05344278528489055
1,prior,Loss of consciousness,0.37060478199718705,0.5,0.37076239549923756
1,prior,Loss of libido,0.03867791842475387,0.5,0.038672730777993936
1,prior,Lung disorder,0.05414908579465542,0.5,0.05421946474578053
1,prior,Lung infiltration,0.04289732770745429,0.5,0.042928475033738187
1,prior,Lymphadenopathy,0.13291139240506328,0.5,0.13284338468548995
1,prior,Lymphopenia,0.05063291139240506,0.5,0.050540161592793176
1,prior,Malaise,0.35372714486638535,0.5,0.35354487617645514
1,prior,Malnutrition,0.33122362869198313,0.5,0.331002944423997
1,prior,Mania,0.06751054852320675,0.5,0.06749829118250171
1,prior,Mediastinal disorder,0.31856540084388185,0.5,0.3183602362549731
1,prior,Melaena,0.10970464135021098,0.5,0.10969723259196944
1,prior,Memory impairment,0.07735583684950774,0.5,0.07736044657097288
1,prior,Meningitis,0.03867791842475387,0.5,0.038630492314702836
1,prior,Menopausal symptoms,0.1589310829817159,0.5,0.15900906111432428
1,prior,Menorrhagia,0.07524613220815753,0.5,0.07530040135303294
1,prior,Menstrual disorder,0.06469760900140648,0.5,0.06457875457875459
1,prior,Menstruation irregular,0.05555555555555555,0.5,0.05540853882959146
1,prior,Mental disability,0.12306610407876231,0.5,0.12314089419352577
1,prior,Mental disorder,0.3227848101265823,0.5,0.32260914524072415
1,prior,Metrorrhagia,0.07172995780590717,0.5,0.0717638501849028
1,prior,Micturition urgency,0.05414908579465542,0.5,0.05424698108908634
1,prior,Migraine,0.16455696202531644,0.5,0.16447350894719315
1,prior,Mood swings,0.17088607594936708,0.5,0.17090970433075697
1,prior,Mouth ulceration,0.1209563994374121,0.5,0.12093835988572832
1,prior,Mucosal inflammation,0.05625879043600562,0.5,0.05617733144048933
1,prior,Multiple fractures,0.05485232067510549,0.5,0.054748760011917905
1,prior,Muscle contractions involuntary,0.03867791842475387,0.5,0.038722856091277146
1,prior,Muscle relaxant therapy,0.04289732770745429,0.5,0.04296335243703665
1,prior,Muscle rigidity,0.04360056258790436,0.5,0.04360788334472545
1,prior,Muscle spasms,0.340365682137834,0.5,0.3403532432479801
1,prior,Muscle twitching,0.10267229254571027,0.5,0.10270720507562614
1,prior,Muscular weakness,0.19760900140646975,0.5,0.19738752475594584
1,prior,Musculoskeletal discomfort,0.4859353023909986,0.5,0.4856971099076362
1,prior,Musculoskeletal pain,0.11673699015471167,0.5,0.11665019191334983
1,prior,Musculoskeletal stiffness,0.09774964838255977,0.5,0.0976873126873127
1,prior,Myalgia,0.39943741209563993,0.5,0.39918309760415027
1,prior,Mydriasis,0.07665260196905767,0.5,0.07672406540827595
1,prior,Myocardial infarction,0.2348804500703235,0.5,0.23501367053998634
1,prior,Myocardial ischaemia,0.08227848101265822,0.5,0.08235553919764446
1,prior,Myoclonus,0.05485232067510549,0.5,0.054893702788439636
1,prior,Myopathy,0.07665260196905767,0.5,0.07649902728850097
1,prior,Myositis,0.0450070323488045,0.5,0.04496372049003628
1,prior,Nail disorder,0.06047819971870605,0.5,0.060422998054577
1,prior,Nasal congestion,0.1441631504922644,0.5,0.14411255411255414
1,prior,Nasopharyngitis,0.20042194092827004,0.5,0.20019725888146941
1,prior,Nausea,0.8438818565400844,0.5,0.8439047794310952
1,prior,Neck pain,0.10548523206751055,0.5,0.10547198415619467
1,prior,Necrosis,0.06962025316455696,0.5,0.06962370962370963
1,prior,Neoplasm,0.12447257383966245,0.5,0.12440734703892598
1,prior,Neoplasm malignant,0.09423347398030943,0.5,0.09421560895245105
1,prior,Nephrolithiasis,0.0808720112517581,0.5,0.08083977426082689
1,prior,Nephropathy,0.04289732770745429,0.5,0.042941006362058984
1,prior,Nephropathy toxic,0.053445850914205346,0.5,0.053403000508263666
1,prior,Nephrotic syndrome,0.04430379746835443,0.5,0.04435432988064567
1,prior,Nervous system disorder,0.4409282700421941,0.5,0.44084240321082435
1,prior,Nervousness,0.3059071729957806,0.5,0.3060286205023047
1,prior,Neuralgia,0.06821378340365682,0.5,0.06820495294179504
1,prior,Neuritis,0.07172995780590717,0.5,0.07164694954168639
1,prior,Neuroleptic malignant syndrome,0.04360056258790436,0.5,0.04363049231470284
1,prior,Neuropathy peripheral,0.2390998593530239,0.5,0.23897733845102268
1,prior,Neutropenia,0.21940928270042195,0.5,0.2191399828241934
1,prior,Night sweats,0.05555555555555555,0.5,0.055535254219464744
1,prior,Nightmare,0.10407876230661041,0.5,0.10425539372907795
1,prior,Nocturia,0.09563994374120956,0.5,0.09559948823106716
1,prior,Nuchal rigidity,0.04852320675105485,0.5,0.04854522670312144
1,prior,Nystagmus,0.06821378340365682,0.5,0.06826515589673485
1,prior,Ocular hyperaemia,0.04008438818565401,0.5,0.04003128450496871
1,prior,Oedema,0.4015471167369902,0.5,0.4017684070315649
1,prior,Oedema peripheral,0.2876230661040788,0.5,0.2874550011392117
1,prior,Oesophagitis,0.12025316455696203,0.5,0.1201246122298754
1,prior,Oliguria,0.09212376933895922,0.5,0.09213786213786215
1,prior,Opportunistic infection,0.0379746835443038,0.5,0.03787861261545472
1,prior,Optic neuritis,0.06610407876230662,0.5,0.06597516518569149
1,prior,Oral candidiasis,0.06751054852320675,0.5,0.06741083477925583
1,prior,Oropharyngeal discomfort,0.07454289732770746,0.5,0.0744787668471879
1,prior,Oropharyngeal pain,0.10407876230661041,0.5,0.10395569342937765
1,prior,Orthostatic hypotension,0.17862165963431786,0.5,0.1787761361445572
1,prior,Osteoarthritis,0.15611814345991562,0.5,0.15600995495732337
1,prior,Osteonecrosis,0.035161744022503515,0.5,0.035061780324938216
1,prior,Osteoporosis,0.05977496483825598,0.5,0.0596563962353436
1,prior,Otitis media,0.07243319268635724,0.5,0.07235334840597998
1,prior,Pain,0.5203938115330521,0.5,0.5203072366230261
1,prior,Pain in extremity,0.17932489451476794,0.5,0.17920596946912737
1,prior,Pallor,0.09563994374120956,0.5,0.09569675938096991
1,prior,Palpitations,0.3551336146272855,0.5,0.3553025921446974
1,prior,Pancreatitis,0.22292545710267228,0.5,0.22285390048547943
1,prior,Pancreatitis acute,0.04219409282700422,0.5,0.04221935958778064
1,prior,Pancytopenia,0.2088607594936709,0.5,0.2086757978863242
1,prior,Paraesthesia,0.45639943741209565,0.5,0.4563297229086703
1,prior,Paraesthesia oral,0.04149085794655415,0.5,0.04153013653013653
1,prior,Paralysis,0.06680731364275667,0.5,0.06688890057311112
1,prior,Paranoia,0.06258790436005626,0.5,0.06266338924233661
1,prior,Parkinsonism,0.03656821378340366,0.5,0.03657754526175579
1,prior,Parosmia,0.06329113924050633,0.5,0.06322510822510823
1,prior,Pelvic pain,0.057665260196905765,0.5,0.05760344918239655
1,prior,Peptic ulcer,0.06821378340365682,0.5,0.06812783707520549
1,prior,Pericardial effusion,0.035161744022503515,0.5,0.03518358834148309
1,prior,Pericarditis,0.03867791842475387,0.5,0.03876535744956798
1,prior,Periorbital oedema,0.035161744022503515,0.5,0.035181397549818604
1,prior,Peripheral coldness,0.03938115330520394,0.5,0.03943959549222707
1,prior,Peripheral vascular disorder,0.04289732770745429,0.5,0.042903412377096585
1,prior,Personality disorder,0.03656821378340366,0.5,0.03650752756015914
1,prior,Petechiae,0.0850914205344585,0.5,0.08504293951662373
1,prior,Pharyngitis,0.270042194092827,0.5,0.2698182519235151
1,prior,Phlebitis,0.1209563994374121,0.5,0.12087079587079588
1,prior,Photophobia,0.11251758087201125,0.5,0.11248681143417986
1,prior,Photosensitivity reaction,0.21308016877637131,0.5,0.21315658026184342
1,prior,Platelet count decreased,0.057665260196905765,0.5,0.057575669944091
1,prior,Pleural effusion,0.08157524613220815,0.5,0.08164887743835111
1,prior,Pneumonia,0.23628691983122363,0.5,0.23614525825052138
1,prior,Pneumothorax,0.0450070323488045,0.5,0.04497353523669313
1,prior,Pollakiuria,0.2109704641350211,0.5,0.21097069597069598
1,prior,Polyp,0.05907172995780591,0.5,0.05901677270098323
1,prior,Polyuria,0.13853727144866385,0.5,0.13845522898154475
1,prior,Pregnancy,0.04992967651195499,0.5,0.04985146432514854
1,prior,Priapism,0.04571026722925457,0.5,0.04571340939761992
1,prior,Proctalgia,0.04360056258790436,0.5,0.043580104106419895
1,prior,Protein urine present,0.09634317862165963,0.5,0.09625821546874178
1,prior,Proteinuria,0.09423347398030943,0.5,0.09414532835585468
1,prior,Prothrombin level increased,0.03727144866385373,0.5,0.037244422244422246
1,prior,Prurigo,0.04219409282700422,0.5,0.04217685822948981
1,prior,Pruritus,0.6638537271448663,0.5,0.6637371400529296
1,prior,Pseudomembranous colitis,0.04571026722925457,0.5,0.04558590532274742
1,prior,Psoriasis,0.056962025316455694,0.5,0.05699896594633436
1,prior,Psychotic disorder,0.1568213783403657,0.5,0.15689424610477243
1,prior,Pulmonary embolism,0.1209563994374121,0.5,0.12091277143908723
1,prior,Pulmonary fibrosis,0.04289732770745429,0.5,0.04287344234712656
1,prior,Pulmonary function test decreased,0.06540084388185655,0.5,0.06552053209947947
1,prior,Pulmonary oedema,0.1258790436005626,0.5,0.1259931296773402
1,prior,Purpura,0.15260196905766527,0.5,0.15252869937080463
1,prior,Rash,0.760196905766526,0.5,0.7600803582382529
1,prior,Rash erythematous,0.0759493670886076,0.5,0.07591198275408803
1,prior,Rash generalised,0.03727144866385373,0.5,0.03720682825945984
1,prior,Rash macular,0.035864978902953586,0.5,0.035830835830835836
1,prior,Rash maculo-papular,0.1209563994374121,0.5,0.12092118407907881
1,prior,Rash pustular,0.07524613220815753,0.5,0.07515817515817516
1,prior,Rectal haemorrhage,0.0970464135021097,0.5,0.09698284171968383
1,prior,Renal failure,0.23277074542897327,0.5,0.23260108312739894
1,prior,Renal failure acute,0.14838255977496484,0.5,0.14830537883169465
1,prior,Renal impairment,0.14838255977496484,0.5,0.14822282980177717
1,prior,Renal pain,0.047116736990154715,0.5,0.04706950943793049
1,prior,Respiratory arrest,0.035864978902953586,0.5,0.035905760905760906
1,prior,Respiratory depression,0.06469760900140648,0.5,0.06482123140017879
1,prior,Respiratory distress,0.06258790436005626,0.5,0.06261843419738157
1,prior,Respiratory failure,0.09915611814345991,0.5,0.09932050405734615
1,prior,Respiratory tract infection,0.05555555555555555,0.5,0.05548293811451706
1,prior,Rhabdomyolysis,0.09563994374120956,0.5,0.09556925530609742
1,prior,Rhinitis,0.26652601969057665,0.5,0.2664323395902343
1,prior,Rhinorrhoea,0.0850914205344585,0.5,0.08489773384510227
1,prior,Salivary hypersecretion,0.10618846694796062,0.5,0.10619117724380882
1,prior,Scotoma,0.07032348804500703,0.5,0.07037558932295775
1,prior,Seborrhoeic dermatitis,0.06469760900140648,0.5,0.06460355434039645
1,prior,Sensory loss,0.0850914205344585,0.5,0.08509008535324325
1,prior,Sepsis,0.13431786216596342,0.5,0.1342291918607708
1,prior,Serum sickness,0.040787623066104076,0.5,0.04074583311425417
1,prior,Sexual dysfunction,0.051336146272855133,0.5,0.051387121650279546
1,prior,Shock,0.41561181434599154,0.5,0.415704032809296
1,prior,Sinus bradycardia,0.04289732770745429,0.5,0.042946176630387155
1,prior,Sinus congestion,0.0450070323488045,0.5,0.04500867553499133
1,prior,Sinusitis,0.25035161744022505,0.5,0.25008824508824506
1,prior,Skin discolouration,0.09634317862165963,0.5,0.09623122491543543
1,prior,Skin disorder,0.44585091420534456,0.5,0.4457255025676078
1,prior,Skin exfoliation,0.1111111111111111,0.5,0.11121623990045042
1,prior,Skin hyperpigmentation,0.05485232067510549,0.5,0.0547768021452232
1,prior,Skin irritation,0.03867791842475387,0.5,0.03866046234467287
1,prior,Skin striae,0.03656821378340366,0.5,0.036445659603554344
1,prior,Skin ulcer,0.07735583684950774,0.5,0.07730050651103282
1,prior,Sleep disorder,0.13783403656821377,0.5,0.1377687225055646
1,prior,Sneezing,0.06258790436005626,0.5,0.06263070263070263
1,prior,Somnolence,0.46835443037974683,0.5,0.468484322694849
1,prior,Speech disorder,0.0829817158931083,0.5,0.08295458927037874
1,prior,Stevens-Johnson syndrome,0.22292545710267228,0.5,0.22280403806719593
1,prior,Stomatitis,0.2320675105485232,0.5,0.23193201535306796
1,prior,Stupor,0.06891701828410689,0.5,0.06888436125278231
1,prior,Sudden death,0.04289732770745429,0.5,0.04289850500376817
1,prior,Suicidal ideation,0.0639943741209564,0.5,0.06397208055102792
1,prior,Suicide attempt,0.04922644163150492,0.5,0.049229542387437125
1,prior,Supraventricular tachycardia,0.057665260196905765,0.5,0.05773831431726169
1,prior,Swelling,0.14486638537271448,0.5,0.1448238603501761
1,prior,Swelling face,0.03656821378340366,0.5,0.03656501393343499
1,prior,Syncope,0.35372714486638535,0.5,0.3538445764761554
1,prior,Systemic lupus erythematosus,0.053445850914205346,0.5,0.053460486881539517
1,prior,Tachycardia,0.4191279887482419,0.5,0.4192926371873741
1,prior,Tenderness,0.0850914205344585,0.5,0.08506993006993008
1,prior,Tension,0.30239099859353025,0.5,0.3024994303941672
1,prior,Thinking abnormal,0.08720112517580872,0.5,0.08729288255604045
1,prior,Thirst,0.1490857946554149,0.5,0.1489896945160103
1,prior,Throat irritation,0.04922644163150492,0.5,0.04921701105911632
1,prior,Throat tightness,0.03727144866385373,0.5,0.03720437457279563
1,prior,Thrombocytopenia,0.4212376933895921,0.5,0.4211698827488301
1,prior,Thrombocytopenic purpura,0.03867791842475387,0.5,0.03866019944967314
1,prior,Thrombocytosis,0.05977496483825598,0.5,0.05978880768354453
1,prior,Thrombophlebitis,0.14556962025316456,0.5,0.14555067739278266
1,prior,Thrombosis,0.07946554149085795,0.5,0.07947333368386
1,prior,Tinnitus,0.27637130801687765,0.5,0.27638852375694484
1,prior,Tongue discolouration,0.04149085794655415,0.5,0.0415072646651594
1,prior,Tongue disorder,0.0710267229254571,0.5,0.07095965438070702
1,prior,Tongue oedema,0.052742616033755275,0.5,0.05269090558564242
1,prior,Tooth disorder,0.05907172995780591,0.5,0.05900450426766216
1,prior,Toothache,0.05977496483825598,0.5,0.05968636626531363
1,prior,Torsade de pointes,0.0639943741209564,0.5,0.06389960916276706
1,prior,Toxic epidermal necrolysis,0.180028129395218,0.5,0.1798908109434425
1,prior,Transaminases increased,0.06891701828410689,0.5,0.0688568449094765
1,prior,Transient ischaemic attack,0.04922644163150492,0.5,0.04917179311916154
1,prior,Tremor,0.32770745428973275,0.5,0.32786336470546995
1,prior,Tubulointerstitial nephritis,0.08016877637130802,0.5,0.07999798447166868
1,prior,Ulcer,0.09282700421940929,0.5,0.09275759328390906
1,prior,Upper respiratory tract infection,0.2320675105485232,0.5,0.23176174702490493
1,prior,Urethral disorder,0.2714486638537271,0.5,0.2712841544420491
1,prior,Urinary incontinence,0.11251758087201125,0.5,0.11251976094081358
1,prior,Urinary retention,0.16736990154711673,0.5,0.16746087246087243
1,prior,Urinary tract disorder,0.26863572433192684,0.5,0.2684795905848537
1,prior,Urinary tract infection,0.24824191279887484,0.5,0.2480827067669173
1,prior,Urine abnormality,0.04571026722925457,0.5,0.045695707800970965
1,prior,Urine analysis abnormal,0.04992967651195499,0.5,0.04988388804178278
1,prior,Urine output increased,0.12236286919831224,0.5,0.12225441225441225
1,prior,Urticaria,0.5590717299578059,0.5,0.5589644565960356
1,prior,VIIth nerve paralysis,0.03727144866385373,0.5,0.03726431463273568
1,prior,Vaginal discharge,0.06047819971870605,0.5,0.060430622009569376
1,prior,Vaginal haemorrhage,0.08227848101265822,0.5,0.08225283488441383
1,prior,Vaginal infection,0.11673699015471167,0.5,0.11662048477837952
1,prior,Vaginal inflammation,0.10829817158931083,0.5,0.10818909161014423
1,prior,Vascular purpura,0.14135021097046413,0.5,0.14133524370366474
1,prior,Vasculitis,0.10689170182841069,0.5,0.10689783900310217
1,prior,Vasodilation procedure,0.09353023909985936,0.5,0.09358413516308253
1,prior,Ventricular arrhythmia,0.07032348804500703,0.5,0.07032818059133847
1,prior,Ventricular extrasystoles,0.090014064697609,0.5,0.09009034824824298
1,prior,Ventricular fibrillation,0.07243319268635724,0.5,0.0724982911825017
1,prior,Ventricular tachycardia,0.1019690576652602,0.5,0.10206074627127257
1,prior,Vertigo,0.3558368495077356,0.5,0.35561771561771566
1,prior,Viral infection,0.09142053445850915,0.5,0.09138107506528559
1,prior,Vision blurred,0.3227848101265823,0.5,0.32280395043552934
1,prior,Visual acuity reduced,0.052742616033755275,0.5,0.052730690362269315
1,prior,Visual impairment,0.2714486638537271,0.5,0.27145363408521306
1,prior,Vomiting,0.759493670886076,0.5,0.7594864784338469
1,prior,Vulvovaginal candidiasis,0.051336146272855133,0.5,0.051324727903675274
1,prior,Vulvovaginal mycotic infection,0.05555555555555555,0.5,0.05556794083109873
1,prior,Weight decreased,0.22433192686357242,0.5,0.22423725397409608
1,prior,Weight increased,0.23136427566807313,0.5,0.2313376097586624
1,prior,Wheezing,0.12165963431786217,0.5,0.121622675570044
1,prior,White blood cell count decreased,0.046413502109704644,0.5,0.04640727693359272
1,documentation flags + logreg,Abdominal discomfort,0.20253164556962025,0.6192453115732419,0.30898051768097645
1,documentation flags + logreg,Abdominal distension,0.20815752461322082,0.6105989617402131,0.3260921501236077
1,documentation flags + logreg,Abdominal pain,0.580168776371308,0.6305112193210023,0.7023567330726612
1,documentation flags + logreg,Abdominal pain upper,0.18846694796061886,0.5925367317659007,0.2710499157980329
1,documentation flags + logreg,Abnormal dreams,0.10548523206751055,0.6501556282035693,0.20205447015859573
1,documentation flags + logreg,Abscess,0.07805907172995781,0.5748070730805278,0.16550274212560265
1,documentation flags + logreg,Accommodation disorder,0.04922644163150492,0.6933158504923196,0.11799423370840278
1,documentation flags + logreg,Acidosis,0.0450070323488045,0.5272229973340741,0.09781899852082135
1,documentation flags + logreg,Acne,0.09282700421940929,0.5668663198900383,0.18441366997773503
1,documentation flags + logreg,Acute coronary syndrome,0.2348804500703235,0.636171029402975,0.3714081220345781
1,documentation flags + logreg,Affect lability,0.1617440225035162,0.6351125806898894,0.29105433314497653
1,documentation flags + logreg,Ageusia,0.07946554149085795,0.6440899568862053,0.16533673684029976
1,documentation flags + logreg,Aggression,0.0850914205344585,0.6558850189908567,0.17364352101695166
1,documentation flags + logreg,Agitation,0.3340365682137834,0.6238536891635068,0.4564608543955243
1,documentation flags + logreg,Agranulocytosis,0.23347398030942335,0.6987735098555741,0.39826257967902734
1,documentation flags + logreg,Akathisia,0.04852320675105485,0.7031422351577372,0.134140823927815
1,documentation flags + logreg,Alanine aminotransferase increased,0.19268635724331926,0.5957518312355895,0.28250231463150494
1,documentation flags + logreg,Albuminuria,0.0710267229254571,0.6270817170973386,0.1325683126139669
1,documentation flags + logreg,Alopecia,0.3108298171589311,0.6547457733882878,0.4658150361917766
1,documentation flags + logreg,Altered state of consciousness,0.040787623066104076,0.6675992956563437,0.09004875143269157
1,documentation flags + logreg,Amblyopia,0.07383966244725738,0.6419292744199674,0.1829759210850268
1,documentation flags + logreg,Amenorrhoea,0.08720112517580872,0.6396721251265794,0.19976704870775616
1,documentation flags + logreg,Amnesia,0.14486638537271448,0.6703294554308755,0.27477025038686653
1,documentation flags + logreg,Amylase increased,0.04430379746835443,0.38114875536692017,0.038710512576832
1,documentation flags + logreg,Anaemia,0.36146272855133615,0.6000672295286875,0.4564334215634013
1,documentation flags + logreg,Anaphylactic shock,0.4388185654008439,0.6578904853587871,0.6173034829831948
1,documentation flags + logreg,Anaphylactoid reaction,0.17651195499296765,0.592741709073386,0.28304370672423873
1,documentation flags + logreg,Angina pectoris,0.2039381153305204,0.6458537797679338,0.31712692372915885
1,documentation flags + logreg,Angioedema,0.37060478199718705,0.6848941553961494,0.5688617607639889
1,documentation flags + logreg,Angiopathy,0.319971870604782,0.5701661822713281,0.39778710046181925
1,documentation flags + logreg,Anorectal discomfort,0.051336146272855133,0.5995108359504633,0.11310062703143534
1,documentation flags + logreg,Anorectal disorder,0.04289732770745429,0.6436791392238472,0.10872225123383387
1,documentation flags + logreg,Anxiety,0.38466947960618847,0.6330917591084182,0.512755668023497
1,documentation flags + logreg,Apathy,0.06188466947960619,0.6397074948678272,0.12690028966260353
1,documentation flags + logreg,Aphasia,0.06047819971870605,0.5711981299200609,0.08919195970725993
1,documentation flags + logreg,Aphthous stomatitis,0.03938115330520394,0.6432163126912585,0.12614854189237956
1,documentation flags + logreg,Aplastic anaemia,0.11392405063291139,0.6716663982613251,0.22708645230963712
1,documentation flags + logreg,Apnoea,0.08368495077355836,0.5018208444243847,0.1211085472989972
1,documentation flags + logreg,Application site pain,0.04289732770745429,0.6049989844912922,0.0856030667441566
1,documentation flags + logreg,Application site reaction,0.03727144866385373,0.6290267122364579,0.10649677089655038
1,documentation flags + logreg,Arrhythmia,0.28621659634317864,0.6341888892454761,0.43647015849643794
1,documentation flags + logreg,Arrhythmia supraventricular,0.035161744022503515,0.520644120827189,0.04133625294503081
1,documentation flags + logreg,Arthralgia,0.4120956399437412,0.6365683399599146,0.5481766868951807
1,documentation flags + logreg,Arthritis,0.1568213783403657,0.6439392990663804,0.2673169888883171
1,documentation flags + logreg,Arthropathy,0.0949367088607595,0.7012922193118928,0.27738130266622474
1,documentation flags + logreg,Aspartate aminotransferase increased,0.1940928270042194,0.5764620810011022,0.24790399600117077
1,documentation flags + logreg,Asthenia,0.6371308016877637,0.6575183834075522,0.7607968905514412
1,documentation flags + logreg,Asthma,0.19057665260196907,0.6601793010690462,0.34618106680416333
1,documentation flags + logreg,Ataxia,0.1680731364275668,0.6634144812258667,0.2888620338939734
1,documentation flags + logreg,Atrial fibrillation,0.1469760900140647,0.6508821749375875,0.2535863981132137
1,documentation flags + logreg,Atrioventricular block,0.09423347398030943,0.6835538688242766,0.20174180659681315
1,documentation flags + logreg,Azotaemia,0.0450070323488045,0.6511371745539736,0.1426627837642938
1,documentation flags + logreg,Back pain,0.3509142053445851,0.5985775056880808,0.4463399828773397
1,documentation flags + logreg,Bacterial infection,0.03867791842475387,0.5640950293610982,0.06408012412409249
1,documentation flags + logreg,Balance disorder,0.04781997187060478,0.6178148099842377,0.10789500152603033
1,documentation flags + logreg,Bladder pain,0.11744022503516174,0.6651918434491296,0.2599107016888881
1,documentation flags + logreg,Blepharitis,0.05555555555555555,0.5421517541551998,0.10780822431986656
1,documentation flags + logreg,Blindness,0.052742616033755275,0.6968433615140918,0.18752575380418068
1,documentation flags + logreg,Blister,0.0710267229254571,0.6541383558619908,0.18244190872022023
1,documentation flags + logreg,Blood alkaline phosphatase increased,0.13431786216596342,0.6010135037245578,0.21249735116790142
1,documentation flags + logreg,Blood bilirubin increased,0.0970464135021097,0.5984638157873652,0.1394543621377374
1,documentation flags + logreg,Blood creatine phosphokinase increased,0.06821378340365682,0.6359433670023347,0.13720326798481175
1,documentation flags + logreg,Blood creatinine increased,0.1751054852320675,0.5910863018843239,0.2361538621330684
1,documentation flags + logreg,Blood disorder,0.08720112517580872,0.6471023186730223,0.17748389226983718
1,documentation flags + logreg,Blood glucose increased,0.046413502109704644,0.6325809310435163,0.08305373049206007
1,documentation flags + logreg,Blood lactate dehydrogenase increased,0.058368495077355836,0.5808401014585833,0.08661885864101507
1,documentation flags + logreg,Blood pressure increased,0.10337552742616034,0.5909815577460303,0.17626766697017673
1,documentation flags + logreg,Blood triglycerides increased,0.06751054852320675,0.5856080282309307,0.10819190572815887
1,documentation flags + logreg,Blood urea increased,0.1160337552742616,0.6290567580227444,0.19535542928062263
1,documentation flags + logreg,Blood uric acid increased,0.10618846694796062,0.6491889932939277,0.18171920365034905
1,documentation flags + logreg,Body temperature decreased,0.046413502109704644,0.5834275140433213,0.12051481847351339
1,documentation flags + logreg,Body temperature increased,0.5414908579465542,0.6232493302255754,0.6531650214986995
1,documentation flags + logreg,Bone disorder,0.08931082981715893,0.6541363729698423,0.1662412689184339
1,documentation flags + logreg,Bone pain,0.1090014064697609,0.5940576438360968,0.15913382358496167
1,documentation flags + logreg,Bradycardia,0.2559774964838256,0.6211136270558796,0.3947185870184265
1,documentation flags + logreg,Breast cancer,0.035864978902953586,0.6817821371359669,0.10863602002340818
1,documentation flags + logreg,Breast disorder,0.180028129395218,0.648042403707428,0.31303786049492494
1,documentation flags + logreg,Breast enlargement,0.06258790436005626,0.6389025729445357,0.13472421518927297
1,documentation flags + logreg,Breast pain,0.09142053445850915,0.6479761107560571,0.18693361271211215
1,documentation flags + logreg,Bronchitis,0.21167369901547117,0.6489078165033841,0.34958081508747674
1,documentation flags + logreg,Bronchospasm,0.20182841068917018,0.5714310180008106,0.29833471077711027
1,documentation flags + logreg,Bundle branch block,0.04571026722925457,0.6460218757513803,0.1112466187000273
1,documentation flags + logreg,Burning sensation,0.07172995780590717,0.525798656025143,0.10043501448289383
1,documentation flags + logreg,Bursitis,0.04360056258790436,0.6687118558060113,0.1326667046602607
1,documentation flags + logreg,Candida infection,0.11954992967651196,0.6396137001683739,0.21287582308845923
1,documentation flags + logreg,Cardiac arrest,0.16736990154711673,0.6117643439866023,0.26747023064584385
1,documentation flags + logreg,Cardiac disorder,0.29254571026722925,0.6020366731848725,0.38356937971967014
1,documentation flags + logreg,Cardiac failure,0.15330520393811534,0.6353038138519664,0.2540089565223146
1,documentation flags + logreg,Cardiac failure congestive,0.1441631504922644,0.616205812482909,0.2470102638890633
1,documentation flags + logreg,Cardiomyopathy,0.04360056258790436,0.5973658017520042,0.07735703025355575
1,documentation flags + logreg,Cardiovascular disorder,0.0850914205344585,0.617838954189145,0.1766560156378386
1,documentation flags + logreg,Cataract,0.10126582278481013,0.6334258413483721,0.24341566407221546
1,documentation flags + logreg,Cellulitis,0.09282700421940929,0.5319418681144252,0.11395490342380463
1,documentation flags + logreg,Cerebral haemorrhage,0.04922644163150492,0.6146848145892034,0.08074191391735952
1,documentation flags + logreg,Cerebral ischaemia,0.04219409282700422,0.6180433675714779,0.08035362029788562
1,documentation flags + logreg,Cerebrovascular accident,0.15822784810126583,0.6379397989042657,0.26245983215155533
1,documentation flags + logreg,Cerebrovascular disorder,0.035161744022503515,0.7378412357489087,0.12501677749893295
1,documentation flags + logreg,Chest discomfort,0.09634317862165963,0.5638048222159331,0.13817172106381218
1,documentation flags + logreg,Chest pain,0.38748241912798875,0.639876626350679,0.5255020020588237
1,documentation flags + logreg,Chills,0.3108298171589311,0.5739813897742974,0.3901486496973232
1,documentation flags + logreg,Cholecystitis,0.052742616033755275,0.599085301725739,0.1082619873735073
1,documentation flags + logreg,Cholelithiasis,0.06118143459915612,0.6137536477792166,0.12182708696209317
1,documentation flags + logreg,Cholestasis,0.07243319268635724,0.6708463215533766,0.14896703442209588
1,documentation flags + logreg,Coagulopathy,0.07524613220815753,0.5798432941838706,0.1330625638051011
1,documentation flags + logreg,Cognitive disorder,0.04219409282700422,0.6179114490285617,0.1717020136222616
1,documentation flags + logreg,Cold sweat,0.03867791842475387,0.5660882922221354,0.05298475693218117
1,documentation flags + logreg,Colitis,0.10478199718706048,0.6621191341784891,0.20553062586228857
1,documentation flags + logreg,Coma,0.1209563994374121,0.6387885169768527,0.22827456494476966
1,documentation flags + logreg,Completed suicide,0.04781997187060478,0.7194413437824261,0.1340352394499848
1,documentation flags + logreg,Confusional state,0.38255977496483823,0.648247770898094,0.5256753955963255
1,documentation flags + logreg,Conjunctival hyperaemia,0.0379746835443038,0.5693464317990565,0.07652753405518761
1,documentation flags + logreg,Conjunctivitis,0.23136427566807313,0.6446524338404143,0.385762736089114
1,documentation flags + logreg,Connective tissue disorder,0.2848101265822785,0.5857859958599898,0.36515902106832154
1,documentation flags + logreg,Constipation,0.4929676511954993,0.6624456331441884,0.6459698901443891
1,documentation flags + logreg,Contusion,0.09774964838255977,0.6314802337009554,0.2062614527866385
1,documentation flags + logreg,Convulsion,0.36357243319268634,0.6024464832467951,0.45795175481410144
1,documentation flags + logreg,Coordination abnormal,0.09915611814345991,0.6852503100297731,0.20901611141387724
1,documentation flags + logreg,Cough,0.4008438818565401,0.6188749545452724,0.5315010779217604
1,documentation flags + logreg,Cyanosis,0.06962025316455696,0.5422272852096385,0.10358531445497406
1,documentation flags + logreg,Cyst,0.06540084388185655,0.537994291287571,0.09181046275490265
1,documentation flags + logreg,Cystitis,0.10759493670886076,0.684436635016936,0.26642551685582316
1,documentation flags + logreg,Cystitis noninfective,0.10618846694796062,0.6827289648622261,0.26176094123454174
1,documentation flags + logreg,Deafness,0.1371308016877637,0.651057737739681,0.2537120010807015
1,documentation flags + logreg,Decreased appetite,0.4838255977496484,0.642843606084634,0.6044993774006568
1,documentation flags + logreg,Deep vein thrombosis,0.06680731364275667,0.6014544925891906,0.10651044721608213
1,documentation flags + logreg,Dehydration,0.17158931082981715,0.5607540130477335,0.2209611085170972
1,documentation flags + logreg,Delirium,0.07876230661040788,0.6644087887096483,0.15580689123340088
1,documentation flags + logreg,Delusion,0.06821378340365682,0.6460375236877495,0.16191529529301457
1,documentation flags + logreg,Dementia,0.03727144866385373,0.6149107842715764,0.09377708742137486
1,documentation flags + logreg,Depersonalisation,0.06188466947960619,0.6713884630816367,0.1531255366103413
1,documentation flags + logreg,Depressed level of consciousness,0.10126582278481013,0.6194975416434391,0.17411390968161305
1,documentation flags + logreg,Depressed mood,0.035864978902953586,0.5523917816509056,0.05711620038986912
1,documentation flags + logreg,Depression,0.22644163150492264,0.6273484748246213,0.3395586791353459
1,documentation flags + logreg,Dermatitis,0.7658227848101266,0.7076170632106085,0.8747987882812753
1,documentation flags + logreg,Dermatitis atopic,0.07454289732770746,0.6661541752364515,0.14208360243003745
1,documentation flags + logreg,Dermatitis bullous,0.14767932489451477,0.658047909546792,0.2745892325551343
1,documentation flags + logreg,Dermatitis contact,0.11181434599156118,0.6448944475388856,0.24038031433103288
1,documentation flags + logreg,Dermatitis exfoliative,0.14556962025316456,0.6771341019513829,0.26611007785262075
1,documentation flags + logreg,Diabetes mellitus,0.1441631504922644,0.6442569530180445,0.2740082722025642
1,documentation flags + logreg,Diarrhoea,0.6849507735583685,0.6479841856940441,0.7920160114462886
1,documentation flags + logreg,Diplopia,0.1518987341772152,0.6376177622919241,0.265222232810141
1,documentation flags + logreg,Discomfort,0.3924050632911392,0.6274988045872558,0.5229983274951834
1,documentation flags + logreg,Disorientation,0.12376933895921238,0.6228075506136936,0.19947623893513805
1,documentation flags + logreg,Disturbance in attention,0.09071729957805907,0.6631025306164082,0.18221098222958285
1,documentation flags + logreg,Disturbance in sexual arousal,0.16455696202531644,0.6407836394774442,0.262945477817763
1,documentation flags + logreg,Dizziness,0.7250351617440225,0.6560101330285203,0.833011653975721
1,documentation flags + logreg,Drug eruption,0.05414908579465542,0.7095258842952819,0.16180785034070472
1,documentation flags + logreg,Drug interaction,0.09353023909985936,0.712725722220362,0.24859293353517375
1,documentation flags + logreg,Drug withdrawal syndrome,0.04008438818565401,0.6972261454026278,0.1143954208121977
1,documentation flags + logreg,Dry eye,0.11462728551336146,0.6536971292459621,0.23937279889714916
1,documentation flags + logreg,Dry mouth,0.38959212376933894,0.6699328151959544,0.5588913293931663
1,documentation flags + logreg,Dry skin,0.18635724331926865,0.6089741685028708,0.2999704489876751
1,documentation flags + logreg,Duodenal ulcer,0.03938115330520394,0.609251727070206,0.11774191349027414
1,documentation flags + logreg,Dysarthria,0.09212376933895922,0.6560268374728363,0.19468226586298948
1,documentation flags + logreg,Dysgeusia,0.32208157524613223,0.6131067885954906,0.44853141481962683
1,documentation flags + logreg,Dyskinesia,0.09142053445850915,0.6822591902747492,0.19998319411365245
1,documentation flags + logreg,Dysmenorrhoea,0.09845288326300984,0.6896649829908442,0.2283181948909742
1,documentation flags + logreg,Dyspepsia,0.4908579465541491,0.6812465992588902,0.6678512133872159
1,documentation flags + logreg,Dysphagia,0.18565400843881857,0.6428014469710364,0.3030265188345577
1,documentation flags + logreg,Dysphonia,0.08649789029535865,0.673160299757898,0.1666918832359207
1,documentation flags + logreg,Dyspnoea,0.4908579465541491,0.618061084330767,0.6170993702552807
1,documentation flags + logreg,Dysuria,0.21026722925457103,0.6573759211650912,0.3633950012096772
1,documentation flags + logreg,Ear disorder,0.047116736990154715,0.641564099632405,0.09071560319886365
1,documentation flags + logreg,Ear infection,0.03727144866385373,0.6678971015960873,0.09083380129809702
1,documentation flags + logreg,Ear pain,0.12658227848101267,0.6172223270449886,0.2292458305625556
1,documentation flags + logreg,Ecchymosis,0.1279887482419128,0.635633415763689,0.2638174407343213
1,documentation flags + logreg,Eczema,0.13924050632911392,0.6704090685962928,0.25817752253388754
1,documentation flags + logreg,Electrocardiogram QT prolonged,0.05977496483825598,0.608619288019276,0.09508105353060105
1,documentation flags + logreg,Electrocardiogram abnormal,0.05977496483825598,0.6005890680354514,0.10422863865870373
1,documentation flags + logreg,Electrolyte imbalance,0.03656821378340366,0.6109110876139234,0.13002209400516498
1,documentation flags + logreg,Embolism,0.06751054852320675,0.6234306647873519,0.17362979159197606
1,documentation flags + logreg,Embolism venous,0.051336146272855133,0.5992359539129202,0.14908608802416506
1,documentation flags + logreg,Encephalopathy,0.056962025316455694,0.626873900017215,0.09103220697414602
1,documentation flags + logreg,Endocrine disorder,0.09071729957805907,0.6036002728982556,0.16287864433491445
1,documentation flags + logreg,Endophthalmitis,0.04149085794655415,0.6681113959070275,0.10332983140852994
1,documentation flags + logreg,Eosinophilia,0.2039381153305204,0.6623995411852377,0.32389669648315456
1,documentation flags + logreg,Epigastric discomfort,0.04289732770745429,0.6623138119765825,0.08941196089941837
1,documentation flags + logreg,Epilepsy,0.03727144866385373,0.6251180477425211,0.13381675549145172
1,documentation flags + logreg,Epistaxis,0.2468354430379747,0.6837528187484166,0.4227951537154161
1,documentation flags + logreg,Erectile dysfunction,0.2109704641350211,0.6954062377912743,0.3875135322817688
1,documentation flags + logreg,Eructation,0.1090014064697609,0.6377493832313824,0.2198291145245123
1,documentation flags + logreg,Erythema,0.339662447257384,0.5876517694292746,0.44895943743819755
1,documentation flags + logreg,Erythema multiforme,0.27355836849507736,0.682443384292419,0.4436177120798532
1,documentation flags + logreg,Erythema nodosum,0.03867791842475387,0.6742203325401626,0.13047851401538152
1,documentation flags + logreg,Euphoric mood,0.11954992967651196,0.6769147604925256,0.24814442804131084
1,documentation flags + logreg,Extrapyramidal disorder,0.07172995780590717,0.7234803314508779,0.20641618518517196
1,documentation flags + logreg,Extrasystoles,0.07735583684950774,0.6490545705635588,0.14885674466476234
1,documentation flags + logreg,Extravasation,0.07524613220815753,0.5399719208646465,0.10682499100984544
1,documentation flags + logreg,Eye disorder,0.28621659634317864,0.6175634891065703,0.4071335522022057
1,documentation flags + logreg,Eye haemorrhage,0.04289732770745429,0.6323833050507739,0.13587055721504898
1,documentation flags + logreg,Eye irritation,0.090014064697609,0.5923415690467222,0.1390901635583804
1,documentation flags + logreg,Eye pain,0.14064697609001406,0.614589540975256,0.23514739835857057
1,documentation flags + logreg,Eye pruritus,0.0379746835443038,0.6221969036350442,0.08584609544726994
1,documentation flags + logreg,Eyelid oedema,0.04289732770745429,0.6129683226094611,0.0699077975726249
1,documentation flags + logreg,Face oedema,0.17088607594936708,0.6388846887233116,0.2867960906866225
1,documentation flags + logreg,Faecal incontinence,0.04781997187060478,0.5092876316080299,0.08991880049151313
1,documentation flags + logreg,Fatigue,0.510548523206751,0.6465914240864674,0.6575546945432489
1,documentation flags + logreg,Febrile neutropenia,0.05977496483825598,0.5690411985427722,0.07459916544567759
1,documentation flags + logreg,Feeling abnormal,0.5133614627285513,0.6613313213067863,0.6713802080264495
1,documentation flags + logreg,Feeling hot,0.08227848101265822,0.5350552675463842,0.10536764685304571
1,documentation flags + logreg,Flank pain,0.035161744022503515,0.5687588729243677,0.06281117175250515
1,documentation flags + logreg,Flat affect,0.06258790436005626,0.6443861050517682,0.13578968170714995
1,documentation flags + logreg,Flatulence,0.3143459915611814,0.6688579480358012,0.47040869846703603
1,documentation flags + logreg,Fluid overload,0.0379746835443038,0.6061534366114637,0.07648348165770893
1,documentation flags + logreg,Fluid retention,0.1160337552742616,0.6536885839922694,0.2675700269363928
1,documentation flags + logreg,Flushing,0.30028129395218,0.587437978433974,0.38707398044315566
1,documentation flags + logreg,Foetor hepaticus,0.05063291139240506,0.6588741072250027,0.10873691798932739
1,documentation flags + logreg,Folliculitis,0.0639943741209564,0.5105518653011447,0.11526196150211096
1,documentation flags + logreg,Fracture,0.05485232067510549,0.7212208040138159,0.20912054660571097
1,documentation flags + logreg,Fungal infection,0.07946554149085795,0.6164853353598799,0.1900920711974423
1,documentation flags + logreg,Fungal skin infection,0.03656821378340366,0.5737934961164607,0.10118667764677
1,documentation flags + logreg,Furuncle,0.04289732770745429,0.5710351939597279,0.11283713100402586
1,documentation flags + logreg,Gait disturbance,0.10056258790436005,0.6310665871288978,0.16698029852786297
1,documentation flags + logreg,Galactorrhoea,0.05977496483825598,0.728304098623213,0.18191933699607699
1,documentation flags + logreg,Gamma-glutamyltransferase increased,0.0829817158931083,0.5919978707489237,0.12507297623918473
1,documentation flags + logreg,Gastric ulcer,0.05063291139240506,0.6538599504210424,0.13936111219546554
1,documentation flags + logreg,Gastritis,0.18424753867791843,0.6469422940894829,0.308584162105535
1,documentation flags + logreg,Gastroenteritis,0.13853727144866385,0.6462157686635313,0.2670501858915739
1,documentation flags + logreg,Gastrointestinal disorder,0.5210970464135021,0.5909525137940552,0.5970480878994591
1,documentation flags + logreg,Gastrointestinal haemorrhage,0.15330520393811534,0.6074122976984326,0.24127560100955187
1,documentation flags + logreg,Gastrointestinal pain,0.5478199718706048,0.6358864102750484,0.6778777880233026
1,documentation flags + logreg,Gastrooesophageal reflux disease,0.09915611814345991,0.6389389962324563,0.18826292439645934
1,documentation flags + logreg,Generalised oedema,0.053445850914205346,0.5825529076201199,0.11930870863437804
1,documentation flags + logreg,Gingival bleeding,0.05414908579465542,0.6158287152963083,0.13415891850005315
1,documentation flags + logreg,Gingivitis,0.07383966244725738,0.6225870772034654,0.14208182171119768
1,documentation flags + logreg,Glaucoma,0.07805907172995781,0.6690207172182874,0.20142347104426395
1,documentation flags + logreg,Glossitis,0.09774964838255977,0.6773435553718026,0.22212174467556806
1,documentation flags + logreg,Glycosuria,0.08579465541490858,0.6440869694539272,0.19448114964872598
1,documentation flags + logreg,Gout,0.09774964838255977,0.6722844994510563,0.1958472470661533
1,documentation flags + logreg,Grand mal convulsion,0.0379746835443038,0.6560269859323578,0.10593581155264034
1,documentation flags + logreg,Gynaecomastia,0.12517580872011252,0.7164824422301517,0.29537647992569255
1,documentation flags + logreg,Haematemesis,0.07032348804500703,0.707758644786726,0.19256310289719175
1,documentation flags + logreg,Haematochezia,0.035864978902953586,0.6546241853079134,0.09432947376253051
1,documentation flags + logreg,Haematocrit decreased,0.0379746835443038,0.6012617511240146,0.06689748713352431
1,documentation flags + logreg,Haematoma,0.07172995780590717,0.6032120832078206,0.1362031896268714
1,documentation flags + logreg,Haematuria,0.2369901547116737,0.6075495435400431,0.3273688182147913
1,documentation flags + logreg,Haemoglobin,0.2679324894514768,0.5814570342121634,0.37540762519820936
1,documentation flags + logreg,Haemoglobin decreased,0.07383966244725738,0.605172160043766,0.1243601281810259
1,documentation flags + logreg,Haemolytic anaemia,0.14064697609001406,0.6927359909100841,0.2602937251532865
1,documentation flags + logreg,Haemoptysis,0.08157524613220815,0.5709452540121251,0.14516152169128893
1,documentation flags + logreg,Haemorrhage,0.26933895921237694,0.5809993342419927,0.3761066333714519
1,documentation flags + logreg,Haemorrhage intracranial,0.04008438818565401,0.5680768997143693,0.0580320126783019
1,documentation flags + logreg,Haemorrhoids,0.05907172995780591,0.6261304761569312,0.13101083127448285
1,documentation flags + logreg,Hallucination,0.24261603375527427,0.6459135871567353,0.391047651540375
1,documentation flags + logreg,Headache,0.7805907172995781,0.6608697059894878,0.8622124662848328
1,documentation flags + logreg,Hearing impaired,0.10056258790436005,0.6194638216262184,0.17896513487270743
1,documentation flags + logreg,Hepatic enzyme increased,0.09634317862165963,0.6585613587382159,0.19258372537549712
1,documentation flags + logreg,Hepatic failure,0.1441631504922644,0.6443043643699258,0.26276349177062713
1,documentation flags + logreg,Hepatic function abnormal,0.12939521800281295,0.6689981786510033,0.26790675675838393
1,documentation flags + logreg,Hepatic necrosis,0.052742616033755275,0.6333731849083708,0.16261555267252503
1,documentation flags + logreg,Hepatitis,0.2552742616033755,0.6876516749569411,0.41669728681902607
1,documentation flags + logreg,Hepatobiliary disease,0.24120956399437413,0.6262810431701777,0.35873238221882797
1,documentation flags + logreg,Hepatocellular injury,0.10478199718706048,0.6275586813052518,0.18891985894343555
1,documentation flags + logreg,Hepatomegaly,0.06891701828410689,0.6355855359618094,0.177873997868094
1,documentation flags + logreg,Hepatotoxicity,0.07946554149085795,0.5730328928915189,0.1104066416446575
1,documentation flags + logreg,Hernia,0.03727144866385373,0.6373261317106683,0.12413794168760979
1,documentation flags + logreg,Herpes simplex,0.09353023909985936,0.6358285699480122,0.18936999886680939
1,documentation flags + logreg,Herpes zoster,0.08157524613220815,0.5811965873159013,0.14264913394880988
1,documentation flags + logreg,Hiccups,0.10267229254571027,0.6008102547314389,0.23633652333149852
1,documentation flags + logreg,Hirsutism,0.06118143459915612,0.6448574854445341,0.16527984283051297
1,documentation flags + logreg,Hostility,0.047116736990154715,0.6892914325391531,0.16717680504422666
1,documentation flags + logreg,Hot flush,0.15611814345991562,0.599934983856609,0.22444601403751774
1,documentation flags + logreg,Hyperaesthesia,0.07524613220815753,0.6134799649342939,0.138839658063893
1,documentation flags + logreg,Hyperbilirubinaemia,0.0970464135021097,0.5655305140022724,0.1472476760625348
1,documentation flags + logreg,Hypercalcaemia,0.0710267229254571,0.5610851775806305,0.10528006758679602
1,documentation flags + logreg,Hypercholesterolaemia,0.09915611814345991,0.6062925296694179,0.15504347781942318
1,documentation flags + logreg,Hyperglycaemia,0.23417721518987342,0.6322515303475077,0.3478856015086843
1,documentation flags + logreg,Hyperhidrosis,0.42334739803094235,0.6217754380113755,0.5454483357460174
1,documentation flags + logreg,Hyperkalaemia,0.11040787623066103,0.6006841189423477,0.16973311256164073
1,documentation flags + logreg,Hyperkinesia,0.11954992967651196,0.6481490398290369,0.23565699363599343
1,documentation flags + logreg,Hyperlipidaemia,0.0639943741209564,0.6485325056992265,0.1309230519601515
1,documentation flags + logreg,Hypernatraemia,0.052742616033755275,0.6282558926997681,0.17646579794977435
1,documentation flags + logreg,Hyperreflexia,0.040787623066104076,0.6263669754062968,0.1036756913054137
1,documentation flags + logreg,Hypersensitivity,0.6315049226441631,0.622436195168935,0.7350482719593067
1,documentation flags + logreg,Hypertension,0.39732770745428975,0.6081350229610962,0.5125282442437166
1,documentation flags + logreg,Hyperthyroidism,0.035864978902953586,0.6290185890053452,0.09849598071292562
1,documentation flags + logreg,Hypertonia,0.12376933895921238,0.6415871900478359,0.2589324231939874
1,documentation flags + logreg,Hypertrichosis,0.03656821378340366,0.6568254054542995,0.1416353067687838
1,documentation flags + logreg,Hypertriglyceridaemia,0.05625879043600562,0.5433353634506624,0.0803151531922702
1,documentation flags + logreg,Hyperuricaemia,0.09774964838255977,0.6396543108577202,0.1632026449998578
1,documentation flags + logreg,Hyperventilation,0.06469760900140648,0.6172751822459746,0.15219644640754387
1,documentation flags + logreg,Hypoaesthesia,0.2559774964838256,0.6032498789850478,0.35726063478036296
1,documentation flags + logreg,Hypocalcaemia,0.0949367088607595,0.5759252988681737,0.15558541677463972
1,documentation flags + logreg,Hypoglycaemia,0.1568213783403657,0.613969934812771,0.25784896604296076
1,documentation flags + logreg,Hypokalaemia,0.18143459915611815,0.5896007712535687,0.27206721904784453
1,documentation flags + logreg,Hypokinesia,0.05907172995780591,0.6708312625235255,0.1498909854613478
1,documentation flags + logreg,Hypomagnesaemia,0.06047819971870605,0.5709917099484673,0.09627376648772715
1,documentation flags + logreg,Hyponatraemia,0.1540084388185654,0.6287235994853808,0.25969963534017254
1,documentation flags + logreg,Hypophosphataemia,0.056962025316455694,0.5318325989826486,0.07445435422570315
1,documentation flags + logreg,Hyporeflexia,0.0379746835443038,0.6706217081607848,0.11762389111708546
1,documentation flags + logreg,Hypotension,0.4676511954992968,0.6063909318617683,0.5716328682817192
1,documentation flags + logreg,Hypothermia,0.046413502109704644,0.5834275140433213,0.12051481847351339
1,documentation flags + logreg,Hypothyroidism,0.06329113924050633,0.6102941479427628,0.13862257674819295
1,documentation flags + logreg,Hypotonia,0.04571026722925457,0.666044644363068,0.103880836217407
1,documentation flags + logreg,Hypoxia,0.06047819971870605,0.5288349966204094,0.10271888129468612
1,documentation flags + logreg,Ileus,0.07032348804500703,0.595752505619175,0.1225212474994772
1,documentation flags + logreg,Ileus paralytic,0.035161744022503515,0.6092843164289647,0.053812305001503025
1,documentation flags + logreg,Ill-defined disorder,0.34247538677918427,0.6329777228841864,0.479896282288747
1,documentation flags + logreg,Immune system disorder,0.3150492264416315,0.5996972144075248,0.41535959480285456
1,documentation flags + logreg,Impaired healing,0.04430379746835443,0.6183304063468936,0.13689590536959997
1,documentation flags + logreg,Inappropriate antidiuretic hormone secretion,0.04922644163150492,0.6837450390851268,0.12624048457749196
1,documentation flags + logreg,Increased appetite,0.1568213783403657,0.683612045294703,0.32651941656354266
1,documentation flags + logreg,Induration,0.04149085794655415,0.5824742555777993,0.05595457001090705
1,documentation flags + logreg,Infection,0.4212376933895921,0.6156538601768856,0.5347064017264552
1,documentation flags + logreg,Infestation,0.24753867791842477,0.5756670123316044,0.31452790799859015
1,documentation flags + logreg,Inflammation,0.10829817158931083,0.5804233691357632,0.16654487348217245
1,documentation flags + logreg,Influenza,0.1990154711673699,0.664057162287282,0.3307420116506622
1,documentation flags + logreg,Influenza like illness,0.1160337552742616,0.6023582168745947,0.18370971475651138
1,documentation flags + logreg,Injection site pain,0.10267229254571027,0.5507463803723701,0.14489788759929295
1,documentation flags + logreg,Injection site reaction,0.13853727144866385,0.5794041466722255,0.19859052024676221
1,documentation flags + logreg,Injury,0.14556962025316456,0.6401475198712113,0.28920077986630677
1,documentation flags + logreg,Insomnia,0.4739803094233474,0.6770143101256728,0.6567050310954332
1,documentation flags + logreg,Interstitial lung disease,0.06891701828410689,0.6085267237641373,0.11539934978121416
1,documentation flags + logreg,Intestinal obstruction,0.06469760900140648,0.6610731310914335,0.14127286280010498
1,documentation flags + logreg,Intracranial pressure increased,0.03938115330520394,0.5464409158229546,0.11999517843503982
1,documentation flags + logreg,Intraocular pressure increased,0.04430379746835443,0.5902050646407577,0.11424125212882133
1,documentation flags + logreg,Irritability,0.1617440225035162,0.6502587864667646,0.2790204732899974
1,documentation flags + logreg,Jaundice,0.23136427566807313,0.6948833247736237,0.41163349761725526
1,documentation flags + logreg,Jaundice cholestatic,0.0949367088607595,0.6804394816102087,0.20231412614368263
1,documentation flags + logreg,Joint swelling,0.0450070323488045,0.7294488014743482,0.12229739505845036
1,documentation flags + logreg,Keratitis,0.06047819971870605,0.6296673620119669,0.11657386207029163
1,documentation flags + logreg,Lacrimal disorder,0.0379746835443038,0.5803958501544451,0.08100752658950719
1,documentation flags + logreg,Lacrimation increased,0.1019690576652602,0.5139095536301126,0.13317223635556102
1,documentation flags + logreg,Laryngeal oedema,0.0639943741209564,0.5443109480004711,0.11191352706040847
1,documentation flags + logreg,Laryngeal pain,0.07313642756680731,0.5931509533647346,0.10993157533310811
1,documentation flags + logreg,Laryngitis,0.06821378340365682,0.6825204461521948,0.1521010082609088
1,documentation flags + logreg,Laryngospasm,0.07243319268635724,0.6054433474617033,0.14600470670241936
1,documentation flags + logreg,Lethargy,0.15611814345991562,0.6402623633334583,0.2703699483047078
1,documentation flags + logreg,Leukocytoclastic vasculitis,0.03938115330520394,0.6825546790072593,0.10583741032720875
1,documentation flags + logreg,Leukocytosis,0.10548523206751055,0.5882375199542181,0.19404435206527643
1,documentation flags + logreg,Leukoderma,0.04430379746835443,0.6297260842646717,0.12647581119515766
1,documentation flags + logreg,Leukopenia,0.35864978902953587,0.6403607434889328,0.47609754350924405
1,documentation flags + logreg,Libido decreased,0.14767932489451477,0.6462463032311007,0.24020381645608174
1,documentation flags + logreg,Libido increased,0.057665260196905765,0.605490033713836,0.11729766735514568
1,documentation flags + logreg,Liver disorder,0.06610407876230662,0.6501429795920215,0.13696501348393014
1,documentation flags + logreg,Liver function test abnormal,0.17440225035161744,0.625343277952785,0.26197372525235185
1,documentation flags + logreg,Liver injury,0.08649789029535865,0.6094945362887416,0.1495194914826929
1,documentation flags + logreg,Local reaction,0.053445850914205346,0.6410834803947203,0.11304702016114695
1,documentation flags + logreg,Loss of consciousness,0.37060478199718705,0.6442589971384447,0.5227014150948736
1,documentation flags + logreg,Loss of libido,0.03867791842475387,0.7203099574825372,0.12211771478613993
1,documentation flags + logreg,Lung disorder,0.05414908579465542,0.5722616139834544,0.08696294391770984
1,documentation flags + logreg,Lung infiltration,0.04289732770745429,0.5843053262292638,0.05692069497112625
1,documentation flags + logreg,Lymphadenopathy,0.13291139240506328,0.6277271711338479,0.23952925645642673
1,documentation flags + logreg,Lymphopenia,0.05063291139240506,0.5122640115833829,0.06275794295095623
1,documentation flags + logreg,Malaise,0.35372714486638535,0.6349291440552369,0.4946295488497043
1,documentation flags + logreg,Malnutrition,0.33122362869198313,0.5817478688188662,0.416509592611843
1,documentation flags + logreg,Mania,0.06751054852320675,0.6805710620838081,0.18490478177362016
1,documentation flags + logreg,Mediastinal disorder,0.31856540084388185,0.588260771735462,0.4112151151357747
1,documentation flags + logreg,Melaena,0.10970464135021098,0.639978938446548,0.23340775786956164
1,documentation flags + logreg,Memory impairment,0.07735583684950774,0.6674975286059988,0.1634051379665751
1,documentation flags + logreg,Meningitis,0.03867791842475387,0.63810800303164,0.14520976936370414
1,documentation flags + logreg,Menopausal symptoms,0.1589310829817159,0.6003554022178255,0.22871459388534027
1,documentation flags + logreg,Menorrhagia,0.07524613220815753,0.6779728294631024,0.17633166395833572
1,documentation flags + logreg,Menstrual disorder,0.06469760900140648,0.7086684585610002,0.19700739433485986
1,documentation flags + logreg,Menstruation irregular,0.05555555555555555,0.6620204910636177,0.1539620554829361
1,documentation flags + logreg,Mental disability,0.12306610407876231,0.6508266875452249,0.21260293128706448
1,documentation flags + logreg,Mental disorder,0.3227848101265823,0.6049376770521973,0.43921788868970707
1,documentation flags + logreg,Metrorrhagia,0.07172995780590717,0.6542660731896492,0.18522055408452118
1,documentation flags + logreg,Micturition urgency,0.05414908579465542,0.5550606883011877,0.10263985282377841
1,documentation flags + logreg,Migraine,0.16455696202531644,0.6534547974557542,0.28879362361856564
1,documentation flags + logreg,Mood swings,0.17088607594936708,0.639326859181885,0.3186116297690112
1,documentation flags + logreg,Mouth ulceration,0.1209563994374121,0.6420581059384858,0.22622851783150688
1,documentation flags + logreg,Mucosal inflammation,0.05625879043600562,0.5539866964697245,0.07784696532929804
1,documentation flags + logreg,Multiple fractures,0.05485232067510549,0.7212208040138159,0.20912054660571097
1,documentation flags + logreg,Muscle contractions involuntary,0.03867791842475387,0.5960255416121163,0.07383701688015679
1,documentation flags + logreg,Muscle relaxant therapy,0.04289732770745429,0.6858658193842622,0.10682968965374229
1,documentation flags + logreg,Muscle rigidity,0.04360056258790436,0.632430846161995,0.08983953863113418
1,documentation flags + logreg,Muscle spasms,0.340365682137834,0.6371316972804735,0.48223326031668884
1,documentation flags + logreg,Muscle twitching,0.10267229254571027,0.6514975469959415,0.20947692600065296
1,documentation flags + logreg,Muscular weakness,0.19760900140646975,0.6275993029828808,0.3314711086055334
1,documentation flags + logreg,Musculoskeletal discomfort,0.4859353023909986,0.6399357845396625,0.6309268479806049
1,documentation flags + logreg,Musculoskeletal pain,0.11673699015471167,0.6174318739976078,0.19347542988848154
1,documentation flags + logreg,Musculoskeletal stiffness,0.09774964838255977,0.6372071344107223,0.19210019338309214
1,documentation flags + logreg,Myalgia,0.39943741209563993,0.6386790746279873,0.5597388830506808
1,documentation flags + logreg,Mydriasis,0.07665260196905767,0.6218821508305508,0.14830312629777015
1,documentation flags + logreg,Myocardial infarction,0.2348804500703235,0.6446358360634614,0.3774609615182
1,documentation flags + logreg,Myocardial ischaemia,0.08227848101265822,0.5365427667145587,0.10434390184454076
1,documentation flags + logreg,Myoclonus,0.05485232067510549,0.6577310614762526,0.12189531243508436
1,documentation flags + logreg,Myopathy,0.07665260196905767,0.6247809153459659,0.18089766016168868
1,documentation flags + logreg,Myositis,0.0450070323488045,0.5915519914399038,0.11355344936551275
1,documentation flags + logreg,Nail disorder,0.06047819971870605,0.6032904445255401,0.11629181640469755
1,documentation flags + logreg,Nasal congestion,0.1441631504922644,0.6132620383608126,0.2246217880066514
1,documentation flags + logreg,Nasopharyngitis,0.20042194092827004,0.6051524807910978,0.2795632714465099
1,documentation flags + logreg,Nausea,0.8438818565400844,0.6592173409130192,0.9025868991721531
1,documentation flags + logreg,Neck pain,0.10548523206751055,0.6248355316791704,0.18073855624433816
1,documentation flags + logreg,Necrosis,0.06962025316455696,0.5734534261435604,0.18481716403203058
1,documentation flags + logreg,Neoplasm,0.12447257383966245,0.5540979288345762,0.19040343308581995
1,documentation flags + logreg,Neoplasm malignant,0.09423347398030943,0.5526727454482607,0.14509560117957765
1,documentation flags + logreg,Nephrolithiasis,0.0808720112517581,0.6226812156911059,0.14665884370283186
1,documentation flags + logreg,Nephropathy,0.04289732770745429,0.5902268625692391,0.09134434261497915
1,documentation flags + logreg,Nephropathy toxic,0.053445850914205346,0.6641462301247802,0.10208475754360083
1,documentation flags + logreg,Nephrotic syndrome,0.04430379746835443,0.6213464559446243,0.10216476437307498
1,documentation flags + logreg,Nervous system disorder,0.4409282700421941,0.5884672809021307,0.5289707337903664
1,documentation flags + logreg,Nervousness,0.3059071729957806,0.6801156471227539,0.4808907976848274
1,documentation flags + logreg,Neuralgia,0.06821378340365682,0.6391869038989352,0.14803116217784162
1,documentation flags + logreg,Neuritis,0.07172995780590717,0.6458945261697713,0.21219620421799212
1,documentation flags + logreg,Neuroleptic malignant syndrome,0.04360056258790436,0.6862213504520616,0.12812980391285764
1,documentation flags + logreg,Neuropathy peripheral,0.2390998593530239,0.6428912491736474,0.3824123792356165
1,documentation flags + logreg,Neutropenia,0.21940928270042195,0.6088413110620828,0.3109139370953692
1,documentation flags + logreg,Night sweats,0.05555555555555555,0.4663867600498091,0.05737417464819653
1,documentation flags + logreg,Nightmare,0.10407876230661041,0.6905242682011569,0.22903679550570527
1,documentation flags + logreg,Nocturia,0.09563994374120956,0.6416126011661194,0.19286827940099133
1,documentation flags + logreg,Nuchal rigidity,0.04852320675105485,0.6301656035995188,0.15535018195085404
1,documentation flags + logreg,Nystagmus,0.06821378340365682,0.6738183401857113,0.15184081161356727
1,documentation flags + logreg,Ocular hyperaemia,0.04008438818565401,0.5782513700453056,0.058188413832849374
1,documentation flags + logreg,Oedema,0.4015471167369902,0.6391242573525294,0.5369592674933706
1,documentation flags + logreg,Oedema peripheral,0.2876230661040788,0.6153839737486806,0.39610616526692494
1,documentation flags + logreg,Oesophagitis,0.12025316455696203,0.6719000741325653,0.27647422002010485
1,documentation flags + logreg,Oliguria,0.09212376933895922,0.6359342036449274,0.1866126259645219
1,documentation flags + logreg,Opportunistic infection,0.0379746835443038,0.4549661858022131,0.11116463025160606
1,documentation flags + logreg,Optic neuritis,0.06610407876230662,0.6622495289314836,0.20436216398239532
1,documentation flags + logreg,Oral candidiasis,0.06751054852320675,0.606104474142335,0.11069599212668686
1,documentation flags + logreg,Oropharyngeal discomfort,0.07454289732770746,0.6569919857880003,0.14716904855271182
1,documentation flags + logreg,Oropharyngeal pain,0.10407876230661041,0.6132515159203908,0.1559735806058975
1,documentation flags + logreg,Orthostatic hypotension,0.17862165963431786,0.6359898056762135,0.27082469760440386
1,documentation flags + logreg,Osteoarthritis,0.15611814345991562,0.6798616230109771,0.3261153403129641
1,documentation flags + logreg,Osteonecrosis,0.035161744022503515,0.616314294152823,0.13953365119662048
1,documentation flags + logreg,Osteoporosis,0.05977496483825598,0.6384176560184631,0.15811251918672906
1,documentation flags + logreg,Otitis media,0.07243319268635724,0.6941099932906877,0.20919029341669737
1,documentation flags + logreg,Pain,0.5203938115330521,0.6074658901291576,0.6292720697050868
1,documentation flags + logreg,Pain in extremity,0.17932489451476794,0.6054321292953639,0.27378352873358985
1,documentation flags + logreg,Pallor,0.09563994374120956,0.5995345868458399,0.15373077322569703
1,documentation flags + logreg,Palpitations,0.3551336146272855,0.6903646087091789,0.5395674325475974
1,documentation flags + logreg,Pancreatitis,0.22292545710267228,0.6625469656213664,0.39069985529768764
1,documentation flags + logreg,Pancreatitis acute,0.04219409282700422,0.6529078413089708,0.14208714832218622
1,documentation flags + logreg,Pancytopenia,0.2088607594936709,0.6160776417987569,0.30424228653086866
1,documentation flags + logreg,Paraesthesia,0.45639943741209565,0.6440358122143376,0.6111278496758137
1,documentation flags + logreg,Paraesthesia oral,0.04149085794655415,0.5589824649384069,0.08178792226937379
1,documentation flags + logreg,Paralysis,0.06680731364275667,0.618411817842268,0.13521551719405941
1,documentation flags + logreg,Paranoia,0.06258790436005626,0.6348066822284838,0.1210869580805732
1,documentation flags + logreg,Parkinsonism,0.03656821378340366,0.6351391186833503,0.08185793973894993
1,documentation flags + logreg,Parosmia,0.06329113924050633,0.6256748682815165,0.13670651827474428
1,documentation flags + logreg,Pelvic pain,0.057665260196905765,0.5799781338339297,0.12325601665536381
1,documentation flags + logreg,Peptic ulcer,0.06821378340365682,0.6783860845189873,0.20640601469742106
1,documentation flags + logreg,Pericardial effusion,0.035161744022503515,0.4877096285098855,0.03736807955967723
1,documentation flags + logreg,Pericarditis,0.03867791842475387,0.6008491161415026,0.0639443867609715
1,documentation flags + logreg,Periorbital oedema,0.035161744022503515,0.5399521788928648,0.05071762435517811
1,documentation flags + logreg,Peripheral coldness,0.03938115330520394,0.6328579221018661,0.08901691006880888
1,documentation flags + logreg,Peripheral vascular disorder,0.04289732770745429,0.5744115409506898,0.08981614251553224
1,documentation flags + logreg,Personality disorder,0.03656821378340366,0.5061394485463822,0.08184597938483874
1,documentation flags + logreg,Petechiae,0.0850914205344585,0.6392102263293653,0.20315900625312794
1,documentation flags + logreg,Pharyngitis,0.270042194092827,0.6484643773463251,0.41985494203322915
1,documentation flags + logreg,Phlebitis,0.1209563994374121,0.6061787315222895,0.19403969488423853
1,documentation flags + logreg,Photophobia,0.11251758087201125,0.5935293844986564,0.16951605509856005
1,documentation flags + logreg,Photosensitivity reaction,0.21308016877637131,0.705481959650975,0.39872820993812497
1,documentation flags + logreg,Platelet count decreased,0.057665260196905765,0.5848661574719357,0.09523880255550018
1,documentation flags + logreg,Pleural effusion,0.08157524613220815,0.5679129409066848,0.12040094654418756
1,documentation flags + logreg,Pneumonia,0.23628691983122363,0.6323443673027356,0.3485886319138523
1,documentation flags + logreg,Pneumothorax,0.0450070323488045,0.542948443076545,0.11280460894458248
1,documentation flags + logreg,Pollakiuria,0.2109704641350211,0.655762550598301,0.36141858978618224
1,documentation flags + logreg,Polyp,0.05907172995780591,0.5350443542657163,0.08854246366004828
1,documentation flags + logreg,Polyuria,0.13853727144866385,0.6582729322645078,0.25901242333282115
1,documentation flags + logreg,Pregnancy,0.04992967651195499,0.6410675968373963,0.11219946412110762
1,documentation flags + logreg,Priapism,0.04571026722925457,0.5851245708956846,0.0928542549688202
1,documentation flags + logreg,Proctalgia,0.04360056258790436,0.5939871722002777,0.10169376844287781
1,documentation flags + logreg,Protein urine present,0.09634317862165963,0.5828005836123719,0.14089779812713746
1,documentation flags + logreg,Proteinuria,0.09423347398030943,0.5835243004125481,0.13795757598281827
1,documentation flags + logreg,Prothrombin level increased,0.03727144866385373,0.627525611021342,0.08121586650947434
1,documentation flags + logreg,Prurigo,0.04219409282700422,0.5673994526764213,0.05817389163124864
1,documentation flags + logreg,Pruritus,0.6638537271448663,0.644179344513612,0.7706272294320649
1,documentation flags + logreg,Pseudomembranous colitis,0.04571026722925457,0.722255688586061,0.10273371455527089
1,documentation flags + logreg,Psoriasis,0.056962025316455694,0.6875620973814367,0.1522147847092057
1,documentation flags + logreg,Psychotic disorder,0.1568213783403657,0.6553975990758611,0.26997915901788544
1,documentation flags + logreg,Pulmonary embolism,0.1209563994374121,0.6145961243532719,0.19513722593424265
1,documentation flags + logreg,Pulmonary fibrosis,0.04289732770745429,0.5693015331361103,0.06769732264555738
1,documentation flags + logreg,Pulmonary function test decreased,0.06540084388185655,0.5592741312631732,0.1100328969369156
1,documentation flags + logreg,Pulmonary oedema,0.1258790436005626,0.5913710624563742,0.23354925154498796
1,documentation flags + logreg,Purpura,0.15260196905766527,0.7024732331023279,0.32153753459344203
1,documentation flags + logreg,Rash,0.760196905766526,0.7065059469013544,0.8711006511234636
1,documentation flags + logreg,Rash erythematous,0.0759493670886076,0.6601821942669696,0.18197786588448586
1,documentation flags + logreg,Rash generalised,0.03727144866385373,0.5400867318185314,0.054378326671697085
1,documentation flags + logreg,Rash macular,0.035864978902953586,0.5610481583341872,0.04923952458511729
1,documentation flags + logreg,Rash maculo-papular,0.1209563994374121,0.6556689924791032,0.2500815856061604
1,documentation flags + logreg,Rash pustular,0.07524613220815753,0.6486675748211876,0.18021850955623275
1,documentation flags + logreg,Rectal haemorrhage,0.0970464135021097,0.6758105169910588,0.22348759695745696
1,documentation flags + logreg,Renal failure,0.23277074542897327,0.6163073233897207,0.3277744597870599
1,documentation flags + logreg,Renal failure acute,0.14838255977496484,0.6145892094859466,0.25004943609654895
1,documentation flags + logreg,Renal impairment,0.14838255977496484,0.653183559820994,0.26497950723202635
1,documentation flags + logreg,Renal pain,0.047116736990154715,0.6247718235875332,0.11419300216365857
1,documentation flags + logreg,Respiratory arrest,0.035864978902953586,0.511733501501236,0.047079511208229355
1,documentation flags + logreg,Respiratory depression,0.06469760900140648,0.5567657293884293,0.10790221527848003
1,documentation flags + logreg,Respiratory distress,0.06258790436005626,0.5532979521011177,0.11261691048773981
1,documentation flags + logreg,Respiratory failure,0.09915611814345991,0.5318898520691864,0.1387809604987609
1,documentation flags + logreg,Respiratory tract infection,0.05555555555555555,0.7282221963440677,0.14773899699665774
1,documentation flags + logreg,Rhabdomyolysis,0.09563994374120956,0.6273580044310637,0.158312564745663
1,documentation flags + logreg,Rhinitis,0.26652601969057665,0.6537820257619799,0.4276444774293817
1,documentation flags + logreg,Rhinorrhoea,0.0850914205344585,0.6156198340920662,0.13366006891470278
1,documentation flags + logreg,Salivary hypersecretion,0.10618846694796062,0.6149980676709517,0.1845278902589574
1,documentation flags + logreg,Scotoma,0.07032348804500703,0.6295218282591526,0.16049172714029242
1,documentation flags + logreg,Seborrhoeic dermatitis,0.06469760900140648,0.6393675061193846,0.12852789236635567
1,documentation flags + logreg,Sensory loss,0.0850914205344585,0.5857126460555457,0.13446356918753755
1,documentation flags + logreg,Sepsis,0.13431786216596342,0.5369106996651537,0.1781564516309502
1,documentation flags + logreg,Serum sickness,0.040787623066104076,0.6665820063060419,0.09734958565614175
1,documentation flags + logreg,Sexual dysfunction,0.051336146272855133,0.7132794280950661,0.15383878333743278
1,documentation flags + logreg,Shock,0.41561181434599154,0.6368361737553577,0.5630111618051961
1,documentation flags + logreg,Sinus bradycardia,0.04289732770745429,0.6494287950517963,0.09763739868981444
1,documentation flags + logreg,Sinus congestion,0.0450070323488045,0.6554643783450306,0.10512703986177815
1,documentation flags + logreg,Sinusitis,0.25035161744022505,0.663294645047948,0.3943401194688387
1,documentation flags + logreg,Skin discolouration,0.09634317862165963,0.6242460116616239,0.18317606371834255
1,documentation flags + logreg,Skin disorder,0.44585091420534456,0.5808915215544783,0.5240655994900991
1,documentation flags + logreg,Skin exfoliation,0.1111111111111111,0.5957699393765465,0.18950425538392338
1,documentation flags + logreg,Skin hyperpigmentation,0.05485232067510549,0.5880513431604577,0.11423035626087574
1,documentation flags + logreg,Skin irritation,0.03867791842475387,0.6307958219266554,0.11692632047056939
1,documentation flags + logreg,Skin striae,0.03656821378340366,0.7455275202663441,0.14376654411112672
1,documentation flags + logreg,Skin ulcer,0.07735583684950774,0.6616079211573732,0.16395225297421473
1,documentation flags + logreg,Sleep disorder,0.13783403656821377,0.6704286114370339,0.27704313635664884
1,documentation flags + logreg,Sneezing,0.06258790436005626,0.5135212375533339,0.08503490323306742
1,documentation flags + logreg,Somnolence,0.46835443037974683,0.6713148464134341,0.627439130349044
1,documentation flags + logreg,Speech disorder,0.0829817158931083,0.6360724658427301,0.1505047215483696
1,documentation flags + logreg,Stevens-Johnson syndrome,0.22292545710267228,0.6910975250253184,0.384561199547696
1,documentation flags + logreg,Stomatitis,0.2320675105485232,0.6371864323502925,0.339225398154244
1,documentation flags + logreg,Stupor,0.06891701828410689,0.6135106594413173,0.13674658023728223
1,documentation flags + logreg,Sudden death,0.04289732770745429,0.7094227589103356,0.10236840874853907
1,documentation flags + logreg,Suicidal ideation,0.0639943741209564,0.6721690963200799,0.19088011688911197
1,documentation flags + logreg,Suicide attempt,0.04922644163150492,0.656894088629078,0.11618511710149466
1,documentation flags + logreg,Supraventricular tachycardia,0.057665260196905765,0.5809406548186596,0.09175004258140804
1,documentation flags + logreg,Swelling,0.14486638537271448,0.6036045628339473,0.22943431837321732
1,documentation flags + logreg,Swelling face,0.03656821378340366,0.5955553236010489,0.05697803412368376
1,documentation flags + logreg,Syncope,0.35372714486638535,0.6448493458990653,0.50654996563582
1,documentation flags + logreg,Systemic lupus erythematosus,0.053445850914205346,0.6716376854048172,0.14049127586327503
1,documentation flags + logreg,Tachycardia,0.4191279887482419,0.6218491981141255,0.5523218496826495
1,documentation flags + logreg,Tenderness,0.0850914205344585,0.6150777065088733,0.14795407562439591
1,documentation flags + logreg,Tension,0.30239099859353025,0.6759158681256962,0.4697992327469754
1,documentation flags + logreg,Thinking abnormal,0.08720112517580872,0.6612663569031036,0.1763608810349295
1,documentation flags + logreg,Thirst,0.1490857946554149,0.6295171399908637,0.2607378373016874
1,documentation flags + logreg,Throat irritation,0.04922644163150492,0.518364073544374,0.06187611565497116
1,documentation flags + logreg,Throat tightness,0.03727144866385373,0.5645299534410134,0.06541428156961926
1,documentation flags + logreg,Thrombocytopenia,0.4212376933895921,0.6651394387944528,0.5766299943569748
1,documentation flags + logreg,Thrombocytopenic purpura,0.03867791842475387,0.646767491872404,0.0910721118915467
1,documentation flags + logreg,Thrombocytosis,0.05977496483825598,0.6271041652370225,0.13003119925232015
1,documentation flags + logreg,Thrombophlebitis,0.14556962025316456,0.6257153322845378,0.2609865596729303
1,documentation flags + logreg,Thrombosis,0.07946554149085795,0.4716503114628613,0.11232102935878899
1,documentation flags + logreg,Tinnitus,0.27637130801687765,0.6723368040038571,0.4445952729390495
1,documentation flags + logreg,Tongue discolouration,0.04149085794655415,0.682386583362406,0.13704741337064547
1,documentation flags + logreg,Tongue disorder,0.0710267229254571,0.6341569259201514,0.13582271978443924
1,documentation flags + logreg,Tongue oedema,0.052742616033755275,0.6193508081337539,0.11090519240634403
1,documentation flags + logreg,Tooth disorder,0.05907172995780591,0.6693903397680308,0.13450794195075505
1,documentation flags + logreg,Toothache,0.05977496483825598,0.6102844418394031,0.11363942294475309
1,documentation flags + logreg,Torsade de pointes,0.0639943741209564,0.6312203518652635,0.12258183871894912
1,documentation flags + logreg,Toxic epidermal necrolysis,0.180028129395218,0.7030043950902775,0.3510653431419688
1,documentation flags + logreg,Transaminases increased,0.06891701828410689,0.6064297885406438,0.12699089622040516
1,documentation flags + logreg,Transient ischaemic attack,0.04922644163150492,0.5650121603107225,0.08040363794282758
1,documentation flags + logreg,Tremor,0.32770745428973275,0.6299955965917128,0.44443772381018826
1,documentation flags + logreg,Tubulointerstitial nephritis,0.08016877637130802,0.664429326532464,0.17917114258169442
1,documentation flags + logreg,Ulcer,0.09282700421940929,0.6628590727866787,0.2144268745521404
1,documentation flags + logreg,Upper respiratory tract infection,0.2320675105485232,0.6481364117844167,0.36049714060419474
1,documentation flags + logreg,Urethral disorder,0.2714486638537271,0.6097309149589438,0.3627951472536385
1,documentation flags + logreg,Urinary incontinence,0.11251758087201125,0.6483568268978286,0.2233608376781305
1,documentation flags + logreg,Urinary retention,0.16736990154711673,0.6558860808606147,0.28576663622266996
1,documentation flags + logreg,Urinary tract disorder,0.26863572433192684,0.611980657895293,0.36191978746764164
1,documentation flags + logreg,Urinary tract infection,0.24824191279887484,0.6305150656376963,0.3752913104364661
1,documentation flags + logreg,Urine abnormality,0.04571026722925457,0.5598324099235046,0.09080182297135947
1,documentation flags + logreg,Urine analysis abnormal,0.04992967651195499,0.582258408537407,0.10938516005365188
1,documentation flags + logreg,Urine output increased,0.12236286919831224,0.6589479748238947,0.24125843652048987
1,documentation flags + logreg,Urticaria,0.5590717299578059,0.6616183250661036,0.7043946896550195
1,documentation flags + logreg,VIIth nerve paralysis,0.03727144866385373,0.6036878472036477,0.06947397052314226
1,documentation flags + logreg,Vaginal discharge,0.06047819971870605,0.6439582667465384,0.16905050546592348
1,documentation flags + logreg,Vaginal haemorrhage,0.08227848101265822,0.6092312989423343,0.17064967632655875
1,documentation flags + logreg,Vaginal infection,0.11673699015471167,0.6682566177721494,0.24198245658332723
1,documentation flags + logreg,Vaginal inflammation,0.10829817158931083,0.6957169188472612,0.23831283065147538
1,documentation flags + logreg,Vascular purpura,0.14135021097046413,0.6863636228386314,0.2914446700502479
1,documentation flags + logreg,Vasculitis,0.10689170182841069,0.7379587725060676,0.3011677684638723
1,documentation flags + logreg,Vasodilation procedure,0.09353023909985936,0.6108728122985521,0.19229302232985562
1,documentation flags + logreg,Ventricular arrhythmia,0.07032348804500703,0.6064635834816237,0.11803754053827346
1,documentation flags + logreg,Ventricular extrasystoles,0.090014064697609,0.6250616134903753,0.15246615517344203
1,documentation flags + logreg,Ventricular fibrillation,0.07243319268635724,0.6375251748230137,0.1256207378818616
1,documentation flags + logreg,Ventricular tachycardia,0.1019690576652602,0.6566922006236521,0.18713707454739245
1,documentation flags + logreg,Vertigo,0.3558368495077356,0.6831205918102478,0.539477296803131
1,documentation flags + logreg,Viral infection,0.09142053445850915,0.6851070959610861,0.205840635557005
1,documentation flags + logreg,Vision blurred,0.3227848101265823,0.6550334972644104,0.4686824608764006
1,documentation flags + logreg,Visual acuity reduced,0.052742616033755275,0.6124767084494673,0.1184421672348075
1,documentation flags + logreg,Visual impairment,0.2714486638537271,0.6440121776518103,0.41487800489585736
1,documentation flags + logreg,Vomiting,0.759493670886076,0.6172799599731464,0.8280903135466655
1,documentation flags + logreg,Vulvovaginal candidiasis,0.051336146272855133,0.7143153503201208,0.1437894387267221
1,documentation flags + logreg,Vulvovaginal mycotic infection,0.05555555555555555,0.6847970603986304,0.13693889595391723
1,documentation flags + logreg,Weight decreased,0.22433192686357242,0.5884978925407715,0.31276303111527237
1,documentation flags + logreg,Weight increased,0.23136427566807313,0.6566608200530111,0.38033128179125253
1,documentation flags + logreg,Wheezing,0.12165963431786217,0.5730625174817068,0.17847120748414497
1,documentation flags + logreg,White blood cell count decreased,0.046413502109704644,0.5385882457913066,0.061182938246039695
1,knn5 tanimoto,Abdominal discomfort,0.20253164556962025,0.5203322315733254,0.22017589062809573
1,knn5 tanimoto,Abdominal distension,0.20815752461322082,0.5594084209347755,0.2442260911324528
1,knn5 tanimoto,Abdominal pain,0.580168776371308,0.6041154408044653,0.6484239688583465
1,knn5 tanimoto,Abdominal pain upper,0.18846694796061886,0.5543798437411513,0.2223380135140891
1,knn5 tanimoto,Abnormal dreams,0.10548523206751055,0.6418630961307465,0.22684930088340688
1,knn5 tanimoto,Abscess,0.07805907172995781,0.5439364543840561,0.0988849435123677
1,knn5 tanimoto,Accommodation disorder,0.04922644163150492,0.7413025724973002,0.2810740885619592
1,knn5 tanimoto,Acidosis,0.0450070323488045,0.5816869114841756,0.10009679009171646
1,knn5 tanimoto,Acne,0.09282700421940929,0.6708577252395512,0.2034850211927722
1,knn5 tanimoto,Acute coronary syndrome,0.2348804500703235,0.6426145385037652,0.35562698493169714
1,knn5 tanimoto,Affect lability,0.1617440225035162,0.6020042167731587,0.22807561652872047
1,knn5 tanimoto,Ageusia,0.07946554149085795,0.520141328182973,0.09795704035744054
1,knn5 tanimoto,Aggression,0.0850914205344585,0.5947092263227153,0.15992234490486584
1,knn5 tanimoto,Agitation,0.3340365682137834,0.6482716558541026,0.45468757738101206
1,knn5 tanimoto,Agranulocytosis,0.23347398030942335,0.72726051375728,0.4744035780329806
1,knn5 tanimoto,Akathisia,0.04852320675105485,0.8025330797544823,0.41891557380257066
1,knn5 tanimoto,Alanine aminotransferase increased,0.19268635724331926,0.6244885640350173,0.2656573072246534
1,knn5 tanimoto,Albuminuria,0.0710267229254571,0.5941308343515793,0.11481239078054646
1,knn5 tanimoto,Alopecia,0.3108298171589311,0.642897494406555,0.42572444912646235
1,knn5 tanimoto,Altered state of consciousness,0.040787623066104076,0.5919644945845545,0.06487778776387723
1,knn5 tanimoto,Amblyopia,0.07383966244725738,0.5151487966255053,0.08195539531091958
1,knn5 tanimoto,Amenorrhoea,0.08720112517580872,0.6427057581112869,0.19354045978839785
1,knn5 tanimoto,Amnesia,0.14486638537271448,0.6173845243856821,0.21930274971294664
1,knn5 tanimoto,Amylase increased,0.04430379746835443,0.5574819487598545,0.06555833735102524
1,knn5 tanimoto,Anaemia,0.36146272855133615,0.6318383186686919,0.47005528819213127
1,knn5 tanimoto,Anaphylactic shock,0.4388185654008439,0.6090576467568491,0.5186693579032535
1,knn5 tanimoto,Anaphylactoid reaction,0.17651195499296765,0.6140279977497644,0.27059287516428193
1,knn5 tanimoto,Angina pectoris,0.2039381153305204,0.6566810976992326,0.3527776140876077
1,knn5 tanimoto,Angioedema,0.37060478199718705,0.6249465680229379,0.4779253464567472
1,knn5 tanimoto,Angiopathy,0.319971870604782,0.580251787017643,0.3733533250143154
1,knn5 tanimoto,Anorectal discomfort,0.051336146272855133,0.5550506697813943,0.07393147409552699
1,knn5 tanimoto,Anorectal disorder,0.04289732770745429,0.5583785534551958,0.0832903491879253
1,knn5 tanimoto,Anxiety,0.38466947960618847,0.5999162290127253,0.4563547784953429
1,knn5 tanimoto,Apathy,0.06188466947960619,0.552337387478568,0.07277737294236795
1,knn5 tanimoto,Aphasia,0.06047819971870605,0.5380464046266005,0.12337482681057299
1,knn5 tanimoto,Aphthous stomatitis,0.03938115330520394,0.6375816517731389,0.08877651989107098
1,knn5 tanimoto,Aplastic anaemia,0.11392405063291139,0.7349109229772748,0.3623077433103485
1,knn5 tanimoto,Apnoea,0.08368495077355836,0.6708430526171473,0.19025237867114692
1,knn5 tanimoto,Application site pain,0.04289732770745429,0.47837375124875126,0.045728870701439835
1,knn5 tanimoto,Application site reaction,0.03727144866385373,0.5296278967730567,0.04128251259913938
1,knn5 tanimoto,Arrhythmia,0.28621659634317864,0.5889172550697078,0.3509201151267788
1,knn5 tanimoto,Arrhythmia supraventricular,0.035161744022503515,0.4998192482677196,0.038967572516994856
1,knn5 tanimoto,Arthralgia,0.4120956399437412,0.5951700262509317,0.49293550490888177
1,knn5 tanimoto,Arthritis,0.1568213783403657,0.5994773010619676,0.2304033040334109
1,knn5 tanimoto,Arthropathy,0.0949367088607595,0.5494022153357749,0.11858063169119534
1,knn5 tanimoto,Aspartate aminotransferase increased,0.1940928270042194,0.640350849344075,0.2831417084833812
1,knn5 tanimoto,Asthenia,0.6371308016877637,0.6713062764920945,0.7483548669342733
1,knn5 tanimoto,Asthma,0.19057665260196907,0.5457583797937329,0.2294320642966543
1,knn5 tanimoto,Ataxia,0.1680731364275668,0.6674852990184704,0.3464559661738645
1,knn5 tanimoto,Atrial fibrillation,0.1469760900140647,0.6167748137371983,0.20560879991965025
1,knn5 tanimoto,Atrioventricular block,0.09423347398030943,0.6929597538933747,0.27715210230204723
1,knn5 tanimoto,Azotaemia,0.0450070323488045,0.5935775625673373,0.07100107139653071
1,knn5 tanimoto,Back pain,0.3509142053445851,0.6063153655505684,0.42734883650858785
1,knn5 tanimoto,Bacterial infection,0.03867791842475387,0.6782897623313195,0.12343871644702029
1,knn5 tanimoto,Balance disorder,0.04781997187060478,0.6492143768814926,0.11552547356114946
1,knn5 tanimoto,Bladder pain,0.11744022503516174,0.5771652376084394,0.1580269214060886
1,knn5 tanimoto,Blepharitis,0.05555555555555555,0.5901247283879099,0.11980256400932762
1,knn5 tanimoto,Blindness,0.052742616033755275,0.547048413651423,0.0796552052500786
1,knn5 tanimoto,Blister,0.0710267229254571,0.5113350304846391,0.08600070266657052
1,knn5 tanimoto,Blood alkaline phosphatase increased,0.13431786216596342,0.5990770253956277,0.18503703651578354
1,knn5 tanimoto,Blood bilirubin increased,0.0970464135021097,0.6437222041029926,0.1807065058387352
1,knn5 tanimoto,Blood creatine phosphokinase increased,0.06821378340365682,0.656353127829431,0.18654114110976688
1,knn5 tanimoto,Blood creatinine increased,0.1751054852320675,0.6505037886875606,0.2829102032237104
1,knn5 tanimoto,Blood disorder,0.08720112517580872,0.6228397802050931,0.14923478786751582
1,knn5 tanimoto,Blood glucose increased,0.046413502109704644,0.5440938447013328,0.06322062434323665
1,knn5 tanimoto,Blood lactate dehydrogenase increased,0.058368495077355836,0.6270991466386454,0.118775110820034
1,knn5 tanimoto,Blood pressure increased,0.10337552742616034,0.6490884543194644,0.1867058184190517
1,knn5 tanimoto,Blood triglycerides increased,0.06751054852320675,0.6413192783841656,0.1412076363529531
1,knn5 tanimoto,Blood urea increased,0.1160337552742616,0.6986614693560351,0.2804995620972234
1,knn5 tanimoto,Blood uric acid increased,0.10618846694796062,0.6688930390643222,0.2645229290486736
1,knn5 tanimoto,Body temperature decreased,0.046413502109704644,0.6168187440014474,0.08018952039834705
1,knn5 tanimoto,Body temperature increased,0.5414908579465542,0.6370067144503586,0.6420177195903832
1,knn5 tanimoto,Bone disorder,0.08931082981715893,0.5774244729619833,0.10995909361811589
1,knn5 tanimoto,Bone pain,0.1090014064697609,0.6279465534590571,0.17702495067262566
1,knn5 tanimoto,Bradycardia,0.2559774964838256,0.6549358309802746,0.38340801481486175
1,knn5 tanimoto,Breast cancer,0.035864978902953586,0.6557706994299797,0.1937864551281871
1,knn5 tanimoto,Breast disorder,0.180028129395218,0.6336074985424833,0.2668230877716783
1,knn5 tanimoto,Breast enlargement,0.06258790436005626,0.733365025288398,0.2659592654184341
1,knn5 tanimoto,Breast pain,0.09142053445850915,0.644583527294714,0.19948928721018191
1,knn5 tanimoto,Bronchitis,0.21167369901547117,0.5894706892941757,0.26545616351226464
1,knn5 tanimoto,Bronchospasm,0.20182841068917018,0.6213995981087284,0.28804981498144244
1,knn5 tanimoto,Bundle branch block,0.04571026722925457,0.6096175483063315,0.07537423225743192
1,knn5 tanimoto,Burning sensation,0.07172995780590717,0.5841035934722506,0.10697102404632644
1,knn5 tanimoto,Bursitis,0.04360056258790436,0.5622255103220242,0.06054343958661279
1,knn5 tanimoto,Candida infection,0.11954992967651196,0.6481280588811227,0.24217809801906737
1,knn5 tanimoto,Cardiac arrest,0.16736990154711673,0.6467039369040186,0.26086797847759924
1,knn5 tanimoto,Cardiac disorder,0.29254571026722925,0.6254782571632054,0.3717233618973747
1,knn5 tanimoto,Cardiac failure,0.15330520393811534,0.619751831701537,0.20609618718174322
1,knn5 tanimoto,Cardiac failure congestive,0.1441631504922644,0.6133289427973976,0.2296845982133208
1,knn5 tanimoto,Cardiomyopathy,0.04360056258790436,0.6461156070330374,0.1126949095945694
1,knn5 tanimoto,Cardiovascular disorder,0.0850914205344585,0.5809772959578933,0.11360706366775111
1,knn5 tanimoto,Cataract,0.10126582278481013,0.618991749204702,0.16351887717926333
1,knn5 tanimoto,Cellulitis,0.09282700421940929,0.625514240411637,0.1463850145212143
1,knn5 tanimoto,Cerebral haemorrhage,0.04922644163150492,0.5587239833890625,0.07405195740747716
1,knn5 tanimoto,Cerebral ischaemia,0.04219409282700422,0.6029495568412949,0.06028013431319
1,knn5 tanimoto,Cerebrovascular accident,0.15822784810126583,0.6490546974549798,0.32555145084838644
1,knn5 tanimoto,Cerebrovascular disorder,0.035161744022503515,0.6061606018997223,0.05930808889415312
1,knn5 tanimoto,Chest discomfort,0.09634317862165963,0.5997258952330562,0.13469329547414438
1,knn5 tanimoto,Chest pain,0.38748241912798875,0.6052836408478184,0.4749758856931973
1,knn5 tanimoto,Chills,0.3108298171589311,0.5940276514866462,0.3776226238532
1,knn5 tanimoto,Cholecystitis,0.052742616033755275,0.542207713495001,0.06018455424766993
1,knn5 tanimoto,Cholelithiasis,0.06118143459915612,0.6024899898316503,0.0982055682369041
1,knn5 tanimoto,Cholestasis,0.07243319268635724,0.7080350474167891,0.23041671859461213
1,knn5 tanimoto,Coagulopathy,0.07524613220815753,0.5725065444831163,0.10270501309372229
1,knn5 tanimoto,Cognitive disorder,0.04219409282700422,0.650101136138969,0.15096183075381545
1,knn5 tanimoto,Cold sweat,0.03867791842475387,0.5426980947283344,0.06231258959010155
1,knn5 tanimoto,Colitis,0.10478199718706048,0.6282942575822272,0.19365707658551884
1,knn5 tanimoto,Coma,0.1209563994374121,0.5468986769372792,0.14977557012814022
1,knn5 tanimoto,Completed suicide,0.04781997187060478,0.668019201070962,0.13437449843624488
1,knn5 tanimoto,Confusional state,0.38255977496483823,0.6402011821266363,0.4928966497853888
1,knn5 tanimoto,Conjunctival hyperaemia,0.0379746835443038,0.5932225037754694,0.11700271138867628
1,knn5 tanimoto,Conjunctivitis,0.23136427566807313,0.5975071644463879,0.3085825313672908
1,knn5 tanimoto,Connective tissue disorder,0.2848101265822785,0.5780538621288527,0.33571116514759797
1,knn5 tanimoto,Constipation,0.4929676511954993,0.6650271488941873,0.6237934580671357
1,knn5 tanimoto,Contusion,0.09774964838255977,0.5516967874965815,0.11914090082843247
1,knn5 tanimoto,Convulsion,0.36357243319268634,0.6413240223744765,0.48444765637472215
1,knn5 tanimoto,Coordination abnormal,0.09915611814345991,0.6448269899795026,0.20517191391840744
1,knn5 tanimoto,Cough,0.4008438818565401,0.5929843358819228,0.47987761277929647
1,knn5 tanimoto,Cyanosis,0.06962025316455696,0.6033163818397967,0.119873793497413
1,knn5 tanimoto,Cyst,0.06540084388185655,0.5910913530976089,0.08963212825841058
1,knn5 tanimoto,Cystitis,0.10759493670886076,0.5496713111242439,0.14087026852963175
1,knn5 tanimoto,Cystitis noninfective,0.10618846694796062,0.5504812191625256,0.14011850232002349
1,knn5 tanimoto,Deafness,0.1371308016877637,0.6111105166597552,0.20713202584860993
1,knn5 tanimoto,Decreased appetite,0.4838255977496484,0.6267756146264907,0.5844030089669751
1,knn5 tanimoto,Deep vein thrombosis,0.06680731364275667,0.6718327930386641,0.1610213708501314
1,knn5 tanimoto,Dehydration,0.17158931082981715,0.634670696730116,0.2649846544783324
1,knn5 tanimoto,Delirium,0.07876230661040788,0.6231822878104827,0.11928499116882478
1,knn5 tanimoto,Delusion,0.06821378340365682,0.7401091646152045,0.2462045099766112
1,knn5 tanimoto,Dementia,0.03727144866385373,0.6300759001267928,0.20000076312576315
1,knn5 tanimoto,Depersonalisation,0.06188466947960619,0.6191701453407663,0.11694112900442302
1,knn5 tanimoto,Depressed level of consciousness,0.10126582278481013,0.6306718602698164,0.1791766765942183
1,knn5 tanimoto,Depressed mood,0.035864978902953586,0.5239827856530207,0.0863684017662679
1,knn5 tanimoto,Depression,0.22644163150492264,0.6037862756235641,0.30302297273317647
1,knn5 tanimoto,Dermatitis,0.7658227848101266,0.5700396768846947,0.7961293389915426
1,knn5 tanimoto,Dermatitis atopic,0.07454289732770746,0.5737335849003805,0.09348563072318976
1,knn5 tanimoto,Dermatitis bullous,0.14767932489451477,0.5328685367011892,0.18849167906821654
1,knn5 tanimoto,Dermatitis contact,0.11181434599156118,0.6174477146249178,0.19696760550627396
1,knn5 tanimoto,Dermatitis exfoliative,0.14556962025316456,0.6481789142750913,0.21665091167236405
1,knn5 tanimoto,Diabetes mellitus,0.1441631504922644,0.6533362343711849,0.2570118419552989
1,knn5 tanimoto,Diarrhoea,0.6849507735583685,0.6532241736603142,0.7708000034447363
1,knn5 tanimoto,Diplopia,0.1518987341772152,0.6753333160596002,0.2651329545469336
1,knn5 tanimoto,Discomfort,0.3924050632911392,0.6107209466347081,0.47915819646054947
1,knn5 tanimoto,Disorientation,0.12376933895921238,0.6438237722502672,0.21761948541021647
1,knn5 tanimoto,Disturbance in attention,0.09071729957805907,0.576462034034124,0.11383849127125842
1,knn5 tanimoto,Disturbance in sexual arousal,0.16455696202531644,0.706290516214891,0.3429924415075229
1,knn5 tanimoto,Dizziness,0.7250351617440225,0.6282073018103784,0.7900378194824017
1,knn5 tanimoto,Drug eruption,0.05414908579465542,0.5868768169663572,0.0836392789415272
1,knn5 tanimoto,Drug interaction,0.09353023909985936,0.5817709449319439,0.12083937395044553
1,knn5 tanimoto,Drug withdrawal syndrome,0.04008438818565401,0.7676068413964521,0.2652011095452561
1,knn5 tanimoto,Dry eye,0.11462728551336146,0.6445961963484632,0.20384925053748065
1,knn5 tanimoto,Dry mouth,0.38959212376933894,0.6992117013386675,0.5770250437129247
1,knn5 tanimoto,Dry skin,0.18635724331926865,0.5468054645691875,0.22267565649289606
1,knn5 tanimoto,Duodenal ulcer,0.03938115330520394,0.6148635790125836,0.09069561250797534
1,knn5 tanimoto,Dysarthria,0.09212376933895922,0.6449821273284713,0.21231328892549964
1,knn5 tanimoto,Dysgeusia,0.32208157524613223,0.5983103978852748,0.4031354772194054
1,knn5 tanimoto,Dyskinesia,0.09142053445850915,0.7389661090461217,0.2963563551951657
1,knn5 tanimoto,Dysmenorrhoea,0.09845288326300984,0.57922093577997,0.13749942095257517
1,knn5 tanimoto,Dyspepsia,0.4908579465541491,0.6050920665350262,0.5813133657003435
1,knn5 tanimoto,Dysphagia,0.18565400843881857,0.6389940176336635,0.2766470264923584
1,knn5 tanimoto,Dysphonia,0.08649789029535865,0.5994558625156886,0.13445637237513036
1,knn5 tanimoto,Dyspnoea,0.4908579465541491,0.6157791505623565,0.587216651432552
1,knn5 tanimoto,Dysuria,0.21026722925457103,0.5974312507252515,0.26765376684215375
1,knn5 tanimoto,Ear disorder,0.047116736990154715,0.47436702808146725,0.04821206540550833
1,knn5 tanimoto,Ear infection,0.03727144866385373,0.5400016493319433,0.04850377205640364
1,knn5 tanimoto,Ear pain,0.12658227848101267,0.5491581084235165,0.15686826839470006
1,knn5 tanimoto,Ecchymosis,0.1279887482419128,0.5911821956858065,0.18387585272732024
1,knn5 tanimoto,Eczema,0.13924050632911392,0.5878922352142841,0.17024255586983
1,knn5 tanimoto,Electrocardiogram QT prolonged,0.05977496483825598,0.5688524633463571,0.08171990304730242
1,knn5 tanimoto,Electrocardiogram abnormal,0.05977496483825598,0.5267481104743651,0.07011724321487631
1,knn5 tanimoto,Electrolyte imbalance,0.03656821378340366,0.6650614806547731,0.12364596737535753
1,knn5 tanimoto,Embolism,0.06751054852320675,0.6769024585003384,0.16402870313550902
1,knn5 tanimoto,Embolism venous,0.051336146272855133,0.7325338253329403,0.22401497148327737
1,knn5 tanimoto,Encephalopathy,0.056962025316455694,0.5400690148634342,0.0747484830600435
1,knn5 tanimoto,Endocrine disorder,0.09071729957805907,0.5776304986832019,0.12604555623349975
1,knn5 tanimoto,Endophthalmitis,0.04149085794655415,0.582414655251102,0.07167721494901572
1,knn5 tanimoto,Eosinophilia,0.2039381153305204,0.7122720935808704,0.44267275243555115
1,knn5 tanimoto,Epigastric discomfort,0.04289732770745429,0.6829609813433933,0.24121129683121828
1,knn5 tanimoto,Epilepsy,0.03727144866385373,0.5561841710854573,0.1520435818948405
1,knn5 tanimoto,Epistaxis,0.2468354430379747,0.6484534825954318,0.34795589334831745
1,knn5 tanimoto,Erectile dysfunction,0.2109704641350211,0.6920185184494516,0.3749590950959962
1,knn5 tanimoto,Eructation,0.1090014064697609,0.5800088587197473,0.1438247537329765
1,knn5 tanimoto,Erythema,0.339662447257384,0.5694681827532144,0.3926357077636366
1,knn5 tanimoto,Erythema multiforme,0.27355836849507736,0.6803472402754478,0.43546071147432136
1,knn5 tanimoto,Erythema nodosum,0.03867791842475387,0.6987446259197423,0.2184106958529295
1,knn5 tanimoto,Euphoric mood,0.11954992967651196,0.6819042362932853,0.22138585502944697
1,knn5 tanimoto,Extrapyramidal disorder,0.07172995780590717,0.7677950786131259,0.3954671918785014
1,knn5 tanimoto,Extrasystoles,0.07735583684950774,0.5991436806231786,0.10114162908179598
1,knn5 tanimoto,Extravasation,0.07524613220815753,0.6190280323702642,0.13657933311013565
1,knn5 tanimoto,Eye disorder,0.28621659634317864,0.579783683662035,0.33605125904037125
1,knn5 tanimoto,Eye haemorrhage,0.04289732770745429,0.5769788196551374,0.08969795413980472
1,knn5 tanimoto,Eye irritation,0.090014064697609,0.564134768284611,0.11325644368423841
1,knn5 tanimoto,Eye pain,0.14064697609001406,0.6071114275185248,0.25460850699065013
1,knn5 tanimoto,Eye pruritus,0.0379746835443038,0.6222379177914121,0.08686681438748366
1,knn5 tanimoto,Eyelid oedema,0.04289732770745429,0.6215450950065513,0.08548606720622123
1,knn5 tanimoto,Face oedema,0.17088607594936708,0.6159214616719109,0.2512968895968912
1,knn5 tanimoto,Faecal incontinence,0.04781997187060478,0.582994822596681,0.07098741243533893
1,knn5 tanimoto,Fatigue,0.510548523206751,0.6193186029375563,0.6049160076766389
1,knn5 tanimoto,Febrile neutropenia,0.05977496483825598,0.7254325799182155,0.18066323471490892
1,knn5 tanimoto,Feeling abnormal,0.5133614627285513,0.6202999888876783,0.6037533417594513
1,knn5 tanimoto,Feeling hot,0.08227848101265822,0.5984566153191577,0.17703435078361202
1,knn5 tanimoto,Flank pain,0.035161744022503515,0.521785096880753,0.040577783206501745
1,knn5 tanimoto,Flat affect,0.06258790436005626,0.5634453651252483,0.08163896328619363
1,knn5 tanimoto,Flatulence,0.3143459915611814,0.6128800592481088,0.4137252665734327
1,knn5 tanimoto,Fluid overload,0.0379746835443038,0.6160453508498797,0.07637508961946356
1,knn5 tanimoto,Fluid retention,0.1160337552742616,0.6026130686705266,0.21007941183725407
1,knn5 tanimoto,Flushing,0.30028129395218,0.5859630444850342,0.3635439607798665
1,knn5 tanimoto,Foetor hepaticus,0.05063291139240506,0.547567256461738,0.06444920605290552
1,knn5 tanimoto,Folliculitis,0.0639943741209564,0.678457780532701,0.19405377078984265
1,knn5 tanimoto,Fracture,0.05485232067510549,0.6240296724974542,0.08644343429286418
1,knn5 tanimoto,Fungal infection,0.07946554149085795,0.5533925688322812,0.1170151880015398
1,knn5 tanimoto,Fungal skin infection,0.03656821378340366,0.6240098535191179,0.07128664945854195
1,knn5 tanimoto,Furuncle,0.04289732770745429,0.5479025148313995,0.05122033655742421
1,knn5 tanimoto,Gait disturbance,0.10056258790436005,0.6508207413723015,0.17100355246198934
1,knn5 tanimoto,Galactorrhoea,0.05977496483825598,0.790905664595029,0.407451532228116
1,knn5 tanimoto,Gamma-glutamyltransferase increased,0.0829817158931083,0.5575440352398481,0.10486648794019211
1,knn5 tanimoto,Gastric ulcer,0.05063291139240506,0.554750885385402,0.06621460693330725
1,knn5 tanimoto,Gastritis,0.18424753867791843,0.6063828457610272,0.2792699483081627
1,knn5 tanimoto,Gastroenteritis,0.13853727144866385,0.6177683718090563,0.21230400034231883
1,knn5 tanimoto,Gastrointestinal disorder,0.5210970464135021,0.6055668173904702,0.6009888623827607
1,knn5 tanimoto,Gastrointestinal haemorrhage,0.15330520393811534,0.6180042024205423,0.24043799311497932
1,knn5 tanimoto,Gastrointestinal pain,0.5478199718706048,0.623005116247595,0.6296582293203733
1,knn5 tanimoto,Gastrooesophageal reflux disease,0.09915611814345991,0.5867071590618579,0.15039832114669285
1,knn5 tanimoto,Generalised oedema,0.053445850914205346,0.5558156356168641,0.07460015526496622
1,knn5 tanimoto,Gingival bleeding,0.05414908579465542,0.5701890376824846,0.09095507182628057
1,knn5 tanimoto,Gingivitis,0.07383966244725738,0.5787637730803777,0.11057045990236217
1,knn5 tanimoto,Glaucoma,0.07805907172995781,0.696437068308026,0.21528640644534872
1,knn5 tanimoto,Glossitis,0.09774964838255977,0.5360611280357501,0.10883272013753742
1,knn5 tanimoto,Glycosuria,0.08579465541490858,0.7063537111761397,0.23234901625074186
1,knn5 tanimoto,Gout,0.09774964838255977,0.6234554693768324,0.20584202647074185
1,knn5 tanimoto,Grand mal convulsion,0.0379746835443038,0.5718223786588931,0.08835108361424152
1,knn5 tanimoto,Gynaecomastia,0.12517580872011252,0.7560787837093016,0.37923316218124753
1,knn5 tanimoto,Haematemesis,0.07032348804500703,0.5772850803326429,0.10650292783700976
1,knn5 tanimoto,Haematochezia,0.035864978902953586,0.54558621987206,0.04340654080416253
1,knn5 tanimoto,Haematocrit decreased,0.0379746835443038,0.5694632725447477,0.0660429020213503
1,knn5 tanimoto,Haematoma,0.07172995780590717,0.5875895970206962,0.11144123951805476
1,knn5 tanimoto,Haematuria,0.2369901547116737,0.6326051443793066,0.3380584797201481
1,knn5 tanimoto,Haemoglobin,0.2679324894514768,0.637205259773306,0.39434826021664915
1,knn5 tanimoto,Haemoglobin decreased,0.07383966244725738,0.5877318740679434,0.09917455279369768
1,knn5 tanimoto,Haemolytic anaemia,0.14064697609001406,0.7356340042079641,0.37884332788212594
1,knn5 tanimoto,Haemoptysis,0.08157524613220815,0.5892909529520792,0.1212723544102218
1,knn5 tanimoto,Haemorrhage,0.26933895921237694,0.6373633096227701,0.3969444864294057
1,knn5 tanimoto,Haemorrhage intracranial,0.04008438818565401,0.6306506592438929,0.12447527621077732
1,knn5 tanimoto,Haemorrhoids,0.05907172995780591,0.49878810973981347,0.06305154835417993
1,knn5 tanimoto,Hallucination,0.24261603375527427,0.6910371572503111,0.4090206209369608
1,knn5 tanimoto,Headache,0.7805907172995781,0.6301260652828619,0.8335645072713419
1,knn5 tanimoto,Hearing impaired,0.10056258790436005,0.660944654776514,0.19412889446548237
1,knn5 tanimoto,Hepatic enzyme increased,0.09634317862165963,0.5714776883975803,0.128160759487147
1,knn5 tanimoto,Hepatic failure,0.1441631504922644,0.6388957750048619,0.21328932813017235
1,knn5 tanimoto,Hepatic function abnormal,0.12939521800281295,0.563814326261633,0.1955220959639408
1,knn5 tanimoto,Hepatic necrosis,0.052742616033755275,0.6862825856506901,0.2145261843243736
1,knn5 tanimoto,Hepatitis,0.2552742616033755,0.6647935883261606,0.3922669598859391
1,knn5 tanimoto,Hepatobiliary disease,0.24120956399437413,0.6409255830147749,0.3397656397105796
1,knn5 tanimoto,Hepatocellular injury,0.10478199718706048,0.6049774750774379,0.14819767428779995
1,knn5 tanimoto,Hepatomegaly,0.06891701828410689,0.5954162495654746,0.1249927572300575
1,knn5 tanimoto,Hepatotoxicity,0.07946554149085795,0.6411453254817332,0.17392286499888993
1,knn5 tanimoto,Hernia,0.03727144866385373,0.5139109163983123,0.04427155403567573
1,knn5 tanimoto,Herpes simplex,0.09353023909985936,0.5845432181449979,0.1422452560526267
1,knn5 tanimoto,Herpes zoster,0.08157524613220815,0.5574456609154568,0.1101717933294483
1,knn5 tanimoto,Hiccups,0.10267229254571027,0.6651641351125208,0.19857185694095159
1,knn5 tanimoto,Hirsutism,0.06118143459915612,0.7714715281993156,0.2939642229408194
1,knn5 tanimoto,Hostility,0.047116736990154715,0.6014791839660759,0.1141996245079759
1,knn5 tanimoto,Hot flush,0.15611814345991562,0.6348826802259235,0.2569326707449894
1,knn5 tanimoto,Hyperaesthesia,0.07524613220815753,0.5828708048227693,0.11319604749502825
1,knn5 tanimoto,Hyperbilirubinaemia,0.0970464135021097,0.6061753588833461,0.15078867609175786
1,knn5 tanimoto,Hypercalcaemia,0.0710267229254571,0.6843605147560249,0.19147494225548115
1,knn5 tanimoto,Hypercholesterolaemia,0.09915611814345991,0.6479718359542097,0.16690037046156364
1,knn5 tanimoto,Hyperglycaemia,0.23417721518987342,0.6543059200721154,0.35540855298224383
1,knn5 tanimoto,Hyperhidrosis,0.42334739803094235,0.6217253014451611,0.5318818419958687
1,knn5 tanimoto,Hyperkalaemia,0.11040787623066103,0.6759026738990022,0.28151930880290504
1,knn5 tanimoto,Hyperkinesia,0.11954992967651196,0.6617285529951884,0.22056228142001424
1,knn5 tanimoto,Hyperlipidaemia,0.0639943741209564,0.621578968516194,0.1329972312441759
1,knn5 tanimoto,Hypernatraemia,0.052742616033755275,0.6626144890022398,0.18191922185407422
1,knn5 tanimoto,Hyperreflexia,0.040787623066104076,0.5682785746877925,0.08286378426758315
1,knn5 tanimoto,Hypersensitivity,0.6315049226441631,0.5920661415351268,0.6873347083718289
1,knn5 tanimoto,Hypertension,0.39732770745428975,0.606834535332443,0.49014361539539236
1,knn5 tanimoto,Hyperthyroidism,0.035864978902953586,0.5871570036709621,0.056189217946156146
1,knn5 tanimoto,Hypertonia,0.12376933895921238,0.5407454607661313,0.16146890098570305
1,knn5 tanimoto,Hypertrichosis,0.03656821378340366,0.720779965446291,0.2158585041756333
1,knn5 tanimoto,Hypertriglyceridaemia,0.05625879043600562,0.6445098259577772,0.1354947731064699
1,knn5 tanimoto,Hyperuricaemia,0.09774964838255977,0.666587468042813,0.23361012415076288
1,knn5 tanimoto,Hyperventilation,0.06469760900140648,0.5550636585343411,0.0823527567543523
1,knn5 tanimoto,Hypoaesthesia,0.2559774964838256,0.591238591256495,0.34295148547752563
1,knn5 tanimoto,Hypocalcaemia,0.0949367088607595,0.6129053266262725,0.18304939713337
1,knn5 tanimoto,Hypoglycaemia,0.1568213783403657,0.6381398811512969,0.26153305131104726
1,knn5 tanimoto,Hypokalaemia,0.18143459915611815,0.5799276349420815,0.22829155278071353
1,knn5 tanimoto,Hypokinesia,0.05907172995780591,0.5940092255165748,0.09685819598358299
1,knn5 tanimoto,Hypomagnesaemia,0.06047819971870605,0.6668259829741164,0.13138276730961723
1,knn5 tanimoto,Hyponatraemia,0.1540084388185654,0.7178540502954103,0.3511185379741253
1,knn5 tanimoto,Hypophosphataemia,0.056962025316455694,0.6766869195851715,0.15083611579168574
1,knn5 tanimoto,Hyporeflexia,0.0379746835443038,0.5323015412643692,0.05391222315074499
1,knn5 tanimoto,Hypotension,0.4676511954992968,0.6173012073796242,0.5578108345039968
1,knn5 tanimoto,Hypothermia,0.046413502109704644,0.6168187440014474,0.08018952039834705
1,knn5 tanimoto,Hypothyroidism,0.06329113924050633,0.5922944321332849,0.09179300888094713
1,knn5 tanimoto,Hypotonia,0.04571026722925457,0.5983761133203419,0.08705306434352852
1,knn5 tanimoto,Hypoxia,0.06047819971870605,0.6229102187250379,0.10953902739357717
1,knn5 tanimoto,Ileus,0.07032348804500703,0.6410860376173237,0.11880326447151715
1,knn5 tanimoto,Ileus paralytic,0.035161744022503515,0.8535364776416594,0.4965744918325149
1,knn5 tanimoto,Ill-defined disorder,0.34247538677918427,0.6089086976666882,0.42622016728028067
1,knn5 tanimoto,Immune system disorder,0.3150492264416315,0.6019324899799161,0.3863952009526534
1,knn5 tanimoto,Impaired healing,0.04430379746835443,0.6936243125822006,0.2419639773288293
1,knn5 tanimoto,Inappropriate antidiuretic hormone secretion,0.04922644163150492,0.7218362145840731,0.22010648771367908
1,knn5 tanimoto,Increased appetite,0.1568213783403657,0.6283375943669898,0.23582188029756979
1,knn5 tanimoto,Induration,0.04149085794655415,0.5753500979812645,0.06223965350888429
1,knn5 tanimoto,Infection,0.4212376933895921,0.6008330046407834,0.5091110554021993
1,knn5 tanimoto,Infestation,0.24753867791842477,0.6001392843784762,0.3172234710048354
1,knn5 tanimoto,Inflammation,0.10829817158931083,0.5941409932731233,0.17868635657643858
1,knn5 tanimoto,Influenza,0.1990154711673699,0.5812514977121007,0.2543862390752814
1,knn5 tanimoto,Influenza like illness,0.1160337552742616,0.5506590385659035,0.1522236701208591
1,knn5 tanimoto,Injection site pain,0.10267229254571027,0.5897985378680415,0.13565230787317978
1,knn5 tanimoto,Injection site reaction,0.13853727144866385,0.6538381503404489,0.2983322412273117
1,knn5 tanimoto,Injury,0.14556962025316456,0.5878228370384164,0.21026749048213267
1,knn5 tanimoto,Insomnia,0.4739803094233474,0.634460719702306,0.5738632494919467
1,knn5 tanimoto,Interstitial lung disease,0.06891701828410689,0.6660901025260438,0.1727293487361893
1,knn5 tanimoto,Intestinal obstruction,0.06469760900140648,0.5881818572695584,0.0961073428880815
1,knn5 tanimoto,Intracranial pressure increased,0.03938115330520394,0.7015150112146569,0.20926950610235226
1,knn5 tanimoto,Intraocular pressure increased,0.04430379746835443,0.7677990141888443,0.2627001990257483
1,knn5 tanimoto,Irritability,0.1617440225035162,0.6097948312225793,0.2394302500663394
1,knn5 tanimoto,Jaundice,0.23136427566807313,0.6803041481078548,0.38416952932659487
1,knn5 tanimoto,Jaundice cholestatic,0.0949367088607595,0.7322023089170976,0.2455091629738715
1,knn5 tanimoto,Joint swelling,0.0450070323488045,0.5308217854641308,0.04907810372271156
1,knn5 tanimoto,Keratitis,0.06047819971870605,0.5928250016106945,0.10147099769805082
1,knn5 tanimoto,Lacrimal disorder,0.0379746835443038,0.5269838430961854,0.04816868967155912
1,knn5 tanimoto,Lacrimation increased,0.1019690576652602,0.5724929706751577,0.12927496407267358
1,knn5 tanimoto,Laryngeal oedema,0.0639943741209564,0.6772266838090847,0.24022922917323825
1,knn5 tanimoto,Laryngeal pain,0.07313642756680731,0.5404466975595545,0.08503113421121758
1,knn5 tanimoto,Laryngitis,0.06821378340365682,0.5855225809873061,0.09423849718020874
1,knn5 tanimoto,Laryngospasm,0.07243319268635724,0.7053910628313866,0.18795100051857708
1,knn5 tanimoto,Lethargy,0.15611814345991562,0.5906848232750501,0.2081550039639159
1,knn5 tanimoto,Leukocytoclastic vasculitis,0.03938115330520394,0.5296118596089358,0.054419714167883014
1,knn5 tanimoto,Leukocytosis,0.10548523206751055,0.5775944037830184,0.13903498253523605
1,knn5 tanimoto,Leukoderma,0.04430379746835443,0.7117129802611839,0.23016172687732417
1,knn5 tanimoto,Leukopenia,0.35864978902953587,0.6624922464698096,0.48876278852303223
1,knn5 tanimoto,Libido decreased,0.14767932489451477,0.6939091386094511,0.29877393720882833
1,knn5 tanimoto,Libido increased,0.057665260196905765,0.667860928205691,0.16300103355840823
1,knn5 tanimoto,Liver disorder,0.06610407876230662,0.5201219333773298,0.07759708201049553
1,knn5 tanimoto,Liver function test abnormal,0.17440225035161744,0.5424992545760541,0.19868418811855473
1,knn5 tanimoto,Liver injury,0.08649789029535865,0.6401103295079525,0.15537099731826734
1,knn5 tanimoto,Local reaction,0.053445850914205346,0.6236919650364132,0.12310599388202972
1,knn5 tanimoto,Loss of consciousness,0.37060478199718705,0.6145704653683706,0.46955672067388166
1,knn5 tanimoto,Loss of libido,0.03867791842475387,0.566816789074969,0.09672692896053553
1,knn5 tanimoto,Lung disorder,0.05414908579465542,0.604913457832052,0.08074474257526403
1,knn5 tanimoto,Lung infiltration,0.04289732770745429,0.563395184044776,0.055764379751273865
1,knn5 tanimoto,Lymphadenopathy,0.13291139240506328,0.585657552451275,0.19400911265312687
1,knn5 tanimoto,Lymphopenia,0.05063291139240506,0.6362631512690707,0.09173095098946274
1,knn5 tanimoto,Malaise,0.35372714486638535,0.6128240569256539,0.44343552053686974
1,knn5 tanimoto,Malnutrition,0.33122362869198313,0.612838938374877,0.4165884941874693
1,knn5 tanimoto,Mania,0.06751054852320675,0.625714219520563,0.11380781760572892
1,knn5 tanimoto,Mediastinal disorder,0.31856540084388185,0.615150151063273,0.4140571014261817
1,knn5 tanimoto,Melaena,0.10970464135021098,0.5555215826252363,0.1430444024073616
1,knn5 tanimoto,Memory impairment,0.07735583684950774,0.5849869141991296,0.1192399536213348
1,knn5 tanimoto,Meningitis,0.03867791842475387,0.6462815107208073,0.1314390635278618
1,knn5 tanimoto,Menopausal symptoms,0.1589310829817159,0.6314804252653594,0.25573206931600784
1,knn5 tanimoto,Menorrhagia,0.07524613220815753,0.5545509274488174,0.08847243850598116
1,knn5 tanimoto,Menstrual disorder,0.06469760900140648,0.5774731884167702,0.0975999345715136
1,knn5 tanimoto,Menstruation irregular,0.05555555555555555,0.7354422741215194,0.29454871007773786
1,knn5 tanimoto,Mental disability,0.12306610407876231,0.5909464828405413,0.1745356090916886
1,knn5 tanimoto,Mental disorder,0.3227848101265823,0.6040627616202314,0.38903875259248294
1,knn5 tanimoto,Metrorrhagia,0.07172995780590717,0.5789418053633095,0.10746161494482924
1,knn5 tanimoto,Micturition urgency,0.05414908579465542,0.5405342371565431,0.09508411118666713
1,knn5 tanimoto,Migraine,0.16455696202531644,0.5984512395686729,0.23092536928910304
1,knn5 tanimoto,Mood swings,0.17088607594936708,0.6006593458552273,0.24647217802214594
1,knn5 tanimoto,Mouth ulceration,0.1209563994374121,0.605092957442431,0.1738545204725316
1,knn5 tanimoto,Mucosal inflammation,0.05625879043600562,0.7263677885616255,0.19617810555745557
1,knn5 tanimoto,Multiple fractures,0.05485232067510549,0.6240296724974542,0.08644343429286418
1,knn5 tanimoto,Muscle contractions involuntary,0.03867791842475387,0.6109579923896383,0.07529408129262605
1,knn5 tanimoto,Muscle relaxant therapy,0.04289732770745429,0.5998019446470015,0.08681539387228047
1,knn5 tanimoto,Muscle rigidity,0.04360056258790436,0.7883100919865926,0.3384054528742915
1,knn5 tanimoto,Muscle spasms,0.340365682137834,0.6272254625728434,0.4374655765633692
1,knn5 tanimoto,Muscle twitching,0.10267229254571027,0.6118567529131834,0.1616530148568643
1,knn5 tanimoto,Muscular weakness,0.19760900140646975,0.6199415335283447,0.2766497035224228
1,knn5 tanimoto,Musculoskeletal discomfort,0.4859353023909986,0.6068791730151839,0.5859590717683616
1,knn5 tanimoto,Musculoskeletal pain,0.11673699015471167,0.5809486415733195,0.17545509763147568
1,knn5 tanimoto,Musculoskeletal stiffness,0.09774964838255977,0.5977403479373359,0.14946825900725094
1,knn5 tanimoto,Myalgia,0.39943741209563993,0.6097635912613488,0.5181321174419844
1,knn5 tanimoto,Mydriasis,0.07665260196905767,0.7761685815872189,0.3164474968756056
1,knn5 tanimoto,Myocardial infarction,0.2348804500703235,0.6412978809110527,0.3558366518512705
1,knn5 tanimoto,Myocardial ischaemia,0.08227848101265822,0.6851966031532445,0.1721575907899687
1,knn5 tanimoto,Myoclonus,0.05485232067510549,0.6380404313752023,0.0966041041348088
1,knn5 tanimoto,Myopathy,0.07665260196905767,0.655307207190295,0.2413413678239217
1,knn5 tanimoto,Myositis,0.0450070323488045,0.5824582296953678,0.12927957668100526
1,knn5 tanimoto,Nail disorder,0.06047819971870605,0.6117257079472884,0.10111346976253381
1,knn5 tanimoto,Nasal congestion,0.1441631504922644,0.5842249817260454,0.22181235829549223
1,knn5 tanimoto,Nasopharyngitis,0.20042194092827004,0.5870664363181737,0.25143420974221165
1,knn5 tanimoto,Nausea,0.8438818565400844,0.6492127109877271,0.8864148442158438
1,knn5 tanimoto,Neck pain,0.10548523206751055,0.5670432711974236,0.13083147151938118
1,knn5 tanimoto,Necrosis,0.06962025316455696,0.5255634599895739,0.09238113292715536
1,knn5 tanimoto,Neoplasm,0.12447257383966245,0.6006723575187433,0.20106477793014235
1,knn5 tanimoto,Neoplasm malignant,0.09423347398030943,0.6223852128940137,0.17252213391384727
1,knn5 tanimoto,Nephrolithiasis,0.0808720112517581,0.5872639057918546,0.11295876681824926
1,knn5 tanimoto,Nephropathy,0.04289732770745429,0.6239368211689027,0.1250490148482835
1,knn5 tanimoto,Nephropathy toxic,0.053445850914205346,0.770373792514094,0.36205766564122704
1,knn5 tanimoto,Nephrotic syndrome,0.04430379746835443,0.6598576977727882,0.15289780554664073
1,knn5 tanimoto,Nervous system disorder,0.4409282700421941,0.627490922863747,0.5438102110644747
1,knn5 tanimoto,Nervousness,0.3059071729957806,0.6302825875494243,0.4121294977240921
1,knn5 tanimoto,Neuralgia,0.06821378340365682,0.556946153482741,0.09278960220355581
1,knn5 tanimoto,Neuritis,0.07172995780590717,0.6068006378679377,0.1182816459769244
1,knn5 tanimoto,Neuroleptic malignant syndrome,0.04360056258790436,0.817331754620308,0.3936892782749576
1,knn5 tanimoto,Neuropathy peripheral,0.2390998593530239,0.610021554501574,0.3318893175774552
1,knn5 tanimoto,Neutropenia,0.21940928270042195,0.7417642868079792,0.4474155676963771
1,knn5 tanimoto,Night sweats,0.05555555555555555,0.5380861618708912,0.06744273960649358
1,knn5 tanimoto,Nightmare,0.10407876230661041,0.7292136028645888,0.28497123815760467
1,knn5 tanimoto,Nocturia,0.09563994374120956,0.6332924945767457,0.1708112305672194
1,knn5 tanimoto,Nuchal rigidity,0.04852320675105485,0.5739100441731886,0.08792734710500956
1,knn5 tanimoto,Nystagmus,0.06821378340365682,0.6232479021829979,0.15631743176041382
1,knn5 tanimoto,Ocular hyperaemia,0.04008438818565401,0.5946087952629708,0.0827977387822589
1,knn5 tanimoto,Oedema,0.4015471167369902,0.5757243957159359,0.46811256788399513
1,knn5 tanimoto,Oedema peripheral,0.2876230661040788,0.602419665550589,0.3673956221003696
1,knn5 tanimoto,Oesophagitis,0.12025316455696203,0.630914336947534,0.18507466107893872
1,knn5 tanimoto,Oliguria,0.09212376933895922,0.5843026926137804,0.1319930985814764
1,knn5 tanimoto,Opportunistic infection,0.0379746835443038,0.6901932471828593,0.09785328341249393
1,knn5 tanimoto,Optic neuritis,0.06610407876230662,0.647820222782623,0.1878315402240633
1,knn5 tanimoto,Oral candidiasis,0.06751054852320675,0.6539265154073126,0.13406287950505852
1,knn5 tanimoto,Oropharyngeal discomfort,0.07454289732770746,0.5829990509621195,0.11970308152638225
1,knn5 tanimoto,Oropharyngeal pain,0.10407876230661041,0.5904504245974594,0.14697491224069584
1,knn5 tanimoto,Orthostatic hypotension,0.17862165963431786,0.7550516151763147,0.4247933905756214
1,knn5 tanimoto,Osteoarthritis,0.15611814345991562,0.5748917309757448,0.2133818255788377
1,knn5 tanimoto,Osteonecrosis,0.035161744022503515,0.617523885983825,0.2342297012198328
1,knn5 tanimoto,Osteoporosis,0.05977496483825598,0.7149417732452494,0.21433065842911883
1,knn5 tanimoto,Otitis media,0.07243319268635724,0.5586085766408562,0.09228611007741991
1,knn5 tanimoto,Pain,0.5203938115330521,0.5766222899877866,0.5841216087696374
1,knn5 tanimoto,Pain in extremity,0.17932489451476794,0.5344092167587812,0.1953223474189024
1,knn5 tanimoto,Pallor,0.09563994374120956,0.5799076972464376,0.12132092728581934
1,knn5 tanimoto,Palpitations,0.3551336146272855,0.6435902197595506,0.47160904739481246
1,knn5 tanimoto,Pancreatitis,0.22292545710267228,0.7037712843005598,0.42170920055452915
1,knn5 tanimoto,Pancreatitis acute,0.04219409282700422,0.5369726284878464,0.056915834605897095
1,knn5 tanimoto,Pancytopenia,0.2088607594936709,0.6852064018777548,0.3590019295615564
1,knn5 tanimoto,Paraesthesia,0.45639943741209565,0.602302821312193,0.5354883753063995
1,knn5 tanimoto,Paraesthesia oral,0.04149085794655415,0.579797266517908,0.09097385033045087
1,knn5 tanimoto,Paralysis,0.06680731364275667,0.5995830890652943,0.12510138054915726
1,knn5 tanimoto,Paranoia,0.06258790436005626,0.6286836037438108,0.10686346373626929
1,knn5 tanimoto,Parkinsonism,0.03656821378340366,0.7706533558900099,0.3963731798619533
1,knn5 tanimoto,Parosmia,0.06329113924050633,0.5227016969924432,0.1069987738741558
1,knn5 tanimoto,Pelvic pain,0.057665260196905765,0.6373649260328227,0.11241176923886495
1,knn5 tanimoto,Peptic ulcer,0.06821378340365682,0.668301901837892,0.22212374160619527
1,knn5 tanimoto,Pericardial effusion,0.035161744022503515,0.5960115291439398,0.07779139147745959
1,knn5 tanimoto,Pericarditis,0.03867791842475387,0.5876867106445852,0.08093440602539749
1,knn5 tanimoto,Periorbital oedema,0.035161744022503515,0.5924922532350869,0.05271126337910946
1,knn5 tanimoto,Peripheral coldness,0.03938115330520394,0.6402198564508057,0.1869109688232495
1,knn5 tanimoto,Peripheral vascular disorder,0.04289732770745429,0.6450141565594187,0.07638409569179067
1,knn5 tanimoto,Personality disorder,0.03656821378340366,0.5386425876117193,0.04746566961958382
1,knn5 tanimoto,Petechiae,0.0850914205344585,0.5988200359274044,0.17575357654306847
1,knn5 tanimoto,Pharyngitis,0.270042194092827,0.6220118310548944,0.37473901172698076
1,knn5 tanimoto,Phlebitis,0.1209563994374121,0.629438454796379,0.19429300011551315
1,knn5 tanimoto,Photophobia,0.11251758087201125,0.6524771594639126,0.22227362675328424
1,knn5 tanimoto,Photosensitivity reaction,0.21308016877637131,0.7029858707834311,0.42926824220316284
1,knn5 tanimoto,Platelet count decreased,0.057665260196905765,0.5195682570004687,0.08224825739269744
1,knn5 tanimoto,Pleural effusion,0.08157524613220815,0.6144213156506007,0.11570358262639147
1,knn5 tanimoto,Pneumonia,0.23628691983122363,0.5928543082222297,0.30625779451456997
1,knn5 tanimoto,Pneumothorax,0.0450070323488045,0.5642751359282362,0.05873873043721685
1,knn5 tanimoto,Pollakiuria,0.2109704641350211,0.6161718599937546,0.3117912492575308
1,knn5 tanimoto,Polyp,0.05907172995780591,0.5659496377807945,0.07614194532381126
1,knn5 tanimoto,Polyuria,0.13853727144866385,0.6309426016967574,0.2153684274213734
1,knn5 tanimoto,Pregnancy,0.04992967651195499,0.6041303371010475,0.0761745837224816
1,knn5 tanimoto,Priapism,0.04571026722925457,0.7361289719926132,0.2432014478842212
1,knn5 tanimoto,Proctalgia,0.04360056258790436,0.5245947195978523,0.05412663737196936
1,knn5 tanimoto,Protein urine present,0.09634317862165963,0.6658262063869465,0.16725351205146916
1,knn5 tanimoto,Proteinuria,0.09423347398030943,0.6724453617532684,0.16913178153843664
1,knn5 tanimoto,Prothrombin level increased,0.03727144866385373,0.6614715162263733,0.22429396956089
1,knn5 tanimoto,Prurigo,0.04219409282700422,0.5805920617220888,0.07142049680824683
1,knn5 tanimoto,Pruritus,0.6638537271448663,0.5828547239586561,0.7091106669431989
1,knn5 tanimoto,Pseudomembranous colitis,0.04571026722925457,0.8442663061787966,0.5206020458655797
1,knn5 tanimoto,Psoriasis,0.056962025316455694,0.6450784782348735,0.1246081822088014
1,knn5 tanimoto,Psychotic disorder,0.1568213783403657,0.6570611174928397,0.2520785049703487
1,knn5 tanimoto,Pulmonary embolism,0.1209563994374121,0.6217499839021012,0.2034898143862512
1,knn5 tanimoto,Pulmonary fibrosis,0.04289732770745429,0.5735618782360076,0.07785987810416806
1,knn5 tanimoto,Pulmonary function test decreased,0.06540084388185655,0.7229048516249873,0.2508873510410486
1,knn5 tanimoto,Pulmonary oedema,0.1258790436005626,0.5606362117256815,0.15358188247533971
1,knn5 tanimoto,Purpura,0.15260196905766527,0.6298146853773556,0.24625263590294638
1,knn5 tanimoto,Rash,0.760196905766526,0.578926300692312,0.7966692760170202
1,knn5 tanimoto,Rash erythematous,0.0759493670886076,0.511291752770916,0.08553530858923937
1,knn5 tanimoto,Rash generalised,0.03727144866385373,0.5365991701808481,0.08608223847665884
1,knn5 tanimoto,Rash macular,0.035864978902953586,0.5186957384357409,0.04456015719173614
1,knn5 tanimoto,Rash maculo-papular,0.1209563994374121,0.5435158677991205,0.13495690097890076
1,knn5 tanimoto,Rash pustular,0.07524613220815753,0.5449914524415042,0.08896640566061187
1,knn5 tanimoto,Rectal haemorrhage,0.0970464135021097,0.5457656481886078,0.12538961013985367
1,knn5 tanimoto,Renal failure,0.23277074542897327,0.6717912727534194,0.39131313940851964
1,knn5 tanimoto,Renal failure acute,0.14838255977496484,0.6598829264825501,0.2520609462507886
1,knn5 tanimoto,Renal impairment,0.14838255977496484,0.6748275917214533,0.26205696375898735
1,knn5 tanimoto,Renal pain,0.047116736990154715,0.5815452612238816,0.06912333498279746
1,knn5 tanimoto,Respiratory arrest,0.035864978902953586,0.7043376618523659,0.09764872657352805
1,knn5 tanimoto,Respiratory depression,0.06469760900140648,0.7272706601615107,0.25192488087354153
1,knn5 tanimoto,Respiratory distress,0.06258790436005626,0.6686095046257245,0.1869550618221049
1,knn5 tanimoto,Respiratory failure,0.09915611814345991,0.5816916149597573,0.13282114115150867
1,knn5 tanimoto,Respiratory tract infection,0.05555555555555555,0.5408487152727695,0.06537307441080899
1,knn5 tanimoto,Rhabdomyolysis,0.09563994374120956,0.6514184856973013,0.2596914824635812
1,knn5 tanimoto,Rhinitis,0.26652601969057665,0.6044100952479907,0.3340770961096752
1,knn5 tanimoto,Rhinorrhoea,0.0850914205344585,0.581693146057975,0.11797990661191837
1,knn5 tanimoto,Salivary hypersecretion,0.10618846694796062,0.6516023937497553,0.21689255429756896
1,knn5 tanimoto,Scotoma,0.07032348804500703,0.5785123249810191,0.09861793755243577
1,knn5 tanimoto,Seborrhoeic dermatitis,0.06469760900140648,0.5993172366732393,0.09964518369611922
1,knn5 tanimoto,Sensory loss,0.0850914205344585,0.5850837940174074,0.1399019943173944
1,knn5 tanimoto,Sepsis,0.13431786216596342,0.653652672386905,0.2136346949496215
1,knn5 tanimoto,Serum sickness,0.040787623066104076,0.7132291051793116,0.25757416487788143
1,knn5 tanimoto,Sexual dysfunction,0.051336146272855133,0.5827873916353418,0.0733579282636276
1,knn5 tanimoto,Shock,0.41561181434599154,0.5804351755162227,0.4910878622810452
1,knn5 tanimoto,Sinus bradycardia,0.04289732770745429,0.5816449296407851,0.11961500759875374
1,knn5 tanimoto,Sinus congestion,0.0450070323488045,0.5788691607797192,0.058497788098000346
1,knn5 tanimoto,Sinusitis,0.25035161744022505,0.5899210417821029,0.30486838540661176
1,knn5 tanimoto,Skin discolouration,0.09634317862165963,0.501621113473896,0.10318397127280513
1,knn5 tanimoto,Skin disorder,0.44585091420534456,0.5837569730040222,0.512147677796057
1,knn5 tanimoto,Skin exfoliation,0.1111111111111111,0.5572798646048972,0.12915810130304234
1,knn5 tanimoto,Skin hyperpigmentation,0.05485232067510549,0.585192092673988,0.09233746438382613
1,knn5 tanimoto,Skin irritation,0.03867791842475387,0.5529693730659953,0.047824852654637685
1,knn5 tanimoto,Skin striae,0.03656821378340366,0.8018054676288878,0.42532151844732075
1,knn5 tanimoto,Skin ulcer,0.07735583684950774,0.5589423325137427,0.11003347852437137
1,knn5 tanimoto,Sleep disorder,0.13783403656821377,0.6247178360791706,0.21139519185619599
1,knn5 tanimoto,Sneezing,0.06258790436005626,0.6747278561412923,0.16437296263986276
1,knn5 tanimoto,Somnolence,0.46835443037974683,0.7307561057089624,0.6770044858500128
1,knn5 tanimoto,Speech disorder,0.0829817158931083,0.5641153037747542,0.09950410730558493
1,knn5 tanimoto,Stevens-Johnson syndrome,0.22292545710267228,0.6907262653572638,0.3784139952738723
1,knn5 tanimoto,Stomatitis,0.2320675105485232,0.6473355532428331,0.3292974954692854
1,knn5 tanimoto,Stupor,0.06891701828410689,0.5483580553367877,0.09253205665112818
1,knn5 tanimoto,Sudden death,0.04289732770745429,0.6809985884110341,0.2067648840026001
1,knn5 tanimoto,Suicidal ideation,0.0639943741209564,0.6756413356428945,0.13742704048418716
1,knn5 tanimoto,Suicide attempt,0.04922644163150492,0.6079746579591594,0.09525997170509987
1,knn5 tanimoto,Supraventricular tachycardia,0.057665260196905765,0.6519325782683182,0.10605435534223384
1,knn5 tanimoto,Swelling,0.14486638537271448,0.5386504978837215,0.1707844454960386
1,knn5 tanimoto,Swelling face,0.03656821378340366,0.5507521494664945,0.05828970374786674
1,knn5 tanimoto,Syncope,0.35372714486638535,0.6204093137423221,0.4552811835952171
1,knn5 tanimoto,Systemic lupus erythematosus,0.053445850914205346,0.6992976490097536,0.18518606666363938
1,knn5 tanimoto,Tachycardia,0.4191279887482419,0.638535861430021,0.5345009801340824
1,knn5 tanimoto,Tenderness,0.0850914205344585,0.5639565803142604,0.12478314169649267
1,knn5 tanimoto,Tension,0.30239099859353025,0.641184723446601,0.4151121100177919
1,knn5 tanimoto,Thinking abnormal,0.08720112517580872,0.6340993565115816,0.13961307036463086
1,knn5 tanimoto,Thirst,0.1490857946554149,0.5948574557663479,0.2255933897599111
1,knn5 tanimoto,Throat irritation,0.04922644163150492,0.6255395969575627,0.11131049067567216
1,knn5 tanimoto,Throat tightness,0.03727144866385373,0.6738151706011116,0.13934991190286442
1,knn5 tanimoto,Thrombocytopenia,0.4212376933895921,0.7155895364986602,0.6225376681513265
1,knn5 tanimoto,Thrombocytopenic purpura,0.03867791842475387,0.6837857487145493,0.12716880685454238
1,knn5 tanimoto,Thrombocytosis,0.05977496483825598,0.6851782491818643,0.2164115962879965
1,knn5 tanimoto,Thrombophlebitis,0.14556962025316456,0.6049468305348913,0.2172119720035965
1,knn5 tanimoto,Thrombosis,0.07946554149085795,0.6080047820211744,0.12060476519609646
1,knn5 tanimoto,Tinnitus,0.27637130801687765,0.6397382319335334,0.38900238894618755
1,knn5 tanimoto,Tongue discolouration,0.04149085794655415,0.6778325426970969,0.1862539065588241
1,knn5 tanimoto,Tongue disorder,0.0710267229254571,0.5840400896745009,0.10805288044145733
1,knn5 tanimoto,Tongue oedema,0.052742616033755275,0.5895680991296899,0.10512101159933977
1,knn5 tanimoto,Tooth disorder,0.05907172995780591,0.539656961246555,0.08361992746583327
1,knn5 tanimoto,Toothache,0.05977496483825598,0.5353242619841356,0.08172757424505307
1,knn5 tanimoto,Torsade de pointes,0.0639943741209564,0.7303156641804038,0.24553708140288455
1,knn5 tanimoto,Toxic epidermal necrolysis,0.180028129395218,0.6764992725202229,0.31909149684711635
1,knn5 tanimoto,Transaminases increased,0.06891701828410689,0.5592257405489747,0.10110520889557466
1,knn5 tanimoto,Transient ischaemic attack,0.04922644163150492,0.6043583324728717,0.1081337374543577
1,knn5 tanimoto,Tremor,0.32770745428973275,0.6238399288510358,0.4281810715835026
1,knn5 tanimoto,Tubulointerstitial nephritis,0.08016877637130802,0.7379796895986857,0.27787968572125793
1,knn5 tanimoto,Ulcer,0.09282700421940929,0.5347433514996037,0.11051433918559424
1,knn5 tanimoto,Upper respiratory tract infection,0.2320675105485232,0.5833887693025155,0.3083153105289692
1,knn5 tanimoto,Urethral disorder,0.2714486638537271,0.6107093950157466,0.3500053495493612
1,knn5 tanimoto,Urinary incontinence,0.11251758087201125,0.6261063148854596,0.18698406123984146
1,knn5 tanimoto,Urinary retention,0.16736990154711673,0.7233355164733629,0.36876871596505945
1,knn5 tanimoto,Urinary tract disorder,0.26863572433192684,0.6153116597281733,0.3464563001731544
1,knn5 tanimoto,Urinary tract infection,0.24824191279887484,0.5936106676466857,0.31756625803935107
1,knn5 tanimoto,Urine abnormality,0.04571026722925457,0.49930850871258514,0.05662730955138423
1,knn5 tanimoto,Urine analysis abnormal,0.04992967651195499,0.5023971502881812,0.06266920297145565
1,knn5 tanimoto,Urine output increased,0.12236286919831224,0.6255846770159055,0.1991871406841771
1,knn5 tanimoto,Urticaria,0.5590717299578059,0.5503871966593469,0.5897817223416284
1,knn5 tanimoto,VIIth nerve paralysis,0.03727144866385373,0.5658094363713732,0.07552549789391895
1,knn5 tanimoto,Vaginal discharge,0.06047819971870605,0.626148470417309,0.16970020516541254
1,knn5 tanimoto,Vaginal haemorrhage,0.08227848101265822,0.614923496166482,0.16748508289264993
1,knn5 tanimoto,Vaginal infection,0.11673699015471167,0.5988149342594068,0.2639118217889412
1,knn5 tanimoto,Vaginal inflammation,0.10829817158931083,0.5973824902372223,0.2635527805378415
1,knn5 tanimoto,Vascular purpura,0.14135021097046413,0.6464637903796062,0.25160074401418187
1,knn5 tanimoto,Vasculitis,0.10689170182841069,0.623370390011603,0.20227990930611567
1,knn5 tanimoto,Vasodilation procedure,0.09353023909985936,0.595090290459831,0.13601557723329905
1,knn5 tanimoto,Ventricular arrhythmia,0.07032348804500703,0.6323572432473638,0.11741173029053151
1,knn5 tanimoto,Ventricular extrasystoles,0.090014064697609,0.5906611131555479,0.11595101586271153
1,knn5 tanimoto,Ventricular fibrillation,0.07243319268635724,0.5889633856682581,0.1294768093226462
1,knn5 tanimoto,Ventricular tachycardia,0.1019690576652602,0.6632810223872578,0.1724960441795488
1,knn5 tanimoto,Vertigo,0.3558368495077356,0.6187031221687802,0.46565129726117443
1,knn5 tanimoto,Viral infection,0.09142053445850915,0.5386246270189291,0.10922817730676568
1,knn5 tanimoto,Vision blurred,0.3227848101265823,0.6478026190641024,0.448720078721269
1,knn5 tanimoto,Visual acuity reduced,0.052742616033755275,0.5394314867957017,0.060608120261225175
1,knn5 tanimoto,Visual impairment,0.2714486638537271,0.6183464163517991,0.35214771510449017
1,knn5 tanimoto,Vomiting,0.759493670886076,0.6434508386954368,0.8210330514968062
1,knn5 tanimoto,Vulvovaginal candidiasis,0.051336146272855133,0.6805993298104178,0.2099254286219169
1,knn5 tanimoto,Vulvovaginal mycotic infection,0.05555555555555555,0.7019668230645424,0.2124632540131886
1,knn5 tanimoto,Weight decreased,0.22433192686357242,0.6198859523853795,0.30473083038382004
1,knn5 tanimoto,Weight increased,0.23136427566807313,0.6594262200093537,0.36821752074680225
1,knn5 tanimoto,Wheezing,0.12165963431786217,0.536156143655841,0.13614040144972178
1,knn5 tanimoto,White blood cell count decreased,0.046413502109704644,0.5941009371851403,0.07434477517902544
1,structure rf,Abdominal discomfort,0.20253164556962025,0.5474819460877736,0.2305465305836009
1,structure rf,Abdominal distension,0.20815752461322082,0.6183244573606121,0.33978512400996086
1,structure rf,Abdominal pain,0.580168776371308,0.6323995060864958,0.71046637645265
1,structure rf,Abdominal pain upper,0.18846694796061886,0.6306399626976399,0.3120398114326942
1,structure rf,Abnormal dreams,0.10548523206751055,0.7570224349682706,0.2753392638844457
1,structure rf,Abscess,0.07805907172995781,0.5921429720530841,0.1464320338000187
1,structure rf,Accommodation disorder,0.04922644163150492,0.8684036636375932,0.4227658680948256
1,structure rf,Acidosis,0.0450070323488045,0.6896460278895893,0.12800478218029437
1,structure rf,Acne,0.09282700421940929,0.7065539074705066,0.279326635901595
1,structure rf,Acute coronary syndrome,0.2348804500703235,0.6484911090496521,0.3903402485484238
1,structure rf,Affect lability,0.1617440225035162,0.6679995324166236,0.3323437325833275
1,structure rf,Ageusia,0.07946554149085795,0.612444208409477,0.15142476167982424
1,structure rf,Aggression,0.0850914205344585,0.7291065815995107,0.2317787652367287
1,structure rf,Agitation,0.3340365682137834,0.701206533147627,0.5568502219494949
1,structure rf,Agranulocytosis,0.23347398030942335,0.7877962017273961,0.5858168771074037
1,structure rf,Akathisia,0.04852320675105485,0.8598472846668892,0.4845738201379822
1,structure rf,Alanine aminotransferase increased,0.19268635724331926,0.6978674185281699,0.4159011422115476
1,structure rf,Albuminuria,0.0710267229254571,0.6220324947099254,0.169437915265008
1,structure rf,Alopecia,0.3108298171589311,0.6813234048262562,0.5002253264931709
1,structure rf,Altered state of consciousness,0.040787623066104076,0.6999187820288693,0.15899575284516715
1,structure rf,Amblyopia,0.07383966244725738,0.5781501990057432,0.10682752861963088
1,structure rf,Amenorrhoea,0.08720112517580872,0.7226294741575056,0.24547870823922016
1,structure rf,Amnesia,0.14486638537271448,0.6883662869417222,0.2722323573372997
1,structure rf,Amylase increased,0.04430379746835443,0.6983052733475505,0.15061882706253765
1,structure rf,Anaemia,0.36146272855133615,0.6783278756937776,0.5464789654157217
1,structure rf,Anaphylactic shock,0.4388185654008439,0.675086598891079,0.629447427250882
1,structure rf,Anaphylactoid reaction,0.17651195499296765,0.6542468242143095,0.3388477780223041
1,structure rf,Angina pectoris,0.2039381153305204,0.6821245186599089,0.3998348791962734
1,structure rf,Angioedema,0.37060478199718705,0.6551314766052814,0.5328975060613363
1,structure rf,Angiopathy,0.319971870604782,0.6324677724795865,0.4525124840052042
1,structure rf,Anorectal discomfort,0.051336146272855133,0.6399793397335137,0.11462584595165644
1,structure rf,Anorectal disorder,0.04289732770745429,0.5896676804541767,0.09421934989654081
1,structure rf,Anxiety,0.38466947960618847,0.6327425978741428,0.5050968403027862
1,structure rf,Apathy,0.06188466947960619,0.691007203838159,0.13229553295760574
1,structure rf,Aphasia,0.06047819971870605,0.6485890762953841,0.18723696802734865
1,structure rf,Aphthous stomatitis,0.03938115330520394,0.7687657155726153,0.1607175500645018
1,structure rf,Aplastic anaemia,0.11392405063291139,0.826062849233649,0.4634402200161382
1,structure rf,Apnoea,0.08368495077355836,0.7118410014245671,0.2824550016296229
1,structure rf,Application site pain,0.04289732770745429,0.5476022067675915,0.06659580698676786
1,structure rf,Application site reaction,0.03727144866385373,0.5520738167194666,0.051356681062208975
1,structure rf,Arrhythmia,0.28621659634317864,0.6326279395386378,0.42411906919700326
1,structure rf,Arrhythmia supraventricular,0.035161744022503515,0.5682473713341128,0.053269052454791646
1,structure rf,Arthralgia,0.4120956399437412,0.6449804640720576,0.5737268134603073
1,structure rf,Arthritis,0.1568213783403657,0.671600734578654,0.30106203214091537
1,structure rf,Arthropathy,0.0949367088607595,0.6538533692134532,0.18863645632602308
1,structure rf,Aspartate aminotransferase increased,0.1940928270042194,0.7002434143863905,0.39528555072882454
1,structure rf,Asthenia,0.6371308016877637,0.7116975502765497,0.8068015033384339
1,structure rf,Asthma,0.19057665260196907,0.5885175093309123,0.2688219392029098
1,structure rf,Ataxia,0.1680731364275668,0.7437604012123382,0.4507457028013821
1,structure rf,Atrial fibrillation,0.1469760900140647,0.6722565372416923,0.25454026667525376
1,structure rf,Atrioventricular block,0.09423347398030943,0.7261709208951025,0.35675606054532055
1,structure rf,Azotaemia,0.0450070323488045,0.6460619383876636,0.09667002800109276
1,structure rf,Back pain,0.3509142053445851,0.6448073773379386,0.5010963047612365
1,structure rf,Bacterial infection,0.03867791842475387,0.6483328974148251,0.1967579366095189
1,structure rf,Balance disorder,0.04781997187060478,0.7333911265795502,0.1890344530286676
1,structure rf,Bladder pain,0.11744022503516174,0.7038928192041263,0.2589247292324685
1,structure rf,Blepharitis,0.05555555555555555,0.627802853651372,0.12378221297985044
1,structure rf,Blindness,0.052742616033755275,0.56986869695548,0.09689891671065326
1,structure rf,Blister,0.0710267229254571,0.5155041407705581,0.10819878328459782
1,structure rf,Blood alkaline phosphatase increased,0.13431786216596342,0.6660050577584521,0.24681791809690248
1,structure rf,Blood bilirubin increased,0.0970464135021097,0.7597161276149353,0.300619158122119
1,structure rf,Blood creatine phosphokinase increased,0.06821378340365682,0.7495087091581134,0.2664702156648603
1,structure rf,Blood creatinine increased,0.1751054852320675,0.7099661176213873,0.3396765043665767
1,structure rf,Blood disorder,0.08720112517580872,0.6396234630210811,0.18181908916352962
1,structure rf,Blood glucose increased,0.046413502109704644,0.6439064357547016,0.12049883940559221
1,structure rf,Blood lactate dehydrogenase increased,0.058368495077355836,0.7068393967721606,0.18840947558022073
1,structure rf,Blood pressure increased,0.10337552742616034,0.69053538832427,0.23996295757208091
1,structure rf,Blood triglycerides increased,0.06751054852320675,0.7050248883941693,0.22767709553218438
1,structure rf,Blood urea increased,0.1160337552742616,0.7266406273277042,0.36258733126043063
1,structure rf,Blood uric acid increased,0.10618846694796062,0.7205095765791898,0.3029665838648274
1,structure rf,Body temperature decreased,0.046413502109704644,0.6512068425738337,0.14711621065419578
1,structure rf,Body temperature increased,0.5414908579465542,0.653235717346454,0.6916173487266108
1,structure rf,Bone disorder,0.08931082981715893,0.6463360451564957,0.15898938195826978
1,structure rf,Bone pain,0.1090014064697609,0.6928183992117851,0.2703784973123799
1,structure rf,Bradycardia,0.2559774964838256,0.6856894061574772,0.43399159128885767
1,structure rf,Breast cancer,0.035864978902953586,0.7476231106846567,0.24043658141211982
1,structure rf,Breast disorder,0.180028129395218,0.6903584795733123,0.3598531202293344
1,structure rf,Breast enlargement,0.06258790436005626,0.8085776791079656,0.3363548117366541
1,structure rf,Breast pain,0.09142053445850915,0.7238415281266324,0.32293284373180864
1,structure rf,Bronchitis,0.21167369901547117,0.6380048980062811,0.32513634597486896
1,structure rf,Bronchospasm,0.20182841068917018,0.6353117382494773,0.323704328030607
1,structure rf,Bundle branch block,0.04571026722925457,0.6470371087211736,0.11023662944133217
1,structure rf,Burning sensation,0.07172995780590717,0.5600282843867384,0.11684315726922143
1,structure rf,Bursitis,0.04360056258790436,0.7176841272401157,0.11760462171233861
1,structure rf,Candida infection,0.11954992967651196,0.6945598305137973,0.36388105488868766
1,structure rf,Cardiac arrest,0.16736990154711673,0.6609978091393472,0.30254055566626226
1,structure rf,Cardiac disorder,0.29254571026722925,0.6728277715643012,0.44688653838210335
1,structure rf,Cardiac failure,0.15330520393811534,0.6539601095996107,0.2523109178942443
1,structure rf,Cardiac failure congestive,0.1441631504922644,0.6503774892614549,0.3027838636766008
1,structure rf,Cardiomyopathy,0.04360056258790436,0.6766991253823299,0.1785352358891835
1,structure rf,Cardiovascular disorder,0.0850914205344585,0.6010087616077444,0.15050657685336166
1,structure rf,Cataract,0.10126582278481013,0.7170713195281097,0.2351815340700621
1,structure rf,Cellulitis,0.09282700421940929,0.6426886459096836,0.2003247848814686
1,structure rf,Cerebral haemorrhage,0.04922644163150492,0.6012487211401705,0.11209432664699262
1,structure rf,Cerebral ischaemia,0.04219409282700422,0.646715429053915,0.09115588756720297
1,structure rf,Cerebrovascular accident,0.15822784810126583,0.6895185116786717,0.3701277179844845
1,structure rf,Cerebrovascular disorder,0.035161744022503515,0.6226520150351661,0.11489848226219916
1,structure rf,Chest discomfort,0.09634317862165963,0.5559876497655835,0.14412406364294159
1,structure rf,Chest pain,0.38748241912798875,0.6308138797594631,0.5340985824318645
1,structure rf,Chills,0.3108298171589311,0.6107654469048115,0.42670977704467167
1,structure rf,Cholecystitis,0.052742616033755275,0.6241469119652254,0.1332092284101813
1,structure rf,Cholelithiasis,0.06118143459915612,0.6744737582567147,0.14794414984681578
1,structure rf,Cholestasis,0.07243319268635724,0.7328704694385546,0.29968051651851024
1,structure rf,Coagulopathy,0.07524613220815753,0.5850962732121304,0.11443252826913149
1,structure rf,Cognitive disorder,0.04219409282700422,0.6551677238512192,0.15970699771911342
1,structure rf,Cold sweat,0.03867791842475387,0.6693957179709769,0.11442659222830709
1,structure rf,Colitis,0.10478199718706048,0.7288243688741601,0.3044836461563423
1,structure rf,Coma,0.1209563994374121,0.6404519429799163,0.2219318187858436
1,structure rf,Completed suicide,0.04781997187060478,0.8028818519533267,0.18992604048465242
1,structure rf,Confusional state,0.38255977496483823,0.6637470037854618,0.5719226673993486
1,structure rf,Conjunctival hyperaemia,0.0379746835443038,0.5757187608078331,0.09121424287417915
1,structure rf,Conjunctivitis,0.23136427566807313,0.6226060352787891,0.35656793802095815
1,structure rf,Connective tissue disorder,0.2848101265822785,0.6413945750242379,0.42595490067017094
1,structure rf,Constipation,0.4929676511954993,0.7143457095855046,0.7151785460791266
1,structure rf,Contusion,0.09774964838255977,0.6406407158330014,0.18630663854952745
1,structure rf,Convulsion,0.36357243319268634,0.662664398568635,0.5711047765331162
1,structure rf,Coordination abnormal,0.09915611814345991,0.744815512293986,0.3110397507757602
1,structure rf,Cough,0.4008438818565401,0.6498654742835693,0.5650053657647831
1,structure rf,Cyanosis,0.06962025316455696,0.6532993314680718,0.1761966197758563
1,structure rf,Cyst,0.06540084388185655,0.6836296211727337,0.20244676381918136
1,structure rf,Cystitis,0.10759493670886076,0.6909914283830603,0.22661724604288075
1,structure rf,Cystitis noninfective,0.10618846694796062,0.6910989757620263,0.2263022050252447
1,structure rf,Deafness,0.1371308016877637,0.684251030225608,0.268860064391148
1,structure rf,Decreased appetite,0.4838255977496484,0.6539361198533994,0.6329287530077854
1,structure rf,Deep vein thrombosis,0.06680731364275667,0.7684695685277986,0.2829568368848442
1,structure rf,Dehydration,0.17158931082981715,0.6407704655446886,0.3256493279679616
1,structure rf,Delirium,0.07876230661040788,0.710246115023728,0.20714744305451563
1,structure rf,Delusion,0.06821378340365682,0.8093015687111345,0.3348282015030204
1,structure rf,Dementia,0.03727144866385373,0.6961356670400481,0.1932670106854266
1,structure rf,Depersonalisation,0.06188466947960619,0.730266102763905,0.2103460267253702
1,structure rf,Depressed level of consciousness,0.10126582278481013,0.7067246395351786,0.2574776376617278
1,structure rf,Depressed mood,0.035864978902953586,0.6361559803528621,0.12642856821026593
1,structure rf,Depression,0.22644163150492264,0.6674794782882122,0.38514519659537094
1,structure rf,Dermatitis,0.7658227848101266,0.6460116841358508,0.8490691608547266
1,structure rf,Dermatitis atopic,0.07454289732770746,0.5628389781839044,0.11698590728978195
1,structure rf,Dermatitis bullous,0.14767932489451477,0.5972446971746517,0.24289157693779684
1,structure rf,Dermatitis contact,0.11181434599156118,0.6791596657329191,0.28049171954120683
1,structure rf,Dermatitis exfoliative,0.14556962025316456,0.6960644995667874,0.32152299440987075
1,structure rf,Diabetes mellitus,0.1441631504922644,0.7046090314117859,0.33629870473207013
1,structure rf,Diarrhoea,0.6849507735583685,0.682577082277975,0.8220657434101174
1,structure rf,Diplopia,0.1518987341772152,0.7221309177120203,0.34950009082480804
1,structure rf,Discomfort,0.3924050632911392,0.6387363757262767,0.5419152951075701
1,structure rf,Disorientation,0.12376933895921238,0.6862637355570586,0.3044238995792921
1,structure rf,Disturbance in attention,0.09071729957805907,0.6814871431524118,0.17560003786050782
1,structure rf,Disturbance in sexual arousal,0.16455696202531644,0.7595388311335582,0.40227139393694406
1,structure rf,Dizziness,0.7250351617440225,0.6924503371399046,0.8405669260360078
1,structure rf,Drug eruption,0.05414908579465542,0.6686363913409595,0.14497644303552062
1,structure rf,Drug interaction,0.09353023909985936,0.6304982977030548,0.15086676243090397
1,structure rf,Drug withdrawal syndrome,0.04008438818565401,0.8685897267345425,0.36790280167230316
1,structure rf,Dry eye,0.11462728551336146,0.7011390128236744,0.2541198944879627
1,structure rf,Dry mouth,0.38959212376933894,0.7240951340668663,0.6442191455040789
1,structure rf,Dry skin,0.18635724331926865,0.6038434960260821,0.28439727320237257
1,structure rf,Duodenal ulcer,0.03938115330520394,0.6909762395029672,0.11858862252427627
1,structure rf,Dysarthria,0.09212376933895922,0.7212175454634846,0.28025115564520875
1,structure rf,Dysgeusia,0.32208157524613223,0.6068361191627156,0.44773484509514255
1,structure rf,Dyskinesia,0.09142053445850915,0.8075457307702039,0.38938170501441643
1,structure rf,Dysmenorrhoea,0.09845288326300984,0.6787108687358268,0.21888955782168334
1,structure rf,Dyspepsia,0.4908579465541491,0.6434567368266373,0.6356698700692133
1,structure rf,Dysphagia,0.18565400843881857,0.670561453639837,0.3383725030558896
1,structure rf,Dysphonia,0.08649789029535865,0.643967266421827,0.17323243867693977
1,structure rf,Dyspnoea,0.4908579465541491,0.6619295616503063,0.6594338384123221
1,structure rf,Dysuria,0.21026722925457103,0.631223014320146,0.33547871724379785
1,structure rf,Ear disorder,0.047116736990154715,0.5275532225581362,0.05964240016334593
1,structure rf,Ear infection,0.03727144866385373,0.5694003865024222,0.0601246254109288
1,structure rf,Ear pain,0.12658227848101267,0.5946550168892516,0.19144941434580115
1,structure rf,Ecchymosis,0.1279887482419128,0.6513276625617795,0.2563649877067339
1,structure rf,Eczema,0.13924050632911392,0.6268263796434252,0.21485516153206535
1,structure rf,Electrocardiogram QT prolonged,0.05977496483825598,0.7375763511831128,0.16176706670024568
1,structure rf,Electrocardiogram abnormal,0.05977496483825598,0.6267013052138021,0.11778490898078786
1,structure rf,Electrolyte imbalance,0.03656821378340366,0.6935408594034591,0.24954601170510676
1,structure rf,Embolism,0.06751054852320675,0.7057265328122033,0.28209601117286615
1,structure rf,Embolism venous,0.051336146272855133,0.8124378140289055,0.3654871466435713
1,structure rf,Encephalopathy,0.056962025316455694,0.5955107900548295,0.11889640004975337
1,structure rf,Endocrine disorder,0.09071729957805907,0.6416376581357588,0.14920249702666907
1,structure rf,Endophthalmitis,0.04149085794655415,0.5716372270853862,0.11901053972350004
1,structure rf,Eosinophilia,0.2039381153305204,0.7540915109343126,0.504362179731275
1,structure rf,Epigastric discomfort,0.04289732770745429,0.709781558718665,0.27364633405407135
1,structure rf,Epilepsy,0.03727144866385373,0.6605815740701982,0.17510006650581172
1,structure rf,Epistaxis,0.2468354430379747,0.6929074234740048,0.4457367482774751
1,structure rf,Erectile dysfunction,0.2109704641350211,0.7443171539397182,0.4804061463045711
1,structure rf,Eructation,0.1090014064697609,0.6148082344464182,0.17665763644566895
1,structure rf,Erythema,0.339662447257384,0.575382439344906,0.42602116442019017
1,structure rf,Erythema multiforme,0.27355836849507736,0.7311059421520231,0.5268165250143284
1,structure rf,Erythema nodosum,0.03867791842475387,0.7551383396538217,0.2970554337666047
1,structure rf,Euphoric mood,0.11954992967651196,0.7724443366964252,0.3010257557742199
1,structure rf,Extrapyramidal disorder,0.07172995780590717,0.8493744585462719,0.4934599945308628
1,structure rf,Extrasystoles,0.07735583684950774,0.6908570229347164,0.15954400264436852
1,structure rf,Extravasation,0.07524613220815753,0.7357261962629497,0.24643441919792558
1,structure rf,Eye disorder,0.28621659634317864,0.6458573038212847,0.42545028465162726
1,structure rf,Eye haemorrhage,0.04289732770745429,0.7157018991510868,0.1611447320400563
1,structure rf,Eye irritation,0.090014064697609,0.5851816680417583,0.14222310562925605
1,structure rf,Eye pain,0.14064697609001406,0.6406506319356596,0.2717165396184692
1,structure rf,Eye pruritus,0.0379746835443038,0.6329516808316458,0.12019826829320149
1,structure rf,Eyelid oedema,0.04289732770745429,0.6794486603117813,0.134409509126355
1,structure rf,Face oedema,0.17088607594936708,0.621130810715829,0.3017659959915965
1,structure rf,Faecal incontinence,0.04781997187060478,0.6128068205258053,0.07668049433396687
1,structure rf,Fatigue,0.510548523206751,0.6579207814682848,0.6548595409936235
1,structure rf,Febrile neutropenia,0.05977496483825598,0.7723841640391941,0.27476231340071566
1,structure rf,Feeling abnormal,0.5133614627285513,0.6501489816976369,0.660741875008341
1,structure rf,Feeling hot,0.08227848101265822,0.6230100170374278,0.23063319921815859
1,structure rf,Flank pain,0.035161744022503515,0.625579644094074,0.07903218096950877
1,structure rf,Flat affect,0.06258790436005626,0.6976895893411915,0.14814004780406062
1,structure rf,Flatulence,0.3143459915611814,0.6239087703843418,0.44827553516578406
1,structure rf,Fluid overload,0.0379746835443038,0.730352945409345,0.17282743393311112
1,structure rf,Fluid retention,0.1160337552742616,0.6428466498199856,0.2888416829922927
1,structure rf,Flushing,0.30028129395218,0.5851749581250767,0.3947624409678342
1,structure rf,Foetor hepaticus,0.05063291139240506,0.5959782988304612,0.09449456936584108
1,structure rf,Folliculitis,0.0639943741209564,0.7144186349401589,0.24633697514897818
1,structure rf,Fracture,0.05485232067510549,0.6828841578389102,0.176668805570231
1,structure rf,Fungal infection,0.07946554149085795,0.6031162084207928,0.17398053581434048
1,structure rf,Fungal skin infection,0.03656821378340366,0.7144242869987958,0.13873567798221725
1,structure rf,Furuncle,0.04289732770745429,0.6562878315558232,0.07928657886476809
1,structure rf,Gait disturbance,0.10056258790436005,0.7053165360821699,0.23617436441968112
1,structure rf,Galactorrhoea,0.05977496483825598,0.8446768438079987,0.4664646359525138
1,structure rf,Gamma-glutamyltransferase increased,0.0829817158931083,0.5945987817677405,0.15985502143646815
1,structure rf,Gastric ulcer,0.05063291139240506,0.6118515867422798,0.083127824329067
1,structure rf,Gastritis,0.18424753867791843,0.6668533938391716,0.3595817154768305
1,structure rf,Gastroenteritis,0.13853727144866385,0.6850030126557793,0.26439116584260447
1,structure rf,Gastrointestinal disorder,0.5210970464135021,0.6654007899170654,0.6815974067484147
1,structure rf,Gastrointestinal haemorrhage,0.15330520393811534,0.6662505558142532,0.31837711460021245
1,structure rf,Gastrointestinal pain,0.5478199718706048,0.6540258707786174,0.699162196580104
1,structure rf,Gastrooesophageal reflux disease,0.09915611814345991,0.6985554058237529,0.23946646917322884
1,structure rf,Generalised oedema,0.053445850914205346,0.5645981035367832,0.11487005670902292
1,structure rf,Gingival bleeding,0.05414908579465542,0.6542370864669355,0.1319119741226062
1,structure rf,Gingivitis,0.07383966244725738,0.6676321572722479,0.15267886477913276
1,structure rf,Glaucoma,0.07805907172995781,0.7516779910358921,0.29993273132172577
1,structure rf,Glossitis,0.09774964838255977,0.5906603735728223,0.1677913884074852
1,structure rf,Glycosuria,0.08579465541490858,0.7510848678873829,0.33394376089511846
1,structure rf,Gout,0.09774964838255977,0.7032644506990355,0.2667560873768494
1,structure rf,Grand mal convulsion,0.0379746835443038,0.6534934517990918,0.09251700304043105
1,structure rf,Gynaecomastia,0.12517580872011252,0.763814144952075,0.4445487221984356
1,structure rf,Haematemesis,0.07032348804500703,0.7096312414821914,0.1617723361169721
1,structure rf,Haematochezia,0.035864978902953586,0.6447029893148883,0.06198290130676963
1,structure rf,Haematocrit decreased,0.0379746835443038,0.6238372383092521,0.10155269393877964
1,structure rf,Haematoma,0.07172995780590717,0.6664058344637981,0.17190701086011523
1,structure rf,Haematuria,0.2369901547116737,0.6868585873654006,0.42944554176134747
1,structure rf,Haemoglobin,0.2679324894514768,0.6393389427722694,0.44141408600590093
1,structure rf,Haemoglobin decreased,0.07383966244725738,0.6744810957749425,0.1720064157595464
1,structure rf,Haemolytic anaemia,0.14064697609001406,0.7698049514656139,0.47420327127122397
1,structure rf,Haemoptysis,0.08157524613220815,0.64231150968613,0.1657910517763561
1,structure rf,Haemorrhage,0.26933895921237694,0.6414378032498197,0.44305717290618596
1,structure rf,Haemorrhage intracranial,0.04008438818565401,0.7318413032635366,0.2050631103907618
1,structure rf,Haemorrhoids,0.05907172995780591,0.6713175031802826,0.12544727495564162
1,structure rf,Hallucination,0.24261603375527427,0.7136700363676424,0.48633448318789074
1,structure rf,Headache,0.7805907172995781,0.69061528596263,0.8707733654120998
1,structure rf,Hearing impaired,0.10056258790436005,0.6866996366462808,0.24872316776349526
1,structure rf,Hepatic enzyme increased,0.09634317862165963,0.6168264512342786,0.1630590896599967
1,structure rf,Hepatic failure,0.1441631504922644,0.7102549060922608,0.2845318744024386
1,structure rf,Hepatic function abnormal,0.12939521800281295,0.5992864964439623,0.24795634032208475
1,structure rf,Hepatic necrosis,0.052742616033755275,0.7372776557252136,0.30522402157678685
1,structure rf,Hepatitis,0.2552742616033755,0.7098709124153928,0.45333819520335317
1,structure rf,Hepatobiliary disease,0.24120956399437413,0.6873855281272012,0.43345761488735646
1,structure rf,Hepatocellular injury,0.10478199718706048,0.6627635604925447,0.20549573363034218
1,structure rf,Hepatomegaly,0.06891701828410689,0.6904928945477551,0.1890542106141659
1,structure rf,Hepatotoxicity,0.07946554149085795,0.7207727459335721,0.20908545325794997
1,structure rf,Hernia,0.03727144866385373,0.6983263186934752,0.0817757418605748
1,structure rf,Herpes simplex,0.09353023909985936,0.6185900917325611,0.1702932848218127
1,structure rf,Herpes zoster,0.08157524613220815,0.6507928142091284,0.15168493590716123
1,structure rf,Hiccups,0.10267229254571027,0.6658248798427431,0.20254440006625854
1,structure rf,Hirsutism,0.06118143459915612,0.8402775053536745,0.36584828689514964
1,structure rf,Hostility,0.047116736990154715,0.7636721885429422,0.1998490839948112
1,structure rf,Hot flush,0.15611814345991562,0.6891040431395772,0.3284827699017649
1,structure rf,Hyperaesthesia,0.07524613220815753,0.6349488604151544,0.15138050444603432
1,structure rf,Hyperbilirubinaemia,0.0970464135021097,0.7195082503408843,0.28611052657188185
1,structure rf,Hypercalcaemia,0.0710267229254571,0.6986615181611391,0.2818010226135996
1,structure rf,Hypercholesterolaemia,0.09915611814345991,0.7306076287993847,0.26408518758626254
1,structure rf,Hyperglycaemia,0.23417721518987342,0.6931067690969661,0.42628331466961145
1,structure rf,Hyperhidrosis,0.42334739803094235,0.6453806922584546,0.5848123571898144
1,structure rf,Hyperkalaemia,0.11040787623066103,0.6808602327085478,0.3301130752858167
1,structure rf,Hyperkinesia,0.11954992967651196,0.740042072583482,0.3138505436090243
1,structure rf,Hyperlipidaemia,0.0639943741209564,0.7265350997662463,0.17903653823884325
1,structure rf,Hypernatraemia,0.052742616033755275,0.7169832697012254,0.24629112281799906
1,structure rf,Hyperreflexia,0.040787623066104076,0.7251571225595487,0.19411492337476244
1,structure rf,Hypersensitivity,0.6315049226441631,0.636460904581034,0.7486477371077205
1,structure rf,Hypertension,0.39732770745428975,0.6449153451427209,0.5447385830452334
1,structure rf,Hyperthyroidism,0.035864978902953586,0.5995203917719781,0.0705587149953559
1,structure rf,Hypertonia,0.12376933895921238,0.6063407514476417,0.21013710321667797
1,structure rf,Hypertrichosis,0.03656821378340366,0.7251052418366564,0.332310869026191
1,structure rf,Hypertriglyceridaemia,0.05625879043600562,0.7377530497266708,0.234399328458709
1,structure rf,Hyperuricaemia,0.09774964838255977,0.7144301779089706,0.2913511435800443
1,structure rf,Hyperventilation,0.06469760900140648,0.6284746474561059,0.17602303298551195
1,structure rf,Hypoaesthesia,0.2559774964838256,0.6284143011884633,0.400607063551634
1,structure rf,Hypocalcaemia,0.0949367088607595,0.6563901463179219,0.25030910331552997
1,structure rf,Hypoglycaemia,0.1568213783403657,0.6849187241807216,0.32161597322533186
1,structure rf,Hypokalaemia,0.18143459915611815,0.6193490711542738,0.28380985468880693
1,structure rf,Hypokinesia,0.05907172995780591,0.7236001730030858,0.15933939797842606
1,structure rf,Hypomagnesaemia,0.06047819971870605,0.7250833248175416,0.17463162071125454
1,structure rf,Hyponatraemia,0.1540084388185654,0.7284864426369099,0.3956389271417745
1,structure rf,Hypophosphataemia,0.056962025316455694,0.7610179524866979,0.22164114293861675
1,structure rf,Hyporeflexia,0.0379746835443038,0.6598524844057503,0.10166006530799196
1,structure rf,Hypotension,0.4676511954992968,0.6412910693454141,0.6165719723581395
1,structure rf,Hypothermia,0.046413502109704644,0.6512068425738337,0.14711621065419578
1,structure rf,Hypothyroidism,0.06329113924050633,0.6095581417075503,0.12249385462238656
1,structure rf,Hypotonia,0.04571026722925457,0.7050349598831609,0.1204859229502591
1,structure rf,Hypoxia,0.06047819971870605,0.6591810237891208,0.1727800751217911
1,structure rf,Ileus,0.07032348804500703,0.6528090731606431,0.22215232312498906
1,structure rf,Ileus paralytic,0.035161744022503515,0.8610122732054102,0.5937143502813833
1,structure rf,Ill-defined disorder,0.34247538677918427,0.6418625491542729,0.49691286547111224
1,structure rf,Immune system disorder,0.3150492264416315,0.6401413590150824,0.4461348006898917
1,structure rf,Impaired healing,0.04430379746835443,0.7073613269637997,0.29016989357699496
1,structure rf,Inappropriate antidiuretic hormone secretion,0.04922644163150492,0.7802403743131491,0.3252814481597
1,structure rf,Increased appetite,0.1568213783403657,0.7007262197732709,0.3518907038717661
1,structure rf,Induration,0.04149085794655415,0.6860504317533263,0.13391799873834667
1,structure rf,Infection,0.4212376933895921,0.6335102420625839,0.5766986894613358
1,structure rf,Infestation,0.24753867791842477,0.632054982309987,0.40930219178968674
1,structure rf,Inflammation,0.10829817158931083,0.6288366791125883,0.2063943486426413
1,structure rf,Influenza,0.1990154711673699,0.6314674568022427,0.29350653221226697
1,structure rf,Influenza like illness,0.1160337552742616,0.6091613743801554,0.19538014187253103
1,structure rf,Injection site pain,0.10267229254571027,0.6176745497411318,0.18413927633109042
1,structure rf,Injection site reaction,0.13853727144866385,0.6805331520865456,0.3664444511667727
1,structure rf,Injury,0.14556962025316456,0.6369294049942679,0.2464570139163354
1,structure rf,Insomnia,0.4739803094233474,0.6910475323947747,0.6513594998512754
1,structure rf,Interstitial lung disease,0.06891701828410689,0.7198723968888575,0.22729152619268458
1,structure rf,Intestinal obstruction,0.06469760900140648,0.6571918923301323,0.18700080234089697
1,structure rf,Intracranial pressure increased,0.03938115330520394,0.6730630991326564,0.29230522528350533
1,structure rf,Intraocular pressure increased,0.04430379746835443,0.7869034858230571,0.39936828204986907
1,structure rf,Irritability,0.1617440225035162,0.6639892160380005,0.30868849866977816
1,structure rf,Jaundice,0.23136427566807313,0.7212631408250745,0.4812525895691374
1,structure rf,Jaundice cholestatic,0.0949367088607595,0.7696114997501866,0.2917151817818425
1,structure rf,Joint swelling,0.0450070323488045,0.5405301700945555,0.05193283950592424
1,structure rf,Keratitis,0.06047819971870605,0.7078052882335251,0.16365047507087666
1,structure rf,Lacrimal disorder,0.0379746835443038,0.6068237351539394,0.06317598414028318
1,structure rf,Lacrimation increased,0.1019690576652602,0.5970971115064223,0.17805380650953154
1,structure rf,Laryngeal oedema,0.0639943741209564,0.6948207961810924,0.30360154636351827
1,structure rf,Laryngeal pain,0.07313642756680731,0.558483664974934,0.12250506589023788
1,structure rf,Laryngitis,0.06821378340365682,0.6449154415304118,0.14181362893073676
1,structure rf,Laryngospasm,0.07243319268635724,0.753328032041485,0.2633083032716338
1,structure rf,Lethargy,0.15611814345991562,0.619188910054557,0.2627770632087786
1,structure rf,Leukocytoclastic vasculitis,0.03938115330520394,0.6517017594666021,0.0911949654261763
1,structure rf,Leukocytosis,0.10548523206751055,0.6321941929459955,0.1970614193148173
1,structure rf,Leukoderma,0.04430379746835443,0.6737607202801567,0.2878030261963661
1,structure rf,Leukopenia,0.35864978902953587,0.7148755749739573,0.5675183241001032
1,structure rf,Libido decreased,0.14767932489451477,0.7584974010406076,0.3897514162381501
1,structure rf,Libido increased,0.057665260196905765,0.7882438068041006,0.203261286096908
1,structure rf,Liver disorder,0.06610407876230662,0.6233742280989159,0.11297707364155996
1,structure rf,Liver function test abnormal,0.17440225035161744,0.6273821851478166,0.2633447268187247
1,structure rf,Liver injury,0.08649789029535865,0.6622276474688805,0.19559321252979306
1,structure rf,Local reaction,0.053445850914205346,0.6893672689333477,0.2114894401988688
1,structure rf,Loss of consciousness,0.37060478199718705,0.6566746946427691,0.5236215796445679
1,structure rf,Loss of libido,0.03867791842475387,0.6878917387472919,0.17800190527560605
1,structure rf,Lung disorder,0.05414908579465542,0.5432847558742218,0.08912705417537492
1,structure rf,Lung infiltration,0.04289732770745429,0.6314336926782848,0.17591150101431902
1,structure rf,Lymphadenopathy,0.13291139240506328,0.6302956397241822,0.2421133176333239
1,structure rf,Lymphopenia,0.05063291139240506,0.7046803891101416,0.24013306531191017
1,structure rf,Malaise,0.35372714486638535,0.6402934486147305,0.5065000316201415
1,structure rf,Malnutrition,0.33122362869198313,0.6619824149050164,0.5065165524765911
1,structure rf,Mania,0.06751054852320675,0.7725091835023512,0.23251101248158407
1,structure rf,Mediastinal disorder,0.31856540084388185,0.6579996084301738,0.4859585186704198
1,structure rf,Melaena,0.10970464135021098,0.644960633120421,0.19369887714310735
1,structure rf,Memory impairment,0.07735583684950774,0.6273029085524431,0.14933271614296237
1,structure rf,Meningitis,0.03867791842475387,0.6978379031378643,0.198984572812224
1,structure rf,Menopausal symptoms,0.1589310829817159,0.6859114878755348,0.3254810235142297
1,structure rf,Menorrhagia,0.07524613220815753,0.6215966653128572,0.13779006483754802
1,structure rf,Menstrual disorder,0.06469760900140648,0.6731764795510031,0.17058397050905638
1,structure rf,Menstruation irregular,0.05555555555555555,0.807780352551242,0.3275909485465882
1,structure rf,Mental disability,0.12306610407876231,0.7032590931290168,0.25199546188529764
1,structure rf,Mental disorder,0.3227848101265823,0.6560617918063907,0.47725232685077207
1,structure rf,Metrorrhagia,0.07172995780590717,0.6669408530771204,0.167647726636243
1,structure rf,Micturition urgency,0.05414908579465542,0.6649919584137478,0.16230452230561998
1,structure rf,Migraine,0.16455696202531644,0.648787990306211,0.2970538509436615
1,structure rf,Mood swings,0.17088607594936708,0.6650960630566443,0.3530865735659134
1,structure rf,Mouth ulceration,0.1209563994374121,0.6654693084504466,0.23384006692473824
1,structure rf,Mucosal inflammation,0.05625879043600562,0.8144944377031725,0.2927630046373747
1,structure rf,Multiple fractures,0.05485232067510549,0.6828841578389102,0.176668805570231
1,structure rf,Muscle contractions involuntary,0.03867791842475387,0.6584792293582451,0.1237227226516437
1,structure rf,Muscle relaxant therapy,0.04289732770745429,0.7025853159606289,0.11817447566757196
1,structure rf,Muscle rigidity,0.04360056258790436,0.8472573468565624,0.3774929478715714
1,structure rf,Muscle spasms,0.340365682137834,0.6627283838287106,0.4993741275826912
1,structure rf,Muscle twitching,0.10267229254571027,0.6690728811245097,0.21704738972478835
1,structure rf,Muscular weakness,0.19760900140646975,0.6543593599910384,0.3441841771149754
1,structure rf,Musculoskeletal discomfort,0.4859353023909986,0.6487788939209254,0.6536099365911442
1,structure rf,Musculoskeletal pain,0.11673699015471167,0.6344839509227533,0.2069768417264492
1,structure rf,Musculoskeletal stiffness,0.09774964838255977,0.6321435352301967,0.1750425694618465
1,structure rf,Myalgia,0.39943741209563993,0.6544226612740254,0.5895301325492989
1,structure rf,Mydriasis,0.07665260196905767,0.817756562621476,0.4283383803169962
1,structure rf,Myocardial infarction,0.2348804500703235,0.6470428667144729,0.3905761892632958
1,structure rf,Myocardial ischaemia,0.08227848101265822,0.7106635681891614,0.2235907858575954
1,structure rf,Myoclonus,0.05485232067510549,0.7303061357110229,0.19330214681159988
1,structure rf,Myopathy,0.07665260196905767,0.6945836017639152,0.3091939090711724
1,structure rf,Myositis,0.0450070323488045,0.7066897953849942,0.26203585194144513
1,structure rf,Nail disorder,0.06047819971870605,0.6778398181803464,0.16261408470386715
1,structure rf,Nasal congestion,0.1441631504922644,0.5842057036107196,0.2591182442193824
1,structure rf,Nasopharyngitis,0.20042194092827004,0.62318630244023,0.2849857656463618
1,structure rf,Nausea,0.8438818565400844,0.7115885504346524,0.9203041214709218
1,structure rf,Neck pain,0.10548523206751055,0.5765816867761477,0.157840475899368
1,structure rf,Necrosis,0.06962025316455696,0.56200729039246,0.10252302770331945
1,structure rf,Neoplasm,0.12447257383966245,0.6793798110162725,0.2923474098358746
1,structure rf,Neoplasm malignant,0.09423347398030943,0.7128015104207303,0.22447220009541366
1,structure rf,Nephrolithiasis,0.0808720112517581,0.6992161923408903,0.1971003352531397
1,structure rf,Nephropathy,0.04289732770745429,0.6532953102882499,0.17878160992702088
1,structure rf,Nephropathy toxic,0.053445850914205346,0.8433332362371762,0.4324728495827464
1,structure rf,Nephrotic syndrome,0.04430379746835443,0.7473530155759864,0.21852890559605984
1,structure rf,Nervous system disorder,0.4409282700421941,0.6832015060353532,0.6268172256315577
1,structure rf,Nervousness,0.3059071729957806,0.7025788977980201,0.5064713947865714
1,structure rf,Neuralgia,0.06821378340365682,0.680732498988827,0.14929480202853593
1,structure rf,Neuritis,0.07172995780590717,0.7185375326529152,0.2351005684814445
1,structure rf,Neuroleptic malignant syndrome,0.04360056258790436,0.9018029310578303,0.5007918995338771
1,structure rf,Neuropathy peripheral,0.2390998593530239,0.6490775816634672,0.40100864710212275
1,structure rf,Neutropenia,0.21940928270042195,0.7787139858842884,0.5584722662858541
1,structure rf,Night sweats,0.05555555555555555,0.6561076696919395,0.14741589014162487
1,structure rf,Nightmare,0.10407876230661041,0.7707243722508841,0.3461260954258458
1,structure rf,Nocturia,0.09563994374120956,0.6777880852291416,0.20292394265782865
1,structure rf,Nuchal rigidity,0.04852320675105485,0.6423602671515756,0.11811339063372883
1,structure rf,Nystagmus,0.06821378340365682,0.7081162894466625,0.2922212472216432
1,structure rf,Ocular hyperaemia,0.04008438818565401,0.6359581306711531,0.1494238578312134
1,structure rf,Oedema,0.4015471167369902,0.6325426801931742,0.5481506188034057
1,structure rf,Oedema peripheral,0.2876230661040788,0.6739857631642803,0.4761861714873447
1,structure rf,Oesophagitis,0.12025316455696203,0.7042034862570811,0.24226493238579833
1,structure rf,Oliguria,0.09212376933895922,0.6297848476104064,0.16234290782921765
1,structure rf,Opportunistic infection,0.0379746835443038,0.7843924156802002,0.15371582023724806
1,structure rf,Optic neuritis,0.06610407876230662,0.6813989074836186,0.24284087470423507
1,structure rf,Oral candidiasis,0.06751054852320675,0.6598320383226104,0.21116122404025095
1,structure rf,Oropharyngeal discomfort,0.07454289732770746,0.5988675910409101,0.17483110336859228
1,structure rf,Oropharyngeal pain,0.10407876230661041,0.6158265718108655,0.2272815950329429
1,structure rf,Orthostatic hypotension,0.17862165963431786,0.7628274590193299,0.4429032734331016
1,structure rf,Osteoarthritis,0.15611814345991562,0.661394346856272,0.2779036407907271
1,structure rf,Osteonecrosis,0.035161744022503515,0.6865126458946691,0.2747673295635878
1,structure rf,Osteoporosis,0.05977496483825598,0.7833540546090134,0.2911799541264607
1,structure rf,Otitis media,0.07243319268635724,0.6146792858666343,0.14142379377137884
1,structure rf,Pain,0.5203938115330521,0.5964483549912057,0.6206640094599086
1,structure rf,Pain in extremity,0.17932489451476794,0.599788883369463,0.2611401606245128
1,structure rf,Pallor,0.09563994374120956,0.665607195206296,0.17022290049299768
1,structure rf,Palpitations,0.3551336146272855,0.6921665141084066,0.5574233291282397
1,structure rf,Pancreatitis,0.22292545710267228,0.7353246458661704,0.5111141791901433
1,structure rf,Pancreatitis acute,0.04219409282700422,0.5637272325324871,0.06365504265082192
1,structure rf,Pancytopenia,0.2088607594936709,0.7543095461176376,0.45932760792160837
1,structure rf,Paraesthesia,0.45639943741209565,0.6374798767008596,0.5978211964751463
1,structure rf,Paraesthesia oral,0.04149085794655415,0.6587842069901726,0.10126774334035386
1,structure rf,Paralysis,0.06680731364275667,0.6406109282026421,0.18965997802577397
1,structure rf,Paranoia,0.06258790436005626,0.7472867000875165,0.20720545668774065
1,structure rf,Parkinsonism,0.03656821378340366,0.8228322179791421,0.4547586630780388
1,structure rf,Parosmia,0.06329113924050633,0.6376869640562022,0.14580324328554745
1,structure rf,Pelvic pain,0.057665260196905765,0.697683248957129,0.15954814259874167
1,structure rf,Peptic ulcer,0.06821378340365682,0.7027506755080143,0.3558524977477867
1,structure rf,Pericardial effusion,0.035161744022503515,0.7332352343251103,0.13861815800825786
1,structure rf,Pericarditis,0.03867791842475387,0.6813693074440555,0.11281481484371318
1,structure rf,Periorbital oedema,0.035161744022503515,0.6498707409994392,0.09710168537874574
1,structure rf,Peripheral coldness,0.03938115330520394,0.6698587701510694,0.2236273967883114
1,structure rf,Peripheral vascular disorder,0.04289732770745429,0.7039150508170895,0.18226590972660905
1,structure rf,Personality disorder,0.03656821378340366,0.7329682602415074,0.14131601467421023
1,structure rf,Petechiae,0.0850914205344585,0.600270653299351,0.2298140515289398
1,structure rf,Pharyngitis,0.270042194092827,0.6326682279414685,0.42700063341318517
1,structure rf,Phlebitis,0.1209563994374121,0.672876695497256,0.31297090936765104
1,structure rf,Photophobia,0.11251758087201125,0.6869346871651191,0.28351995566350346
1,structure rf,Photosensitivity reaction,0.21308016877637131,0.7401356243220619,0.4997018480096519
1,structure rf,Platelet count decreased,0.057665260196905765,0.6015416123584373,0.1319143051481238
1,structure rf,Pleural effusion,0.08157524613220815,0.6599608227384189,0.17810548869449977
1,structure rf,Pneumonia,0.23628691983122363,0.6682268252289598,0.40338300794907916
1,structure rf,Pneumothorax,0.0450070323488045,0.6283561990029904,0.10218743348875406
1,structure rf,Pollakiuria,0.2109704641350211,0.681300891533708,0.3555341569383924
1,structure rf,Polyp,0.05907172995780591,0.6808612663251459,0.18801702335209167
1,structure rf,Polyuria,0.13853727144866385,0.6673175713077655,0.2757882160227001
1,structure rf,Pregnancy,0.04992967651195499,0.6385055759806367,0.14833452012291679
1,structure rf,Priapism,0.04571026722925457,0.7648016024270305,0.3946308098244184
1,structure rf,Proctalgia,0.04360056258790436,0.6039467803667261,0.10226895872151735
1,structure rf,Protein urine present,0.09634317862165963,0.7590239163147027,0.2563402470830476
1,structure rf,Proteinuria,0.09423347398030943,0.7644965427356978,0.25246581819040503
1,structure rf,Prothrombin level increased,0.03727144866385373,0.7414094293429667,0.31181623790244045
1,structure rf,Prurigo,0.04219409282700422,0.7057858365490167,0.24581008234058377
1,structure rf,Pruritus,0.6638537271448663,0.6468110458109104,0.7665339479427518
1,structure rf,Pseudomembranous colitis,0.04571026722925457,0.9354540096451475,0.6463321357650045
1,structure rf,Psoriasis,0.056962025316455694,0.6078661483412139,0.13320316261658352
1,structure rf,Psychotic disorder,0.1568213783403657,0.7135432800159951,0.3268741017093627
1,structure rf,Pulmonary embolism,0.1209563994374121,0.6899585973909781,0.3145421759913912
1,structure rf,Pulmonary fibrosis,0.04289732770745429,0.6588007733007734,0.13819930524044738
1,structure rf,Pulmonary function test decreased,0.06540084388185655,0.7546681940798333,0.309267115446631
1,structure rf,Pulmonary oedema,0.1258790436005626,0.617840993405539,0.21228834081325104
1,structure rf,Purpura,0.15260196905766527,0.6693247058662768,0.3441781604881945
1,structure rf,Rash,0.760196905766526,0.6615988770579344,0.8519658185762513
1,structure rf,Rash erythematous,0.0759493670886076,0.5482819316489473,0.10768167283044183
1,structure rf,Rash generalised,0.03727144866385373,0.5832125058548991,0.13891684341311636
1,structure rf,Rash macular,0.035864978902953586,0.646566189260311,0.076050565530937
1,structure rf,Rash maculo-papular,0.1209563994374121,0.5923662880832081,0.16345916360042234
1,structure rf,Rash pustular,0.07524613220815753,0.6415596341880364,0.15877015454906696
1,structure rf,Rectal haemorrhage,0.0970464135021097,0.6511625861504176,0.19503572468550637
1,structure rf,Renal failure,0.23277074542897327,0.7192181070978577,0.4820874205773082
1,structure rf,Renal failure acute,0.14838255977496484,0.6860626314491203,0.3246162132811218
1,structure rf,Renal impairment,0.14838255977496484,0.708959396218331,0.32937655980916936
1,structure rf,Renal pain,0.047116736990154715,0.6268412150873482,0.09010494947568447
1,structure rf,Respiratory arrest,0.035864978902953586,0.7647725995544996,0.15254411748381982
1,structure rf,Respiratory depression,0.06469760900140648,0.7662390792416127,0.31266726360435665
1,structure rf,Respiratory distress,0.06258790436005626,0.7291511415765746,0.25886122919701754
1,structure rf,Respiratory failure,0.09915611814345991,0.6542419807652229,0.19644693422824497
1,structure rf,Respiratory tract infection,0.05555555555555555,0.6513982957042697,0.11380370027230499
1,structure rf,Rhabdomyolysis,0.09563994374120956,0.7039855130922996,0.30483701451763673
1,structure rf,Rhinitis,0.26652601969057665,0.6068788643535841,0.36269909365917125
1,structure rf,Rhinorrhoea,0.0850914205344585,0.6343416457903179,0.16589888678616976
1,structure rf,Salivary hypersecretion,0.10618846694796062,0.705122298487674,0.2894170137241366
1,structure rf,Scotoma,0.07032348804500703,0.6753131247886416,0.17453883932043984
1,structure rf,Seborrhoeic dermatitis,0.06469760900140648,0.641405617053401,0.1783711952868706
1,structure rf,Sensory loss,0.0850914205344585,0.5979585505794037,0.19509669804060545
1,structure rf,Sepsis,0.13431786216596342,0.6757934742510618,0.2950687547970482
1,structure rf,Serum sickness,0.040787623066104076,0.6369285870635074,0.24370896359215574
1,structure rf,Sexual dysfunction,0.051336146272855133,0.6310570829662605,0.12087676653075319
1,structure rf,Shock,0.41561181434599154,0.6467509048976599,0.5643448673053952
1,structure rf,Sinus bradycardia,0.04289732770745429,0.696460895838305,0.16291632151467242
1,structure rf,Sinus congestion,0.0450070323488045,0.6791169041978542,0.11055464362741371
1,structure rf,Sinusitis,0.25035161744022505,0.6344911548329986,0.34607299711276085
1,structure rf,Skin discolouration,0.09634317862165963,0.5422889207747099,0.1180367953897011
1,structure rf,Skin disorder,0.44585091420534456,0.6670518312641326,0.6106843980371564
1,structure rf,Skin exfoliation,0.1111111111111111,0.5822676003122883,0.15669171022877593
1,structure rf,Skin hyperpigmentation,0.05485232067510549,0.5668700589563269,0.1595097442885282
1,structure rf,Skin irritation,0.03867791842475387,0.5769093167209872,0.07158943786736478
1,structure rf,Skin striae,0.03656821378340366,0.851196344443711,0.6059896616001834
1,structure rf,Skin ulcer,0.07735583684950774,0.6247998632520999,0.13712079256550208
1,structure rf,Sleep disorder,0.13783403656821377,0.6938858426613251,0.3061727296144996
1,structure rf,Sneezing,0.06258790436005626,0.6759004138556715,0.21109383433982662
1,structure rf,Somnolence,0.46835443037974683,0.7491324215767382,0.7296080237822719
1,structure rf,Speech disorder,0.0829817158931083,0.7003865808056108,0.17593709366419613
1,structure rf,Stevens-Johnson syndrome,0.22292545710267228,0.7720592182439037,0.5079466873812878
1,structure rf,Stomatitis,0.2320675105485232,0.7126098902627216,0.4414572373189348
1,structure rf,Stupor,0.06891701828410689,0.6937924631530378,0.13113331181079596
1,structure rf,Sudden death,0.04289732770745429,0.6847399803509074,0.28846413819022787
1,structure rf,Suicidal ideation,0.0639943741209564,0.7735566330553239,0.22473462302017425
1,structure rf,Suicide attempt,0.04922644163150492,0.7512890347051137,0.1571526045212021
1,structure rf,Supraventricular tachycardia,0.057665260196905765,0.6719661946329405,0.11903689445145615
1,structure rf,Swelling,0.14486638537271448,0.5472646497270642,0.19370594855418427
1,structure rf,Swelling face,0.03656821378340366,0.5858018361503887,0.12192446160163521
1,structure rf,Syncope,0.35372714486638535,0.6664266402027517,0.5253023257422569
1,structure rf,Systemic lupus erythematosus,0.053445850914205346,0.7069675101271391,0.22635242026773356
1,structure rf,Tachycardia,0.4191279887482419,0.6796418167164313,0.6143732903320042
1,structure rf,Tenderness,0.0850914205344585,0.5548460967449379,0.16477322067332853
1,structure rf,Tension,0.30239099859353025,0.7072014059728622,0.5158612243295899
1,structure rf,Thinking abnormal,0.08720112517580872,0.7114980842390397,0.21284804326825615
1,structure rf,Thirst,0.1490857946554149,0.6476488445551059,0.2666007067393615
1,structure rf,Throat irritation,0.04922644163150492,0.634777533169198,0.16879300165643402
1,structure rf,Throat tightness,0.03727144866385373,0.6786684072198591,0.2477826586201041
1,structure rf,Thrombocytopenia,0.4212376933895921,0.7454938672381204,0.6865330311400601
1,structure rf,Thrombocytopenic purpura,0.03867791842475387,0.705810076981334,0.15945209744456493
1,structure rf,Thrombocytosis,0.05977496483825598,0.7939288048866164,0.3514724557944452
1,structure rf,Thrombophlebitis,0.14556962025316456,0.6532239252343948,0.2802488915387067
1,structure rf,Thrombosis,0.07946554149085795,0.680902241824423,0.21488713279335586
1,structure rf,Tinnitus,0.27637130801687765,0.6718198055883586,0.45698136920503607
1,structure rf,Tongue discolouration,0.04149085794655415,0.7758983253692618,0.2933819354692024
1,structure rf,Tongue disorder,0.0710267229254571,0.6512329053331232,0.16239083741402455
1,structure rf,Tongue oedema,0.052742616033755275,0.6595569184420668,0.14974491281380714
1,structure rf,Tooth disorder,0.05907172995780591,0.616356237881129,0.09523331462179556
1,structure rf,Toothache,0.05977496483825598,0.6004613706655737,0.09441493981549383
1,structure rf,Torsade de pointes,0.0639943741209564,0.7907581861205273,0.3237908176219338
1,structure rf,Toxic epidermal necrolysis,0.180028129395218,0.76889463269242,0.47443646763142466
1,structure rf,Transaminases increased,0.06891701828410689,0.657932828606573,0.1730579931773094
1,structure rf,Transient ischaemic attack,0.04922644163150492,0.7757061375573316,0.26471167077236946
1,structure rf,Tremor,0.32770745428973275,0.6902226166040556,0.5486809961264654
1,structure rf,Tubulointerstitial nephritis,0.08016877637130802,0.8011742678793292,0.4133156117741196
1,structure rf,Ulcer,0.09282700421940929,0.632592177889826,0.1516980531557777
1,structure rf,Upper respiratory tract infection,0.2320675105485232,0.6221857061787828,0.3540177682059741
1,structure rf,Urethral disorder,0.2714486638537271,0.6613205788368884,0.4331711746727316
1,structure rf,Urinary incontinence,0.11251758087201125,0.6802127775810693,0.2457717133068622
1,structure rf,Urinary retention,0.16736990154711673,0.7696406195732672,0.4780260989494599
1,structure rf,Urinary tract disorder,0.26863572433192684,0.6636493826213259,0.4338240996571729
1,structure rf,Urinary tract infection,0.24824191279887484,0.6445419337552166,0.36389014922404816
1,structure rf,Urine abnormality,0.04571026722925457,0.6496548551434348,0.09839939779412421
1,structure rf,Urine analysis abnormal,0.04992967651195499,0.6322810264919477,0.11808705648201316
1,structure rf,Urine output increased,0.12236286919831224,0.676306381930045,0.2721815711104408
1,structure rf,Urticaria,0.5590717299578059,0.6230089390036809,0.6552259292882047
1,structure rf,VIIth nerve paralysis,0.03727144866385373,0.6449853031692059,0.098510370799053
1,structure rf,Vaginal discharge,0.06047819971870605,0.7322133680275699,0.2575803866384111
1,structure rf,Vaginal haemorrhage,0.08227848101265822,0.6828429587630565,0.24915565942810028
1,structure rf,Vaginal infection,0.11673699015471167,0.68016384936425,0.34474732617240317
1,structure rf,Vaginal inflammation,0.10829817158931083,0.6801611633294785,0.3485647233509447
1,structure rf,Vascular purpura,0.14135021097046413,0.6588311750076891,0.32937014723728847
1,structure rf,Vasculitis,0.10689170182841069,0.7102164118152141,0.30343233546074516
1,structure rf,Vasodilation procedure,0.09353023909985936,0.611121859436526,0.15122756027267686
1,structure rf,Ventricular arrhythmia,0.07032348804500703,0.6896112440498031,0.188462154486049
1,structure rf,Ventricular extrasystoles,0.090014064697609,0.6299448259135734,0.14988883677365697
1,structure rf,Ventricular fibrillation,0.07243319268635724,0.6673233744131073,0.15877892379459335
1,structure rf,Ventricular tachycardia,0.1019690576652602,0.7062123342772136,0.22333462597485218
1,structure rf,Vertigo,0.3558368495077356,0.6483665347183066,0.5424298581736016
1,structure rf,Viral infection,0.09142053445850915,0.575379969153501,0.14499958815094735
1,structure rf,Vision blurred,0.3227848101265823,0.688113221839025,0.5429347108507011
1,structure rf,Visual acuity reduced,0.052742616033755275,0.6309906070548654,0.14874802652955896
1,structure rf,Visual impairment,0.2714486638537271,0.6625951467202162,0.41789406163951826
1,structure rf,Vomiting,0.759493670886076,0.6735647128327561,0.8610916438490094
1,structure rf,Vulvovaginal candidiasis,0.051336146272855133,0.7734763127202594,0.31157497008088186
1,structure rf,Vulvovaginal mycotic infection,0.05555555555555555,0.7692761468555014,0.30475557821067223
1,structure rf,Weight decreased,0.22433192686357242,0.6568185337958088,0.3753432458611135
1,structure rf,Weight increased,0.23136427566807313,0.6979904716255366,0.4722889887335263
1,structure rf,Wheezing,0.12165963431786217,0.5370508929917638,0.16298020009219893
1,structure rf,White blood cell count decreased,0.046413502109704644,0.7269373840796532,0.19160465652174669
1,pharma rf,Abdominal discomfort,0.20253164556962025,0.57488874213744,0.27994330433804065
1,pharma rf,Abdominal distension,0.20815752461322082,0.6332429644597816,0.32324310740480067
1,pharma rf,Abdominal pain,0.580168776371308,0.6886459755914901,0.7481107116303676
1,pharma rf,Abdominal pain upper,0.18846694796061886,0.5929161002777461,0.27437751487168444
1,pharma rf,Abnormal dreams,0.10548523206751055,0.7512354151985509,0.3527756582340677
1,pharma rf,Abscess,0.07805907172995781,0.6114432001019449,0.17953554650141693
1,pharma rf,Accommodation disorder,0.04922644163150492,0.8043054082407142,0.37703087024749943
1,pharma rf,Acidosis,0.0450070323488045,0.6184507746127776,0.11948370476587591
1,pharma rf,Acne,0.09282700421940929,0.6609780533453493,0.2417926145913528
1,pharma rf,Acute coronary syndrome,0.2348804500703235,0.7092336715867317,0.47595004184716433
1,pharma rf,Affect lability,0.1617440225035162,0.6921961605190514,0.3815078169906355
1,pharma rf,Ageusia,0.07946554149085795,0.6449295865799712,0.21520306789591603
1,pharma rf,Aggression,0.0850914205344585,0.7739750632623761,0.42981853709856405
1,pharma rf,Agitation,0.3340365682137834,0.7436520044307282,0.6583404432115365
1,pharma rf,Agranulocytosis,0.23347398030942335,0.7569624143493024,0.518819520906087
1,pharma rf,Akathisia,0.04852320675105485,0.8625118703124685,0.6443914562591568
1,pharma rf,Alanine aminotransferase increased,0.19268635724331926,0.6645724410947167,0.39590045963078263
1,pharma rf,Albuminuria,0.0710267229254571,0.6493124193757372,0.16140024307256443
1,pharma rf,Alopecia,0.3108298171589311,0.7330196251261907,0.5964633609518744
1,pharma rf,Altered state of consciousness,0.040787623066104076,0.6684614837208847,0.13649198503416388
1,pharma rf,Amblyopia,0.07383966244725738,0.6910718839748308,0.1949864261456104
1,pharma rf,Amenorrhoea,0.08720112517580872,0.7804263242041427,0.46516108795183514
1,pharma rf,Amnesia,0.14486638537271448,0.7299094299425929,0.3601307804285934
1,pharma rf,Amylase increased,0.04430379746835443,0.6738647591386202,0.1661857649004456
1,pharma rf,Anaemia,0.36146272855133615,0.7282070550508688,0.6302915013182118
1,pharma rf,Anaphylactic shock,0.4388185654008439,0.689179622221752,0.6431688173571443
1,pharma rf,Anaphylactoid reaction,0.17651195499296765,0.6697389097816038,0.33886227839179345
1,pharma rf,Angina pectoris,0.2039381153305204,0.7281661144194894,0.4199451919213728
1,pharma rf,Angioedema,0.37060478199718705,0.6992381483818051,0.5976870454161157
1,pharma rf,Angiopathy,0.319971870604782,0.617138951075949,0.46580546561544256
1,pharma rf,Anorectal discomfort,0.051336146272855133,0.6305839638791477,0.1199605454870033
1,pharma rf,Anorectal disorder,0.04289732770745429,0.5724997989754681,0.06990352838746397
1,pharma rf,Anxiety,0.38466947960618847,0.661668279797117,0.5779997265889454
1,pharma rf,Apathy,0.06188466947960619,0.7494402199775554,0.32477595890379635
1,pharma rf,Aphasia,0.06047819971870605,0.6776162314910128,0.23929915222325712
1,pharma rf,Aphthous stomatitis,0.03938115330520394,0.7026252655806934,0.14486720523836505
1,pharma rf,Aplastic anaemia,0.11392405063291139,0.7617927395650848,0.42152122040838175
1,pharma rf,Apnoea,0.08368495077355836,0.7054770332838094,0.24560617441297095
1,pharma rf,Application site pain,0.04289732770745429,0.5959947969409509,0.1255155469848705
1,pharma rf,Application site reaction,0.03727144866385373,0.57915972837415,0.08414326229480436
1,pharma rf,Arrhythmia,0.28621659634317864,0.6817553016868375,0.4746631646975466
1,pharma rf,Arrhythmia supraventricular,0.035161744022503515,0.6834323074566196,0.07780993668932779
1,pharma rf,Arthralgia,0.4120956399437412,0.6860930286087075,0.6130459276418779
1,pharma rf,Arthritis,0.1568213783403657,0.6609587940494329,0.31549325007082096
1,pharma rf,Arthropathy,0.0949367088607595,0.6707082064146344,0.2552933956122308
1,pharma rf,Aspartate aminotransferase increased,0.1940928270042194,0.6914150596708486,0.3988915366143601
1,pharma rf,Asthenia,0.6371308016877637,0.7081763193156292,0.8121795207308924
1,pharma rf,Asthma,0.19057665260196907,0.6506066845556943,0.3597420933198931
1,pharma rf,Ataxia,0.1680731364275668,0.7791086880488023,0.5325535112862578
1,pharma rf,Atrial fibrillation,0.1469760900140647,0.6950555771691432,0.3534931639973419
1,pharma rf,Atrioventricular block,0.09423347398030943,0.7343509349358196,0.3786007283154659
1,pharma rf,Azotaemia,0.0450070323488045,0.6932162697566795,0.13161035747283995
1,pharma rf,Back pain,0.3509142053445851,0.6480684476295864,0.508752081438246
1,pharma rf,Bacterial infection,0.03867791842475387,0.6218929937973525,0.06887266598672123
1,pharma rf,Balance disorder,0.04781997187060478,0.761888658132014,0.20429244679579034
1,pharma rf,Bladder pain,0.11744022503516174,0.6714512000929154,0.31763883732805487
1,pharma rf,Blepharitis,0.05555555555555555,0.6717291320808594,0.29340372935211634
1,pharma rf,Blindness,0.052742616033755275,0.6071901623761876,0.12493016547822522
1,pharma rf,Blister,0.0710267229254571,0.5772577270091676,0.10366643478595146
1,pharma rf,Blood alkaline phosphatase increased,0.13431786216596342,0.6810511274548101,0.2867178534294449
1,pharma rf,Blood bilirubin increased,0.0970464135021097,0.7385482845242188,0.3366830177209833
1,pharma rf,Blood creatine phosphokinase increased,0.06821378340365682,0.7150126416862077,0.21287557912134797
1,pharma rf,Blood creatinine increased,0.1751054852320675,0.7062827215562009,0.38144835604234073
1,pharma rf,Blood disorder,0.08720112517580872,0.6163789567400773,0.1879980949130767
1,pharma rf,Blood glucose increased,0.046413502109704644,0.6023029648985638,0.15146587471922954
1,pharma rf,Blood lactate dehydrogenase increased,0.058368495077355836,0.689319163926268,0.15493203395911398
1,pharma rf,Blood pressure increased,0.10337552742616034,0.6548873462030708,0.2391355268332913
1,pharma rf,Blood triglycerides increased,0.06751054852320675,0.7086825676362387,0.22876605902770158
1,pharma rf,Blood urea increased,0.1160337552742616,0.6927006627183437,0.30606417905648425
1,pharma rf,Blood uric acid increased,0.10618846694796062,0.75582999895185,0.3897208394999191
1,pharma rf,Body temperature decreased,0.046413502109704644,0.7412932612915023,0.18115183784113523
1,pharma rf,Body temperature increased,0.5414908579465542,0.6886386234409707,0.7049636090955161
1,pharma rf,Bone disorder,0.08931082981715893,0.6371685429581542,0.15646802582604505
1,pharma rf,Bone pain,0.1090014064697609,0.7311109708985748,0.33168991124839026
1,pharma rf,Bradycardia,0.2559774964838256,0.7080357808548342,0.48013164021204735
1,pharma rf,Breast cancer,0.035864978902953586,0.7669473871949644,0.22722959829078176
1,pharma rf,Breast disorder,0.180028129395218,0.6685065806989334,0.34715812152369724
1,pharma rf,Breast enlargement,0.06258790436005626,0.7753148351577723,0.34133416818672097
1,pharma rf,Breast pain,0.09142053445850915,0.6694456189794803,0.2746697656914332
1,pharma rf,Bronchitis,0.21167369901547117,0.6828311068820382,0.4061341473777305
1,pharma rf,Bronchospasm,0.20182841068917018,0.6729185783265148,0.36267283910293513
1,pharma rf,Bundle branch block,0.04571026722925457,0.7255485907822647,0.2659035822849135
1,pharma rf,Burning sensation,0.07172995780590717,0.616818502982437,0.15245870210962018
1,pharma rf,Bursitis,0.04360056258790436,0.7637868976707457,0.27144589045131146
1,pharma rf,Candida infection,0.11954992967651196,0.7128241492444183,0.30209918110185435
1,pharma rf,Cardiac arrest,0.16736990154711673,0.6735096357660215,0.3615326215226774
1,pharma rf,Cardiac disorder,0.29254571026722925,0.6459348242754276,0.4412705880845064
1,pharma rf,Cardiac failure,0.15330520393811534,0.7097919901149881,0.3672337304804501
1,pharma rf,Cardiac failure congestive,0.1441631504922644,0.6741161345416476,0.34778426606405693
1,pharma rf,Cardiomyopathy,0.04360056258790436,0.6537712818385688,0.15506773809345148
1,pharma rf,Cardiovascular disorder,0.0850914205344585,0.6179889826276527,0.16097732616279528
1,pharma rf,Cataract,0.10126582278481013,0.6775385205973296,0.23996394754985442
1,pharma rf,Cellulitis,0.09282700421940929,0.6391464936754698,0.1667034324598881
1,pharma rf,Cerebral haemorrhage,0.04922644163150492,0.7482718387625409,0.1899913521942445
1,pharma rf,Cerebral ischaemia,0.04219409282700422,0.6169281178158705,0.18343926836647817
1,pharma rf,Cerebrovascular accident,0.15822784810126583,0.7166377102452837,0.41060964480881734
1,pharma rf,Cerebrovascular disorder,0.035161744022503515,0.6590561640782162,0.12001287994300816
1,pharma rf,Chest discomfort,0.09634317862165963,0.5661235012961212,0.1471142932558374
1,pharma rf,Chest pain,0.38748241912798875,0.645008275649694,0.5522296543437165
1,pharma rf,Chills,0.3108298171589311,0.6566076463612649,0.4635920084770091
1,pharma rf,Cholecystitis,0.052742616033755275,0.6466494262373311,0.15051659668707051
1,pharma rf,Cholelithiasis,0.06118143459915612,0.6496066538695233,0.20463260202092992
1,pharma rf,Cholestasis,0.07243319268635724,0.724046935744773,0.25870012890604577
1,pharma rf,Coagulopathy,0.07524613220815753,0.5681526189533981,0.1640455203596619
1,pharma rf,Cognitive disorder,0.04219409282700422,0.645695522838533,0.1779200082350879
1,pharma rf,Cold sweat,0.03867791842475387,0.7321898582875335,0.1505835308468068
1,pharma rf,Colitis,0.10478199718706048,0.7271293128055177,0.3104134882436387
1,pharma rf,Coma,0.1209563994374121,0.6928700616639576,0.29403748304489474
1,pharma rf,Completed suicide,0.04781997187060478,0.8077989543009366,0.3397666087508624
1,pharma rf,Confusional state,0.38255977496483823,0.6968295270055498,0.613265738661451
1,pharma rf,Conjunctival hyperaemia,0.0379746835443038,0.7177018571590404,0.3449909484018569
1,pharma rf,Conjunctivitis,0.23136427566807313,0.6575140735281567,0.41697956188475327
1,pharma rf,Connective tissue disorder,0.2848101265822785,0.6203938978607765,0.42285175406740694
1,pharma rf,Constipation,0.4929676511954993,0.7344491573333581,0.7433018567677415
1,pharma rf,Contusion,0.09774964838255977,0.6480644029158518,0.20906151934220163
1,pharma rf,Convulsion,0.36357243319268634,0.6952806075417186,0.5995851039046384
1,pharma rf,Coordination abnormal,0.09915611814345991,0.753196518133459,0.44778066450926024
1,pharma rf,Cough,0.4008438818565401,0.645753469955855,0.5644443292510161
1,pharma rf,Cyanosis,0.06962025316455696,0.6465209923838036,0.1738347896727944
1,pharma rf,Cyst,0.06540084388185655,0.7148356494077897,0.2123476168004328
1,pharma rf,Cystitis,0.10759493670886076,0.6731401705504301,0.31161064874400085
1,pharma rf,Cystitis noninfective,0.10618846694796062,0.6771679425837495,0.3128908135348797
1,pharma rf,Deafness,0.1371308016877637,0.6561455461730455,0.275999686134092
1,pharma rf,Decreased appetite,0.4838255977496484,0.7127052359678892,0.6954575633554051
1,pharma rf,Deep vein thrombosis,0.06680731364275667,0.7509552122104193,0.30325137822292386
1,pharma rf,Dehydration,0.17158931082981715,0.6761165418336403,0.35752917020043873
1,pharma rf,Delirium,0.07876230661040788,0.796822484183531,0.35289395298472515
1,pharma rf,Delusion,0.06821378340365682,0.8503655088064992,0.5488068558901731
1,pharma rf,Dementia,0.03727144866385373,0.6825200593942181,0.24420577892459122
1,pharma rf,Depersonalisation,0.06188466947960619,0.7468206418121501,0.3002697686736893
1,pharma rf,Depressed level of consciousness,0.10126582278481013,0.7416770903735411,0.39689477655176875
1,pharma rf,Depressed mood,0.035864978902953586,0.5433694768079488,0.0748989648365406
1,pharma rf,Depression,0.22644163150492264,0.6794319359549499,0.4129346195734601
1,pharma rf,Dermatitis,0.7658227848101266,0.7053292066703463,0.8715635407613753
1,pharma rf,Dermatitis atopic,0.07454289732770746,0.6206083777001068,0.13284177460297114
1,pharma rf,Dermatitis bullous,0.14767932489451477,0.6939102043296412,0.3178294641657229
1,pharma rf,Dermatitis contact,0.11181434599156118,0.6874060287002491,0.24024935469984293
1,pharma rf,Dermatitis exfoliative,0.14556962025316456,0.6901450991708065,0.325931370770589
1,pharma rf,Diabetes mellitus,0.1441631504922644,0.7229638825002198,0.3542727591002685
1,pharma rf,Diarrhoea,0.6849507735583685,0.7169219692984362,0.8394226339792619
1,pharma rf,Diplopia,0.1518987341772152,0.7116715355519027,0.41582744261725546
1,pharma rf,Discomfort,0.3924050632911392,0.657542252833984,0.5411100500763207
1,pharma rf,Disorientation,0.12376933895921238,0.7393781221896736,0.36994860015333436
1,pharma rf,Disturbance in attention,0.09071729957805907,0.7186563844216076,0.3101994143657814
1,pharma rf,Disturbance in sexual arousal,0.16455696202531644,0.7511500419396083,0.4710485831993859
1,pharma rf,Dizziness,0.7250351617440225,0.7066350990064791,0.8587836016909389
1,pharma rf,Drug eruption,0.05414908579465542,0.7105116191241069,0.2048814402142593
1,pharma rf,Drug interaction,0.09353023909985936,0.6776222680249167,0.24199783261775173
1,pharma rf,Drug withdrawal syndrome,0.04008438818565401,0.8856091158133641,0.3272746133457298
1,pharma rf,Dry eye,0.11462728551336146,0.7156583991624608,0.3380097015918967
1,pharma rf,Dry mouth,0.38959212376933894,0.7293380251823901,0.6624131153025667
1,pharma rf,Dry skin,0.18635724331926865,0.6442841479844857,0.3388258054262609
1,pharma rf,Duodenal ulcer,0.03938115330520394,0.6593893952141177,0.2359128008797519
1,pharma rf,Dysarthria,0.09212376933895922,0.8117267872210917,0.4300498650427359
1,pharma rf,Dysgeusia,0.32208157524613223,0.6470098183968213,0.4864948364122627
1,pharma rf,Dyskinesia,0.09142053445850915,0.8651335036505763,0.588388870195774
1,pharma rf,Dysmenorrhoea,0.09845288326300984,0.7405050576842231,0.3265881752586365
1,pharma rf,Dyspepsia,0.4908579465541491,0.69888220274006,0.6824314931737022
1,pharma rf,Dysphagia,0.18565400843881857,0.7040460954980745,0.4337136324521941
1,pharma rf,Dysphonia,0.08649789029535865,0.6657584922205307,0.21147336512926934
1,pharma rf,Dyspnoea,0.4908579465541491,0.6921557601227015,0.6891611157737763
1,pharma rf,Dysuria,0.21026722925457103,0.6718007060168847,0.3979520124026943
1,pharma rf,Ear disorder,0.047116736990154715,0.6007953801629986,0.10197434770557434
1,pharma rf,Ear infection,0.03727144866385373,0.6199883820378763,0.10329970091942417
1,pharma rf,Ear pain,0.12658227848101267,0.6327322793575375,0.2929778594845605
1,pharma rf,Ecchymosis,0.1279887482419128,0.65300269331242,0.293382138181874
1,pharma rf,Eczema,0.13924050632911392,0.7097077651873949,0.34046616353735454
1,pharma rf,Electrocardiogram QT prolonged,0.05977496483825598,0.6500326032243989,0.22036046912135068
1,pharma rf,Electrocardiogram abnormal,0.05977496483825598,0.5795269585123891,0.14712704911393895
1,pharma rf,Electrolyte imbalance,0.03656821378340366,0.6248604177591561,0.22146705361229274
1,pharma rf,Embolism,0.06751054852320675,0.7647044261057773,0.36263431306912175
1,pharma rf,Embolism venous,0.051336146272855133,0.7736595510405915,0.31814378631906437
1,pharma rf,Encephalopathy,0.056962025316455694,0.7096666195354409,0.21388078435230887
1,pharma rf,Endocrine disorder,0.09071729957805907,0.6639347766999648,0.23358666254270005
1,pharma rf,Endophthalmitis,0.04149085794655415,0.6936763868227404,0.2088825771002229
1,pharma rf,Eosinophilia,0.2039381153305204,0.7399195891534434,0.45037738915477277
1,pharma rf,Epigastric discomfort,0.04289732770745429,0.6628564845123539,0.14746187391937898
1,pharma rf,Epilepsy,0.03727144866385373,0.6689265400020492,0.21256955954037457
1,pharma rf,Epistaxis,0.2468354430379747,0.7046377567822635,0.46945587347001927
1,pharma rf,Erectile dysfunction,0.2109704641350211,0.7755389719266289,0.5802874661945114
1,pharma rf,Eructation,0.1090014064697609,0.6483408923065206,0.2887004406291734
1,pharma rf,Erythema,0.339662447257384,0.6279479982194707,0.47714635070319317
1,pharma rf,Erythema multiforme,0.27355836849507736,0.7249029875285016,0.5208012129289168
1,pharma rf,Erythema nodosum,0.03867791842475387,0.745386704093988,0.21604974631116436
1,pharma rf,Euphoric mood,0.11954992967651196,0.7918526955292051,0.4164551486155954
1,pharma rf,Extrapyramidal disorder,0.07172995780590717,0.8476596693257509,0.63428188680405
1,pharma rf,Extrasystoles,0.07735583684950774,0.7060346239638455,0.23238318858191814
1,pharma rf,Extravasation,0.07524613220815753,0.6888901141242633,0.2082991853956025
1,pharma rf,Eye disorder,0.28621659634317864,0.6420501178989482,0.4223804320965424
1,pharma rf,Eye haemorrhage,0.04289732770745429,0.6581509109761914,0.21515514782109252
1,pharma rf,Eye irritation,0.090014064697609,0.5732619774752481,0.2600057073567169
1,pharma rf,Eye pain,0.14064697609001406,0.6854887520654802,0.3830187039489998
1,pharma rf,Eye pruritus,0.0379746835443038,0.6725306364253363,0.23493843154410216
1,pharma rf,Eyelid oedema,0.04289732770745429,0.7133450964883389,0.22538756160725035
1,pharma rf,Face oedema,0.17088607594936708,0.6521162749357451,0.3174179738254248
1,pharma rf,Faecal incontinence,0.04781997187060478,0.704380668099535,0.19928310305189884
1,pharma rf,Fatigue,0.510548523206751,0.6801568227545399,0.706469416891168
1,pharma rf,Febrile neutropenia,0.05977496483825598,0.9086679689126465,0.5228373894223832
1,pharma rf,Feeling abnormal,0.5133614627285513,0.6781726922605827,0.6826392121570187
1,pharma rf,Feeling hot,0.08227848101265822,0.5522403652002992,0.1852560516923427
1,pharma rf,Flank pain,0.035161744022503515,0.5080917964463845,0.05570726759604587
1,pharma rf,Flat affect,0.06258790436005626,0.7533634020926909,0.3383789504044895
1,pharma rf,Flatulence,0.3143459915611814,0.7202750957137279,0.5612227957792095
1,pharma rf,Fluid overload,0.0379746835443038,0.7265843483431498,0.15759291185312388
1,pharma rf,Fluid retention,0.1160337552742616,0.6422493974948346,0.22856876849530633
1,pharma rf,Flushing,0.30028129395218,0.6234296859300359,0.4160440442914405
1,pharma rf,Foetor hepaticus,0.05063291139240506,0.6785649461278357,0.17241423057851196
1,pharma rf,Folliculitis,0.0639943741209564,0.7467698473370191,0.18294494053178922
1,pharma rf,Fracture,0.05485232067510549,0.7986272155518424,0.27282281272782444
1,pharma rf,Fungal infection,0.07946554149085795,0.660602988994332,0.18381060259894627
1,pharma rf,Fungal skin infection,0.03656821378340366,0.6649375387105876,0.09061755837141974
1,pharma rf,Furuncle,0.04289732770745429,0.5857656533042971,0.1560592380129124
1,pharma rf,Gait disturbance,0.10056258790436005,0.7897504962910139,0.4553749769634707
1,pharma rf,Galactorrhoea,0.05977496483825598,0.7899883245296551,0.5613958618151086
1,pharma rf,Gamma-glutamyltransferase increased,0.0829817158931083,0.5865913925467233,0.17313151940921928
1,pharma rf,Gastric ulcer,0.05063291139240506,0.6851164071798592,0.22228313137236935
1,pharma rf,Gastritis,0.18424753867791843,0.6607576301230346,0.3718046235117457
1,pharma rf,Gastroenteritis,0.13853727144866385,0.6666135515715427,0.26799082494375126
1,pharma rf,Gastrointestinal disorder,0.5210970464135021,0.6457945651584017,0.6708218766342868
1,pharma rf,Gastrointestinal haemorrhage,0.15330520393811534,0.7141452650836634,0.4041459104301099
1,pharma rf,Gastrointestinal pain,0.5478199718706048,0.6863367976420565,0.7157608441913144
1,pharma rf,Gastrooesophageal reflux disease,0.09915611814345991,0.6896939607627248,0.2359719240628761
1,pharma rf,Generalised oedema,0.053445850914205346,0.5361376720793136,0.07407933554717258
1,pharma rf,Gingival bleeding,0.05414908579465542,0.662721801141008,0.22188134416523075
1,pharma rf,Gingivitis,0.07383966244725738,0.7096011123134135,0.25529729776812754
1,pharma rf,Glaucoma,0.07805907172995781,0.7500139421856857,0.311438304730486
1,pharma rf,Glossitis,0.09774964838255977,0.7111107037397822,0.2892010939558577
1,pharma rf,Glycosuria,0.08579465541490858,0.7236941532868438,0.27982553428435214
1,pharma rf,Gout,0.09774964838255977,0.6957554455576687,0.2636777527547294
1,pharma rf,Grand mal convulsion,0.0379746835443038,0.7082299786603119,0.20964020526710878
1,pharma rf,Gynaecomastia,0.12517580872011252,0.7775739267835139,0.4845252345861514
1,pharma rf,Haematemesis,0.07032348804500703,0.7929906858328697,0.3399887477819286
1,pharma rf,Haematochezia,0.035864978902953586,0.6616360528963421,0.0987789967286119
1,pharma rf,Haematocrit decreased,0.0379746835443038,0.5184588987976717,0.07477632639297367
1,pharma rf,Haematoma,0.07172995780590717,0.583544158900657,0.20840308130721025
1,pharma rf,Haematuria,0.2369901547116737,0.674175310233343,0.43022756266253265
1,pharma rf,Haemoglobin,0.2679324894514768,0.6735656773795404,0.49035190664376493
1,pharma rf,Haemoglobin decreased,0.07383966244725738,0.6612970498920242,0.15531585316390784
1,pharma rf,Haemolytic anaemia,0.14064697609001406,0.7119086394366697,0.3432536629526658
1,pharma rf,Haemoptysis,0.08157524613220815,0.6551039067984961,0.22943718499558702
1,pharma rf,Haemorrhage,0.26933895921237694,0.6699939681123299,0.4886059317522554
1,pharma rf,Haemorrhage intracranial,0.04008438818565401,0.6874388031046861,0.2340178983732212
1,pharma rf,Haemorrhoids,0.05907172995780591,0.6309241064940887,0.18276317710574017
1,pharma rf,Hallucination,0.24261603375527427,0.7475858220319618,0.5640353072578671
1,pharma rf,Headache,0.7805907172995781,0.6851128633157277,0.866627313128293
1,pharma rf,Hearing impaired,0.10056258790436005,0.6666044911433727,0.22037694031016528
1,pharma rf,Hepatic enzyme increased,0.09634317862165963,0.626444119823128,0.1827433096917482
1,pharma rf,Hepatic failure,0.1441631504922644,0.7076756330963757,0.34353086305641106
1,pharma rf,Hepatic function abnormal,0.12939521800281295,0.6503326202919308,0.20450574508473246
1,pharma rf,Hepatic necrosis,0.052742616033755275,0.702778860160682,0.20271416989183938
1,pharma rf,Hepatitis,0.2552742616033755,0.7343929480042533,0.5039461422948136
1,pharma rf,Hepatobiliary disease,0.24120956399437413,0.6845181506205535,0.4457874510758758
1,pharma rf,Hepatocellular injury,0.10478199718706048,0.6401427634071168,0.20907696324942254
1,pharma rf,Hepatomegaly,0.06891701828410689,0.737680823609003,0.22579938047382503
1,pharma rf,Hepatotoxicity,0.07946554149085795,0.6722879993029639,0.27614534869414137
1,pharma rf,Hernia,0.03727144866385373,0.7406924037335851,0.17846320853619474
1,pharma rf,Herpes simplex,0.09353023909985936,0.6694925058531667,0.23251028580100871
1,pharma rf,Herpes zoster,0.08157524613220815,0.655293984840642,0.18401946588121976
1,pharma rf,Hiccups,0.10267229254571027,0.7163840893447763,0.2950403795589717
1,pharma rf,Hirsutism,0.06118143459915612,0.7362738326587042,0.35976272832926004
1,pharma rf,Hostility,0.047116736990154715,0.819748135650257,0.3992226334066124
1,pharma rf,Hot flush,0.15611814345991562,0.679918121284041,0.3856998405760789
1,pharma rf,Hyperaesthesia,0.07524613220815753,0.6797068189386952,0.25346866423900066
1,pharma rf,Hyperbilirubinaemia,0.0970464135021097,0.7117853336133835,0.22858860138404843
1,pharma rf,Hypercalcaemia,0.0710267229254571,0.7496033705189442,0.31212181899213987
1,pharma rf,Hypercholesterolaemia,0.09915611814345991,0.7061531021066447,0.28400929610369013
1,pharma rf,Hyperglycaemia,0.23417721518987342,0.7145974799697566,0.428838662599268
1,pharma rf,Hyperhidrosis,0.42334739803094235,0.6629522174470834,0.6003038309196237
1,pharma rf,Hyperkalaemia,0.11040787623066103,0.6904079194803923,0.3123380212889854
1,pharma rf,Hyperkinesia,0.11954992967651196,0.7479388331848243,0.42046174812007653
1,pharma rf,Hyperlipidaemia,0.0639943741209564,0.6641517528712219,0.173609381229982
1,pharma rf,Hypernatraemia,0.052742616033755275,0.6996470604262409,0.22870733735145649
1,pharma rf,Hyperreflexia,0.040787623066104076,0.8083820579007599,0.28450598579676495
1,pharma rf,Hypersensitivity,0.6315049226441631,0.6062131579094123,0.7059317264117464
1,pharma rf,Hypertension,0.39732770745428975,0.6599601782380885,0.5758840521480083
1,pharma rf,Hyperthyroidism,0.035864978902953586,0.7192874059045139,0.17341562150089646
1,pharma rf,Hypertonia,0.12376933895921238,0.6844775116677612,0.31355422218824147
1,pharma rf,Hypertrichosis,0.03656821378340366,0.7327462600565633,0.2161342949829149
1,pharma rf,Hypertriglyceridaemia,0.05625879043600562,0.7232086854404447,0.2294419524894932
1,pharma rf,Hyperuricaemia,0.09774964838255977,0.7458661405651265,0.36533771211215954
1,pharma rf,Hyperventilation,0.06469760900140648,0.685866192743753,0.24419980850484868
1,pharma rf,Hypoaesthesia,0.2559774964838256,0.615675568331853,0.42277570098348854
1,pharma rf,Hypocalcaemia,0.0949367088607595,0.7088132054997233,0.36577746256603766
1,pharma rf,Hypoglycaemia,0.1568213783403657,0.7296969798763919,0.4629306197035102
1,pharma rf,Hypokalaemia,0.18143459915611815,0.679776342816272,0.3742967932604219
1,pharma rf,Hypokinesia,0.05907172995780591,0.7975995058084641,0.3677774344697048
1,pharma rf,Hypomagnesaemia,0.06047819971870605,0.7118454923759827,0.24694298354534014
1,pharma rf,Hyponatraemia,0.1540084388185654,0.7366832543945325,0.3989750246462929
1,pharma rf,Hypophosphataemia,0.056962025316455694,0.7715562496411292,0.300044207636552
1,pharma rf,Hyporeflexia,0.0379746835443038,0.7709754643746509,0.3107661037275128
1,pharma rf,Hypotension,0.4676511954992968,0.6859977537046044,0.6623814316308522
1,pharma rf,Hypothermia,0.046413502109704644,0.7412932612915023,0.18115183784113523
1,pharma rf,Hypothyroidism,0.06329113924050633,0.7370090395828885,0.29423677758516076
1,pharma rf,Hypotonia,0.04571026722925457,0.8383662131195211,0.33181956674882274
1,pharma rf,Hypoxia,0.06047819971870605,0.6041404202877945,0.10688605115714496
1,pharma rf,Ileus,0.07032348804500703,0.6923577599482469,0.20395940128788498
1,pharma rf,Ileus paralytic,0.035161744022503515,0.7538127848631538,0.2439950323445242
1,pharma rf,Ill-defined disorder,0.34247538677918427,0.6543264231249326,0.5013765301034427
1,pharma rf,Immune system disorder,0.3150492264416315,0.5938569007997366,0.409415000580087
1,pharma rf,Impaired healing,0.04430379746835443,0.7195892822196498,0.21085188304112917
1,pharma rf,Inappropriate antidiuretic hormone secretion,0.04922644163150492,0.7989940656717724,0.42424904921692025
1,pharma rf,Increased appetite,0.1568213783403657,0.7196094365456869,0.4058298404232602
1,pharma rf,Induration,0.04149085794655415,0.5885779297658662,0.06869272167973653
1,pharma rf,Infection,0.4212376933895921,0.677841656935571,0.6221579908321564
1,pharma rf,Infestation,0.24753867791842477,0.6483876285932392,0.4118440384744482
1,pharma rf,Inflammation,0.10829817158931083,0.640654465288266,0.2697555678314288
1,pharma rf,Influenza,0.1990154711673699,0.6750802417863229,0.3622554330239338
1,pharma rf,Influenza like illness,0.1160337552742616,0.626247653969374,0.20292620537720146
1,pharma rf,Injection site pain,0.10267229254571027,0.6262033243042897,0.17441601228955564
1,pharma rf,Injection site reaction,0.13853727144866385,0.5921856527468267,0.2099692112810211
1,pharma rf,Injury,0.14556962025316456,0.674014572347644,0.27980218384319844
1,pharma rf,Insomnia,0.4739803094233474,0.7065754367202672,0.6858788672167135
1,pharma rf,Interstitial lung disease,0.06891701828410689,0.7621255135138781,0.3420033023305279
1,pharma rf,Intestinal obstruction,0.06469760900140648,0.7072305699164319,0.21936021086877305
1,pharma rf,Intracranial pressure increased,0.03938115330520394,0.6236249618174292,0.12684130800688206
1,pharma rf,Intraocular pressure increased,0.04430379746835443,0.816099868683256,0.2506222922639963
1,pharma rf,Irritability,0.1617440225035162,0.6885199693931613,0.3499260216054289
1,pharma rf,Jaundice,0.23136427566807313,0.7204001427843647,0.47056646658142903
1,pharma rf,Jaundice cholestatic,0.0949367088607595,0.700181991825287,0.26394135547502484
1,pharma rf,Joint swelling,0.0450070323488045,0.6952244199400119,0.12700232575200238
1,pharma rf,Keratitis,0.06047819971870605,0.720139499053609,0.26282099442146617
1,pharma rf,Lacrimal disorder,0.0379746835443038,0.6128581327373336,0.15609938442868798
1,pharma rf,Lacrimation increased,0.1019690576652602,0.65151150563716,0.2768382723387245
1,pharma rf,Laryngeal oedema,0.0639943741209564,0.6900312852563448,0.21538053323768494
1,pharma rf,Laryngeal pain,0.07313642756680731,0.6008492412582033,0.14288382687052134
1,pharma rf,Laryngitis,0.06821378340365682,0.7139012233163241,0.23859314919529312
1,pharma rf,Laryngospasm,0.07243319268635724,0.7108616253590175,0.31239653260588984
1,pharma rf,Lethargy,0.15611814345991562,0.7517359314740991,0.3800853776999345
1,pharma rf,Leukocytoclastic vasculitis,0.03938115330520394,0.5076685764201972,0.07405263799054934
1,pharma rf,Leukocytosis,0.10548523206751055,0.6737570103310141,0.268947603105335
1,pharma rf,Leukoderma,0.04430379746835443,0.7366380506684574,0.2556124739085968
1,pharma rf,Leukopenia,0.35864978902953587,0.7469094525050453,0.6285814153923676
1,pharma rf,Libido decreased,0.14767932489451477,0.741115751192746,0.4354256527607789
1,pharma rf,Libido increased,0.057665260196905765,0.8018442620507609,0.4728301903501554
1,pharma rf,Liver disorder,0.06610407876230662,0.663740912111901,0.16574342455035512
1,pharma rf,Liver function test abnormal,0.17440225035161744,0.6308799911295528,0.28130578828494646
1,pharma rf,Liver injury,0.08649789029535865,0.6374920499554058,0.1597181681795217
1,pharma rf,Local reaction,0.053445850914205346,0.5956443932341695,0.1311045942249233
1,pharma rf,Loss of consciousness,0.37060478199718705,0.692209578295954,0.5943103312127398
1,pharma rf,Loss of libido,0.03867791842475387,0.733439330423465,0.1418816618760162
1,pharma rf,Lung disorder,0.05414908579465542,0.600319282066589,0.09359060377665904
1,pharma rf,Lung infiltration,0.04289732770745429,0.5835818968601929,0.06483967334208653
1,pharma rf,Lymphadenopathy,0.13291139240506328,0.6613998892826048,0.31398554494726294
1,pharma rf,Lymphopenia,0.05063291139240506,0.73538174956177,0.27973153181407234
1,pharma rf,Malaise,0.35372714486638535,0.6548468194340946,0.5149250592736238
1,pharma rf,Malnutrition,0.33122362869198313,0.6634837606573702,0.5064893145809352
1,pharma rf,Mania,0.06751054852320675,0.8364423216789584,0.4638144532472664
1,pharma rf,Mediastinal disorder,0.31856540084388185,0.6265495282958546,0.472194450100914
1,pharma rf,Melaena,0.10970464135021098,0.6714611248882557,0.29876689596380285
1,pharma rf,Memory impairment,0.07735583684950774,0.7259831677572539,0.2458555475587662
1,pharma rf,Meningitis,0.03867791842475387,0.6874475761769852,0.20578693338197787
1,pharma rf,Menopausal symptoms,0.1589310829817159,0.6815296948381284,0.3880702455740555
1,pharma rf,Menorrhagia,0.07524613220815753,0.6883220340486095,0.2831678823254438
1,pharma rf,Menstrual disorder,0.06469760900140648,0.7154083258225845,0.2697421021622517
1,pharma rf,Menstruation irregular,0.05555555555555555,0.7519183859076042,0.261362424667145
1,pharma rf,Mental disability,0.12306610407876231,0.7033732284517178,0.35470808443153634
1,pharma rf,Mental disorder,0.3227848101265823,0.6386876472555063,0.45828147708749584
1,pharma rf,Metrorrhagia,0.07172995780590717,0.6848125093240052,0.25172963067063087
1,pharma rf,Micturition urgency,0.05414908579465542,0.665807323468347,0.23493455362716467
1,pharma rf,Migraine,0.16455696202531644,0.6956737878506354,0.3641803380895689
1,pharma rf,Mood swings,0.17088607594936708,0.6989515320847417,0.39635660334834777
1,pharma rf,Mouth ulceration,0.1209563994374121,0.7090425997674424,0.2822689592133666
1,pharma rf,Mucosal inflammation,0.05625879043600562,0.8282703861862915,0.4123668612260495
1,pharma rf,Multiple fractures,0.05485232067510549,0.7986272155518424,0.27282281272782444
1,pharma rf,Muscle contractions involuntary,0.03867791842475387,0.731101406510167,0.2390188128983241
1,pharma rf,Muscle relaxant therapy,0.04289732770745429,0.8495377968882206,0.33931034000864574
1,pharma rf,Muscle rigidity,0.04360056258790436,0.873493479747083,0.41871227548167617
1,pharma rf,Muscle spasms,0.340365682137834,0.66316366650779,0.5528050617518753
1,pharma rf,Muscle twitching,0.10267229254571027,0.729799571775356,0.3499027091042005
1,pharma rf,Muscular weakness,0.19760900140646975,0.7052317808608152,0.4071203059681164
1,pharma rf,Musculoskeletal discomfort,0.4859353023909986,0.6899811826990518,0.6776983035830775
1,pharma rf,Musculoskeletal pain,0.11673699015471167,0.6669372581385551,0.2818573625282047
1,pharma rf,Musculoskeletal stiffness,0.09774964838255977,0.6764798019239121,0.3119611942681723
1,pharma rf,Myalgia,0.39943741209563993,0.6731975836643539,0.5978587114568265
1,pharma rf,Mydriasis,0.07665260196905767,0.7807939770170815,0.38637219647414023
1,pharma rf,Myocardial infarction,0.2348804500703235,0.7157896583203893,0.4798242380881046
1,pharma rf,Myocardial ischaemia,0.08227848101265822,0.7325451757945103,0.28604296176362937
1,pharma rf,Myoclonus,0.05485232067510549,0.7973470972438861,0.3550926071567734
1,pharma rf,Myopathy,0.07665260196905767,0.6505173990279066,0.28970389201143176
1,pharma rf,Myositis,0.0450070323488045,0.6967047673770568,0.17091138047096283
1,pharma rf,Nail disorder,0.06047819971870605,0.6608153628419189,0.24064168116592066
1,pharma rf,Nasal congestion,0.1441631504922644,0.6338360416874251,0.2840974500940548
1,pharma rf,Nasopharyngitis,0.20042194092827004,0.6322103154709962,0.3366134307482472
1,pharma rf,Nausea,0.8438818565400844,0.7407117981314312,0.9309749890906109
1,pharma rf,Neck pain,0.10548523206751055,0.6326311094513792,0.2436223124507554
1,pharma rf,Necrosis,0.06962025316455696,0.5857757587366565,0.1560705907067761
1,pharma rf,Neoplasm,0.12447257383966245,0.7403613758326456,0.33553586506266003
1,pharma rf,Neoplasm malignant,0.09423347398030943,0.7661404400712142,0.30555413258972053
1,pharma rf,Nephrolithiasis,0.0808720112517581,0.7337575567829899,0.23797313993186658
1,pharma rf,Nephropathy,0.04289732770745429,0.5316052343128188,0.0747954395784647
1,pharma rf,Nephropathy toxic,0.053445850914205346,0.7889669707688608,0.25995005151416156
1,pharma rf,Nephrotic syndrome,0.04430379746835443,0.6754437901167583,0.22520177902730948
1,pharma rf,Nervous system disorder,0.4409282700421941,0.6188923177198583,0.5567762913129328
1,pharma rf,Nervousness,0.3059071729957806,0.7100543904164223,0.5275612577743236
1,pharma rf,Neuralgia,0.06821378340365682,0.6885436401707794,0.2221497479063975
1,pharma rf,Neuritis,0.07172995780590717,0.7103464281391926,0.23993285158992234
1,pharma rf,Neuroleptic malignant syndrome,0.04360056258790436,0.9207491495685624,0.6548693856146435
1,pharma rf,Neuropathy peripheral,0.2390998593530239,0.6900423510958194,0.43775035295247494
1,pharma rf,Neutropenia,0.21940928270042195,0.7617360311736034,0.5213391877840591
1,pharma rf,Night sweats,0.05555555555555555,0.7253990992550746,0.16988168275575605
1,pharma rf,Nightmare,0.10407876230661041,0.789115589660527,0.41284529117190855
1,pharma rf,Nocturia,0.09563994374120956,0.7251967922049196,0.3111836504211306
1,pharma rf,Nuchal rigidity,0.04852320675105485,0.6620580142766193,0.23507887713631376
1,pharma rf,Nystagmus,0.06821378340365682,0.8083676931688372,0.4172762803563767
1,pharma rf,Ocular hyperaemia,0.04008438818565401,0.711243174543351,0.26320286491254924
1,pharma rf,Oedema,0.4015471167369902,0.6675881728555649,0.5713351245126379
1,pharma rf,Oedema peripheral,0.2876230661040788,0.6705824213080256,0.4778941751001972
1,pharma rf,Oesophagitis,0.12025316455696203,0.7180336047447204,0.3559840304946683
1,pharma rf,Oliguria,0.09212376933895922,0.6907003910797341,0.24564286902101484
1,pharma rf,Opportunistic infection,0.0379746835443038,0.8340075188883205,0.4308674548177038
1,pharma rf,Optic neuritis,0.06610407876230662,0.7226109828428865,0.21381477686049033
1,pharma rf,Oral candidiasis,0.06751054852320675,0.6819824265242878,0.20508496304735754
1,pharma rf,Oropharyngeal discomfort,0.07454289732770746,0.5963257168986633,0.17384946369649495
1,pharma rf,Oropharyngeal pain,0.10407876230661041,0.6174592066411845,0.1948127367689916
1,pharma rf,Orthostatic hypotension,0.17862165963431786,0.7814306130937275,0.5385056405167372
1,pharma rf,Osteoarthritis,0.15611814345991562,0.697121508465707,0.38196443141842085
1,pharma rf,Osteonecrosis,0.035161744022503515,0.7517856025744523,0.2190931040768803
1,pharma rf,Osteoporosis,0.05977496483825598,0.7314486098434456,0.2233827425974065
1,pharma rf,Otitis media,0.07243319268635724,0.6499960251741319,0.22770585919856173
1,pharma rf,Pain,0.5203938115330521,0.63470546115717,0.6608286162165902
1,pharma rf,Pain in extremity,0.17932489451476794,0.595353354454287,0.27173090664217847
1,pharma rf,Pallor,0.09563994374120956,0.5939085255477156,0.23017610244809986
1,pharma rf,Palpitations,0.3551336146272855,0.7082728046293496,0.5935355010399233
1,pharma rf,Pancreatitis,0.22292545710267228,0.7269672039981674,0.46659080760008226
1,pharma rf,Pancreatitis acute,0.04219409282700422,0.49778035305474655,0.1002625353151898
1,pharma rf,Pancytopenia,0.2088607594936709,0.7514809598451353,0.49092444533688606
1,pharma rf,Paraesthesia,0.45639943741209565,0.6720164592002115,0.6529243626026557
1,pharma rf,Paraesthesia oral,0.04149085794655415,0.657657480449705,0.16102149225976312
1,pharma rf,Paralysis,0.06680731364275667,0.6600549395364368,0.2090588491438164
1,pharma rf,Paranoia,0.06258790436005626,0.7959039323312568,0.3888408873053262
1,pharma rf,Parkinsonism,0.03656821378340366,0.8217446436065485,0.5479138831077806
1,pharma rf,Parosmia,0.06329113924050633,0.6501315464636988,0.18047742657623078
1,pharma rf,Pelvic pain,0.057665260196905765,0.6752306978978353,0.22643472598125675
1,pharma rf,Peptic ulcer,0.06821378340365682,0.7680280265447391,0.31818158383890116
1,pharma rf,Pericardial effusion,0.035161744022503515,0.7034329092611424,0.22589038064706396
1,pharma rf,Pericarditis,0.03867791842475387,0.694384444203626,0.2347837427679887
1,pharma rf,Periorbital oedema,0.035161744022503515,0.5886352488073775,0.1172680045626373
1,pharma rf,Peripheral coldness,0.03938115330520394,0.7261279889229986,0.22869849293096403
1,pharma rf,Peripheral vascular disorder,0.04289732770745429,0.7016165613252991,0.18201764049394661
1,pharma rf,Personality disorder,0.03656821378340366,0.6881756972786502,0.22025703050628373
1,pharma rf,Petechiae,0.0850914205344585,0.6797526241389902,0.24434476251586257
1,pharma rf,Pharyngitis,0.270042194092827,0.6726487370961307,0.4660569663226785
1,pharma rf,Phlebitis,0.1209563994374121,0.6509521948149866,0.2676262525058731
1,pharma rf,Photophobia,0.11251758087201125,0.6629520839277999,0.31976153036137234
1,pharma rf,Photosensitivity reaction,0.21308016877637131,0.7264192657235115,0.4510938612281533
1,pharma rf,Platelet count decreased,0.057665260196905765,0.6136929491565233,0.15043378963706397
1,pharma rf,Pleural effusion,0.08157524613220815,0.6824427652076818,0.2698849930726475
1,pharma rf,Pneumonia,0.23628691983122363,0.6919695149530776,0.45714505457629906
1,pharma rf,Pneumothorax,0.0450070323488045,0.6453845740454456,0.10608299100028669
1,pharma rf,Pollakiuria,0.2109704641350211,0.7111937098582395,0.467665714744701
1,pharma rf,Polyp,0.05907172995780591,0.6957219905171254,0.18249525951627715
1,pharma rf,Polyuria,0.13853727144866385,0.6946878010770305,0.33795110320748806
1,pharma rf,Pregnancy,0.04992967651195499,0.6493376362658909,0.18545193781024055
1,pharma rf,Priapism,0.04571026722925457,0.7836957237031137,0.3489169905086117
1,pharma rf,Proctalgia,0.04360056258790436,0.6138172487330043,0.10029951222180741
1,pharma rf,Protein urine present,0.09634317862165963,0.6791343644678115,0.28324603441043195
1,pharma rf,Proteinuria,0.09423347398030943,0.6867149977577106,0.28642529774495645
1,pharma rf,Prothrombin level increased,0.03727144866385373,0.6333193119149814,0.17087451545664498
1,pharma rf,Prurigo,0.04219409282700422,0.6661840625466682,0.17063946154647272
1,pharma rf,Pruritus,0.6638537271448663,0.659436081252569,0.7833270296546594
1,pharma rf,Pseudomembranous colitis,0.04571026722925457,0.886321834835259,0.431404871217576
1,pharma rf,Psoriasis,0.056962025316455694,0.7253769514406117,0.20011690956654768
1,pharma rf,Psychotic disorder,0.1568213783403657,0.7584963590506797,0.4852535255208603
1,pharma rf,Pulmonary embolism,0.1209563994374121,0.766453487135963,0.3867152971336652
1,pharma rf,Pulmonary fibrosis,0.04289732770745429,0.7465909929392516,0.18927101022358545
1,pharma rf,Pulmonary function test decreased,0.06540084388185655,0.7945513632257264,0.26507154541736627
1,pharma rf,Pulmonary oedema,0.1258790436005626,0.6472532888859387,0.23236278875804722
1,pharma rf,Purpura,0.15260196905766527,0.7330080191347202,0.3902709848577494
1,pharma rf,Rash,0.760196905766526,0.7090311089319041,0.8715368106017213
1,pharma rf,Rash erythematous,0.0759493670886076,0.604815808119856,0.12171319277852226
1,pharma rf,Rash generalised,0.03727144866385373,0.5871305940656706,0.17988958150483841
1,pharma rf,Rash macular,0.035864978902953586,0.6694067603169354,0.12346824628579485
1,pharma rf,Rash maculo-papular,0.1209563994374121,0.653509014778978,0.24717627339818712
1,pharma rf,Rash pustular,0.07524613220815753,0.627268434791848,0.17122270182292448
1,pharma rf,Rectal haemorrhage,0.0970464135021097,0.6872897710640089,0.2628865664228758
1,pharma rf,Renal failure,0.23277074542897327,0.714671666780871,0.4580951064367341
1,pharma rf,Renal failure acute,0.14838255977496484,0.6703914766147931,0.3321752283997229
1,pharma rf,Renal impairment,0.14838255977496484,0.6772991579634763,0.2927778368524434
1,pharma rf,Renal pain,0.047116736990154715,0.6504882445005942,0.1903439943396736
1,pharma rf,Respiratory arrest,0.035864978902953586,0.6029261101499405,0.10266912628498134
1,pharma rf,Respiratory depression,0.06469760900140648,0.8047259992600404,0.2680052218292217
1,pharma rf,Respiratory distress,0.06258790436005626,0.6536166765283922,0.21236057682427267
1,pharma rf,Respiratory failure,0.09915611814345991,0.6289046278873283,0.19914641629194468
1,pharma rf,Respiratory tract infection,0.05555555555555555,0.7056679375304079,0.17537972768231597
1,pharma rf,Rhabdomyolysis,0.09563994374120956,0.7558736528222212,0.29242700179111203
1,pharma rf,Rhinitis,0.26652601969057665,0.6653299682103196,0.4475135834149399
1,pharma rf,Rhinorrhoea,0.0850914205344585,0.6418714454006331,0.1574447496269809
1,pharma rf,Salivary hypersecretion,0.10618846694796062,0.7541074919437156,0.43391393690064195
1,pharma rf,Scotoma,0.07032348804500703,0.6893644100464901,0.25089961040651526
1,pharma rf,Seborrhoeic dermatitis,0.06469760900140648,0.674129205020367,0.27299847629403085
1,pharma rf,Sensory loss,0.0850914205344585,0.6457736606465,0.22850252212617791
1,pharma rf,Sepsis,0.13431786216596342,0.7496726064473839,0.4133189701484283
1,pharma rf,Serum sickness,0.040787623066104076,0.7691092413312383,0.25402876587520384
1,pharma rf,Sexual dysfunction,0.051336146272855133,0.8032792900064614,0.28185861811239127
1,pharma rf,Shock,0.41561181434599154,0.679419194796307,0.6101431804267013
1,pharma rf,Sinus bradycardia,0.04289732770745429,0.6227368633173047,0.08384382232961125
1,pharma rf,Sinus congestion,0.0450070323488045,0.6067708299540092,0.12235470608441903
1,pharma rf,Sinusitis,0.25035161744022505,0.6842326832434419,0.43827721605811265
1,pharma rf,Skin discolouration,0.09634317862165963,0.6185369241680684,0.25915812099436203
1,pharma rf,Skin disorder,0.44585091420534456,0.6141762782085605,0.5674055007881394
1,pharma rf,Skin exfoliation,0.1111111111111111,0.6786512765662402,0.33012714111797825
1,pharma rf,Skin hyperpigmentation,0.05485232067510549,0.7507986550142206,0.3263718521273836
1,pharma rf,Skin irritation,0.03867791842475387,0.6501762826194211,0.09254339541327147
1,pharma rf,Skin striae,0.03656821378340366,0.7957491579115246,0.32297622889743705
1,pharma rf,Skin ulcer,0.07735583684950774,0.7336115638159979,0.23508208407601403
1,pharma rf,Sleep disorder,0.13783403656821377,0.7121719406629154,0.31944957888045233
1,pharma rf,Sneezing,0.06258790436005626,0.6260536627401624,0.1595976340113058
1,pharma rf,Somnolence,0.46835443037974683,0.7443793204401832,0.7549600364155724
1,pharma rf,Speech disorder,0.0829817158931083,0.6720552307343145,0.2523657626676793
1,pharma rf,Stevens-Johnson syndrome,0.22292545710267228,0.754612137108262,0.5029063216386664
1,pharma rf,Stomatitis,0.2320675105485232,0.7506963654032448,0.544843535600603
1,pharma rf,Stupor,0.06891701828410689,0.7436307113733165,0.2996080037313364
1,pharma rf,Sudden death,0.04289732770745429,0.8106019881286628,0.3217877251955995
1,pharma rf,Suicidal ideation,0.0639943741209564,0.773454891670701,0.369727953841939
1,pharma rf,Suicide attempt,0.04922644163150492,0.836435987548589,0.40841394858221547
1,pharma rf,Supraventricular tachycardia,0.057665260196905765,0.7036748120940076,0.21001948372913012
1,pharma rf,Swelling,0.14486638537271448,0.5603521526660964,0.22245237302247425
1,pharma rf,Swelling face,0.03656821378340366,0.553868628728157,0.06428218311235821
1,pharma rf,Syncope,0.35372714486638535,0.6897535066075621,0.5757751115173679
1,pharma rf,Systemic lupus erythematosus,0.053445850914205346,0.7124707154693515,0.21718871136323856
1,pharma rf,Tachycardia,0.4191279887482419,0.6641020549177161,0.6090492493178967
1,pharma rf,Tenderness,0.0850914205344585,0.6183694073638744,0.22456859120552913
1,pharma rf,Tension,0.30239099859353025,0.7068557833976831,0.5238187190147287
1,pharma rf,Thinking abnormal,0.08720112517580872,0.7561378277900225,0.3255981947820168
1,pharma rf,Thirst,0.1490857946554149,0.6676493666790917,0.3245259843680449
1,pharma rf,Throat irritation,0.04922644163150492,0.6306788377459871,0.2168445182660385
1,pharma rf,Throat tightness,0.03727144866385373,0.7528227676460381,0.42051726675768925
1,pharma rf,Thrombocytopenia,0.4212376933895921,0.7427724890185663,0.7013012016026392
1,pharma rf,Thrombocytopenic purpura,0.03867791842475387,0.644465229313046,0.15265666210659576
1,pharma rf,Thrombocytosis,0.05977496483825598,0.6744441028177922,0.17034930400827514
1,pharma rf,Thrombophlebitis,0.14556962025316456,0.6871451678758752,0.34732789299293576
1,pharma rf,Thrombosis,0.07946554149085795,0.6953899801458774,0.24351195681745047
1,pharma rf,Tinnitus,0.27637130801687765,0.7012704065956329,0.5293635042594868
1,pharma rf,Tongue discolouration,0.04149085794655415,0.7586872720515343,0.30544756901325715
1,pharma rf,Tongue disorder,0.0710267229254571,0.660184011187697,0.24776947336432203
1,pharma rf,Tongue oedema,0.052742616033755275,0.7156839713145853,0.25961615098754637
1,pharma rf,Tooth disorder,0.05907172995780591,0.6532357661097541,0.16973512161792134
1,pharma rf,Toothache,0.05977496483825598,0.6840738768097225,0.18860227906897592
1,pharma rf,Torsade de pointes,0.0639943741209564,0.6882801636891762,0.33796247807359564
1,pharma rf,Toxic epidermal necrolysis,0.180028129395218,0.7742440708396983,0.4668797182060455
1,pharma rf,Transaminases increased,0.06891701828410689,0.6154117659119761,0.1596931448550564
1,pharma rf,Transient ischaemic attack,0.04922644163150492,0.6474611421568842,0.1332372096565903
1,pharma rf,Tremor,0.32770745428973275,0.7032401132401063,0.5889095555084174
1,pharma rf,Tubulointerstitial nephritis,0.08016877637130802,0.7511824050284275,0.36710291281536234
1,pharma rf,Ulcer,0.09282700421940929,0.7293227580668238,0.3023124638996025
1,pharma rf,Upper respiratory tract infection,0.2320675105485232,0.6530606000106085,0.40102073843823033
1,pharma rf,Urethral disorder,0.2714486638537271,0.655890825135957,0.43482220981949304
1,pharma rf,Urinary incontinence,0.11251758087201125,0.7151834437025657,0.3804990841265301
1,pharma rf,Urinary retention,0.16736990154711673,0.738156534877748,0.4961502240250163
1,pharma rf,Urinary tract disorder,0.26863572433192684,0.6566412731441466,0.4286303404758348
1,pharma rf,Urinary tract infection,0.24824191279887484,0.6858874799680471,0.4319319705514153
1,pharma rf,Urine abnormality,0.04571026722925457,0.45718249827028207,0.09739132088521736
1,pharma rf,Urine analysis abnormal,0.04992967651195499,0.5016597003684521,0.09795844456815872
1,pharma rf,Urine output increased,0.12236286919831224,0.7192638832140219,0.32833112347127164
1,pharma rf,Urticaria,0.5590717299578059,0.6641106538558318,0.7036931906260416
1,pharma rf,VIIth nerve paralysis,0.03727144866385373,0.700952711886462,0.1011410608445394
1,pharma rf,Vaginal discharge,0.06047819971870605,0.786917083294725,0.2962444000807876
1,pharma rf,Vaginal haemorrhage,0.08227848101265822,0.739600637991464,0.36878173304602396
1,pharma rf,Vaginal infection,0.11673699015471167,0.7038896962109152,0.31730189027236033
1,pharma rf,Vaginal inflammation,0.10829817158931083,0.7134448869926622,0.30890823544646995
1,pharma rf,Vascular purpura,0.14135021097046413,0.7325693705116247,0.37288974286083765
1,pharma rf,Vasculitis,0.10689170182841069,0.7536731075245754,0.3684601566959403
1,pharma rf,Vasodilation procedure,0.09353023909985936,0.6057557781907532,0.1738603782639249
1,pharma rf,Ventricular arrhythmia,0.07032348804500703,0.6273792163780371,0.15887941927733246
1,pharma rf,Ventricular extrasystoles,0.090014064697609,0.6675796642074887,0.22372896001461418
1,pharma rf,Ventricular fibrillation,0.07243319268635724,0.6937384059745074,0.22701762675400783
1,pharma rf,Ventricular tachycardia,0.1019690576652602,0.6972998554050908,0.2889700916777196
1,pharma rf,Vertigo,0.3558368495077356,0.7024275889556386,0.5839867594865892
1,pharma rf,Viral infection,0.09142053445850915,0.6586171892921299,0.24448991731826153
1,pharma rf,Vision blurred,0.3227848101265823,0.6961989734492458,0.5548891637977006
1,pharma rf,Visual acuity reduced,0.052742616033755275,0.5812860450373916,0.1464414418725669
1,pharma rf,Visual impairment,0.2714486638537271,0.6447559374431072,0.42669993105033954
1,pharma rf,Vomiting,0.759493670886076,0.71366653949206,0.8822147251771009
1,pharma rf,Vulvovaginal candidiasis,0.051336146272855133,0.7616129739786301,0.3369186027048408
1,pharma rf,Vulvovaginal mycotic infection,0.05555555555555555,0.7275447447800458,0.3085772645765162
1,pharma rf,Weight decreased,0.22433192686357242,0.7147181862758096,0.4547005713262364
1,pharma rf,Weight increased,0.23136427566807313,0.7305087001259337,0.5076662010046367
1,pharma rf,Wheezing,0.12165963431786217,0.5563222685686895,0.18285657547293138
1,pharma rf,White blood cell count decreased,0.046413502109704644,0.659126181831801,0.1412326900216679
1,structure rf + pharma rf,Abdominal discomfort,0.20253164556962025,0.5813616862203028,0.2782973064740858
1,structure rf + pharma rf,Abdominal distension,0.20815752461322082,0.6639678244224354,0.3580719991150082
1,structure rf + pharma rf,Abdominal pain,0.580168776371308,0.705496082155321,0.7673640614803409
1,structure rf + pharma rf,Abdominal pain upper,0.18846694796061886,0.6450512880474173,0.3089632347999685
1,structure rf + pharma rf,Abnormal dreams,0.10548523206751055,0.8059796388052526,0.39587841635223053
1,structure rf + pharma rf,Abscess,0.07805907172995781,0.6499292050913874,0.19394002210085043
1,structure rf + pharma rf,Accommodation disorder,0.04922644163150492,0.8868555487282233,0.4970620987022055
1,structure rf + pharma rf,Acidosis,0.0450070323488045,0.697393218871375,0.17919339349067592
1,structure rf + pharma rf,Acne,0.09282700421940929,0.7552250717800031,0.3212350713692874
1,structure rf + pharma rf,Acute coronary syndrome,0.2348804500703235,0.7237110109172556,0.5068456500024192
1,structure rf + pharma rf,Affect lability,0.1617440225035162,0.742630574154368,0.41681773467607713
1,structure rf + pharma rf,Ageusia,0.07946554149085795,0.6595046493051699,0.23611880012079403
1,structure rf + pharma rf,Aggression,0.0850914205344585,0.7975847697813336,0.3972053973028323
1,structure rf + pharma rf,Agitation,0.3340365682137834,0.7586579217073202,0.6780347828371989
1,structure rf + pharma rf,Agranulocytosis,0.23347398030942335,0.8269385654279148,0.6204685695803611
1,structure rf + pharma rf,Akathisia,0.04852320675105485,0.9016770483603672,0.691916214820254
1,structure rf + pharma rf,Alanine aminotransferase increased,0.19268635724331926,0.7361365541372917,0.45533162334810856
1,structure rf + pharma rf,Albuminuria,0.0710267229254571,0.6742648399366261,0.19259834567433068
1,structure rf + pharma rf,Alopecia,0.3108298171589311,0.7667068778302049,0.6312907343771373
1,structure rf + pharma rf,Altered state of consciousness,0.040787623066104076,0.7360710658458991,0.18161604471914677
1,structure rf + pharma rf,Amblyopia,0.07383966244725738,0.6655748450786911,0.18397793124929512
1,structure rf + pharma rf,Amenorrhoea,0.08720112517580872,0.8014627944596361,0.48054963738682377
1,structure rf + pharma rf,Amnesia,0.14486638537271448,0.7487556683587224,0.35391561316655806
1,structure rf + pharma rf,Amylase increased,0.04430379746835443,0.7285160388139567,0.18340512458313216
1,structure rf + pharma rf,Anaemia,0.36146272855133615,0.7713498049006848,0.6681978126137768
1,structure rf + pharma rf,Anaphylactic shock,0.4388185654008439,0.731238394894714,0.7021592299040973
1,structure rf + pharma rf,Anaphylactoid reaction,0.17651195499296765,0.7101736576599187,0.391924133145634
1,structure rf + pharma rf,Angina pectoris,0.2039381153305204,0.7593521814822874,0.46970940030217256
1,structure rf + pharma rf,Angioedema,0.37060478199718705,0.7213594936410924,0.6305738999563972
1,structure rf + pharma rf,Angiopathy,0.319971870604782,0.6699409076361609,0.5046626297911505
1,structure rf + pharma rf,Anorectal discomfort,0.051336146272855133,0.6715660313558144,0.13673179108368308
1,structure rf + pharma rf,Anorectal disorder,0.04289732770745429,0.6002339380903858,0.10280895890080415
1,structure rf + pharma rf,Anxiety,0.38466947960618847,0.6866244212362701,0.6009156471600656
1,structure rf + pharma rf,Apathy,0.06188466947960619,0.7703096563568546,0.3207019284304017
1,structure rf + pharma rf,Aphasia,0.06047819971870605,0.7276118763464128,0.2744015238258234
1,structure rf + pharma rf,Aphthous stomatitis,0.03938115330520394,0.79181265257107,0.16955262620261524
1,structure rf + pharma rf,Aplastic anaemia,0.11392405063291139,0.8607799385371295,0.532886916673555
1,structure rf + pharma rf,Apnoea,0.08368495077355836,0.7660682918685824,0.33113386418118385
1,structure rf + pharma rf,Application site pain,0.04289732770745429,0.5990222522491754,0.11938469383502767
1,structure rf + pharma rf,Application site reaction,0.03727144866385373,0.5925107330243076,0.06837998217971977
1,structure rf + pharma rf,Arrhythmia,0.28621659634317864,0.6966286377540865,0.4994870015304171
1,structure rf + pharma rf,Arrhythmia supraventricular,0.035161744022503515,0.6701399833590456,0.07713338572089916
1,structure rf + pharma rf,Arthralgia,0.4120956399437412,0.7119290735228642,0.6448854087490323
1,structure rf + pharma rf,Arthritis,0.1568213783403657,0.7163131301867931,0.353243065042639
1,structure rf + pharma rf,Arthropathy,0.0949367088607595,0.7160721120808324,0.2780268793986516
1,structure rf + pharma rf,Aspartate aminotransferase increased,0.1940928270042194,0.7499614439406249,0.46504331873008853
1,structure rf + pharma rf,Asthenia,0.6371308016877637,0.760130331369018,0.851973526698116
1,structure rf + pharma rf,Asthma,0.19057665260196907,0.6584819200053558,0.3679593989038096
1,structure rf + pharma rf,Ataxia,0.1680731364275668,0.8096300509761264,0.5729011058784547
1,structure rf + pharma rf,Atrial fibrillation,0.1469760900140647,0.7485840547909954,0.3711216686139068
1,structure rf + pharma rf,Atrioventricular block,0.09423347398030943,0.7704398707071509,0.43117175954031994
1,structure rf + pharma rf,Azotaemia,0.0450070323488045,0.7009477635834956,0.13909907916207892
1,structure rf + pharma rf,Back pain,0.3509142053445851,0.6981519260177045,0.5514399777737758
1,structure rf + pharma rf,Bacterial infection,0.03867791842475387,0.6749947647862042,0.11171218296969472
1,structure rf + pharma rf,Balance disorder,0.04781997187060478,0.7965053827536818,0.2534548384929387
1,structure rf + pharma rf,Bladder pain,0.11744022503516174,0.7393261228879836,0.3437948732781907
1,structure rf + pharma rf,Blepharitis,0.05555555555555555,0.6988041682141946,0.3009053426245153
1,structure rf + pharma rf,Blindness,0.052742616033755275,0.5890512415076544,0.131163267163749
1,structure rf + pharma rf,Blister,0.0710267229254571,0.5796114840874791,0.10426873836023916
1,structure rf + pharma rf,Blood alkaline phosphatase increased,0.13431786216596342,0.716923760726551,0.31648800049939896
1,structure rf + pharma rf,Blood bilirubin increased,0.0970464135021097,0.8061411096762109,0.4020325145684538
1,structure rf + pharma rf,Blood creatine phosphokinase increased,0.06821378340365682,0.7828087196647642,0.29707535591321677
1,structure rf + pharma rf,Blood creatinine increased,0.1751054852320675,0.7475959562558121,0.4194892798541726
1,structure rf + pharma rf,Blood disorder,0.08720112517580872,0.6635613807908595,0.21237262517716146
1,structure rf + pharma rf,Blood glucose increased,0.046413502109704644,0.6768279082175511,0.1639539062871643
1,structure rf + pharma rf,Blood lactate dehydrogenase increased,0.058368495077355836,0.7631457834713955,0.19455707723335797
1,structure rf + pharma rf,Blood pressure increased,0.10337552742616034,0.7161596939990417,0.27350424707590293
1,structure rf + pharma rf,Blood triglycerides increased,0.06751054852320675,0.7618407328227391,0.27796868592000157
1,structure rf + pharma rf,Blood urea increased,0.1160337552742616,0.7563803056777584,0.40728021749018184
1,structure rf + pharma rf,Blood uric acid increased,0.10618846694796062,0.796665177267148,0.4432548387004651
1,structure rf + pharma rf,Body temperature decreased,0.046413502109704644,0.7142934267658446,0.2041086690902117
1,structure rf + pharma rf,Body temperature increased,0.5414908579465542,0.7191691656892231,0.7412484574800065
1,structure rf + pharma rf,Bone disorder,0.08931082981715893,0.6738867967893911,0.17851500740008006
1,structure rf + pharma rf,Bone pain,0.1090014064697609,0.7702663909226691,0.37135596848061103
1,structure rf + pharma rf,Bradycardia,0.2559774964838256,0.7394784513538479,0.5146168205160989
1,structure rf + pharma rf,Breast cancer,0.035864978902953586,0.8341138752207087,0.30168422224931324
1,structure rf + pharma rf,Breast disorder,0.180028129395218,0.7333403918183203,0.3921207757714469
1,structure rf + pharma rf,Breast enlargement,0.06258790436005626,0.872143008430816,0.4166302210081662
1,structure rf + pharma rf,Breast pain,0.09142053445850915,0.7619597714425288,0.3708826315758278
1,structure rf + pharma rf,Bronchitis,0.21167369901547117,0.721001354597219,0.4273514269316272
1,structure rf + pharma rf,Bronchospasm,0.20182841068917018,0.6939767401340404,0.39176049739673635
1,structure rf + pharma rf,Bundle branch block,0.04571026722925457,0.7355134628911949,0.26107549976924727
1,structure rf + pharma rf,Burning sensation,0.07172995780590717,0.6522269751249183,0.1640187517546423
1,structure rf + pharma rf,Bursitis,0.04360056258790436,0.8171051296576053,0.2792805556810674
1,structure rf + pharma rf,Candida infection,0.11954992967651196,0.7616665815095298,0.4021867819344608
1,structure rf + pharma rf,Cardiac arrest,0.16736990154711673,0.7145329849938771,0.39148981519155657
1,structure rf + pharma rf,Cardiac disorder,0.29254571026722925,0.6989019950384406,0.48923223020307927
1,structure rf + pharma rf,Cardiac failure,0.15330520393811534,0.740418094805117,0.3805998074586593
1,structure rf + pharma rf,Cardiac failure congestive,0.1441631504922644,0.6996280327771813,0.38563529817701947
1,structure rf + pharma rf,Cardiomyopathy,0.04360056258790436,0.7417204242858263,0.17049990502414678
1,structure rf + pharma rf,Cardiovascular disorder,0.0850914205344585,0.6651090655323111,0.16961080780870605
1,structure rf + pharma rf,Cataract,0.10126582278481013,0.7764846968970391,0.2889568851821237
1,structure rf + pharma rf,Cellulitis,0.09282700421940929,0.6869522736529525,0.22709733470672094
1,structure rf + pharma rf,Cerebral haemorrhage,0.04922644163150492,0.7596859430728191,0.19877286945819939
1,structure rf + pharma rf,Cerebral ischaemia,0.04219409282700422,0.6690860341056537,0.20138222871268358
1,structure rf + pharma rf,Cerebrovascular accident,0.15822784810126583,0.7495984727471122,0.4841829034647362
1,structure rf + pharma rf,Cerebrovascular disorder,0.035161744022503515,0.7048092013883059,0.13455966549938952
1,structure rf + pharma rf,Chest discomfort,0.09634317862165963,0.5932949035700105,0.16689666094843855
1,structure rf + pharma rf,Chest pain,0.38748241912798875,0.6885721900217672,0.5830536568398291
1,structure rf + pharma rf,Chills,0.3108298171589311,0.6784934383262909,0.4921112781456358
1,structure rf + pharma rf,Cholecystitis,0.052742616033755275,0.6930154512950877,0.15930155410521135
1,structure rf + pharma rf,Cholelithiasis,0.06118143459915612,0.729947785864436,0.21254123135306924
1,structure rf + pharma rf,Cholestasis,0.07243319268635724,0.7783884784023376,0.35659327092972537
1,structure rf + pharma rf,Coagulopathy,0.07524613220815753,0.6012119401403367,0.16304355031882115
1,structure rf + pharma rf,Cognitive disorder,0.04219409282700422,0.7228908277348406,0.23688355232769104
1,structure rf + pharma rf,Cold sweat,0.03867791842475387,0.770476534130841,0.15362924379391055
1,structure rf + pharma rf,Colitis,0.10478199718706048,0.7828912286308871,0.3867765194910827
1,structure rf + pharma rf,Coma,0.1209563994374121,0.7215123268292721,0.31161733363542526
1,structure rf + pharma rf,Completed suicide,0.04781997187060478,0.8565925646327924,0.3619674353508304
1,structure rf + pharma rf,Confusional state,0.38255977496483823,0.7284733732972141,0.6455904741105147
1,structure rf + pharma rf,Conjunctival hyperaemia,0.0379746835443038,0.7270531942090777,0.3460314453621326
1,structure rf + pharma rf,Conjunctivitis,0.23136427566807313,0.6930103515471913,0.4447236530051021
1,structure rf + pharma rf,Connective tissue disorder,0.2848101265822785,0.6703982425421167,0.46627532256279147
1,structure rf + pharma rf,Constipation,0.4929676511954993,0.7734786276523341,0.7826453026751977
1,structure rf + pharma rf,Contusion,0.09774964838255977,0.6829104542457617,0.22786883460736793
1,structure rf + pharma rf,Convulsion,0.36357243319268634,0.7326600221504741,0.6442283600163158
1,structure rf + pharma rf,Coordination abnormal,0.09915611814345991,0.7989000031686755,0.4789249960087396
1,structure rf + pharma rf,Cough,0.4008438818565401,0.6958340804343692,0.6060087177343328
1,structure rf + pharma rf,Cyanosis,0.06962025316455696,0.6992302986008629,0.2215237952285595
1,structure rf + pharma rf,Cyst,0.06540084388185655,0.747473667562993,0.23100686364009215
1,structure rf + pharma rf,Cystitis,0.10759493670886076,0.7382751746091603,0.32071008434914006
1,structure rf + pharma rf,Cystitis noninfective,0.10618846694796062,0.7401339608811965,0.3206673624047755
1,structure rf + pharma rf,Deafness,0.1371308016877637,0.7162016667009588,0.3356256985060257
1,structure rf + pharma rf,Decreased appetite,0.4838255977496484,0.729918484752887,0.7172987856362154
1,structure rf + pharma rf,Deep vein thrombosis,0.06680731364275667,0.8137272511733075,0.37642713259883165
1,structure rf + pharma rf,Dehydration,0.17158931082981715,0.7209775166950074,0.40645936235150304
1,structure rf + pharma rf,Delirium,0.07876230661040788,0.8077514155213456,0.34708305068438894
1,structure rf + pharma rf,Delusion,0.06821378340365682,0.8898146412607437,0.5825344448986423
1,structure rf + pharma rf,Dementia,0.03727144866385373,0.7467107232616964,0.29747153320637143
1,structure rf + pharma rf,Depersonalisation,0.06188466947960619,0.7725809752902333,0.3284374388487421
1,structure rf + pharma rf,Depressed level of consciousness,0.10126582278481013,0.769048857952518,0.4003855600057916
1,structure rf + pharma rf,Depressed mood,0.035864978902953586,0.6451464180436686,0.10350059482645291
1,structure rf + pharma rf,Depression,0.22644163150492264,0.7182587747966271,0.45170856288600564
1,structure rf + pharma rf,Dermatitis,0.7658227848101266,0.7266634236701922,0.8864257737064403
1,structure rf + pharma rf,Dermatitis atopic,0.07454289732770746,0.624426481622834,0.13538764527416008
1,structure rf + pharma rf,Dermatitis bullous,0.14767932489451477,0.7013405176434008,0.3352094768741128
1,structure rf + pharma rf,Dermatitis contact,0.11181434599156118,0.7325116152931275,0.3200543531218446
1,structure rf + pharma rf,Dermatitis exfoliative,0.14556962025316456,0.7370052971244481,0.3756272494525151
1,structure rf + pharma rf,Diabetes mellitus,0.1441631504922644,0.7698972492789152,0.41492747428124205
1,structure rf + pharma rf,Diarrhoea,0.6849507735583685,0.7579326472674474,0.8741206305151646
1,structure rf + pharma rf,Diplopia,0.1518987341772152,0.764805855706578,0.45750351186176613
1,structure rf + pharma rf,Discomfort,0.3924050632911392,0.6902728008305672,0.580838442581026
1,structure rf + pharma rf,Disorientation,0.12376933895921238,0.7416231963221547,0.3888778973095298
1,structure rf + pharma rf,Disturbance in attention,0.09071729957805907,0.750329036885104,0.3071789570411245
1,structure rf + pharma rf,Disturbance in sexual arousal,0.16455696202531644,0.8215043562674322,0.5278541119847303
1,structure rf + pharma rf,Dizziness,0.7250351617440225,0.7477882656825716,0.8821614391948849
1,structure rf + pharma rf,Drug eruption,0.05414908579465542,0.7404002072981577,0.21786365315949419
1,structure rf + pharma rf,Drug interaction,0.09353023909985936,0.6943692081986839,0.2236478224386546
1,structure rf + pharma rf,Drug withdrawal syndrome,0.04008438818565401,0.9158695298172652,0.3740097151188579
1,structure rf + pharma rf,Dry eye,0.11462728551336146,0.758202311489024,0.3783550123186713
1,structure rf + pharma rf,Dry mouth,0.38959212376933894,0.7751389954280584,0.7172245261614878
1,structure rf + pharma rf,Dry skin,0.18635724331926865,0.6667485565915694,0.36235841305510164
1,structure rf + pharma rf,Duodenal ulcer,0.03938115330520394,0.7439811086890838,0.24553385746432102
1,structure rf + pharma rf,Dysarthria,0.09212376933895922,0.8104585924706246,0.4460185923316889
1,structure rf + pharma rf,Dysgeusia,0.32208157524613223,0.6613014728962894,0.5170253210522663
1,structure rf + pharma rf,Dyskinesia,0.09142053445850915,0.8854534951537284,0.6030150577722505
1,structure rf + pharma rf,Dysmenorrhoea,0.09845288326300984,0.7651558691874516,0.3462170301127474
1,structure rf + pharma rf,Dyspepsia,0.4908579465541491,0.718168626629794,0.7018932215189795
1,structure rf + pharma rf,Dysphagia,0.18565400843881857,0.737142521934333,0.45798760549804945
1,structure rf + pharma rf,Dysphonia,0.08649789029535865,0.7021293854877909,0.22389529539722322
1,structure rf + pharma rf,Dyspnoea,0.4908579465541491,0.7317885924342263,0.7267109467215662
1,structure rf + pharma rf,Dysuria,0.21026722925457103,0.6864904812935035,0.41650627945950136
1,structure rf + pharma rf,Ear disorder,0.047116736990154715,0.581510194284065,0.08212253953188381
1,structure rf + pharma rf,Ear infection,0.03727144866385373,0.6509838776753065,0.10428931357376321
1,structure rf + pharma rf,Ear pain,0.12658227848101267,0.6626207289768805,0.28945648576041505
1,structure rf + pharma rf,Ecchymosis,0.1279887482419128,0.6965764707413268,0.33903161838269513
1,structure rf + pharma rf,Eczema,0.13924050632911392,0.7172971030509302,0.3335426933821143
1,structure rf + pharma rf,Electrocardiogram QT prolonged,0.05977496483825598,0.7327002286721369,0.25430454683950343
1,structure rf + pharma rf,Electrocardiogram abnormal,0.05977496483825598,0.6422020757936974,0.15864565357649946
1,structure rf + pharma rf,Electrolyte imbalance,0.03656821378340366,0.6917723066035457,0.2827722195687675
1,structure rf + pharma rf,Embolism,0.06751054852320675,0.7937450689529543,0.4111658231687221
1,structure rf + pharma rf,Embolism venous,0.051336146272855133,0.8649951187973913,0.46613238064407697
1,structure rf + pharma rf,Encephalopathy,0.056962025316455694,0.691742416109556,0.2241560517275369
1,structure rf + pharma rf,Endocrine disorder,0.09071729957805907,0.7027570054228836,0.22303586845860074
1,structure rf + pharma rf,Endophthalmitis,0.04149085794655415,0.6805044358660475,0.19266461669189072
1,structure rf + pharma rf,Eosinophilia,0.2039381153305204,0.7972171182209747,0.5446052076123726
1,structure rf + pharma rf,Epigastric discomfort,0.04289732770745429,0.7058433704773177,0.2389892813855326
1,structure rf + pharma rf,Epilepsy,0.03727144866385373,0.6854535552151468,0.23327833227378555
1,structure rf + pharma rf,Epistaxis,0.2468354430379747,0.7583526989617466,0.5263362317255765
1,structure rf + pharma rf,Erectile dysfunction,0.2109704641350211,0.8110572252836183,0.6190823419731952
1,structure rf + pharma rf,Eructation,0.1090014064697609,0.666158841027204,0.28860270851649267
1,structure rf + pharma rf,Erythema,0.339662447257384,0.6394807814411101,0.48952168123987533
1,structure rf + pharma rf,Erythema multiforme,0.27355836849507736,0.7810360264521375,0.6077714202153863
1,structure rf + pharma rf,Erythema nodosum,0.03867791842475387,0.8309149918302815,0.34365867984955895
1,structure rf + pharma rf,Euphoric mood,0.11954992967651196,0.8297637798081986,0.44795693647951557
1,structure rf + pharma rf,Extrapyramidal disorder,0.07172995780590717,0.914283554877866,0.678184637841529
1,structure rf + pharma rf,Extrasystoles,0.07735583684950774,0.7327465173139867,0.2447773518966788
1,structure rf + pharma rf,Extravasation,0.07524613220815753,0.7637625081623959,0.3020178540007703
1,structure rf + pharma rf,Eye disorder,0.28621659634317864,0.6910342707820745,0.4568874654264343
1,structure rf + pharma rf,Eye haemorrhage,0.04289732770745429,0.7625727987247821,0.24407436119723652
1,structure rf + pharma rf,Eye irritation,0.090014064697609,0.6046063722531126,0.2656211383178832
1,structure rf + pharma rf,Eye pain,0.14064697609001406,0.7108633166551973,0.40146580334200566
1,structure rf + pharma rf,Eye pruritus,0.0379746835443038,0.6672608066385692,0.27955485412911407
1,structure rf + pharma rf,Eyelid oedema,0.04289732770745429,0.7446815038776124,0.2597066377454461
1,structure rf + pharma rf,Face oedema,0.17088607594936708,0.6929902108068845,0.35651058045425404
1,structure rf + pharma rf,Faecal incontinence,0.04781997187060478,0.7013644386832107,0.1900640630057427
1,structure rf + pharma rf,Fatigue,0.510548523206751,0.7147908619774694,0.7332696769511389
1,structure rf + pharma rf,Febrile neutropenia,0.05977496483825598,0.9091754129175073,0.5800437126225022
1,structure rf + pharma rf,Feeling abnormal,0.5133614627285513,0.7065906649048272,0.715848326930858
1,structure rf + pharma rf,Feeling hot,0.08227848101265822,0.6203013417795298,0.24461376678011737
1,structure rf + pharma rf,Flank pain,0.035161744022503515,0.6150365727368573,0.06775783128150789
1,structure rf + pharma rf,Flat affect,0.06258790436005626,0.7738393717203533,0.34558924642805283
1,structure rf + pharma rf,Flatulence,0.3143459915611814,0.727672221277163,0.5758177034231741
1,structure rf + pharma rf,Fluid overload,0.0379746835443038,0.7949831558887347,0.20434934796544185
1,structure rf + pharma rf,Fluid retention,0.1160337552742616,0.6918627058819735,0.3225777547050123
1,structure rf + pharma rf,Flushing,0.30028129395218,0.6473806062079722,0.4421058862717417
1,structure rf + pharma rf,Foetor hepaticus,0.05063291139240506,0.6697670341150087,0.17189195605964522
1,structure rf + pharma rf,Folliculitis,0.0639943741209564,0.7890748762527766,0.29021050390741976
1,structure rf + pharma rf,Fracture,0.05485232067510549,0.7905746135442512,0.2909769114003187
1,structure rf + pharma rf,Fungal infection,0.07946554149085795,0.6790821717341613,0.19622529927263463
1,structure rf + pharma rf,Fungal skin infection,0.03656821378340366,0.7627380816824949,0.11967673140653448
1,structure rf + pharma rf,Furuncle,0.04289732770745429,0.6730023155318797,0.16693294492965577
1,structure rf + pharma rf,Gait disturbance,0.10056258790436005,0.8140239686995642,0.45442578610826656
1,structure rf + pharma rf,Galactorrhoea,0.05977496483825598,0.8809914804511587,0.6314397514976857
1,structure rf + pharma rf,Gamma-glutamyltransferase increased,0.0829817158931083,0.6180424652653306,0.1925598928206167
1,structure rf + pharma rf,Gastric ulcer,0.05063291139240506,0.7157600582442438,0.21878510990428834
1,structure rf + pharma rf,Gastritis,0.18424753867791843,0.6989592698682187,0.4101180087302403
1,structure rf + pharma rf,Gastroenteritis,0.13853727144866385,0.7246977831908751,0.2945688178559265
1,structure rf + pharma rf,Gastrointestinal disorder,0.5210970464135021,0.6983672405477412,0.7108710705586267
1,structure rf + pharma rf,Gastrointestinal haemorrhage,0.15330520393811534,0.7471950857373213,0.43366945310994875
1,structure rf + pharma rf,Gastrointestinal pain,0.5478199718706048,0.7153634464000753,0.7512843053763911
1,structure rf + pharma rf,Gastrooesophageal reflux disease,0.09915611814345991,0.7612316503062437,0.2772714255805994
1,structure rf + pharma rf,Generalised oedema,0.053445850914205346,0.5700144337842222,0.08674820768892408
1,structure rf + pharma rf,Gingival bleeding,0.05414908579465542,0.7317696201289368,0.24129797826758778
1,structure rf + pharma rf,Gingivitis,0.07383966244725738,0.7459083558107894,0.26332811080142227
1,structure rf + pharma rf,Glaucoma,0.07805907172995781,0.8097782817357586,0.3711909693478538
1,structure rf + pharma rf,Glossitis,0.09774964838255977,0.6972966965598907,0.29089817301212284
1,structure rf + pharma rf,Glycosuria,0.08579465541490858,0.7892416349472173,0.36191960833031583
1,structure rf + pharma rf,Gout,0.09774964838255977,0.7476642893372857,0.3213241956599313
1,structure rf + pharma rf,Grand mal convulsion,0.0379746835443038,0.7245747757955687,0.23596996557128627
1,structure rf + pharma rf,Gynaecomastia,0.12517580872011252,0.8284648180262613,0.5589385047259553
1,structure rf + pharma rf,Haematemesis,0.07032348804500703,0.829622813681774,0.3445859627921443
1,structure rf + pharma rf,Haematochezia,0.035864978902953586,0.6910299339588309,0.10507376171455671
1,structure rf + pharma rf,Haematocrit decreased,0.0379746835443038,0.6164745629015922,0.09174218998656496
1,structure rf + pharma rf,Haematoma,0.07172995780590717,0.6895766308233763,0.24051699833265974
1,structure rf + pharma rf,Haematuria,0.2369901547116737,0.733921169631227,0.48967025091726885
1,structure rf + pharma rf,Haemoglobin,0.2679324894514768,0.7170747305032823,0.5391240091907333
1,structure rf + pharma rf,Haemoglobin decreased,0.07383966244725738,0.7224981179128493,0.18279979406896935
1,structure rf + pharma rf,Haemolytic anaemia,0.14064697609001406,0.7815310190247964,0.4739789634398502
1,structure rf + pharma rf,Haemoptysis,0.08157524613220815,0.6980315111828675,0.24569581771737706
1,structure rf + pharma rf,Haemorrhage,0.26933895921237694,0.7171559480478471,0.5405347773118425
1,structure rf + pharma rf,Haemorrhage intracranial,0.04008438818565401,0.7685077117225316,0.2883154830184882
1,structure rf + pharma rf,Haemorrhoids,0.05907172995780591,0.7057096010991415,0.16963191568423971
1,structure rf + pharma rf,Hallucination,0.24261603375527427,0.775595301379034,0.5922585351311517
1,structure rf + pharma rf,Headache,0.7805907172995781,0.731578395764394,0.8865318221757459
1,structure rf + pharma rf,Hearing impaired,0.10056258790436005,0.7178053216005503,0.2818622684012417
1,structure rf + pharma rf,Hepatic enzyme increased,0.09634317862165963,0.6582748994878399,0.19602301852132603
1,structure rf + pharma rf,Hepatic failure,0.1441631504922644,0.7639919870360737,0.37194488197957043
1,structure rf + pharma rf,Hepatic function abnormal,0.12939521800281295,0.6627428680582949,0.25978156137538116
1,structure rf + pharma rf,Hepatic necrosis,0.052742616033755275,0.7774152431863284,0.2772955682688433
1,structure rf + pharma rf,Hepatitis,0.2552742616033755,0.7743319625975705,0.5501668916272235
1,structure rf + pharma rf,Hepatobiliary disease,0.24120956399437413,0.7341935622512512,0.5047776723179177
1,structure rf + pharma rf,Hepatocellular injury,0.10478199718706048,0.6818400119993016,0.249664896950038
1,structure rf + pharma rf,Hepatomegaly,0.06891701828410689,0.7676911673180893,0.2593480774093437
1,structure rf + pharma rf,Hepatotoxicity,0.07946554149085795,0.7373460040791328,0.31039010827360675
1,structure rf + pharma rf,Hernia,0.03727144866385373,0.7895106326437569,0.16354978820595523
1,structure rf + pharma rf,Herpes simplex,0.09353023909985936,0.7066076109872307,0.24575392431099363
1,structure rf + pharma rf,Herpes zoster,0.08157524613220815,0.7199068449770177,0.21891725013430935
1,structure rf + pharma rf,Hiccups,0.10267229254571027,0.7425063574296936,0.30267182903038153
1,structure rf + pharma rf,Hirsutism,0.06118143459915612,0.8807572501248794,0.48291709494254736
1,structure rf + pharma rf,Hostility,0.047116736990154715,0.8582342792334192,0.41637076585166916
1,structure rf + pharma rf,Hot flush,0.15611814345991562,0.7368312309064036,0.4187105314033204
1,structure rf + pharma rf,Hyperaesthesia,0.07524613220815753,0.7195210713326796,0.23693524465223245
1,structure rf + pharma rf,Hyperbilirubinaemia,0.0970464135021097,0.7700459031922914,0.2976611872195517
1,structure rf + pharma rf,Hypercalcaemia,0.0710267229254571,0.7792050650713139,0.3844783546155047
1,structure rf + pharma rf,Hypercholesterolaemia,0.09915611814345991,0.778373466630328,0.33670520558699757
1,structure rf + pharma rf,Hyperglycaemia,0.23417721518987342,0.7570211915679876,0.4807638151565742
1,structure rf + pharma rf,Hyperhidrosis,0.42334739803094235,0.7015164822259873,0.6387264112864237
1,structure rf + pharma rf,Hyperkalaemia,0.11040787623066103,0.7301170706730277,0.38031856492337685
1,structure rf + pharma rf,Hyperkinesia,0.11954992967651196,0.8037747164085085,0.4544244661895037
1,structure rf + pharma rf,Hyperlipidaemia,0.0639943741209564,0.7444193320515019,0.20685515052297107
1,structure rf + pharma rf,Hypernatraemia,0.052742616033755275,0.7697829449169541,0.2982807182067963
1,structure rf + pharma rf,Hyperreflexia,0.040787623066104076,0.811023283882168,0.3220388280582719
1,structure rf + pharma rf,Hypersensitivity,0.6315049226441631,0.6574064260568073,0.7516171297771448
1,structure rf + pharma rf,Hypertension,0.39732770745428975,0.6908897175889643,0.6103133466324255
1,structure rf + pharma rf,Hyperthyroidism,0.035864978902953586,0.7020756481997428,0.1825886727726295
1,structure rf + pharma rf,Hypertonia,0.12376933895921238,0.6935459055871135,0.31456168942762053
1,structure rf + pharma rf,Hypertrichosis,0.03656821378340366,0.8036563006037346,0.3529236875201051
1,structure rf + pharma rf,Hypertriglyceridaemia,0.05625879043600562,0.7911948176362399,0.30674635952776663
1,structure rf + pharma rf,Hyperuricaemia,0.09774964838255977,0.7856233086044565,0.4323668245836165
1,structure rf + pharma rf,Hyperventilation,0.06469760900140648,0.6906542704983583,0.2524722367559097
1,structure rf + pharma rf,Hypoaesthesia,0.2559774964838256,0.6744285218479551,0.46007509589696005
1,structure rf + pharma rf,Hypocalcaemia,0.0949367088607595,0.725115894221122,0.3924617562207263
1,structure rf + pharma rf,Hypoglycaemia,0.1568213783403657,0.7638558976985542,0.5037163392529962
1,structure rf + pharma rf,Hypokalaemia,0.18143459915611815,0.6963909347933861,0.39243840221059867
1,structure rf + pharma rf,Hypokinesia,0.05907172995780591,0.8184333774780053,0.34938772679137065
1,structure rf + pharma rf,Hypomagnesaemia,0.06047819971870605,0.7639674604860038,0.2695512768969758
1,structure rf + pharma rf,Hyponatraemia,0.1540084388185654,0.7914725412632067,0.4675951652463978
1,structure rf + pharma rf,Hypophosphataemia,0.056962025316455694,0.8259722943378123,0.3358855357721053
1,structure rf + pharma rf,Hyporeflexia,0.0379746835443038,0.8111221946205649,0.2798921191958456
1,structure rf + pharma rf,Hypotension,0.4676511954992968,0.7051553938823389,0.687255679534874
1,structure rf + pharma rf,Hypothermia,0.046413502109704644,0.7142934267658446,0.2041086690902117
1,structure rf + pharma rf,Hypothyroidism,0.06329113924050633,0.739666262566479,0.282410367851977
1,structure rf + pharma rf,Hypotonia,0.04571026722925457,0.8351370133563334,0.34399464610811104
1,structure rf + pharma rf,Hypoxia,0.06047819971870605,0.676814228198388,0.16523410756961474
1,structure rf + pharma rf,Ileus,0.07032348804500703,0.7242857037402615,0.2627496491834426
1,structure rf + pharma rf,Ileus paralytic,0.035161744022503515,0.8571660608300993,0.518636426893514
1,structure rf + pharma rf,Ill-defined disorder,0.34247538677918427,0.6950386116438343,0.5381113739845886
1,structure rf + pharma rf,Immune system disorder,0.3150492264416315,0.6570006587597247,0.46504074799496403
1,structure rf + pharma rf,Impaired healing,0.04430379746835443,0.806232069280823,0.3422131372883747
1,structure rf + pharma rf,Inappropriate antidiuretic hormone secretion,0.04922644163150492,0.85327463297572,0.4824415845850905
1,structure rf + pharma rf,Increased appetite,0.1568213783403657,0.7589412161242721,0.4440564201575709
1,structure rf + pharma rf,Induration,0.04149085794655415,0.6916144063391014,0.13456533927653294
1,structure rf + pharma rf,Infection,0.4212376933895921,0.7089425583596364,0.655722492940319
1,structure rf + pharma rf,Infestation,0.24753867791842477,0.682528764278611,0.4573249294375975
1,structure rf + pharma rf,Inflammation,0.10829817158931083,0.6857362637223436,0.2974974444540341
1,structure rf + pharma rf,Influenza,0.1990154711673699,0.7037973705235365,0.3763434420944721
1,structure rf + pharma rf,Influenza like illness,0.1160337552742616,0.6478702751743615,0.21716159462723278
1,structure rf + pharma rf,Injection site pain,0.10267229254571027,0.6574785293486064,0.19564163499117454
1,structure rf + pharma rf,Injection site reaction,0.13853727144866385,0.6938464386675864,0.3615871091299256
1,structure rf + pharma rf,Injury,0.14556962025316456,0.7043077261128208,0.32820279591854584
1,structure rf + pharma rf,Insomnia,0.4739803094233474,0.746844074711227,0.7291238498181899
1,structure rf + pharma rf,Interstitial lung disease,0.06891701828410689,0.7886578276729991,0.3580223657193703
1,structure rf + pharma rf,Intestinal obstruction,0.06469760900140648,0.7192126460875802,0.2658890174125586
1,structure rf + pharma rf,Intracranial pressure increased,0.03938115330520394,0.6758260318922683,0.2647482434250151
1,structure rf + pharma rf,Intraocular pressure increased,0.04430379746835443,0.8605968617543176,0.4102330378556709
1,structure rf + pharma rf,Irritability,0.1617440225035162,0.7073509886203302,0.3648088338683383
1,structure rf + pharma rf,Jaundice,0.23136427566807313,0.7750096891687537,0.5312761677761246
1,structure rf + pharma rf,Jaundice cholestatic,0.0949367088607595,0.7837692773287038,0.3131698469913008
1,structure rf + pharma rf,Joint swelling,0.0450070323488045,0.6864380945014429,0.1131358110648764
1,structure rf + pharma rf,Keratitis,0.06047819971870605,0.762824637856266,0.29181654946013397
1,structure rf + pharma rf,Lacrimal disorder,0.0379746835443038,0.6647689892265746,0.13112275887946162
1,structure rf + pharma rf,Lacrimation increased,0.1019690576652602,0.6444075281633879,0.29436323239130524
1,structure rf + pharma rf,Laryngeal oedema,0.0639943741209564,0.7303269022112779,0.3085688214711159
1,structure rf + pharma rf,Laryngeal pain,0.07313642756680731,0.6168431559908321,0.13530599719203623
1,structure rf + pharma rf,Laryngitis,0.06821378340365682,0.7235765419339102,0.22999571343670713
1,structure rf + pharma rf,Laryngospasm,0.07243319268635724,0.7904930553517976,0.3637889276734219
1,structure rf + pharma rf,Lethargy,0.15611814345991562,0.7518339969067082,0.37847915981178026
1,structure rf + pharma rf,Leukocytoclastic vasculitis,0.03938115330520394,0.6422861188510888,0.09210949062483917
1,structure rf + pharma rf,Leukocytosis,0.10548523206751055,0.7010421493328515,0.2834568743662937
1,structure rf + pharma rf,Leukoderma,0.04430379746835443,0.7542994470574154,0.35385187829598996
1,structure rf + pharma rf,Leukopenia,0.35864978902953587,0.7877687808944446,0.6648838566424224
1,structure rf + pharma rf,Libido decreased,0.14767932489451477,0.8123081145356185,0.4955653737231584
1,structure rf + pharma rf,Libido increased,0.057665260196905765,0.8807111932167828,0.5028845213042261
1,structure rf + pharma rf,Liver disorder,0.06610407876230662,0.6811544216156961,0.17068761985916076
1,structure rf + pharma rf,Liver function test abnormal,0.17440225035161744,0.6611676442132671,0.29638089364865194
1,structure rf + pharma rf,Liver injury,0.08649789029535865,0.6818698907688518,0.200051772176423
1,structure rf + pharma rf,Local reaction,0.053445850914205346,0.7040690820198341,0.19600441320276982
1,structure rf + pharma rf,Loss of consciousness,0.37060478199718705,0.7170713931273214,0.6116982704019687
1,structure rf + pharma rf,Loss of libido,0.03867791842475387,0.7408981783332373,0.20900232842812166
1,structure rf + pharma rf,Lung disorder,0.05414908579465542,0.6011262901842219,0.09572691703492911
1,structure rf + pharma rf,Lung infiltration,0.04289732770745429,0.6473786382020268,0.12136188789257156
1,structure rf + pharma rf,Lymphadenopathy,0.13291139240506328,0.6797296882288363,0.3443886620059552
1,structure rf + pharma rf,Lymphopenia,0.05063291139240506,0.7883460981516544,0.3457984316193088
1,structure rf + pharma rf,Malaise,0.35372714486638535,0.6925332104702066,0.5462167185598672
1,structure rf + pharma rf,Malnutrition,0.33122362869198313,0.7023446511873456,0.5590660478614259
1,structure rf + pharma rf,Mania,0.06751054852320675,0.8696455312248623,0.4485353347826429
1,structure rf + pharma rf,Mediastinal disorder,0.31856540084388185,0.6825887715483295,0.5270884243045733
1,structure rf + pharma rf,Melaena,0.10970464135021098,0.7015835550606725,0.3056713569858863
1,structure rf + pharma rf,Memory impairment,0.07735583684950774,0.7245911870147238,0.25324103677923204
1,structure rf + pharma rf,Meningitis,0.03867791842475387,0.7261316228605039,0.2300690577600673
1,structure rf + pharma rf,Menopausal symptoms,0.1589310829817159,0.7378682477891587,0.41812285246075104
1,structure rf + pharma rf,Menorrhagia,0.07524613220815753,0.7137199064001617,0.27076221528735767
1,structure rf + pharma rf,Menstrual disorder,0.06469760900140648,0.7474067440981373,0.2835549908521797
1,structure rf + pharma rf,Menstruation irregular,0.05555555555555555,0.8620176484057884,0.3855289839145541
1,structure rf + pharma rf,Mental disability,0.12306610407876231,0.7504506930138526,0.37885975073537076
1,structure rf + pharma rf,Mental disorder,0.3227848101265823,0.6871193835106506,0.49942732131732787
1,structure rf + pharma rf,Metrorrhagia,0.07172995780590717,0.714647227605979,0.2653994057551824
1,structure rf + pharma rf,Micturition urgency,0.05414908579465542,0.6816157168351882,0.2484312752510495
1,structure rf + pharma rf,Migraine,0.16455696202531644,0.7287702600392001,0.3833813810616027
1,structure rf + pharma rf,Mood swings,0.17088607594936708,0.7458732137981559,0.44611355720147694
1,structure rf + pharma rf,Mouth ulceration,0.1209563994374121,0.7447720178488876,0.29731041796677216
1,structure rf + pharma rf,Mucosal inflammation,0.05625879043600562,0.8730577854254209,0.48226743264028693
1,structure rf + pharma rf,Multiple fractures,0.05485232067510549,0.7905746135442512,0.2909769114003187
1,structure rf + pharma rf,Muscle contractions involuntary,0.03867791842475387,0.767802274185004,0.22405919083606177
1,structure rf + pharma rf,Muscle relaxant therapy,0.04289732770745429,0.8353250423677162,0.3477994623296221
1,structure rf + pharma rf,Muscle rigidity,0.04360056258790436,0.8975143959991222,0.4842919234500062
1,structure rf + pharma rf,Muscle spasms,0.340365682137834,0.7155187115811165,0.5975381987422649
1,structure rf + pharma rf,Muscle twitching,0.10267229254571027,0.7489406270792683,0.3495555857429098
1,structure rf + pharma rf,Muscular weakness,0.19760900140646975,0.7289582889027801,0.4322795543339694
1,structure rf + pharma rf,Musculoskeletal discomfort,0.4859353023909986,0.7200674409052782,0.712334258800398
1,structure rf + pharma rf,Musculoskeletal pain,0.11673699015471167,0.7005079484102807,0.28090494652651454
1,structure rf + pharma rf,Musculoskeletal stiffness,0.09774964838255977,0.7123933562320105,0.3238490841956988
1,structure rf + pharma rf,Myalgia,0.39943741209563993,0.7162001371239028,0.6461267163337518
1,structure rf + pharma rf,Mydriasis,0.07665260196905767,0.8432600705713538,0.4982880778757641
1,structure rf + pharma rf,Myocardial infarction,0.2348804500703235,0.7284204680409581,0.5095965742732369
1,structure rf + pharma rf,Myocardial ischaemia,0.08227848101265822,0.7783062302927929,0.303112242602689
1,structure rf + pharma rf,Myoclonus,0.05485232067510549,0.8115178021641215,0.36129406901342387
1,structure rf + pharma rf,Myopathy,0.07665260196905767,0.7482155969988062,0.40477634335815027
1,structure rf + pharma rf,Myositis,0.0450070323488045,0.7526749059671733,0.27534371068413294
1,structure rf + pharma rf,Nail disorder,0.06047819971870605,0.7391308332321379,0.2502303078245425
1,structure rf + pharma rf,Nasal congestion,0.1441631504922644,0.6253930693506305,0.30959143144380424
1,structure rf + pharma rf,Nasopharyngitis,0.20042194092827004,0.6683993928865737,0.3590270703482109
1,structure rf + pharma rf,Nausea,0.8438818565400844,0.7859488821758732,0.9461948464213243
1,structure rf + pharma rf,Neck pain,0.10548523206751055,0.6416896059248856,0.24464644858469517
1,structure rf + pharma rf,Necrosis,0.06962025316455696,0.5917778046416428,0.1560547407737388
1,structure rf + pharma rf,Neoplasm,0.12447257383966245,0.7923785099932296,0.39432646719918807
1,structure rf + pharma rf,Neoplasm malignant,0.09423347398030943,0.803978097012332,0.33279486545594567
1,structure rf + pharma rf,Nephrolithiasis,0.0808720112517581,0.7987714935806934,0.263065664600792
1,structure rf + pharma rf,Nephropathy,0.04289732770745429,0.6491135891867668,0.1334881637237897
1,structure rf + pharma rf,Nephropathy toxic,0.053445850914205346,0.8785805656126584,0.4680627276643693
1,structure rf + pharma rf,Nephrotic syndrome,0.04430379746835443,0.7509484893274221,0.2663717057640803
1,structure rf + pharma rf,Nervous system disorder,0.4409282700421941,0.6961452503261163,0.630305100288235
1,structure rf + pharma rf,Nervousness,0.3059071729957806,0.7493697588721437,0.5661418551168638
1,structure rf + pharma rf,Neuralgia,0.06821378340365682,0.7235268528783108,0.22820922220784015
1,structure rf + pharma rf,Neuritis,0.07172995780590717,0.7706411604974678,0.30398686383787255
1,structure rf + pharma rf,Neuroleptic malignant syndrome,0.04360056258790436,0.966247811978147,0.6908031898411544
1,structure rf + pharma rf,Neuropathy peripheral,0.2390998593530239,0.7236183938244454,0.4810800819603121
1,structure rf + pharma rf,Neutropenia,0.21940928270042195,0.8236303977962945,0.635506262614361
1,structure rf + pharma rf,Night sweats,0.05555555555555555,0.7468818523246512,0.2008311850200329
1,structure rf + pharma rf,Nightmare,0.10407876230661041,0.8154612814683346,0.44505669152705785
1,structure rf + pharma rf,Nocturia,0.09563994374120956,0.7485355244267365,0.32950956835266243
1,structure rf + pharma rf,Nuchal rigidity,0.04852320675105485,0.7008291229812393,0.22613026919850326
1,structure rf + pharma rf,Nystagmus,0.06821378340365682,0.808298255796893,0.44336511003154105
1,structure rf + pharma rf,Ocular hyperaemia,0.04008438818565401,0.7279907017716976,0.25158867950428687
1,structure rf + pharma rf,Oedema,0.4015471167369902,0.7020936629653282,0.6135364845341689
1,structure rf + pharma rf,Oedema peripheral,0.2876230661040788,0.723363591708554,0.5350938541211543
1,structure rf + pharma rf,Oesophagitis,0.12025316455696203,0.7719365051211247,0.36353782761975084
1,structure rf + pharma rf,Oliguria,0.09212376933895922,0.703927434133855,0.24969351770563616
1,structure rf + pharma rf,Opportunistic infection,0.0379746835443038,0.8855757075294367,0.4011632458149381
1,structure rf + pharma rf,Optic neuritis,0.06610407876230662,0.7503501464870677,0.30672287989226377
1,structure rf + pharma rf,Oral candidiasis,0.06751054852320675,0.7307872632483263,0.268216366888133
1,structure rf + pharma rf,Oropharyngeal discomfort,0.07454289732770746,0.6021987468436525,0.1999444401401054
1,structure rf + pharma rf,Oropharyngeal pain,0.10407876230661041,0.6395540168370708,0.23823237190236046
1,structure rf + pharma rf,Orthostatic hypotension,0.17862165963431786,0.8329754360472613,0.5675622202085591
1,structure rf + pharma rf,Osteoarthritis,0.15611814345991562,0.7315475908611135,0.3976324946891126
1,structure rf + pharma rf,Osteonecrosis,0.035161744022503515,0.7896483983062116,0.38191411778334305
1,structure rf + pharma rf,Osteoporosis,0.05977496483825598,0.8332371511610447,0.35480987302708045
1,structure rf + pharma rf,Otitis media,0.07243319268635724,0.6964102297254542,0.23163402943422845
1,structure rf + pharma rf,Pain,0.5203938115330521,0.6507382922428622,0.6807829563171789
1,structure rf + pharma rf,Pain in extremity,0.17932489451476794,0.6312942438603928,0.2948498304426964
1,structure rf + pharma rf,Pallor,0.09563994374120956,0.6639747470208344,0.2575425404762336
1,structure rf + pharma rf,Palpitations,0.3551336146272855,0.7434320686622037,0.6364999207265678
1,structure rf + pharma rf,Pancreatitis,0.22292545710267228,0.7879374785940114,0.5608895691947947
1,structure rf + pharma rf,Pancreatitis acute,0.04219409282700422,0.5341960322370435,0.08390958453338038
1,structure rf + pharma rf,Pancytopenia,0.2088607594936709,0.8077681764720996,0.5738547579775921
1,structure rf + pharma rf,Paraesthesia,0.45639943741209565,0.7009192763558233,0.6807152325510857
1,structure rf + pharma rf,Paraesthesia oral,0.04149085794655415,0.6890408591749775,0.1659667644580966
1,structure rf + pharma rf,Paralysis,0.06680731364275667,0.6886218318191875,0.2571546522954676
1,structure rf + pharma rf,Paranoia,0.06258790436005626,0.8289163758310847,0.40860992273617863
1,structure rf + pharma rf,Parkinsonism,0.03656821378340366,0.8939702150436855,0.6219504427018251
1,structure rf + pharma rf,Parosmia,0.06329113924050633,0.7042311983534466,0.21807202209937668
1,structure rf + pharma rf,Pelvic pain,0.057665260196905765,0.7539173327588593,0.23018256123357478
1,structure rf + pharma rf,Peptic ulcer,0.06821378340365682,0.8035329084072149,0.38841544716407206
1,structure rf + pharma rf,Pericardial effusion,0.035161744022503515,0.7850464873264775,0.2643409864335014
1,structure rf + pharma rf,Pericarditis,0.03867791842475387,0.7321103074508983,0.2724371003117133
1,structure rf + pharma rf,Periorbital oedema,0.035161744022503515,0.6612285686064974,0.15292022477295586
1,structure rf + pharma rf,Peripheral coldness,0.03938115330520394,0.7272547524118916,0.27797038797416185
1,structure rf + pharma rf,Peripheral vascular disorder,0.04289732770745429,0.7591624458447738,0.23559408264292067
1,structure rf + pharma rf,Personality disorder,0.03656821378340366,0.7721096645432014,0.2810562825305156
1,structure rf + pharma rf,Petechiae,0.0850914205344585,0.7146001402350303,0.29170094555637516
1,structure rf + pharma rf,Pharyngitis,0.270042194092827,0.7158822965842121,0.5113203480832207
1,structure rf + pharma rf,Phlebitis,0.1209563994374121,0.7122383307687489,0.34947967118446605
1,structure rf + pharma rf,Photophobia,0.11251758087201125,0.7273566808161045,0.36454233757734794
1,structure rf + pharma rf,Photosensitivity reaction,0.21308016877637131,0.7770709410151124,0.5362854784547728
1,structure rf + pharma rf,Platelet count decreased,0.057665260196905765,0.6390633612445848,0.16260343858867687
1,structure rf + pharma rf,Pleural effusion,0.08157524613220815,0.7095479746650577,0.2849810762822817
1,structure rf + pharma rf,Pneumonia,0.23628691983122363,0.7382396828034533,0.4990621809986619
1,structure rf + pharma rf,Pneumothorax,0.0450070323488045,0.7051439523019395,0.13317036220012773
1,structure rf + pharma rf,Pollakiuria,0.2109704641350211,0.7428462886386165,0.4829117926600176
1,structure rf + pharma rf,Polyp,0.05907172995780591,0.7451285350452936,0.2098278656014394
1,structure rf + pharma rf,Polyuria,0.13853727144866385,0.7249322722643321,0.3652558028308945
1,structure rf + pharma rf,Pregnancy,0.04992967651195499,0.6882609830637476,0.21851928735076126
1,structure rf + pharma rf,Priapism,0.04571026722925457,0.8284312350100796,0.470804646337629
1,structure rf + pharma rf,Proctalgia,0.04360056258790436,0.6502335733235645,0.11016879624334745
1,structure rf + pharma rf,Protein urine present,0.09634317862165963,0.7698199716569665,0.3161420639198539
1,structure rf + pharma rf,Proteinuria,0.09423347398030943,0.7760239908575677,0.3204639745798486
1,structure rf + pharma rf,Prothrombin level increased,0.03727144866385373,0.720680878318179,0.30082860993713156
1,structure rf + pharma rf,Prurigo,0.04219409282700422,0.7335041205130594,0.19890645332530751
1,structure rf + pharma rf,Pruritus,0.6638537271448663,0.6974016129711121,0.8083796185786631
1,structure rf + pharma rf,Pseudomembranous colitis,0.04571026722925457,0.9482424367668797,0.6781330759292126
1,structure rf + pharma rf,Psoriasis,0.056962025316455694,0.7114544129839848,0.21826978535159586
1,structure rf + pharma rf,Psychotic disorder,0.1568213783403657,0.7764936155987806,0.48224787589238033
1,structure rf + pharma rf,Pulmonary embolism,0.1209563994374121,0.7843610911807691,0.42580077413801465
1,structure rf + pharma rf,Pulmonary fibrosis,0.04289732770745429,0.7470985629443342,0.20357896988287685
1,structure rf + pharma rf,Pulmonary function test decreased,0.06540084388185655,0.8090041571554764,0.3709342337051412
1,structure rf + pharma rf,Pulmonary oedema,0.1258790436005626,0.6823479115246375,0.24814675737963907
1,structure rf + pharma rf,Purpura,0.15260196905766527,0.7451899300362588,0.43785452724167867
1,structure rf + pharma rf,Rash,0.760196905766526,0.7366257235798124,0.8886398796209951
1,structure rf + pharma rf,Rash erythematous,0.0759493670886076,0.6046490284902781,0.13912997775661304
1,structure rf + pharma rf,Rash generalised,0.03727144866385373,0.596452032164071,0.17923289219353936
1,structure rf + pharma rf,Rash macular,0.035864978902953586,0.6972855786995954,0.1294602979243289
1,structure rf + pharma rf,Rash maculo-papular,0.1209563994374121,0.664391205084935,0.23669594972093105
1,structure rf + pharma rf,Rash pustular,0.07524613220815753,0.6662255196353822,0.20042156356293783
1,structure rf + pharma rf,Rectal haemorrhage,0.0970464135021097,0.7018527944058838,0.26892994982882173
1,structure rf + pharma rf,Renal failure,0.23277074542897327,0.7646995164438032,0.532991617065474
1,structure rf + pharma rf,Renal failure acute,0.14838255977496484,0.7208177508156595,0.3784243638723476
1,structure rf + pharma rf,Renal impairment,0.14838255977496484,0.7394828556023489,0.3618277850913326
1,structure rf + pharma rf,Renal pain,0.047116736990154715,0.6765761815758868,0.19092492248136647
1,structure rf + pharma rf,Respiratory arrest,0.035864978902953586,0.7523462556171292,0.18443739393952946
1,structure rf + pharma rf,Respiratory depression,0.06469760900140648,0.8208323165329086,0.37577218310594007
1,structure rf + pharma rf,Respiratory distress,0.06258790436005626,0.7449575202853234,0.28753344502742584
1,structure rf + pharma rf,Respiratory failure,0.09915611814345991,0.6779732560797451,0.23893758022296332
1,structure rf + pharma rf,Respiratory tract infection,0.05555555555555555,0.7291717886427548,0.18287342767784737
1,structure rf + pharma rf,Rhabdomyolysis,0.09563994374120956,0.7903088404160562,0.350097163589802
1,structure rf + pharma rf,Rhinitis,0.26652601969057665,0.6885021796444484,0.4738352492389087
1,structure rf + pharma rf,Rhinorrhoea,0.0850914205344585,0.6888835461789056,0.17735413844572584
1,structure rf + pharma rf,Salivary hypersecretion,0.10618846694796062,0.7795919672398439,0.44710415448282886
1,structure rf + pharma rf,Scotoma,0.07032348804500703,0.7350992232532653,0.2767029826474644
1,structure rf + pharma rf,Seborrhoeic dermatitis,0.06469760900140648,0.7338071344295892,0.2661733449758167
1,structure rf + pharma rf,Sensory loss,0.0850914205344585,0.6604462841245983,0.250435225533829
1,structure rf + pharma rf,Sepsis,0.13431786216596342,0.7721179244250169,0.4546454636253515
1,structure rf + pharma rf,Serum sickness,0.040787623066104076,0.7357220674184276,0.3657075445373241
1,structure rf + pharma rf,Sexual dysfunction,0.051336146272855133,0.768215947755656,0.28672586399003686
1,structure rf + pharma rf,Shock,0.41561181434599154,0.7064730536264023,0.6434922441229334
1,structure rf + pharma rf,Sinus bradycardia,0.04289732770745429,0.6951799339948785,0.14316125170685945
1,structure rf + pharma rf,Sinus congestion,0.0450070323488045,0.694176191275057,0.11269926890576434
1,structure rf + pharma rf,Sinusitis,0.25035161744022505,0.7165867297258943,0.45441250741385064
1,structure rf + pharma rf,Skin discolouration,0.09634317862165963,0.6291038501576389,0.21584448725699418
1,structure rf + pharma rf,Skin disorder,0.44585091420534456,0.6812662629814793,0.6338764103548679
1,structure rf + pharma rf,Skin exfoliation,0.1111111111111111,0.6875477871896958,0.3132988769076698
1,structure rf + pharma rf,Skin hyperpigmentation,0.05485232067510549,0.7303461724140916,0.31644625747817146
1,structure rf + pharma rf,Skin irritation,0.03867791842475387,0.6492915794004646,0.08356643785761295
1,structure rf + pharma rf,Skin striae,0.03656821378340366,0.8769783233901937,0.6190649195726214
1,structure rf + pharma rf,Skin ulcer,0.07735583684950774,0.7506846619192628,0.21870225908804758
1,structure rf + pharma rf,Sleep disorder,0.13783403656821377,0.7547457732455536,0.35584313143930907
1,structure rf + pharma rf,Sneezing,0.06258790436005626,0.702743135244351,0.21516209306482675
1,structure rf + pharma rf,Somnolence,0.46835443037974683,0.7975664975474177,0.8074804807241349
1,structure rf + pharma rf,Speech disorder,0.0829817158931083,0.7280500635451175,0.26850802585351674
1,structure rf + pharma rf,Stevens-Johnson syndrome,0.22292545710267228,0.8183853095662649,0.5917356297473301
1,structure rf + pharma rf,Stomatitis,0.2320675105485232,0.7942446476084932,0.589080382320546
1,structure rf + pharma rf,Stupor,0.06891701828410689,0.7783817484273807,0.3044642713054678
1,structure rf + pharma rf,Sudden death,0.04289732770745429,0.8002453773775684,0.3581124878525389
1,structure rf + pharma rf,Suicidal ideation,0.0639943741209564,0.8230276424395248,0.3711082049243391
1,structure rf + pharma rf,Suicide attempt,0.04922644163150492,0.8581496423961618,0.410625413579472
1,structure rf + pharma rf,Supraventricular tachycardia,0.057665260196905765,0.7379330057921002,0.21997938118313484
1,structure rf + pharma rf,Swelling,0.14486638537271448,0.589958105304021,0.22818193319493463
1,structure rf + pharma rf,Swelling face,0.03656821378340366,0.5966545877153445,0.12244268377270669
1,structure rf + pharma rf,Syncope,0.35372714486638535,0.7210072361642975,0.6049174038545676
1,structure rf + pharma rf,Systemic lupus erythematosus,0.053445850914205346,0.719130747419332,0.2912560240105887
1,structure rf + pharma rf,Tachycardia,0.4191279887482419,0.7124104085309759,0.6656886454189624
1,structure rf + pharma rf,Tenderness,0.0850914205344585,0.6159426400222209,0.2222050338079257
1,structure rf + pharma rf,Tension,0.30239099859353025,0.7510998048409538,0.5713662190160487
1,structure rf + pharma rf,Thinking abnormal,0.08720112517580872,0.7788161320546918,0.3372764191562619
1,structure rf + pharma rf,Thirst,0.1490857946554149,0.6969545616417993,0.3387801407777181
1,structure rf + pharma rf,Throat irritation,0.04922644163150492,0.6604940695125874,0.2543287536319003
1,structure rf + pharma rf,Throat tightness,0.03727144866385373,0.7317170755109108,0.43144693846614457
1,structure rf + pharma rf,Thrombocytopenia,0.4212376933895921,0.8060300139493352,0.7660585608417323
1,structure rf + pharma rf,Thrombocytopenic purpura,0.03867791842475387,0.7254624901411008,0.20843619944522468
1,structure rf + pharma rf,Thrombocytosis,0.05977496483825598,0.7736614904363541,0.31332642812614253
1,structure rf + pharma rf,Thrombophlebitis,0.14556962025316456,0.725887684584178,0.37380187899927114
1,structure rf + pharma rf,Thrombosis,0.07946554149085795,0.7590466349932015,0.2795059085672308
1,structure rf + pharma rf,Tinnitus,0.27637130801687765,0.7309932399531471,0.5610754193334282
1,structure rf + pharma rf,Tongue discolouration,0.04149085794655415,0.8105707647133101,0.3545428344491533
1,structure rf + pharma rf,Tongue disorder,0.0710267229254571,0.6987294251766036,0.2572015741024945
1,structure rf + pharma rf,Tongue oedema,0.052742616033755275,0.7421935225837449,0.2754865803727024
1,structure rf + pharma rf,Tooth disorder,0.05907172995780591,0.673306470850993,0.15572573232499357
1,structure rf + pharma rf,Toothache,0.05977496483825598,0.6824224093042517,0.18195575494643296
1,structure rf + pharma rf,Torsade de pointes,0.0639943741209564,0.7916940123154834,0.3908224695417316
1,structure rf + pharma rf,Toxic epidermal necrolysis,0.180028129395218,0.8300639338357566,0.5590572439896533
1,structure rf + pharma rf,Transaminases increased,0.06891701828410689,0.6852960270127382,0.19834433493769532
1,structure rf + pharma rf,Transient ischaemic attack,0.04922644163150492,0.7620622660023625,0.23221761606186003
1,structure rf + pharma rf,Tremor,0.32770745428973275,0.7335006149613359,0.6229008370005766
1,structure rf + pharma rf,Tubulointerstitial nephritis,0.08016877637130802,0.8206482341634853,0.46994351697329567
1,structure rf + pharma rf,Ulcer,0.09282700421940929,0.7422888434990245,0.29354464189112833
1,structure rf + pharma rf,Upper respiratory tract infection,0.2320675105485232,0.6863255969224619,0.4292830481384119
1,structure rf + pharma rf,Urethral disorder,0.2714486638537271,0.7063357886670361,0.484831264744136
1,structure rf + pharma rf,Urinary incontinence,0.11251758087201125,0.7492631093404336,0.3885676476644107
1,structure rf + pharma rf,Urinary retention,0.16736990154711673,0.8039256555437857,0.5721591517188872
1,structure rf + pharma rf,Urinary tract disorder,0.26863572433192684,0.7066656108699455,0.48384965838432115
1,structure rf + pharma rf,Urinary tract infection,0.24824191279887484,0.7234200160876597,0.4600143023730383
1,structure rf + pharma rf,Urine abnormality,0.04571026722925457,0.5872141150423171,0.120138797207003
1,structure rf + pharma rf,Urine analysis abnormal,0.04992967651195499,0.5926634052158031,0.12371587866815989
1,structure rf + pharma rf,Urine output increased,0.12236286919831224,0.7481612042054169,0.3499515567832575
1,structure rf + pharma rf,Urticaria,0.5590717299578059,0.6909749766187888,0.7229941594756945
1,structure rf + pharma rf,VIIth nerve paralysis,0.03727144866385373,0.7022769043076819,0.12256435614351754
1,structure rf + pharma rf,Vaginal discharge,0.06047819971870605,0.8104891977353083,0.36531444071297947
1,structure rf + pharma rf,Vaginal haemorrhage,0.08227848101265822,0.7825660783622895,0.38776950931000204
1,structure rf + pharma rf,Vaginal infection,0.11673699015471167,0.7552186572112505,0.40054981223056113
1,structure rf + pharma rf,Vaginal inflammation,0.10829817158931083,0.7532931679584927,0.4016757174325326
1,structure rf + pharma rf,Vascular purpura,0.14135021097046413,0.7319882072014245,0.41156694948772865
1,structure rf + pharma rf,Vasculitis,0.10689170182841069,0.7830822588829657,0.384860637635415
1,structure rf + pharma rf,Vasodilation procedure,0.09353023909985936,0.6429490318701893,0.1967430157176353
1,structure rf + pharma rf,Ventricular arrhythmia,0.07032348804500703,0.7224929270893166,0.1823375130888109
1,structure rf + pharma rf,Ventricular extrasystoles,0.090014064697609,0.6931471307488166,0.2226383428226618
1,structure rf + pharma rf,Ventricular fibrillation,0.07243319268635724,0.7126681432035321,0.24866698167391843
1,structure rf + pharma rf,Ventricular tachycardia,0.1019690576652602,0.7401327731597371,0.29491602858572313
1,structure rf + pharma rf,Vertigo,0.3558368495077356,0.7195891866658608,0.6235800876985229
1,structure rf + pharma rf,Viral infection,0.09142053445850915,0.6677469966532523,0.24093635326357057
1,structure rf + pharma rf,Vision blurred,0.3227848101265823,0.722210916351982,0.5894588164783667
1,structure rf + pharma rf,Visual acuity reduced,0.052742616033755275,0.6528930471815635,0.16752569494868383
1,structure rf + pharma rf,Visual impairment,0.2714486638537271,0.695742471846151,0.4637926485260587
1,structure rf + pharma rf,Vomiting,0.759493670886076,0.7513688252070788,0.9009200832191177
1,structure rf + pharma rf,Vulvovaginal candidiasis,0.051336146272855133,0.8271109804504851,0.3896593917977029
1,structure rf + pharma rf,Vulvovaginal mycotic infection,0.05555555555555555,0.8141747008647414,0.37982463100824926
1,structure rf + pharma rf,Weight decreased,0.22433192686357242,0.7398026343953632,0.4776868706432726
1,structure rf + pharma rf,Weight increased,0.23136427566807313,0.7643037448712388,0.5541364530339812
1,structure rf + pharma rf,Wheezing,0.12165963431786217,0.5631729668906404,0.18420316734300674
1,structure rf + pharma rf,White blood cell count decreased,0.046413502109704644,0.7315122052132362,0.20897359708712476
2,prior,Abdominal discomfort,0.20253164556962025,0.5,0.2023637998254467
2,prior,Abdominal distension,0.20815752461322082,0.5,0.20810678787478043
2,prior,Abdominal pain,0.580168776371308,0.5,0.5799611322904978
2,prior,Abdominal pain upper,0.18846694796061886,0.5,0.1883506745103633
2,prior,Abnormal dreams,0.10548523206751055,0.5,0.10562199609505754
2,prior,Abscess,0.07805907172995781,0.5,0.07808461692868733
2,prior,Accommodation disorder,0.04922644163150492,0.5,0.049253393151859025
2,prior,Acidosis,0.0450070323488045,0.5,0.04503613670016479
2,prior,Acne,0.09282700421940929,0.5,0.0927773388360363
2,prior,Acute coronary syndrome,0.2348804500703235,0.5,0.2349430612200007
2,prior,Affect lability,0.1617440225035162,0.5,0.16187234764988068
2,prior,Ageusia,0.07946554149085795,0.5,0.07951478277062544
2,prior,Aggression,0.0850914205344585,0.5,0.08508974713981861
2,prior,Agitation,0.3340365682137834,0.5,0.33402770115649594
2,prior,Agranulocytosis,0.23347398030942335,0.5,0.23338730741905106
2,prior,Akathisia,0.04852320675105485,0.5,0.0484825507979797
2,prior,Alanine aminotransferase increased,0.19268635724331926,0.5,0.19255258800644995
2,prior,Albuminuria,0.0710267229254571,0.5,0.07108346554538506
2,prior,Alopecia,0.3108298171589311,0.5,0.31078024777087476
2,prior,Altered state of consciousness,0.040787623066104076,0.5,0.04073077868779777
2,prior,Amblyopia,0.07383966244725738,0.5,0.0738608070560378
2,prior,Amenorrhoea,0.08720112517580872,0.5,0.08721321832676358
2,prior,Amnesia,0.14486638537271448,0.5,0.14478688412448074
2,prior,Amylase increased,0.04430379746835443,0.5,0.0442542390817494
2,prior,Anaemia,0.36146272855133615,0.5,0.36117188086665747
2,prior,Anaphylactic shock,0.4388185654008439,0.5,0.4386655881872211
2,prior,Anaphylactoid reaction,0.17651195499296765,0.5,0.1763829822796853
2,prior,Angina pectoris,0.2039381153305204,0.5,0.20406714427492162
2,prior,Angioedema,0.37060478199718705,0.5,0.37063964091229673
2,prior,Angiopathy,0.319971870604782,0.5,0.319853786388137
2,prior,Anorectal discomfort,0.051336146272855133,0.5,0.05132164163058146
2,prior,Anorectal disorder,0.04289732770745429,0.5,0.04287585931014771
2,prior,Anxiety,0.38466947960618847,0.5,0.3846950983834519
2,prior,Apathy,0.06188466947960619,0.5,0.06192096332269024
2,prior,Aphasia,0.06047819971870605,0.5,0.06055159822982452
2,prior,Aphthous stomatitis,0.03938115330520394,0.5,0.03931936838001819
2,prior,Aplastic anaemia,0.11392405063291139,0.5,0.11394805543848749
2,prior,Apnoea,0.08368495077355836,0.5,0.08369379648152887
2,prior,Application site pain,0.04289732770745429,0.5,0.04286108535171178
2,prior,Application site reaction,0.03727144866385373,0.5,0.03730136373160563
2,prior,Arrhythmia,0.28621659634317864,0.5,0.286422692627712
2,prior,Arrhythmia supraventricular,0.035161744022503515,0.5,0.035121441955441354
2,prior,Arthralgia,0.4120956399437412,0.5,0.4118414517995931
2,prior,Arthritis,0.1568213783403657,0.5,0.15680443028989652
2,prior,Arthropathy,0.0949367088607595,0.5,0.09497866413877713
2,prior,Aspartate aminotransferase increased,0.1940928270042194,0.5,0.19402584784269913
2,prior,Asthenia,0.6371308016877637,0.5,0.6369563151267351
2,prior,Asthma,0.19057665260196907,0.5,0.19055315154691554
2,prior,Ataxia,0.1680731364275668,0.5,0.16805904241713437
2,prior,Atrial fibrillation,0.1469760900140647,0.5,0.14708427139144592
2,prior,Atrioventricular block,0.09423347398030943,0.5,0.09441136681411941
2,prior,Azotaemia,0.0450070323488045,0.5,0.044958410208761374
2,prior,Back pain,0.3509142053445851,0.5,0.35077709601017315
2,prior,Bacterial infection,0.03867791842475387,0.5,0.038655274670768736
2,prior,Balance disorder,0.04781997187060478,0.5,0.0477911343550452
2,prior,Bladder pain,0.11744022503516174,0.5,0.11739313870089148
2,prior,Blepharitis,0.05555555555555555,0.5,0.05564192803300568
2,prior,Blindness,0.052742616033755275,0.5,0.05274067331290454
2,prior,Blister,0.0710267229254571,0.5,0.07113339501666513
2,prior,Blood alkaline phosphatase increased,0.13431786216596342,0.5,0.13432732304963174
2,prior,Blood bilirubin increased,0.0970464135021097,0.5,0.09693689001028569
2,prior,Blood creatine phosphokinase increased,0.06821378340365682,0.5,0.06819942137152228
2,prior,Blood creatinine increased,0.1751054852320675,0.5,0.17506768816123075
2,prior,Blood disorder,0.08720112517580872,0.5,0.08716224007608633
2,prior,Blood glucose increased,0.046413502109704644,0.5,0.04633964388160951
2,prior,Blood lactate dehydrogenase increased,0.058368495077355836,0.5,0.05841138803518585
2,prior,Blood pressure increased,0.10337552742616034,0.5,0.10337328086325323
2,prior,Blood triglycerides increased,0.06751054852320675,0.5,0.06743308635701095
2,prior,Blood urea increased,0.1160337552742616,0.5,0.11603388579547243
2,prior,Blood uric acid increased,0.10618846694796062,0.5,0.10610287210439291
2,prior,Body temperature decreased,0.046413502109704644,0.5,0.04636500156603678
2,prior,Body temperature increased,0.5414908579465542,0.5,0.5412671433403935
2,prior,Bone disorder,0.08931082981715893,0.5,0.08920570536334035
2,prior,Bone pain,0.1090014064697609,0.5,0.10895684259773838
2,prior,Bradycardia,0.2559774964838256,0.5,0.25620413412143395
2,prior,Breast cancer,0.035864978902953586,0.5,0.03585781173963684
2,prior,Breast disorder,0.180028129395218,0.5,0.17991089578790423
2,prior,Breast enlargement,0.06258790436005626,0.5,0.06256742367647011
2,prior,Breast pain,0.09142053445850915,0.5,0.09130376464075735
2,prior,Bronchitis,0.21167369901547117,0.5,0.2115071237047518
2,prior,Bronchospasm,0.20182841068917018,0.5,0.20197007955180113
2,prior,Bundle branch block,0.04571026722925457,0.5,0.045766741708873106
2,prior,Burning sensation,0.07172995780590717,0.5,0.07178986185558385
2,prior,Bursitis,0.04360056258790436,0.5,0.043639237468998435
2,prior,Candida infection,0.11954992967651196,0.5,0.11949669987197294
2,prior,Cardiac arrest,0.16736990154711673,0.5,0.16754322229957047
2,prior,Cardiac disorder,0.29254571026722925,0.5,0.2924669032487456
2,prior,Cardiac failure,0.15330520393811534,0.5,0.15337315598675444
2,prior,Cardiac failure congestive,0.1441631504922644,0.5,0.14430215965960247
2,prior,Cardiomyopathy,0.04360056258790436,0.5,0.043641882713522866
2,prior,Cardiovascular disorder,0.0850914205344585,0.5,0.08510410653270416
2,prior,Cataract,0.10126582278481013,0.5,0.10133267222513927
2,prior,Cellulitis,0.09282700421940929,0.5,0.09276136166658189
2,prior,Cerebral haemorrhage,0.04922644163150492,0.5,0.04921653547157985
2,prior,Cerebral ischaemia,0.04219409282700422,0.5,0.04220600357330469
2,prior,Cerebrovascular accident,0.15822784810126583,0.5,0.15823030019708223
2,prior,Cerebrovascular disorder,0.035161744022503515,0.5,0.03520590096939959
2,prior,Chest discomfort,0.09634317862165963,0.5,0.09631541600890896
2,prior,Chest pain,0.38748241912798875,0.5,0.38761924739294906
2,prior,Chills,0.3108298171589311,0.5,0.3107554158500929
2,prior,Cholecystitis,0.052742616033755275,0.5,0.052814548600871425
2,prior,Cholelithiasis,0.06118143459915612,0.5,0.06118878651883294
2,prior,Cholestasis,0.07243319268635724,0.5,0.07236690553145135
2,prior,Coagulopathy,0.07524613220815753,0.5,0.07515530505453377
2,prior,Cognitive disorder,0.04219409282700422,0.5,0.0422017076385523
2,prior,Cold sweat,0.03867791842475387,0.5,0.03863044000209324
2,prior,Colitis,0.10478199718706048,0.5,0.10476135276096402
2,prior,Coma,0.1209563994374121,0.5,0.12104917696244495
2,prior,Completed suicide,0.04781997187060478,0.5,0.04781809125249334
2,prior,Confusional state,0.38255977496483823,0.5,0.38260191228163987
2,prior,Conjunctival hyperaemia,0.0379746835443038,0.5,0.038042815348128
2,prior,Conjunctivitis,0.23136427566807313,0.5,0.23148446418317356
2,prior,Connective tissue disorder,0.2848101265822785,0.5,0.284643120693334
2,prior,Constipation,0.4929676511954993,0.5,0.4928619504496868
2,prior,Contusion,0.09774964838255977,0.5,0.0976843610404371
2,prior,Convulsion,0.36357243319268634,0.5,0.36367028943628193
2,prior,Coordination abnormal,0.09915611814345991,0.5,0.09920713303452233
2,prior,Cough,0.4008438818565401,0.5,0.40082621491390047
2,prior,Cyanosis,0.06962025316455696,0.5,0.06964800646650446
2,prior,Cyst,0.06540084388185655,0.5,0.0653649408327027
2,prior,Cystitis,0.10759493670886076,0.5,0.10757550322258247
2,prior,Cystitis noninfective,0.10618846694796062,0.5,0.10617441375897155
2,prior,Deafness,0.1371308016877637,0.5,0.13717688915802342
2,prior,Decreased appetite,0.4838255977496484,0.5,0.4837705183430258
2,prior,Deep vein thrombosis,0.06680731364275667,0.5,0.06678531159411756
2,prior,Dehydration,0.17158931082981715,0.5,0.17146993791376186
2,prior,Delirium,0.07876230661040788,0.5,0.07883285254497163
2,prior,Delusion,0.06821378340365682,0.5,0.06829435566127046
2,prior,Dementia,0.03727144866385373,0.5,0.03726424591739736
2,prior,Depersonalisation,0.06188466947960619,0.5,0.06191567283364137
2,prior,Depressed level of consciousness,0.10126582278481013,0.5,0.10120326261781362
2,prior,Depressed mood,0.035864978902953586,0.5,0.035872534220865684
2,prior,Depression,0.22644163150492264,0.5,0.2264794423831626
2,prior,Dermatitis,0.7658227848101266,0.5,0.76579941236869
2,prior,Dermatitis atopic,0.07454289732770746,0.5,0.07456820341632034
2,prior,Dermatitis bullous,0.14767932489451477,0.5,0.14777938185830206
2,prior,Dermatitis contact,0.11181434599156118,0.5,0.11194697928029958
2,prior,Dermatitis exfoliative,0.14556962025316456,0.5,0.1455860224549
2,prior,Diabetes mellitus,0.1441631504922644,0.5,0.14415341452937222
2,prior,Diarrhoea,0.6849507735583685,0.5,0.6847364484423449
2,prior,Diplopia,0.1518987341772152,0.5,0.15188823622724484
2,prior,Discomfort,0.3924050632911392,0.5,0.3923063541445651
2,prior,Disorientation,0.12376933895921238,0.5,0.12381237323272136
2,prior,Disturbance in attention,0.09071729957805907,0.5,0.09065423623322182
2,prior,Disturbance in sexual arousal,0.16455696202531644,0.5,0.1645573513859962
2,prior,Dizziness,0.7250351617440225,0.5,0.725036389042289
2,prior,Drug eruption,0.05414908579465542,0.5,0.054076587808254785
2,prior,Drug interaction,0.09353023909985936,0.5,0.09357285867907623
2,prior,Drug withdrawal syndrome,0.04008438818565401,0.5,0.04003666552313176
2,prior,Dry eye,0.11462728551336146,0.5,0.11475521053480957
2,prior,Dry mouth,0.38959212376933894,0.5,0.38952211743605536
2,prior,Dry skin,0.18635724331926865,0.5,0.186289632840634
2,prior,Duodenal ulcer,0.03938115330520394,0.5,0.039414459849281255
2,prior,Dysarthria,0.09212376933895922,0.5,0.09210022756088666
2,prior,Dysgeusia,0.32208157524613223,0.5,0.32215083187820054
2,prior,Dyskinesia,0.09142053445850915,0.5,0.09148994194422566
2,prior,Dysmenorrhoea,0.09845288326300984,0.5,0.09840092376318324
2,prior,Dyspepsia,0.4908579465541491,0.5,0.49083590161749946
2,prior,Dysphagia,0.18565400843881857,0.5,0.1856941781554033
2,prior,Dysphonia,0.08649789029535865,0.5,0.08653262168441431
2,prior,Dyspnoea,0.4908579465541491,0.5,0.49086914630618655
2,prior,Dysuria,0.21026722925457103,0.5,0.21016296186469208
2,prior,Ear disorder,0.047116736990154715,0.5,0.04714569322554007
2,prior,Ear infection,0.03727144866385373,0.5,0.03720928334310388
2,prior,Ear pain,0.12658227848101267,0.5,0.12661382048746947
2,prior,Ecchymosis,0.1279887482419128,0.5,0.12806235410524455
2,prior,Eczema,0.13924050632911392,0.5,0.13930253130305453
2,prior,Electrocardiogram QT prolonged,0.05977496483825598,0.5,0.05973294588554414
2,prior,Electrocardiogram abnormal,0.05977496483825598,0.5,0.05981735067440167
2,prior,Electrolyte imbalance,0.03656821378340366,0.5,0.03652994688476741
2,prior,Embolism,0.06751054852320675,0.5,0.06759453194621796
2,prior,Embolism venous,0.051336146272855133,0.5,0.051294736210340405
2,prior,Encephalopathy,0.056962025316455694,0.5,0.05694108780249092
2,prior,Endocrine disorder,0.09071729957805907,0.5,0.09064396961415389
2,prior,Endophthalmitis,0.04149085794655415,0.5,0.04147959154493456
2,prior,Eosinophilia,0.2039381153305204,0.5,0.20381531771675426
2,prior,Epigastric discomfort,0.04289732770745429,0.5,0.042843351789721616
2,prior,Epilepsy,0.03727144866385373,0.5,0.03726895916559373
2,prior,Epistaxis,0.2468354430379747,0.5,0.24671758349072648
2,prior,Erectile dysfunction,0.2109704641350211,0.5,0.2110034837783065
2,prior,Eructation,0.1090014064697609,0.5,0.10902382543574193
2,prior,Erythema,0.339662447257384,0.5,0.33970022374852016
2,prior,Erythema multiforme,0.27355836849507736,0.5,0.27339306188688395
2,prior,Erythema nodosum,0.03867791842475387,0.5,0.038652523723936495
2,prior,Euphoric mood,0.11954992967651196,0.5,0.11973380120101781
2,prior,Extrapyramidal disorder,0.07172995780590717,0.5,0.07173532209052161
2,prior,Extrasystoles,0.07735583684950774,0.5,0.07739563707355529
2,prior,Extravasation,0.07524613220815753,0.5,0.07531929568174464
2,prior,Eye disorder,0.28621659634317864,0.5,0.2861681151227124
2,prior,Eye haemorrhage,0.04289732770745429,0.5,0.04287533629439592
2,prior,Eye irritation,0.090014064697609,0.5,0.09007646088488054
2,prior,Eye pain,0.14064697609001406,0.5,0.14068423651444734
2,prior,Eye pruritus,0.0379746835443038,0.5,0.037978320575133985
2,prior,Eyelid oedema,0.04289732770745429,0.5,0.04286040515644509
2,prior,Face oedema,0.17088607594936708,0.5,0.17087785739763572
2,prior,Faecal incontinence,0.04781997187060478,0.5,0.04789222667438931
2,prior,Fatigue,0.510548523206751,0.5,0.5103620902960994
2,prior,Febrile neutropenia,0.05977496483825598,0.5,0.0597801786350927
2,prior,Feeling abnormal,0.5133614627285513,0.5,0.5132819187008659
2,prior,Feeling hot,0.08227848101265822,0.5,0.08225045039838845
2,prior,Flank pain,0.035161744022503515,0.5,0.03517386223962458
2,prior,Flat affect,0.06258790436005626,0.5,0.06263270709493222
2,prior,Flatulence,0.3143459915611814,0.5,0.31408501784514475
2,prior,Fluid overload,0.0379746835443038,0.5,0.03800485741124453
2,prior,Fluid retention,0.1160337552742616,0.5,0.11593140291982944
2,prior,Flushing,0.30028129395218,0.5,0.3003283321299045
2,prior,Foetor hepaticus,0.05063291139240506,0.5,0.05066972811245059
2,prior,Folliculitis,0.0639943741209564,0.5,0.06406397319347462
2,prior,Fracture,0.05485232067510549,0.5,0.05480648245593093
2,prior,Fungal infection,0.07946554149085795,0.5,0.07941295877880755
2,prior,Fungal skin infection,0.03656821378340366,0.5,0.03659915765385141
2,prior,Furuncle,0.04289732770745429,0.5,0.042922726223459357
2,prior,Gait disturbance,0.10056258790436005,0.5,0.10055580496184366
2,prior,Galactorrhoea,0.05977496483825598,0.5,0.05973289166044343
2,prior,Gamma-glutamyltransferase increased,0.0829817158931083,0.5,0.08288722137395291
2,prior,Gastric ulcer,0.05063291139240506,0.5,0.05066236687183617
2,prior,Gastritis,0.18424753867791843,0.5,0.1840795371774319
2,prior,Gastroenteritis,0.13853727144866385,0.5,0.13850378897463766
2,prior,Gastrointestinal disorder,0.5210970464135021,0.5,0.5210496384253798
2,prior,Gastrointestinal haemorrhage,0.15330520393811534,0.5,0.15332016120961234
2,prior,Gastrointestinal pain,0.5478199718706048,0.5,0.547612004238483
2,prior,Gastrooesophageal reflux disease,0.09915611814345991,0.5,0.09910193212570621
2,prior,Generalised oedema,0.053445850914205346,0.5,0.05342224045021508
2,prior,Gingival bleeding,0.05414908579465542,0.5,0.054151089066387645
2,prior,Gingivitis,0.07383966244725738,0.5,0.07385572797160456
2,prior,Glaucoma,0.07805907172995781,0.5,0.07819380216111965
2,prior,Glossitis,0.09774964838255977,0.5,0.0977408686026507
2,prior,Glycosuria,0.08579465541490858,0.5,0.0857563831391783
2,prior,Gout,0.09774964838255977,0.5,0.09776321520631666
2,prior,Grand mal convulsion,0.0379746835443038,0.5,0.037997967709174796
2,prior,Gynaecomastia,0.12517580872011252,0.5,0.12507045828225402
2,prior,Haematemesis,0.07032348804500703,0.5,0.07039878162500537
2,prior,Haematochezia,0.035864978902953586,0.5,0.035854903613289704
2,prior,Haematocrit decreased,0.0379746835443038,0.5,0.03798997775050079
2,prior,Haematoma,0.07172995780590717,0.5,0.07167575471823319
2,prior,Haematuria,0.2369901547116737,0.5,0.2368826345117649
2,prior,Haemoglobin,0.2679324894514768,0.5,0.26786821097571456
2,prior,Haemoglobin decreased,0.07383966244725738,0.5,0.07374897657908107
2,prior,Haemolytic anaemia,0.14064697609001406,0.5,0.14060831789278677
2,prior,Haemoptysis,0.08157524613220815,0.5,0.08151541969328473
2,prior,Haemorrhage,0.26933895921237694,0.5,0.26928418010006927
2,prior,Haemorrhage intracranial,0.04008438818565401,0.5,0.040026344678963106
2,prior,Haemorrhoids,0.05907172995780591,0.5,0.05910317031435723
2,prior,Hallucination,0.24261603375527427,0.5,0.24276105707784051
2,prior,Headache,0.7805907172995781,0.5,0.7805416979110822
2,prior,Hearing impaired,0.10056258790436005,0.5,0.10049109878423404
2,prior,Hepatic enzyme increased,0.09634317862165963,0.5,0.09635476175419769
2,prior,Hepatic failure,0.1441631504922644,0.5,0.14412700806554773
2,prior,Hepatic function abnormal,0.12939521800281295,0.5,0.12930348599457428
2,prior,Hepatic necrosis,0.052742616033755275,0.5,0.05270017308591083
2,prior,Hepatitis,0.2552742616033755,0.5,0.25528092876058806
2,prior,Hepatobiliary disease,0.24120956399437413,0.5,0.2409827130244592
2,prior,Hepatocellular injury,0.10478199718706048,0.5,0.10482092288114604
2,prior,Hepatomegaly,0.06891701828410689,0.5,0.06885180368030423
2,prior,Hepatotoxicity,0.07946554149085795,0.5,0.07941746611817553
2,prior,Hernia,0.03727144866385373,0.5,0.03732355315575669
2,prior,Herpes simplex,0.09353023909985936,0.5,0.09353076198695527
2,prior,Herpes zoster,0.08157524613220815,0.5,0.08155539415663304
2,prior,Hiccups,0.10267229254571027,0.5,0.10273111644422576
2,prior,Hirsutism,0.06118143459915612,0.5,0.06114296563702487
2,prior,Hostility,0.047116736990154715,0.5,0.04713896070298525
2,prior,Hot flush,0.15611814345991562,0.5,0.15608262580741494
2,prior,Hyperaesthesia,0.07524613220815753,0.5,0.07534381599139035
2,prior,Hyperbilirubinaemia,0.0970464135021097,0.5,0.09698723679500974
2,prior,Hypercalcaemia,0.0710267229254571,0.5,0.07098216182142533
2,prior,Hypercholesterolaemia,0.09915611814345991,0.5,0.09910997356158732
2,prior,Hyperglycaemia,0.23417721518987342,0.5,0.23403104638112113
2,prior,Hyperhidrosis,0.42334739803094235,0.5,0.42335695114515415
2,prior,Hyperkalaemia,0.11040787623066103,0.5,0.11032282802571229
2,prior,Hyperkinesia,0.11954992967651196,0.5,0.11945460043195837
2,prior,Hyperlipidaemia,0.0639943741209564,0.5,0.06399599580117458
2,prior,Hypernatraemia,0.052742616033755275,0.5,0.05276063480597516
2,prior,Hyperreflexia,0.040787623066104076,0.5,0.040785058318930936
2,prior,Hypersensitivity,0.6315049226441631,0.5,0.6313571962841331
2,prior,Hypertension,0.39732770745428975,0.5,0.3975884030076558
2,prior,Hyperthyroidism,0.035864978902953586,0.5,0.03588020982050989
2,prior,Hypertonia,0.12376933895921238,0.5,0.12376949339091954
2,prior,Hypertrichosis,0.03656821378340366,0.5,0.03667963234419345
2,prior,Hypertriglyceridaemia,0.05625879043600562,0.5,0.05617724085298912
2,prior,Hyperuricaemia,0.09774964838255977,0.5,0.09766170282563495
2,prior,Hyperventilation,0.06469760900140648,0.5,0.06469592247064125
2,prior,Hypoaesthesia,0.2559774964838256,0.5,0.2559326089520187
2,prior,Hypocalcaemia,0.0949367088607595,0.5,0.0948223518591041
2,prior,Hypoglycaemia,0.1568213783403657,0.5,0.15685907300937293
2,prior,Hypokalaemia,0.18143459915611815,0.5,0.18137695431094747
2,prior,Hypokinesia,0.05907172995780591,0.5,0.05903448530891864
2,prior,Hypomagnesaemia,0.06047819971870605,0.5,0.06042499104653822
2,prior,Hyponatraemia,0.1540084388185654,0.5,0.15395672078056113
2,prior,Hypophosphataemia,0.056962025316455694,0.5,0.056911119824281466
2,prior,Hyporeflexia,0.0379746835443038,0.5,0.03795571383753894
2,prior,Hypotension,0.4676511954992968,0.5,0.4676931556800651
2,prior,Hypothermia,0.046413502109704644,0.5,0.04636500156603678
2,prior,Hypothyroidism,0.06329113924050633,0.5,0.06327408836427885
2,prior,Hypotonia,0.04571026722925457,0.5,0.04573040704434571
2,prior,Hypoxia,0.06047819971870605,0.5,0.06045034873096551
2,prior,Ileus,0.07032348804500703,0.5,0.07036140092897442
2,prior,Ileus paralytic,0.035161744022503515,0.5,0.03509624145052897
2,prior,Ill-defined disorder,0.34247538677918427,0.5,0.3423505435103363
2,prior,Immune system disorder,0.3150492264416315,0.5,0.31494280453009826
2,prior,Impaired healing,0.04430379746835443,0.5,0.04438220665556908
2,prior,Inappropriate antidiuretic hormone secretion,0.04922644163150492,0.5,0.04925582699176785
2,prior,Increased appetite,0.1568213783403657,0.5,0.15674600915563225
2,prior,Induration,0.04149085794655415,0.5,0.041425103257079404
2,prior,Infection,0.4212376933895921,0.5,0.4212219799623574
2,prior,Infestation,0.24753867791842477,0.5,0.2474430551899008
2,prior,Inflammation,0.10829817158931083,0.5,0.10822793975646514
2,prior,Influenza,0.1990154711673699,0.5,0.19885791856186397
2,prior,Influenza like illness,0.1160337552742616,0.5,0.11596292138174628
2,prior,Injection site pain,0.10267229254571027,0.5,0.10259154317224639
2,prior,Injection site reaction,0.13853727144866385,0.5,0.13838703384486895
2,prior,Injury,0.14556962025316456,0.5,0.145621961117425
2,prior,Insomnia,0.4739803094233474,0.5,0.4739318451743772
2,prior,Interstitial lung disease,0.06891701828410689,0.5,0.0689630596643021
2,prior,Intestinal obstruction,0.06469760900140648,0.5,0.06472033982587277
2,prior,Intracranial pressure increased,0.03938115330520394,0.5,0.03936738702714123
2,prior,Intraocular pressure increased,0.04430379746835443,0.5,0.04436219093739775
2,prior,Irritability,0.1617440225035162,0.5,0.16168477979011348
2,prior,Jaundice,0.23136427566807313,0.5,0.2311410802522563
2,prior,Jaundice cholestatic,0.0949367088607595,0.5,0.09482446859208951
2,prior,Joint swelling,0.0450070323488045,0.5,0.04491657639846312
2,prior,Keratitis,0.06047819971870605,0.5,0.060556783016565585
2,prior,Lacrimal disorder,0.0379746835443038,0.5,0.03800071865600704
2,prior,Lacrimation increased,0.1019690576652602,0.5,0.10199396351034937
2,prior,Laryngeal oedema,0.0639943741209564,0.5,0.06398370990774818
2,prior,Laryngeal pain,0.07313642756680731,0.5,0.07309187827420913
2,prior,Laryngitis,0.06821378340365682,0.5,0.06824903648377256
2,prior,Laryngospasm,0.07243319268635724,0.5,0.07251748259075967
2,prior,Lethargy,0.15611814345991562,0.5,0.15600689117249814
2,prior,Leukocytoclastic vasculitis,0.03938115330520394,0.5,0.03933657892625657
2,prior,Leukocytosis,0.10548523206751055,0.5,0.1055257769513183
2,prior,Leukoderma,0.04430379746835443,0.5,0.044496370765914076
2,prior,Leukopenia,0.35864978902953587,0.5,0.35855000876510895
2,prior,Libido decreased,0.14767932489451477,0.5,0.14767241906116296
2,prior,Libido increased,0.057665260196905765,0.5,0.0576653776020884
2,prior,Liver disorder,0.06610407876230662,0.5,0.06615357097367289
2,prior,Liver function test abnormal,0.17440225035161744,0.5,0.17432490021351024
2,prior,Liver injury,0.08649789029535865,0.5,0.08648528598045158
2,prior,Local reaction,0.053445850914205346,0.5,0.053380300937609024
2,prior,Loss of consciousness,0.37060478199718705,0.5,0.3706412154553393
2,prior,Loss of libido,0.03867791842475387,0.5,0.038694726118365254
2,prior,Lung disorder,0.05414908579465542,0.5,0.054183862216530064
2,prior,Lung infiltration,0.04289732770745429,0.5,0.04287813871843525
2,prior,Lymphadenopathy,0.13291139240506328,0.5,0.13287205690930182
2,prior,Lymphopenia,0.05063291139240506,0.5,0.05059506967480283
2,prior,Malaise,0.35372714486638535,0.5,0.35359648548363337
2,prior,Malnutrition,0.33122362869198313,0.5,0.3310698605897453
2,prior,Mania,0.06751054852320675,0.5,0.06762216903893278
2,prior,Mediastinal disorder,0.31856540084388185,0.5,0.3184973331588637
2,prior,Melaena,0.10970464135021098,0.5,0.10972799931064754
2,prior,Memory impairment,0.07735583684950774,0.5,0.07729577538310153
2,prior,Meningitis,0.03867791842475387,0.5,0.03869260663748623
2,prior,Menopausal symptoms,0.1589310829817159,0.5,0.1588896779102417
2,prior,Menorrhagia,0.07524613220815753,0.5,0.0752199597549363
2,prior,Menstrual disorder,0.06469760900140648,0.5,0.06466516859485731
2,prior,Menstruation irregular,0.05555555555555555,0.5,0.05553580535854179
2,prior,Mental disability,0.12306610407876231,0.5,0.12305049133247732
2,prior,Mental disorder,0.3227848101265823,0.5,0.32262968586528384
2,prior,Metrorrhagia,0.07172995780590717,0.5,0.07166668856229011
2,prior,Micturition urgency,0.05414908579465542,0.5,0.054204032366322666
2,prior,Migraine,0.16455696202531644,0.5,0.16449471595995213
2,prior,Mood swings,0.17088607594936708,0.5,0.17094593774435
2,prior,Mouth ulceration,0.1209563994374121,0.5,0.12087253460557076
2,prior,Mucosal inflammation,0.05625879043600562,0.5,0.05624105543071645
2,prior,Multiple fractures,0.05485232067510549,0.5,0.05480648245593093
2,prior,Muscle contractions involuntary,0.03867791842475387,0.5,0.038729621497280306
2,prior,Muscle relaxant therapy,0.04289732770745429,0.5,0.04291583652138964
2,prior,Muscle rigidity,0.04360056258790436,0.5,0.04356531070382445
2,prior,Muscle spasms,0.340365682137834,0.5,0.3401812054601633
2,prior,Muscle twitching,0.10267229254571027,0.5,0.10269145633990724
2,prior,Muscular weakness,0.19760900140646975,0.5,0.1974741453467992
2,prior,Musculoskeletal discomfort,0.4859353023909986,0.5,0.4856532724614403
2,prior,Musculoskeletal pain,0.11673699015471167,0.5,0.11666164209230087
2,prior,Musculoskeletal stiffness,0.09774964838255977,0.5,0.09773858919436315
2,prior,Myalgia,0.39943741209563993,0.5,0.3991752934965024
2,prior,Mydriasis,0.07665260196905767,0.5,0.07681448206032218
2,prior,Myocardial infarction,0.2348804500703235,0.5,0.23495073681964493
2,prior,Myocardial ischaemia,0.08227848101265822,0.5,0.08231971264467955
2,prior,Myoclonus,0.05485232067510549,0.5,0.0548606076554428
2,prior,Myopathy,0.07665260196905767,0.5,0.07673054606211574
2,prior,Myositis,0.0450070323488045,0.5,0.04490169398982576
2,prior,Nail disorder,0.06047819971870605,0.5,0.06046963002876944
2,prior,Nasal congestion,0.1441631504922644,0.5,0.14414351374654116
2,prior,Nasopharyngitis,0.20042194092827004,0.5,0.20028803292659497
2,prior,Nausea,0.8438818565400844,0.5,0.8437718302362901
2,prior,Neck pain,0.10548523206751055,0.5,0.10548310301834485
2,prior,Necrosis,0.06962025316455696,0.5,0.06967739720386143
2,prior,Neoplasm,0.12447257383966245,0.5,0.12439117330112463
2,prior,Neoplasm malignant,0.09423347398030943,0.5,0.09413290046542735
2,prior,Nephrolithiasis,0.0808720112517581,0.5,0.08089062025211688
2,prior,Nephropathy,0.04289732770745429,0.5,0.04287570213063281
2,prior,Nephropathy toxic,0.053445850914205346,0.5,0.053384648349568506
2,prior,Nephrotic syndrome,0.04430379746835443,0.5,0.04431147556854319
2,prior,Nervous system disorder,0.4409282700421941,0.5,0.44081559346238297
2,prior,Nervousness,0.3059071729957806,0.5,0.3059105520374043
2,prior,Neuralgia,0.06821378340365682,0.5,0.06822166227288044
2,prior,Neuritis,0.07172995780590717,0.5,0.0716915747081727
2,prior,Neuroleptic malignant syndrome,0.04360056258790436,0.5,0.04362949111778867
2,prior,Neuropathy peripheral,0.2390998593530239,0.5,0.23906038258194942
2,prior,Neutropenia,0.21940928270042195,0.5,0.21927204924890717
2,prior,Night sweats,0.05555555555555555,0.5,0.055442993297566266
2,prior,Nightmare,0.10407876230661041,0.5,0.10405791330642582
2,prior,Nocturia,0.09563994374120956,0.5,0.09567055212025632
2,prior,Nuchal rigidity,0.04852320675105485,0.5,0.04857146017831159
2,prior,Nystagmus,0.06821378340365682,0.5,0.0682764134425583
2,prior,Ocular hyperaemia,0.04008438818565401,0.5,0.040036299686894865
2,prior,Oedema,0.4015471167369902,0.5,0.401514329976379
2,prior,Oedema peripheral,0.2876230661040788,0.5,0.2874627703007233
2,prior,Oesophagitis,0.12025316455696203,0.5,0.12028294490234778
2,prior,Oliguria,0.09212376933895922,0.5,0.09209716225502462
2,prior,Opportunistic infection,0.0379746835443038,0.5,0.03796333521208245
2,prior,Optic neuritis,0.06610407876230662,0.5,0.06610961218670838
2,prior,Oral candidiasis,0.06751054852320675,0.5,0.06746066922462506
2,prior,Oropharyngeal discomfort,0.07454289732770746,0.5,0.07461423020695676
2,prior,Oropharyngeal pain,0.10407876230661041,0.5,0.10409885826473539
2,prior,Orthostatic hypotension,0.17862165963431786,0.5,0.17861511568331082
2,prior,Osteoarthritis,0.15611814345991562,0.5,0.15612090085122182
2,prior,Osteonecrosis,0.035161744022503515,0.5,0.03518397442707123
2,prior,Osteoporosis,0.05977496483825598,0.5,0.059820887518808395
2,prior,Otitis media,0.07243319268635724,0.5,0.07247174335192419
2,prior,Pain,0.5203938115330521,0.5,0.5203145288251971
2,prior,Pain in extremity,0.17932489451476794,0.5,0.17923493349867234
2,prior,Pallor,0.09563994374120956,0.5,0.0957202187097137
2,prior,Palpitations,0.3551336146272855,0.5,0.35519195086610866
2,prior,Pancreatitis,0.22292545710267228,0.5,0.22288656256340497
2,prior,Pancreatitis acute,0.04219409282700422,0.5,0.04220844016110713
2,prior,Pancytopenia,0.2088607594936709,0.5,0.20886408689911415
2,prior,Paraesthesia,0.45639943741209565,0.5,0.4563530110894935
2,prior,Paraesthesia oral,0.04149085794655415,0.5,0.0415392673674244
2,prior,Paralysis,0.06680731364275667,0.5,0.06685572832211364
2,prior,Paranoia,0.06258790436005626,0.5,0.06268735256230228
2,prior,Parkinsonism,0.03656821378340366,0.5,0.03656447367955197
2,prior,Parosmia,0.06329113924050633,0.5,0.06333137907617334
2,prior,Pelvic pain,0.057665260196905765,0.5,0.05761000046224456
2,prior,Peptic ulcer,0.06821378340365682,0.5,0.06825707791965366
2,prior,Pericardial effusion,0.035161744022503515,0.5,0.03513409643299826
2,prior,Pericarditis,0.03867791842475387,0.5,0.03871966648934855
2,prior,Periorbital oedema,0.035161744022503515,0.5,0.03513849807005844
2,prior,Peripheral coldness,0.03938115330520394,0.5,0.039399477234123334
2,prior,Peripheral vascular disorder,0.04289732770745429,0.5,0.042967416682897656
2,prior,Personality disorder,0.03656821378340366,0.5,0.036570078527630626
2,prior,Petechiae,0.0850914205344585,0.5,0.0851389476865185
2,prior,Pharyngitis,0.270042194092827,0.5,0.26996802114988017
2,prior,Phlebitis,0.1209563994374121,0.5,0.12094132531331718
2,prior,Photophobia,0.11251758087201125,0.5,0.11261521174478653
2,prior,Photosensitivity reaction,0.21308016877637131,0.5,0.21299612799439815
2,prior,Platelet count decreased,0.057665260196905765,0.5,0.05759729725537417
2,prior,Pleural effusion,0.08157524613220815,0.5,0.08163979894549056
2,prior,Pneumonia,0.23628691983122363,0.5,0.23626689847864654
2,prior,Pneumothorax,0.0450070323488045,0.5,0.04494913814398992
2,prior,Pollakiuria,0.2109704641350211,0.5,0.21089429854587416
2,prior,Polyp,0.05907172995780591,0.5,0.059018974182221705
2,prior,Polyuria,0.13853727144866385,0.5,0.1384964304819169
2,prior,Pregnancy,0.04992967651195499,0.5,0.04985149582950781
2,prior,Priapism,0.04571026722925457,0.5,0.04568296563807517
2,prior,Proctalgia,0.04360056258790436,0.5,0.043572568990024686
2,prior,Protein urine present,0.09634317862165963,0.5,0.09619860665403954
2,prior,Proteinuria,0.09423347398030943,0.5,0.09409329183831594
2,prior,Prothrombin level increased,0.03727144866385373,0.5,0.03724074757992002
2,prior,Prurigo,0.04219409282700422,0.5,0.04214653915543045
2,prior,Pruritus,0.6638537271448663,0.5,0.6638394011601663
2,prior,Pseudomembranous colitis,0.04571026722925457,0.5,0.04561276031469469
2,prior,Psoriasis,0.056962025316455694,0.5,0.05705800285966815
2,prior,Psychotic disorder,0.1568213783403657,0.5,0.15697745690728498
2,prior,Pulmonary embolism,0.1209563994374121,0.5,0.12091696493108002
2,prior,Pulmonary fibrosis,0.04289732770745429,0.5,0.04288576284087237
2,prior,Pulmonary function test decreased,0.06540084388185655,0.5,0.0653608535546723
2,prior,Pulmonary oedema,0.1258790436005626,0.5,0.12600099532859182
2,prior,Purpura,0.15260196905766527,0.5,0.1524302815697831
2,prior,Rash,0.760196905766526,0.5,0.7601376581000441
2,prior,Rash erythematous,0.0759493670886076,0.5,0.07587679517798554
2,prior,Rash generalised,0.03727144866385373,0.5,0.03722406004943343
2,prior,Rash macular,0.035864978902953586,0.5,0.035840444013883574
2,prior,Rash maculo-papular,0.1209563994374121,0.5,0.1209419567792704
2,prior,Rash pustular,0.07524613220815753,0.5,0.07530923497150509
2,prior,Rectal haemorrhage,0.0970464135021097,0.5,0.09699465226072486
2,prior,Renal failure,0.23277074542897327,0.5,0.23262668295492617
2,prior,Renal failure acute,0.14838255977496484,0.5,0.14835796777419605
2,prior,Renal impairment,0.14838255977496484,0.5,0.14821938905651316
2,prior,Renal pain,0.047116736990154715,0.5,0.04713828050771856
2,prior,Respiratory arrest,0.035864978902953586,0.5,0.035853358625369564
2,prior,Respiratory depression,0.06469760900140648,0.5,0.06465662820255963
2,prior,Respiratory distress,0.06258790436005626,0.5,0.062548039424252
2,prior,Respiratory failure,0.09915611814345991,0.5,0.09922678016856315
2,prior,Respiratory tract infection,0.05555555555555555,0.5,0.05550500000555074
2,prior,Rhabdomyolysis,0.09563994374120956,0.5,0.09563840768817351
2,prior,Rhinitis,0.26652601969057665,0.5,0.26657614956502107
2,prior,Rhinorrhoea,0.0850914205344585,0.5,0.08499455271614134
2,prior,Salivary hypersecretion,0.10618846694796062,0.5,0.10623471829952096
2,prior,Scotoma,0.07032348804500703,0.5,0.07037659220085432
2,prior,Seborrhoeic dermatitis,0.06469760900140648,0.5,0.0646408054647265
2,prior,Sensory loss,0.0850914205344585,0.5,0.08506221574941157
2,prior,Sepsis,0.13431786216596342,0.5,0.13429559867888652
2,prior,Serum sickness,0.040787623066104076,0.5,0.04076266023805789
2,prior,Sexual dysfunction,0.051336146272855133,0.5,0.05134705079221583
2,prior,Shock,0.41561181434599154,0.5,0.4156715873800169
2,prior,Sinus bradycardia,0.04289732770745429,0.5,0.04287586205804132
2,prior,Sinus congestion,0.0450070323488045,0.5,0.044950891788632055
2,prior,Sinusitis,0.25035161744022505,0.5,0.25022139125485005
2,prior,Skin discolouration,0.09634317862165963,0.5,0.09632531953963364
2,prior,Skin disorder,0.44585091420534456,0.5,0.44572272411698516
2,prior,Skin exfoliation,0.1111111111111111,0.5,0.1112093033306714
2,prior,Skin hyperpigmentation,0.05485232067510549,0.5,0.05491271083270262
2,prior,Skin irritation,0.03867791842475387,0.5,0.0386727480988298
2,prior,Skin striae,0.03656821378340366,0.5,0.03677716040125895
2,prior,Skin ulcer,0.07735583684950774,0.5,0.07733486374235479
2,prior,Sleep disorder,0.13783403656821377,0.5,0.13777981078617638
2,prior,Sneezing,0.06258790436005626,0.5,0.06260040823122813
2,prior,Somnolence,0.46835443037974683,0.5,0.46825060095120524
2,prior,Speech disorder,0.0829817158931083,0.5,0.0830288111723971
2,prior,Stevens-Johnson syndrome,0.22292545710267228,0.5,0.22283474693794614
2,prior,Stomatitis,0.2320675105485232,0.5,0.23192976736622084
2,prior,Stupor,0.06891701828410689,0.5,0.06887621828764214
2,prior,Sudden death,0.04289732770745429,0.5,0.04293257552908332
2,prior,Suicidal ideation,0.0639943741209564,0.5,0.06407133443408904
2,prior,Suicide attempt,0.04922644163150492,0.5,0.04931820228388283
2,prior,Supraventricular tachycardia,0.057665260196905765,0.5,0.057769746631910146
2,prior,Swelling,0.14486638537271448,0.5,0.1447434270418264
2,prior,Swelling face,0.03656821378340366,0.5,0.03650246422367387
2,prior,Syncope,0.35372714486638535,0.5,0.3537365845192581
2,prior,Systemic lupus erythematosus,0.053445850914205346,0.5,0.053459463966731166
2,prior,Tachycardia,0.4191279887482419,0.5,0.41924094144442536
2,prior,Tenderness,0.0850914205344585,0.5,0.08501741958766548
2,prior,Tension,0.30239099859353025,0.5,0.3023444719355799
2,prior,Thinking abnormal,0.08720112517580872,0.5,0.0872121180701593
2,prior,Thirst,0.1490857946554149,0.5,0.14901844574395987
2,prior,Throat irritation,0.04922644163150492,0.5,0.049266044881522315
2,prior,Throat tightness,0.03727144866385373,0.5,0.03721934405334345
2,prior,Thrombocytopenia,0.4212376933895921,0.5,0.4211692754849098
2,prior,Thrombocytopenic purpura,0.03867791842475387,0.5,0.03862556957438197
2,prior,Thrombocytosis,0.05977496483825598,0.5,0.059797600585946666
2,prior,Thrombophlebitis,0.14556962025316456,0.5,0.14560380749409724
2,prior,Thrombosis,0.07946554149085795,0.5,0.07948730285742552
2,prior,Tinnitus,0.27637130801687765,0.5,0.27638267830158697
2,prior,Tongue discolouration,0.04149085794655415,0.5,0.04148462190005434
2,prior,Tongue disorder,0.0710267229254571,0.5,0.07111560722957426
2,prior,Tongue oedema,0.052742616033755275,0.5,0.052841871334556464
2,prior,Tooth disorder,0.05907172995780591,0.5,0.059073934008621556
2,prior,Toothache,0.05977496483825598,0.5,0.059738236374593
2,prior,Torsade de pointes,0.0639943741209564,0.5,0.06393859938697229
2,prior,Toxic epidermal necrolysis,0.180028129395218,0.5,0.18001146234360293
2,prior,Transaminases increased,0.06891701828410689,0.5,0.06881151485792612
2,prior,Transient ischaemic attack,0.04922644163150492,0.5,0.049166603252406155
2,prior,Tremor,0.32770745428973275,0.5,0.32775851517243537
2,prior,Tubulointerstitial nephritis,0.08016877637130802,0.5,0.08000726447812051
2,prior,Ulcer,0.09282700421940929,0.5,0.09280487297433694
2,prior,Upper respiratory tract infection,0.2320675105485232,0.5,0.23193251556515948
2,prior,Urethral disorder,0.2714486638537271,0.5,0.27124759075831884
2,prior,Urinary incontinence,0.11251758087201125,0.5,0.11254631533473232
2,prior,Urinary retention,0.16736990154711673,0.5,0.1673074298838519
2,prior,Urinary tract disorder,0.26863572433192684,0.5,0.2684478998961065
2,prior,Urinary tract infection,0.24824191279887484,0.5,0.2480735082084608
2,prior,Urine abnormality,0.04571026722925457,0.5,0.04571489866554237
2,prior,Urine analysis abnormal,0.04992967651195499,0.5,0.049913085224048304
2,prior,Urine output increased,0.12236286919831224,0.5,0.12232054245970048
2,prior,Urticaria,0.5590717299578059,0.5,0.5591398437025712
2,prior,VIIth nerve paralysis,0.03727144866385373,0.5,0.03726429739460445
2,prior,Vaginal discharge,0.06047819971870605,0.5,0.060405132507881806
2,prior,Vaginal haemorrhage,0.08227848101265822,0.5,0.08226718940608213
2,prior,Vaginal infection,0.11673699015471167,0.5,0.11664634511811316
2,prior,Vaginal inflammation,0.10829817158931083,0.5,0.10821502514497913
2,prior,Vascular purpura,0.14135021097046413,0.5,0.1412264905137076
2,prior,Vasculitis,0.10689170182841069,0.5,0.10688647189024332
2,prior,Vasodilation procedure,0.09353023909985936,0.5,0.09361925130594959
2,prior,Ventricular arrhythmia,0.07032348804500703,0.5,0.07036414912791303
2,prior,Ventricular extrasystoles,0.090014064697609,0.5,0.09011850609979441
2,prior,Ventricular fibrillation,0.07243319268635724,0.5,0.07253893759454334
2,prior,Ventricular tachycardia,0.1019690576652602,0.5,0.10196918031888098
2,prior,Vertigo,0.3558368495077356,0.5,0.3556725125164142
2,prior,Viral infection,0.09142053445850915,0.5,0.09138091114341465
2,prior,Vision blurred,0.3227848101265823,0.5,0.3228104697252891
2,prior,Visual acuity reduced,0.052742616033755275,0.5,0.052752593370094046
2,prior,Visual impairment,0.2714486638537271,0.5,0.27154596437498085
2,prior,Vomiting,0.759493670886076,0.5,0.7593635960086813
2,prior,Vulvovaginal candidiasis,0.051336146272855133,0.5,0.051309407214362154
2,prior,Vulvovaginal mycotic infection,0.05555555555555555,0.5,0.055507750952382987
2,prior,Weight decreased,0.22433192686357242,0.5,0.22428828349296914
2,prior,Weight increased,0.23136427566807313,0.5,0.23136081660344154
2,prior,Wheezing,0.12165963431786217,0.5,0.1216247243797058
2,prior,White blood cell count decreased,0.046413502109704644,0.5,0.0463964115777522
2,documentation flags + logreg,Abdominal discomfort,0.20253164556962025,0.6204400250977361,0.30480002916231763
2,documentation flags + logreg,Abdominal distension,0.20815752461322082,0.6121972428217937,0.3176064900416828
2,documentation flags + logreg,Abdominal pain,0.580168776371308,0.6237586935362202,0.6923893427590588
2,documentation flags + logreg,Abdominal pain upper,0.18846694796061886,0.5834815498096546,0.2591611006380355
2,documentation flags + logreg,Abnormal dreams,0.10548523206751055,0.6463828880541491,0.19981648121455492
2,documentation flags + logreg,Abscess,0.07805907172995781,0.6145049695642941,0.1822917428936747
2,documentation flags + logreg,Accommodation disorder,0.04922644163150492,0.6824958491096479,0.11233473882275644
2,documentation flags + logreg,Acidosis,0.0450070323488045,0.51466327258231,0.07871196506218117
2,documentation flags + logreg,Acne,0.09282700421940929,0.5870186971808579,0.19871939447085324
2,documentation flags + logreg,Acute coronary syndrome,0.2348804500703235,0.6364057697992571,0.36254272062681214
2,documentation flags + logreg,Affect lability,0.1617440225035162,0.6315822300643437,0.291407160849522
2,documentation flags + logreg,Ageusia,0.07946554149085795,0.6443256448329903,0.1914255774830167
2,documentation flags + logreg,Aggression,0.0850914205344585,0.6534333106496749,0.17108397060841476
2,documentation flags + logreg,Agitation,0.3340365682137834,0.6305667794912797,0.4684046247681389
2,documentation flags + logreg,Agranulocytosis,0.23347398030942335,0.694429790281724,0.38941898718593754
2,documentation flags + logreg,Akathisia,0.04852320675105485,0.7132497882001492,0.14164588208163717
2,documentation flags + logreg,Alanine aminotransferase increased,0.19268635724331926,0.5865945209229061,0.27676226914496543
2,documentation flags + logreg,Albuminuria,0.0710267229254571,0.6407821247112269,0.15777468839665806
2,documentation flags + logreg,Alopecia,0.3108298171589311,0.6568938156882258,0.478488319477976
2,documentation flags + logreg,Altered state of consciousness,0.040787623066104076,0.6493756130747081,0.08453582913230062
2,documentation flags + logreg,Amblyopia,0.07383966244725738,0.6452206879760392,0.1711903437565126
2,documentation flags + logreg,Amenorrhoea,0.08720112517580872,0.6640528061954162,0.21467135895384787
2,documentation flags + logreg,Amnesia,0.14486638537271448,0.6675806766632856,0.2727038255385731
2,documentation flags + logreg,Amylase increased,0.04430379746835443,0.4091144700226973,0.03922908967580533
2,documentation flags + logreg,Anaemia,0.36146272855133615,0.5996691682646291,0.452769676489719
2,documentation flags + logreg,Anaphylactic shock,0.4388185654008439,0.6570408702715417,0.6192081449381657
2,documentation flags + logreg,Anaphylactoid reaction,0.17651195499296765,0.5691130132405134,0.2838112597536868
2,documentation flags + logreg,Angina pectoris,0.2039381153305204,0.6492592695180465,0.3183655895992623
2,documentation flags + logreg,Angioedema,0.37060478199718705,0.6808076014909501,0.5612257038928382
2,documentation flags + logreg,Angiopathy,0.319971870604782,0.5722611024647721,0.3979725254600255
2,documentation flags + logreg,Anorectal discomfort,0.051336146272855133,0.5989310604493366,0.1318526496003727
2,documentation flags + logreg,Anorectal disorder,0.04289732770745429,0.6527974554274897,0.11192331656929806
2,documentation flags + logreg,Anxiety,0.38466947960618847,0.6323416795441388,0.5126416621546973
2,documentation flags + logreg,Apathy,0.06188466947960619,0.6398220773032554,0.12494468715709792
2,documentation flags + logreg,Aphasia,0.06047819971870605,0.605649220354679,0.10040140789337385
2,documentation flags + logreg,Aphthous stomatitis,0.03938115330520394,0.5933699516036148,0.12818752445177423
2,documentation flags + logreg,Aplastic anaemia,0.11392405063291139,0.6697699107635775,0.21573081584116824
2,documentation flags + logreg,Apnoea,0.08368495077355836,0.5236152495110293,0.1281484491172032
2,documentation flags + logreg,Application site pain,0.04289732770745429,0.5780496855924901,0.08904234517822561
2,documentation flags + logreg,Application site reaction,0.03727144866385373,0.6734577003036089,0.11231103737890705
2,documentation flags + logreg,Arrhythmia,0.28621659634317864,0.63325284089716,0.4425370267164827
2,documentation flags + logreg,Arrhythmia supraventricular,0.035161744022503515,0.3711898679420015,0.03426531374681764
2,documentation flags + logreg,Arthralgia,0.4120956399437412,0.6306982914044452,0.5388717218663583
2,documentation flags + logreg,Arthritis,0.1568213783403657,0.6457426878862804,0.2672501608539103
2,documentation flags + logreg,Arthropathy,0.0949367088607595,0.703718171958661,0.2761124845050277
2,documentation flags + logreg,Aspartate aminotransferase increased,0.1940928270042194,0.5688233849745128,0.24101250884219744
2,documentation flags + logreg,Asthenia,0.6371308016877637,0.6510288017005821,0.7560950877825465
2,documentation flags + logreg,Asthma,0.19057665260196907,0.6602338687223566,0.3468329871181576
2,documentation flags + logreg,Ataxia,0.1680731364275668,0.6699269583201841,0.2932902945777956
2,documentation flags + logreg,Atrial fibrillation,0.1469760900140647,0.648964718660929,0.25636914807472466
2,documentation flags + logreg,Atrioventricular block,0.09423347398030943,0.6859787399726324,0.231448671406605
2,documentation flags + logreg,Azotaemia,0.0450070323488045,0.6331431690281829,0.1023691744948666
2,documentation flags + logreg,Back pain,0.3509142053445851,0.5993272450070933,0.45260617863388425
2,documentation flags + logreg,Bacterial infection,0.03867791842475387,0.5540292193268335,0.07061382012715481
2,documentation flags + logreg,Balance disorder,0.04781997187060478,0.6043048736980815,0.10321753081047177
2,documentation flags + logreg,Bladder pain,0.11744022503516174,0.6730839808144962,0.25994916258850576
2,documentation flags + logreg,Blepharitis,0.05555555555555555,0.538565167940168,0.11636790011026706
2,documentation flags + logreg,Blindness,0.052742616033755275,0.7095166499831489,0.20181413935719963
2,documentation flags + logreg,Blister,0.0710267229254571,0.6496424764106136,0.19264796008981716
2,documentation flags + logreg,Blood alkaline phosphatase increased,0.13431786216596342,0.6175335557298169,0.22799935821052814
2,documentation flags + logreg,Blood bilirubin increased,0.0970464135021097,0.6134170657170293,0.1579917866176924
2,documentation flags + logreg,Blood creatine phosphokinase increased,0.06821378340365682,0.6209566198351963,0.1312285112076606
2,documentation flags + logreg,Blood creatinine increased,0.1751054852320675,0.5929497126429123,0.24062871503917874
2,documentation flags + logreg,Blood disorder,0.08720112517580872,0.6374207374515146,0.16935545716818273
2,documentation flags + logreg,Blood glucose increased,0.046413502109704644,0.6490864574034904,0.09078842048598927
2,documentation flags + logreg,Blood lactate dehydrogenase increased,0.058368495077355836,0.5587377705999997,0.08664531592685742
2,documentation flags + logreg,Blood pressure increased,0.10337552742616034,0.574975420581295,0.17074188520715494
2,documentation flags + logreg,Blood triglycerides increased,0.06751054852320675,0.5792198673193321,0.09927545591664322
2,documentation flags + logreg,Blood urea increased,0.1160337552742616,0.6226998181972706,0.19448085248830252
2,documentation flags + logreg,Blood uric acid increased,0.10618846694796062,0.640786638580062,0.17987080206005415
2,documentation flags + logreg,Body temperature decreased,0.046413502109704644,0.5959720252203159,0.11857847075303347
2,documentation flags + logreg,Body temperature increased,0.5414908579465542,0.6130528639541897,0.6499319121734267
2,documentation flags + logreg,Bone disorder,0.08931082981715893,0.654737033362923,0.16837000187828438
2,documentation flags + logreg,Bone pain,0.1090014064697609,0.5935754839823713,0.16092246030933827
2,documentation flags + logreg,Bradycardia,0.2559774964838256,0.6149206499505253,0.39567140618888536
2,documentation flags + logreg,Breast cancer,0.035864978902953586,0.6868792296339142,0.11427877285665752
2,documentation flags + logreg,Breast disorder,0.180028129395218,0.6377874231989545,0.3048541951114475
2,documentation flags + logreg,Breast enlargement,0.06258790436005626,0.6235132029738806,0.13053952389683962
2,documentation flags + logreg,Breast pain,0.09142053445850915,0.6388813544236693,0.19387519695750194
2,documentation flags + logreg,Bronchitis,0.21167369901547117,0.6540425773452497,0.36159569604061825
2,documentation flags + logreg,Bronchospasm,0.20182841068917018,0.5846921222322748,0.3046983766658973
2,documentation flags + logreg,Bundle branch block,0.04571026722925457,0.6263009117497758,0.11432632221341274
2,documentation flags + logreg,Burning sensation,0.07172995780590717,0.4950271384717344,0.1021793011625716
2,documentation flags + logreg,Bursitis,0.04360056258790436,0.6968763123791424,0.14609589484384705
2,documentation flags + logreg,Candida infection,0.11954992967651196,0.6523238714790296,0.21346655705509118
2,documentation flags + logreg,Cardiac arrest,0.16736990154711673,0.6088030817940931,0.27078431556737337
2,documentation flags + logreg,Cardiac disorder,0.29254571026722925,0.6042778127349168,0.38166045770734547
2,documentation flags + logreg,Cardiac failure,0.15330520393811534,0.6301396869377234,0.25003798220582646
2,documentation flags + logreg,Cardiac failure congestive,0.1441631504922644,0.6265969077006217,0.2595814804481621
2,documentation flags + logreg,Cardiomyopathy,0.04360056258790436,0.6156198973168103,0.08041578233397494
2,documentation flags + logreg,Cardiovascular disorder,0.0850914205344585,0.6190047326476579,0.17435733915850582
2,documentation flags + logreg,Cataract,0.10126582278481013,0.654833402194231,0.241560098498873
2,documentation flags + logreg,Cellulitis,0.09282700421940929,0.5604579010556618,0.12978511958010716
2,documentation flags + logreg,Cerebral haemorrhage,0.04922644163150492,0.608586253261987,0.09123715571048792
2,documentation flags + logreg,Cerebral ischaemia,0.04219409282700422,0.5908262136152094,0.07456362443493347
2,documentation flags + logreg,Cerebrovascular accident,0.15822784810126583,0.6370915247349895,0.2592347876814597
2,documentation flags + logreg,Cerebrovascular disorder,0.035161744022503515,0.7375117747790865,0.12089799189861354
2,documentation flags + logreg,Chest discomfort,0.09634317862165963,0.5445831487792867,0.12142832151578402
2,documentation flags + logreg,Chest pain,0.38748241912798875,0.6370564113332123,0.5268702902888551
2,documentation flags + logreg,Chills,0.3108298171589311,0.574775866646067,0.389247875231867
2,documentation flags + logreg,Cholecystitis,0.052742616033755275,0.6120032600637069,0.11034598268053133
2,documentation flags + logreg,Cholelithiasis,0.06118143459915612,0.6378875754364508,0.1316370816353718
2,documentation flags + logreg,Cholestasis,0.07243319268635724,0.6639899882338994,0.14779001447899873
2,documentation flags + logreg,Coagulopathy,0.07524613220815753,0.5874350215171361,0.12431461225471277
2,documentation flags + logreg,Cognitive disorder,0.04219409282700422,0.5996839483076216,0.14752040891770324
2,documentation flags + logreg,Cold sweat,0.03867791842475387,0.5422822296130909,0.05072830705694702
2,documentation flags + logreg,Colitis,0.10478199718706048,0.6582675723046238,0.20551361842515128
2,documentation flags + logreg,Coma,0.1209563994374121,0.6274156248297713,0.21248163115796342
2,documentation flags + logreg,Completed suicide,0.04781997187060478,0.700176076324112,0.13961825620689633
2,documentation flags + logreg,Confusional state,0.38255977496483823,0.6488249476346704,0.5293923267865615
2,documentation flags + logreg,Conjunctival hyperaemia,0.0379746835443038,0.5581326053284176,0.08298287740283902
2,documentation flags + logreg,Conjunctivitis,0.23136427566807313,0.6430730363905249,0.3785967898195738
2,documentation flags + logreg,Connective tissue disorder,0.2848101265822785,0.583980077251024,0.3674458901503005
2,documentation flags + logreg,Constipation,0.4929676511954993,0.6657547361223383,0.6469176020347416
2,documentation flags + logreg,Contusion,0.09774964838255977,0.6305600342706599,0.1894944596543772
2,documentation flags + logreg,Convulsion,0.36357243319268634,0.5953882183021768,0.4571714167333985
2,documentation flags + logreg,Coordination abnormal,0.09915611814345991,0.6883130872985445,0.21630819677409732
2,documentation flags + logreg,Cough,0.4008438818565401,0.617009734346175,0.5199342903972436
2,documentation flags + logreg,Cyanosis,0.06962025316455696,0.4954665887604672,0.09418177835127026
2,documentation flags + logreg,Cyst,0.06540084388185655,0.5329329995000747,0.07761670971935726
2,documentation flags + logreg,Cystitis,0.10759493670886076,0.6826165934742109,0.25932224788728936
2,documentation flags + logreg,Cystitis noninfective,0.10618846694796062,0.6819139351476847,0.2530387524878785
2,documentation flags + logreg,Deafness,0.1371308016877637,0.6505864816267873,0.25360993197044446
2,documentation flags + logreg,Decreased appetite,0.4838255977496484,0.643905745638963,0.6026940236056909
2,documentation flags + logreg,Deep vein thrombosis,0.06680731364275667,0.6040241932785175,0.10275047838333125
2,documentation flags + logreg,Dehydration,0.17158931082981715,0.5632814751912913,0.22797668418288208
2,documentation flags + logreg,Delirium,0.07876230661040788,0.6575513906584256,0.1699948165533944
2,documentation flags + logreg,Delusion,0.06821378340365682,0.6357670075332281,0.17100839099131926
2,documentation flags + logreg,Dementia,0.03727144866385373,0.6385689214388034,0.08975713917878735
2,documentation flags + logreg,Depersonalisation,0.06188466947960619,0.6748806876134565,0.15363903898789819
2,documentation flags + logreg,Depressed level of consciousness,0.10126582278481013,0.6163439693736338,0.16566485187522742
2,documentation flags + logreg,Depressed mood,0.035864978902953586,0.5776446285868108,0.060420117212266866
2,documentation flags + logreg,Depression,0.22644163150492264,0.6208341504831781,0.327068348504901
2,documentation flags + logreg,Dermatitis,0.7658227848101266,0.7086183876355646,0.873249926026744
2,documentation flags + logreg,Dermatitis atopic,0.07454289732770746,0.671774110283019,0.14960420693362547
2,documentation flags + logreg,Dermatitis bullous,0.14767932489451477,0.6471535234358432,0.2780281650693716
2,documentation flags + logreg,Dermatitis contact,0.11181434599156118,0.6649014288399118,0.2793447165012976
2,documentation flags + logreg,Dermatitis exfoliative,0.14556962025316456,0.6637509966753872,0.25078643094598213
2,documentation flags + logreg,Diabetes mellitus,0.1441631504922644,0.6447334382740888,0.2816484778778162
2,documentation flags + logreg,Diarrhoea,0.6849507735583685,0.6525132812303178,0.7919127539022048
2,documentation flags + logreg,Diplopia,0.1518987341772152,0.6318607471249182,0.251321583463702
2,documentation flags + logreg,Discomfort,0.3924050632911392,0.6294152507538329,0.5289005059730705
2,documentation flags + logreg,Disorientation,0.12376933895921238,0.6210866533961491,0.19915765150383508
2,documentation flags + logreg,Disturbance in attention,0.09071729957805907,0.6593982136885561,0.17193690809275883
2,documentation flags + logreg,Disturbance in sexual arousal,0.16455696202531644,0.6334504721715438,0.25293764966008636
2,documentation flags + logreg,Dizziness,0.7250351617440225,0.6559014192703883,0.8315225529535033
2,documentation flags + logreg,Drug eruption,0.05414908579465542,0.6882699988350144,0.1476542990297817
2,documentation flags + logreg,Drug interaction,0.09353023909985936,0.6960328323948648,0.24414471251207628
2,documentation flags + logreg,Drug withdrawal syndrome,0.04008438818565401,0.6842487942806472,0.12778063158659234
2,documentation flags + logreg,Dry eye,0.11462728551336146,0.6543121031532765,0.23750324308817702
2,documentation flags + logreg,Dry mouth,0.38959212376933894,0.6695736999930353,0.5564327259412671
2,documentation flags + logreg,Dry skin,0.18635724331926865,0.6128453103710098,0.3036645994084569
2,documentation flags + logreg,Duodenal ulcer,0.03938115330520394,0.6637275800099387,0.1168925345663853
2,documentation flags + logreg,Dysarthria,0.09212376933895922,0.6639050158095905,0.19164973374006306
2,documentation flags + logreg,Dysgeusia,0.32208157524613223,0.6158764275976508,0.44961064099554643
2,documentation flags + logreg,Dyskinesia,0.09142053445850915,0.6877977751261349,0.22027540960726685
2,documentation flags + logreg,Dysmenorrhoea,0.09845288326300984,0.6801026911794483,0.22680698832235163
2,documentation flags + logreg,Dyspepsia,0.4908579465541491,0.6795113285686964,0.6645871461788673
2,documentation flags + logreg,Dysphagia,0.18565400843881857,0.6449688078918417,0.30410827005012886
2,documentation flags + logreg,Dysphonia,0.08649789029535865,0.668601089069683,0.18445380433617764
2,documentation flags + logreg,Dyspnoea,0.4908579465541491,0.6197020485929571,0.6159515998458639
2,documentation flags + logreg,Dysuria,0.21026722925457103,0.6535553574404,0.3484787262243584
2,documentation flags + logreg,Ear disorder,0.047116736990154715,0.6298872871247766,0.09121704552338464
2,documentation flags + logreg,Ear infection,0.03727144866385373,0.683139725544242,0.09245640350651478
2,documentation flags + logreg,Ear pain,0.12658227848101267,0.6202006504680755,0.22785662293653441
2,documentation flags + logreg,Ecchymosis,0.1279887482419128,0.6361668755185804,0.27801035235103333
2,documentation flags + logreg,Eczema,0.13924050632911392,0.6647193593285092,0.27313905748639844
2,documentation flags + logreg,Electrocardiogram QT prolonged,0.05977496483825598,0.6217287232751628,0.10467403300061888
2,documentation flags + logreg,Electrocardiogram abnormal,0.05977496483825598,0.5522525470662548,0.08745026621313051
2,documentation flags + logreg,Electrolyte imbalance,0.03656821378340366,0.6123247884636808,0.14034350190412706
2,documentation flags + logreg,Embolism,0.06751054852320675,0.6363108790002558,0.17227077018324582
2,documentation flags + logreg,Embolism venous,0.051336146272855133,0.604252045996718,0.1667490306814446
2,documentation flags + logreg,Encephalopathy,0.056962025316455694,0.6167397365903781,0.09113767600348918
2,documentation flags + logreg,Endocrine disorder,0.09071729957805907,0.6075552490931094,0.16144515028871176
2,documentation flags + logreg,Endophthalmitis,0.04149085794655415,0.6564583014352477,0.12449615185125354
2,documentation flags + logreg,Eosinophilia,0.2039381153305204,0.6487050162268375,0.30641911729218174
2,documentation flags + logreg,Epigastric discomfort,0.04289732770745429,0.6705029556908405,0.0803287626742105
2,documentation flags + logreg,Epilepsy,0.03727144866385373,0.6062538363955113,0.10809991187937054
2,documentation flags + logreg,Epistaxis,0.2468354430379747,0.6814781032032431,0.4168254120349121
2,documentation flags + logreg,Erectile dysfunction,0.2109704641350211,0.6887352373517326,0.37938647535388537
2,documentation flags + logreg,Eructation,0.1090014064697609,0.6343859240871199,0.20457770146938148
2,documentation flags + logreg,Erythema,0.339662447257384,0.5919872304528215,0.4534880456720264
2,documentation flags + logreg,Erythema multiforme,0.27355836849507736,0.6653781329459928,0.42600336837346714
2,documentation flags + logreg,Erythema nodosum,0.03867791842475387,0.6690757744511813,0.16320903458601196
2,documentation flags + logreg,Euphoric mood,0.11954992967651196,0.6757276440430869,0.24918408018925522
2,documentation flags + logreg,Extrapyramidal disorder,0.07172995780590717,0.7180103534358049,0.20141689587940315
2,documentation flags + logreg,Extrasystoles,0.07735583684950774,0.6646336324581728,0.15896880527076576
2,documentation flags + logreg,Extravasation,0.07524613220815753,0.5607709679309745,0.11097436932266533
2,documentation flags + logreg,Eye disorder,0.28621659634317864,0.6188386595726424,0.4047252745485105
2,documentation flags + logreg,Eye haemorrhage,0.04289732770745429,0.6497099269938069,0.13927194967442438
2,documentation flags + logreg,Eye irritation,0.090014064697609,0.5993514546865398,0.1436448577742972
2,documentation flags + logreg,Eye pain,0.14064697609001406,0.6251083156607087,0.2538212244904206
2,documentation flags + logreg,Eye pruritus,0.0379746835443038,0.6078216234671664,0.0924021634628567
2,documentation flags + logreg,Eyelid oedema,0.04289732770745429,0.558052278626205,0.07536336108211081
2,documentation flags + logreg,Face oedema,0.17088607594936708,0.6403961422883746,0.29423417406476143
2,documentation flags + logreg,Faecal incontinence,0.04781997187060478,0.5714485959910778,0.1085467179346163
2,documentation flags + logreg,Fatigue,0.510548523206751,0.6424638881563991,0.6522404458697674
2,documentation flags + logreg,Febrile neutropenia,0.05977496483825598,0.5668892563978967,0.07384978327060322
2,documentation flags + logreg,Feeling abnormal,0.5133614627285513,0.6619128793843709,0.6733938915481132
2,documentation flags + logreg,Feeling hot,0.08227848101265822,0.48098087504916587,0.08847687055048932
2,documentation flags + logreg,Flank pain,0.035161744022503515,0.5813645930217213,0.06793745182061746
2,documentation flags + logreg,Flat affect,0.06258790436005626,0.6431832502014407,0.12736145174693206
2,documentation flags + logreg,Flatulence,0.3143459915611814,0.658673694205779,0.46074497026323397
2,documentation flags + logreg,Fluid overload,0.0379746835443038,0.5999764117561444,0.05778505864109722
2,documentation flags + logreg,Fluid retention,0.1160337552742616,0.651251161555044,0.26536640776900716
2,documentation flags + logreg,Flushing,0.30028129395218,0.5843348470902227,0.38800881010448574
2,documentation flags + logreg,Foetor hepaticus,0.05063291139240506,0.6534962282871496,0.10693452862805178
2,documentation flags + logreg,Folliculitis,0.0639943741209564,0.573588277891121,0.13713007686304673
2,documentation flags + logreg,Fracture,0.05485232067510549,0.7271169716506908,0.20003926667433897
2,documentation flags + logreg,Fungal infection,0.07946554149085795,0.6053785076784891,0.1892399570443582
2,documentation flags + logreg,Fungal skin infection,0.03656821378340366,0.6277177333580848,0.11992006418649626
2,documentation flags + logreg,Furuncle,0.04289732770745429,0.5804842687347213,0.11701980935830403
2,documentation flags + logreg,Gait disturbance,0.10056258790436005,0.6359388150980133,0.16726030010930065
2,documentation flags + logreg,Galactorrhoea,0.05977496483825598,0.7075834769739517,0.18867859015846586
2,documentation flags + logreg,Gamma-glutamyltransferase increased,0.0829817158931083,0.5679134208775023,0.11811241490383044
2,documentation flags + logreg,Gastric ulcer,0.05063291139240506,0.6406996914216012,0.13663728727494534
2,documentation flags + logreg,Gastritis,0.18424753867791843,0.6525501282547885,0.3165032717583818
2,documentation flags + logreg,Gastroenteritis,0.13853727144866385,0.6475304884758112,0.25694658692899586
2,documentation flags + logreg,Gastrointestinal disorder,0.5210970464135021,0.5927499770770374,0.5977157192630808
2,documentation flags + logreg,Gastrointestinal haemorrhage,0.15330520393811534,0.6079973227288195,0.24056363595246508
2,documentation flags + logreg,Gastrointestinal pain,0.5478199718706048,0.6367919057726293,0.6722561588860259
2,documentation flags + logreg,Gastrooesophageal reflux disease,0.09915611814345991,0.6501230775652336,0.18377287493043776
2,documentation flags + logreg,Generalised oedema,0.053445850914205346,0.605168341232023,0.1523561283320821
2,documentation flags + logreg,Gingival bleeding,0.05414908579465542,0.6098049916769674,0.13845137220457288
2,documentation flags + logreg,Gingivitis,0.07383966244725738,0.6227065642643291,0.13859219246134083
2,documentation flags + logreg,Glaucoma,0.07805907172995781,0.678303619797143,0.21844689680744128
2,documentation flags + logreg,Glossitis,0.09774964838255977,0.6887154217778069,0.22965064872175858
2,documentation flags + logreg,Glycosuria,0.08579465541490858,0.6542660884374674,0.2099554639110218
2,documentation flags + logreg,Gout,0.09774964838255977,0.6724290137188502,0.20057938760054178
2,documentation flags + logreg,Grand mal convulsion,0.0379746835443038,0.6778551145851794,0.12000943730653997
2,documentation flags + logreg,Gynaecomastia,0.12517580872011252,0.7086099594782354,0.2920146962616097
2,documentation flags + logreg,Haematemesis,0.07032348804500703,0.7039961447075219,0.18257927316462305
2,documentation flags + logreg,Haematochezia,0.035864978902953586,0.6428832661306664,0.10031192238021872
2,documentation flags + logreg,Haematocrit decreased,0.0379746835443038,0.6030510199930564,0.06334064769207212
2,documentation flags + logreg,Haematoma,0.07172995780590717,0.5813669560553058,0.15125103332289241
2,documentation flags + logreg,Haematuria,0.2369901547116737,0.5934821807058372,0.32092866569100736
2,documentation flags + logreg,Haemoglobin,0.2679324894514768,0.5898907255729645,0.38613767986799713
2,documentation flags + logreg,Haemoglobin decreased,0.07383966244725738,0.6011705938974783,0.10924752614344986
2,documentation flags + logreg,Haemolytic anaemia,0.14064697609001406,0.6747701790027218,0.24760292516332866
2,documentation flags + logreg,Haemoptysis,0.08157524613220815,0.580881605309983,0.1628157763192394
2,documentation flags + logreg,Haemorrhage,0.26933895921237694,0.587112354034077,0.38699960035535097
2,documentation flags + logreg,Haemorrhage intracranial,0.04008438818565401,0.5422036067474023,0.049015071275140376
2,documentation flags + logreg,Haemorrhoids,0.05907172995780591,0.6194836981353875,0.13234681673560203
2,documentation flags + logreg,Hallucination,0.24261603375527427,0.6486567872861128,0.3981294830572416
2,documentation flags + logreg,Headache,0.7805907172995781,0.6518159895509389,0.8589896562216858
2,documentation flags + logreg,Hearing impaired,0.10056258790436005,0.6254986249737965,0.17195424727066652
2,documentation flags + logreg,Hepatic enzyme increased,0.09634317862165963,0.6487612683324853,0.187002313128666
2,documentation flags + logreg,Hepatic failure,0.1441631504922644,0.6367986462239867,0.2563556815501124
2,documentation flags + logreg,Hepatic function abnormal,0.12939521800281295,0.6756530500924687,0.24147121473357167
2,documentation flags + logreg,Hepatic necrosis,0.052742616033755275,0.6469237840250792,0.14345673662073438
2,documentation flags + logreg,Hepatitis,0.2552742616033755,0.6832870331102188,0.407576713309213
2,documentation flags + logreg,Hepatobiliary disease,0.24120956399437413,0.6264737871776929,0.3490744660463992
2,documentation flags + logreg,Hepatocellular injury,0.10478199718706048,0.6182938383038197,0.1922645917084171
2,documentation flags + logreg,Hepatomegaly,0.06891701828410689,0.6363479885904196,0.18153885213389728
2,documentation flags + logreg,Hepatotoxicity,0.07946554149085795,0.5638861718401602,0.10219342902074038
2,documentation flags + logreg,Hernia,0.03727144866385373,0.6756868330213119,0.1185103196991076
2,documentation flags + logreg,Herpes simplex,0.09353023909985936,0.6395592489821597,0.20753227159906534
2,documentation flags + logreg,Herpes zoster,0.08157524613220815,0.5772964850044201,0.14622102448105298
2,documentation flags + logreg,Hiccups,0.10267229254571027,0.6051775222083711,0.23059086963120726
2,documentation flags + logreg,Hirsutism,0.06118143459915612,0.6178765883773417,0.16978176140366635
2,documentation flags + logreg,Hostility,0.047116736990154715,0.6910026533093424,0.14773609358674872
2,documentation flags + logreg,Hot flush,0.15611814345991562,0.5987123620636432,0.22179831748831388
2,documentation flags + logreg,Hyperaesthesia,0.07524613220815753,0.6207049443135542,0.16114713695545196
2,documentation flags + logreg,Hyperbilirubinaemia,0.0970464135021097,0.5488157798773595,0.1376803910414485
2,documentation flags + logreg,Hypercalcaemia,0.0710267229254571,0.5432086426995726,0.11019951161307137
2,documentation flags + logreg,Hypercholesterolaemia,0.09915611814345991,0.6011916568924955,0.16477860302006117
2,documentation flags + logreg,Hyperglycaemia,0.23417721518987342,0.6352028931728129,0.34912855222522354
2,documentation flags + logreg,Hyperhidrosis,0.42334739803094235,0.622774679363384,0.552872780448389
2,documentation flags + logreg,Hyperkalaemia,0.11040787623066103,0.5785052542043877,0.18468269442890756
2,documentation flags + logreg,Hyperkinesia,0.11954992967651196,0.6597252621777734,0.23564092405884168
2,documentation flags + logreg,Hyperlipidaemia,0.0639943741209564,0.6489562469759163,0.1333915378202042
2,documentation flags + logreg,Hypernatraemia,0.052742616033755275,0.6335245835521606,0.20161529271389117
2,documentation flags + logreg,Hyperreflexia,0.040787623066104076,0.6249763318100923,0.11340853303185758
2,documentation flags + logreg,Hypersensitivity,0.6315049226441631,0.6148475175711849,0.732895307607335
2,documentation flags + logreg,Hypertension,0.39732770745428975,0.6062658310394078,0.5131781483877289
2,documentation flags + logreg,Hyperthyroidism,0.035864978902953586,0.6497015716906367,0.09010652929858723
2,documentation flags + logreg,Hypertonia,0.12376933895921238,0.6481528823093357,0.2666190865346899
2,documentation flags + logreg,Hypertrichosis,0.03656821378340366,0.675394383655388,0.1621502387380446
2,documentation flags + logreg,Hypertriglyceridaemia,0.05625879043600562,0.5729764547184335,0.08123297643824137
2,documentation flags + logreg,Hyperuricaemia,0.09774964838255977,0.623867928647307,0.16183202267884655
2,documentation flags + logreg,Hyperventilation,0.06469760900140648,0.6267779990479216,0.16158447570839923
2,documentation flags + logreg,Hypoaesthesia,0.2559774964838256,0.6042082094992082,0.3625577265038257
2,documentation flags + logreg,Hypocalcaemia,0.0949367088607595,0.5876124723837906,0.16276750828859926
2,documentation flags + logreg,Hypoglycaemia,0.1568213783403657,0.5992384031964517,0.25073190106893706
2,documentation flags + logreg,Hypokalaemia,0.18143459915611815,0.5994262139384358,0.2754629689825007
2,documentation flags + logreg,Hypokinesia,0.05907172995780591,0.6958848043984218,0.15927594531193012
2,documentation flags + logreg,Hypomagnesaemia,0.06047819971870605,0.5502216323000579,0.08962912565615541
2,documentation flags + logreg,Hyponatraemia,0.1540084388185654,0.6205895763186874,0.2392251394016817
2,documentation flags + logreg,Hypophosphataemia,0.056962025316455694,0.4882675831434155,0.07867875332982509
2,documentation flags + logreg,Hyporeflexia,0.0379746835443038,0.6613644835269359,0.13233279882166962
2,documentation flags + logreg,Hypotension,0.4676511954992968,0.6028994461121542,0.5699060379046081
2,documentation flags + logreg,Hypothermia,0.046413502109704644,0.5959720252203159,0.11857847075303347
2,documentation flags + logreg,Hypothyroidism,0.06329113924050633,0.6262267252721259,0.1219409534803338
2,documentation flags + logreg,Hypotonia,0.04571026722925457,0.6551508115458796,0.09755780738826136
2,documentation flags + logreg,Hypoxia,0.06047819971870605,0.5454047601166561,0.11070239501193524
2,documentation flags + logreg,Ileus,0.07032348804500703,0.5837675012679091,0.11616059290425385
2,documentation flags + logreg,Ileus paralytic,0.035161744022503515,0.5279920371006616,0.040824157222672276
2,documentation flags + logreg,Ill-defined disorder,0.34247538677918427,0.6359757877530402,0.48594086549735416
2,documentation flags + logreg,Immune system disorder,0.3150492264416315,0.6001127874650346,0.4140085500697624
2,documentation flags + logreg,Impaired healing,0.04430379746835443,0.633163508251065,0.14774641286797804
2,documentation flags + logreg,Inappropriate antidiuretic hormone secretion,0.04922644163150492,0.6739800711159634,0.10529832775587884
2,documentation flags + logreg,Increased appetite,0.1568213783403657,0.6808431513354025,0.31756467229120083
2,documentation flags + logreg,Induration,0.04149085794655415,0.6164176977200512,0.06705058504134272
2,documentation flags + logreg,Infection,0.4212376933895921,0.6118872924180812,0.5346790530504127
2,documentation flags + logreg,Infestation,0.24753867791842477,0.5779533067109749,0.3134106844326471
2,documentation flags + logreg,Inflammation,0.10829817158931083,0.590975217441531,0.1854724652420646
2,documentation flags + logreg,Influenza,0.1990154711673699,0.6689447225548415,0.33346562896639576
2,documentation flags + logreg,Influenza like illness,0.1160337552742616,0.6016859614946362,0.18612405118066794
2,documentation flags + logreg,Injection site pain,0.10267229254571027,0.5565285373844111,0.14473091148311656
2,documentation flags + logreg,Injection site reaction,0.13853727144866385,0.5892190387560639,0.19968382751374528
2,documentation flags + logreg,Injury,0.14556962025316456,0.6402142672342197,0.28989966396364136
2,documentation flags + logreg,Insomnia,0.4739803094233474,0.6775214601309959,0.6562617159383676
2,documentation flags + logreg,Interstitial lung disease,0.06891701828410689,0.59553170735667,0.11586645588727733
2,documentation flags + logreg,Intestinal obstruction,0.06469760900140648,0.6737788650803839,0.13746032998676533
2,documentation flags + logreg,Intracranial pressure increased,0.03938115330520394,0.6065039871461998,0.12710212835065166
2,documentation flags + logreg,Intraocular pressure increased,0.04430379746835443,0.6195113218748666,0.1284439202387954
2,documentation flags + logreg,Irritability,0.1617440225035162,0.6512259078846732,0.2751619530680647
2,documentation flags + logreg,Jaundice,0.23136427566807313,0.6935125248555145,0.39967582266080254
2,documentation flags + logreg,Jaundice cholestatic,0.0949367088607595,0.6692806359107608,0.20650527861161402
2,documentation flags + logreg,Joint swelling,0.0450070323488045,0.7259363912659021,0.15495312984988788
2,documentation flags + logreg,Keratitis,0.06047819971870605,0.6364430648799377,0.12402285896554914
2,documentation flags + logreg,Lacrimal disorder,0.0379746835443038,0.6087127797752038,0.07826100503431302
2,documentation flags + logreg,Lacrimation increased,0.1019690576652602,0.4996318587693498,0.14653406040061578
2,documentation flags + logreg,Laryngeal oedema,0.0639943741209564,0.5135846050674214,0.11000866720719056
2,documentation flags + logreg,Laryngeal pain,0.07313642756680731,0.5878236056585467,0.11439682981203396
2,documentation flags + logreg,Laryngitis,0.06821378340365682,0.6745662891794737,0.17150332787656727
2,documentation flags + logreg,Laryngospasm,0.07243319268635724,0.6232386417598277,0.1504687855685622
2,documentation flags + logreg,Lethargy,0.15611814345991562,0.6400076621668802,0.27335043537029086
2,documentation flags + logreg,Leukocytoclastic vasculitis,0.03938115330520394,0.664209024302885,0.09499535733621509
2,documentation flags + logreg,Leukocytosis,0.10548523206751055,0.5769042277399923,0.18480713070609128
2,documentation flags + logreg,Leukoderma,0.04430379746835443,0.6976359514758876,0.17192644095506168
2,documentation flags + logreg,Leukopenia,0.35864978902953587,0.6428095037014375,0.47391247236275336
2,documentation flags + logreg,Libido decreased,0.14767932489451477,0.6403416717426677,0.23679425942790902
2,documentation flags + logreg,Libido increased,0.057665260196905765,0.6313992334638563,0.1250211093821738
2,documentation flags + logreg,Liver disorder,0.06610407876230662,0.6226548765614219,0.12055374669118168
2,documentation flags + logreg,Liver function test abnormal,0.17440225035161744,0.6168408959153338,0.2494866563174804
2,documentation flags + logreg,Liver injury,0.08649789029535865,0.5953381912737401,0.14647316776052258
2,documentation flags + logreg,Local reaction,0.053445850914205346,0.6528929625969836,0.12957760968582271
2,documentation flags + logreg,Loss of consciousness,0.37060478199718705,0.6380984662244551,0.5180457489719268
2,documentation flags + logreg,Loss of libido,0.03867791842475387,0.7089091941492629,0.12293073352032716
2,documentation flags + logreg,Lung disorder,0.05414908579465542,0.5614530725257239,0.09435183469208377
2,documentation flags + logreg,Lung infiltration,0.04289732770745429,0.5584097637036598,0.058606725023605755
2,documentation flags + logreg,Lymphadenopathy,0.13291139240506328,0.6284684633543798,0.2349465526816202
2,documentation flags + logreg,Lymphopenia,0.05063291139240506,0.521741162561578,0.07018549341948581
2,documentation flags + logreg,Malaise,0.35372714486638535,0.6363703519488298,0.5013221123867576
2,documentation flags + logreg,Malnutrition,0.33122362869198313,0.5763352875773574,0.4126321459956529
2,documentation flags + logreg,Mania,0.06751054852320675,0.6908858695919369,0.21514941178043695
2,documentation flags + logreg,Mediastinal disorder,0.31856540084388185,0.5845291065447327,0.4043682559601843
2,documentation flags + logreg,Melaena,0.10970464135021098,0.6367456111032127,0.22783081996132296
2,documentation flags + logreg,Memory impairment,0.07735583684950774,0.6740906108729369,0.17887546961669906
2,documentation flags + logreg,Meningitis,0.03867791842475387,0.6386515079099098,0.18072639467646306
2,documentation flags + logreg,Menopausal symptoms,0.1589310829817159,0.6015595779421851,0.22612838053783008
2,documentation flags + logreg,Menorrhagia,0.07524613220815753,0.6984072423685752,0.18806676385186538
2,documentation flags + logreg,Menstrual disorder,0.06469760900140648,0.7084682752556243,0.17146689100608117
2,documentation flags + logreg,Menstruation irregular,0.05555555555555555,0.6503824196195171,0.1527120352267431
2,documentation flags + logreg,Mental disability,0.12306610407876231,0.6523445228696864,0.21456188279162633
2,documentation flags + logreg,Mental disorder,0.3227848101265823,0.5987794197484538,0.43508327380331896
2,documentation flags + logreg,Metrorrhagia,0.07172995780590717,0.6618344819691119,0.1992351064077428
2,documentation flags + logreg,Micturition urgency,0.05414908579465542,0.5666876206238713,0.11674542779997762
2,documentation flags + logreg,Migraine,0.16455696202531644,0.6499602698955254,0.2859806476405095
2,documentation flags + logreg,Mood swings,0.17088607594936708,0.6376593728159984,0.30765706467787396
2,documentation flags + logreg,Mouth ulceration,0.1209563994374121,0.6444745845161103,0.2267335077848302
2,documentation flags + logreg,Mucosal inflammation,0.05625879043600562,0.5263745815252577,0.06717674761952806
2,documentation flags + logreg,Multiple fractures,0.05485232067510549,0.7271169716506908,0.20003926667433897
2,documentation flags + logreg,Muscle contractions involuntary,0.03867791842475387,0.5684149469201031,0.07415635910828136
2,documentation flags + logreg,Muscle relaxant therapy,0.04289732770745429,0.6784397813155737,0.101166981430078
2,documentation flags + logreg,Muscle rigidity,0.04360056258790436,0.6241192061411308,0.09068364849193944
2,documentation flags + logreg,Muscle spasms,0.340365682137834,0.6270163122196126,0.47449054527695944
2,documentation flags + logreg,Muscle twitching,0.10267229254571027,0.6528188568760853,0.1909913061853623
2,documentation flags + logreg,Muscular weakness,0.19760900140646975,0.6282311314785153,0.33842139027518425
2,documentation flags + logreg,Musculoskeletal discomfort,0.4859353023909986,0.6379459399430523,0.6237095124726568
2,documentation flags + logreg,Musculoskeletal pain,0.11673699015471167,0.6265936529082708,0.19840608533434545
2,documentation flags + logreg,Musculoskeletal stiffness,0.09774964838255977,0.6287049890392775,0.18412107458516083
2,documentation flags + logreg,Myalgia,0.39943741209563993,0.6383089825514555,0.5536606094366908
2,documentation flags + logreg,Mydriasis,0.07665260196905767,0.614992832674859,0.14030131959992492
2,documentation flags + logreg,Myocardial infarction,0.2348804500703235,0.644510866826104,0.37110104962231977
2,documentation flags + logreg,Myocardial ischaemia,0.08227848101265822,0.5396088160805179,0.11287987050372408
2,documentation flags + logreg,Myoclonus,0.05485232067510549,0.6733414148834089,0.14429951364963087
2,documentation flags + logreg,Myopathy,0.07665260196905767,0.6211293368108665,0.17842627044032494
2,documentation flags + logreg,Myositis,0.0450070323488045,0.6083282860996159,0.14362674602378106
2,documentation flags + logreg,Nail disorder,0.06047819971870605,0.6026946488421124,0.11064187634771447
2,documentation flags + logreg,Nasal congestion,0.1441631504922644,0.6177125025664433,0.2233887452386183
2,documentation flags + logreg,Nasopharyngitis,0.20042194092827004,0.6138205767569296,0.2921489293904454
2,documentation flags + logreg,Nausea,0.8438818565400844,0.6583044833097081,0.8992007971044647
2,documentation flags + logreg,Neck pain,0.10548523206751055,0.6218654446733299,0.18791046524909133
2,documentation flags + logreg,Necrosis,0.06962025316455696,0.5792734235692285,0.18617571481826994
2,documentation flags + logreg,Neoplasm,0.12447257383966245,0.5660812887858612,0.19295980837938315
2,documentation flags + logreg,Neoplasm malignant,0.09423347398030943,0.5521903669177927,0.1442280082545244
2,documentation flags + logreg,Nephrolithiasis,0.0808720112517581,0.6133012000198867,0.15847384304392903
2,documentation flags + logreg,Nephropathy,0.04289732770745429,0.5402338562129609,0.07427891747463714
2,documentation flags + logreg,Nephropathy toxic,0.053445850914205346,0.6845732387772179,0.09970433966790843
2,documentation flags + logreg,Nephrotic syndrome,0.04430379746835443,0.5751032852878039,0.08488956383066135
2,documentation flags + logreg,Nervous system disorder,0.4409282700421941,0.5837896601240277,0.5228760460665531
2,documentation flags + logreg,Nervousness,0.3059071729957806,0.6766923907197174,0.46854137684830705
2,documentation flags + logreg,Neuralgia,0.06821378340365682,0.6400617894313392,0.13926970824406354
2,documentation flags + logreg,Neuritis,0.07172995780590717,0.6665681022152029,0.2271174790548729
2,documentation flags + logreg,Neuroleptic malignant syndrome,0.04360056258790436,0.6769751210661055,0.12286014882462246
2,documentation flags + logreg,Neuropathy peripheral,0.2390998593530239,0.647161197101188,0.380448656216102
2,documentation flags + logreg,Neutropenia,0.21940928270042195,0.6086796295304384,0.3127314348834801
2,documentation flags + logreg,Night sweats,0.05555555555555555,0.5252668809220139,0.061058794836523086
2,documentation flags + logreg,Nightmare,0.10407876230661041,0.6998111762390112,0.2459225198673613
2,documentation flags + logreg,Nocturia,0.09563994374120956,0.6526380749138936,0.20160728064992933
2,documentation flags + logreg,Nuchal rigidity,0.04852320675105485,0.6160052565064799,0.14211943883010036
2,documentation flags + logreg,Nystagmus,0.06821378340365682,0.6738127663140123,0.14749497430972314
2,documentation flags + logreg,Ocular hyperaemia,0.04008438818565401,0.5866505071489269,0.07593317205982411
2,documentation flags + logreg,Oedema,0.4015471167369902,0.6408604035946819,0.5373178860998318
2,documentation flags + logreg,Oedema peripheral,0.2876230661040788,0.6147544639160375,0.39219166713270126
2,documentation flags + logreg,Oesophagitis,0.12025316455696203,0.6834793750334448,0.28271312452140174
2,documentation flags + logreg,Oliguria,0.09212376933895922,0.6222819880394084,0.1849939184492469
2,documentation flags + logreg,Opportunistic infection,0.0379746835443038,0.5119238279606633,0.14100157143042233
2,documentation flags + logreg,Optic neuritis,0.06610407876230662,0.663398593128527,0.22259096285620217
2,documentation flags + logreg,Oral candidiasis,0.06751054852320675,0.6182564134258838,0.1186689528223505
2,documentation flags + logreg,Oropharyngeal discomfort,0.07454289732770746,0.6671562400686929,0.15410469475142224
2,documentation flags + logreg,Oropharyngeal pain,0.10407876230661041,0.6115816951863536,0.15792224797610183
2,documentation flags + logreg,Orthostatic hypotension,0.17862165963431786,0.6304783532828705,0.26756088247764426
2,documentation flags + logreg,Osteoarthritis,0.15611814345991562,0.6874258935753594,0.3222884839090189
2,documentation flags + logreg,Osteonecrosis,0.035161744022503515,0.6527280605895316,0.1582125608174093
2,documentation flags + logreg,Osteoporosis,0.05977496483825598,0.6454049762288712,0.17387142064155908
2,documentation flags + logreg,Otitis media,0.07243319268635724,0.7047098031249035,0.20795081487842118
2,documentation flags + logreg,Pain,0.5203938115330521,0.6053301693118412,0.6335030054901333
2,documentation flags + logreg,Pain in extremity,0.17932489451476794,0.6009643567406001,0.2681514389025924
2,documentation flags + logreg,Pallor,0.09563994374120956,0.593309163569761,0.1496138451869544
2,documentation flags + logreg,Palpitations,0.3551336146272855,0.6866801895609824,0.5343547366505089
2,documentation flags + logreg,Pancreatitis,0.22292545710267228,0.6505039900197088,0.38524985779583315
2,documentation flags + logreg,Pancreatitis acute,0.04219409282700422,0.6224219957237771,0.14587731034810342
2,documentation flags + logreg,Pancytopenia,0.2088607594936709,0.6076283152465287,0.28906121174553656
2,documentation flags + logreg,Paraesthesia,0.45639943741209565,0.6401598432980109,0.6087804608769012
2,documentation flags + logreg,Paraesthesia oral,0.04149085794655415,0.5507949562889682,0.08028810876409996
2,documentation flags + logreg,Paralysis,0.06680731364275667,0.6150201166628024,0.14854343352045807
2,documentation flags + logreg,Paranoia,0.06258790436005626,0.6470746446287627,0.14371535744978953
2,documentation flags + logreg,Parkinsonism,0.03656821378340366,0.6532548172165121,0.08295444142426693
2,documentation flags + logreg,Parosmia,0.06329113924050633,0.620693964903412,0.15890840352876462
2,documentation flags + logreg,Pelvic pain,0.057665260196905765,0.6053639645342863,0.12877472473779283
2,documentation flags + logreg,Peptic ulcer,0.06821378340365682,0.6784088483897253,0.21133433121800976
2,documentation flags + logreg,Pericardial effusion,0.035161744022503515,0.45747204029243055,0.037577476671280655
2,documentation flags + logreg,Pericarditis,0.03867791842475387,0.5890580023627084,0.055449153940982265
2,documentation flags + logreg,Periorbital oedema,0.035161744022503515,0.5630278407027324,0.05225601631699629
2,documentation flags + logreg,Peripheral coldness,0.03938115330520394,0.6782444369468195,0.08813393419703712
2,documentation flags + logreg,Peripheral vascular disorder,0.04289732770745429,0.5955260930200652,0.11520599192885506
2,documentation flags + logreg,Personality disorder,0.03656821378340366,0.5644135036411452,0.08021817303617193
2,documentation flags + logreg,Petechiae,0.0850914205344585,0.6323475203480843,0.2184485631823078
2,documentation flags + logreg,Pharyngitis,0.270042194092827,0.6454365937695483,0.41717632046914277
2,documentation flags + logreg,Phlebitis,0.1209563994374121,0.6149758063766704,0.1969718452921275
2,documentation flags + logreg,Photophobia,0.11251758087201125,0.5575479047636429,0.134037791775419
2,documentation flags + logreg,Photosensitivity reaction,0.21308016877637131,0.70172300658499,0.3898238758085612
2,documentation flags + logreg,Platelet count decreased,0.057665260196905765,0.6371474007686347,0.09594758839795031
2,documentation flags + logreg,Pleural effusion,0.08157524613220815,0.5648275906148558,0.1304972466792123
2,documentation flags + logreg,Pneumonia,0.23628691983122363,0.6212608812090579,0.3392117814722359
2,documentation flags + logreg,Pneumothorax,0.0450070323488045,0.4726910725034424,0.09851293204654529
2,documentation flags + logreg,Pollakiuria,0.2109704641350211,0.6560397566237126,0.35827966079391915
2,documentation flags + logreg,Polyp,0.05907172995780591,0.5105436682218889,0.07683562324489507
2,documentation flags + logreg,Polyuria,0.13853727144866385,0.6615943503958577,0.25133378149607627
2,documentation flags + logreg,Pregnancy,0.04992967651195499,0.6554074887263865,0.1322867426332956
2,documentation flags + logreg,Priapism,0.04571026722925457,0.6314551639375809,0.12781982809661085
2,documentation flags + logreg,Proctalgia,0.04360056258790436,0.6126903500551271,0.12263421200096498
2,documentation flags + logreg,Protein urine present,0.09634317862165963,0.5805525530125776,0.13628959226400364
2,documentation flags + logreg,Proteinuria,0.09423347398030943,0.5892537883076443,0.13566893034157398
2,documentation flags + logreg,Prothrombin level increased,0.03727144866385373,0.6135821798089174,0.09766012347022282
2,documentation flags + logreg,Prurigo,0.04219409282700422,0.5517032262871747,0.05705565887403481
2,documentation flags + logreg,Pruritus,0.6638537271448663,0.6337726451397085,0.7624310444887437
2,documentation flags + logreg,Pseudomembranous colitis,0.04571026722925457,0.7277248972508322,0.115810125127043
2,documentation flags + logreg,Psoriasis,0.056962025316455694,0.6899211970298355,0.1428176042631834
2,documentation flags + logreg,Psychotic disorder,0.1568213783403657,0.6606031739671054,0.28246411927997844
2,documentation flags + logreg,Pulmonary embolism,0.1209563994374121,0.6188947785618664,0.19291272170476437
2,documentation flags + logreg,Pulmonary fibrosis,0.04289732770745429,0.5704404665189451,0.06220785673565812
2,documentation flags + logreg,Pulmonary function test decreased,0.06540084388185655,0.5370029367238247,0.10944764635639234
2,documentation flags + logreg,Pulmonary oedema,0.1258790436005626,0.5627060261775172,0.22085498976785503
2,documentation flags + logreg,Purpura,0.15260196905766527,0.6928717559392089,0.32037456208727033
2,documentation flags + logreg,Rash,0.760196905766526,0.7025289858034544,0.8696170099187048
2,documentation flags + logreg,Rash erythematous,0.0759493670886076,0.6590727103644686,0.1915960098779019
2,documentation flags + logreg,Rash generalised,0.03727144866385373,0.5705831824824792,0.05381370443969251
2,documentation flags + logreg,Rash macular,0.035864978902953586,0.5718111114730935,0.05536631659607394
2,documentation flags + logreg,Rash maculo-papular,0.1209563994374121,0.6528052767702996,0.249820508491391
2,documentation flags + logreg,Rash pustular,0.07524613220815753,0.6408849727537247,0.1644185392026957
2,documentation flags + logreg,Rectal haemorrhage,0.0970464135021097,0.6878550523515523,0.23210344424373508
2,documentation flags + logreg,Renal failure,0.23277074542897327,0.6119590786189196,0.32507267131984147
2,documentation flags + logreg,Renal failure acute,0.14838255977496484,0.598522133153524,0.241178586692604
2,documentation flags + logreg,Renal impairment,0.14838255977496484,0.6507055488724215,0.27165400709436915
2,documentation flags + logreg,Renal pain,0.047116736990154715,0.6117663593118314,0.1396822068602382
2,documentation flags + logreg,Respiratory arrest,0.035864978902953586,0.5584882186893311,0.04994858617439964
2,documentation flags + logreg,Respiratory depression,0.06469760900140648,0.5396552425329945,0.10979200829571245
2,documentation flags + logreg,Respiratory distress,0.06258790436005626,0.5436170364596868,0.11899932608243043
2,documentation flags + logreg,Respiratory failure,0.09915611814345991,0.5119409398896113,0.13589989796618843
2,documentation flags + logreg,Respiratory tract infection,0.05555555555555555,0.7273518920482672,0.13737857029419107
2,documentation flags + logreg,Rhabdomyolysis,0.09563994374120956,0.6259365344533083,0.15492150660901038
2,documentation flags + logreg,Rhinitis,0.26652601969057665,0.6452767329970384,0.4199799020384466
2,documentation flags + logreg,Rhinorrhoea,0.0850914205344585,0.6184693682020771,0.13663682234631042
2,documentation flags + logreg,Salivary hypersecretion,0.10618846694796062,0.6065050284114932,0.17352790568466858
2,documentation flags + logreg,Scotoma,0.07032348804500703,0.6212911315486412,0.16032356546427998
2,documentation flags + logreg,Seborrhoeic dermatitis,0.06469760900140648,0.6041063573493142,0.14226822002832135
2,documentation flags + logreg,Sensory loss,0.0850914205344585,0.5785582798066564,0.14231828917718442
2,documentation flags + logreg,Sepsis,0.13431786216596342,0.5315832401354187,0.16553258664401388
2,documentation flags + logreg,Serum sickness,0.040787623066104076,0.672175105628455,0.10461932950627792
2,documentation flags + logreg,Sexual dysfunction,0.051336146272855133,0.7172948851257674,0.17251430430783307
2,documentation flags + logreg,Shock,0.41561181434599154,0.6297136573549366,0.5568094971244354
2,documentation flags + logreg,Sinus bradycardia,0.04289732770745429,0.6506321817763212,0.08980195668065796
2,documentation flags + logreg,Sinus congestion,0.0450070323488045,0.6657139282433475,0.10060736901239183
2,documentation flags + logreg,Sinusitis,0.25035161744022505,0.6557063481538472,0.39257843405948656
2,documentation flags + logreg,Skin discolouration,0.09634317862165963,0.6190268400390365,0.1938443549894869
2,documentation flags + logreg,Skin disorder,0.44585091420534456,0.5769764263776471,0.5183075625597586
2,documentation flags + logreg,Skin exfoliation,0.1111111111111111,0.6148376761389335,0.20463162382709776
2,documentation flags + logreg,Skin hyperpigmentation,0.05485232067510549,0.574654573393352,0.1340805186951908
2,documentation flags + logreg,Skin irritation,0.03867791842475387,0.6429524297167143,0.09456882360196074
2,documentation flags + logreg,Skin striae,0.03656821378340366,0.7741354499719051,0.13403794006017014
2,documentation flags + logreg,Skin ulcer,0.07735583684950774,0.6674728368622096,0.1905017042045694
2,documentation flags + logreg,Sleep disorder,0.13783403656821377,0.6694259831763466,0.2713397711694825
2,documentation flags + logreg,Sneezing,0.06258790436005626,0.5095064228801209,0.08281281892470034
2,documentation flags + logreg,Somnolence,0.46835443037974683,0.66271356383164,0.6194727216698152
2,documentation flags + logreg,Speech disorder,0.0829817158931083,0.6433584186272325,0.15523365785239235
2,documentation flags + logreg,Stevens-Johnson syndrome,0.22292545710267228,0.6843157839669483,0.37253647749901575
2,documentation flags + logreg,Stomatitis,0.2320675105485232,0.6413312528243769,0.343632838695429
2,documentation flags + logreg,Stupor,0.06891701828410689,0.6249245726412039,0.14124778731818993
2,documentation flags + logreg,Sudden death,0.04289732770745429,0.7051252618833624,0.10703506237515732
2,documentation flags + logreg,Suicidal ideation,0.0639943741209564,0.6792662107634312,0.20029754950914258
2,documentation flags + logreg,Suicide attempt,0.04922644163150492,0.640702664174691,0.10847386984452215
2,documentation flags + logreg,Supraventricular tachycardia,0.057665260196905765,0.5737002262502857,0.09531846951241968
2,documentation flags + logreg,Swelling,0.14486638537271448,0.586794390163362,0.2204596879445538
2,documentation flags + logreg,Swelling face,0.03656821378340366,0.5898857594823237,0.04873952743659212
2,documentation flags + logreg,Syncope,0.35372714486638535,0.6402335238859657,0.5047052383978694
2,documentation flags + logreg,Systemic lupus erythematosus,0.053445850914205346,0.6631205203850328,0.12841115065090916
2,documentation flags + logreg,Tachycardia,0.4191279887482419,0.6277582488862405,0.5620441642113566
2,documentation flags + logreg,Tenderness,0.0850914205344585,0.6045877597765802,0.1380790902616134
2,documentation flags + logreg,Tension,0.30239099859353025,0.6708857702595177,0.455639017191768
2,documentation flags + logreg,Thinking abnormal,0.08720112517580872,0.6615732720856816,0.17666001316045085
2,documentation flags + logreg,Thirst,0.1490857946554149,0.6312062418810184,0.258608812548723
2,documentation flags + logreg,Throat irritation,0.04922644163150492,0.5641735076902541,0.06203997864880806
2,documentation flags + logreg,Throat tightness,0.03727144866385373,0.5793464159291558,0.05746453463862319
2,documentation flags + logreg,Thrombocytopenia,0.4212376933895921,0.6662365121012204,0.570587355777451
2,documentation flags + logreg,Thrombocytopenic purpura,0.03867791842475387,0.6469114068101633,0.10541639817569752
2,documentation flags + logreg,Thrombocytosis,0.05977496483825598,0.6357387558804765,0.14568269773516535
2,documentation flags + logreg,Thrombophlebitis,0.14556962025316456,0.6279434032510395,0.2546065696212588
2,documentation flags + logreg,Thrombosis,0.07946554149085795,0.515364084657629,0.11515209433673697
2,documentation flags + logreg,Tinnitus,0.27637130801687765,0.6668179677804815,0.4315955221009992
2,documentation flags + logreg,Tongue discolouration,0.04149085794655415,0.6734864989771013,0.11384404411249735
2,documentation flags + logreg,Tongue disorder,0.0710267229254571,0.643203968017499,0.13922906534080495
2,documentation flags + logreg,Tongue oedema,0.052742616033755275,0.6573411884757581,0.11668668235184813
2,documentation flags + logreg,Tooth disorder,0.05907172995780591,0.6787230473881418,0.1337314194781604
2,documentation flags + logreg,Toothache,0.05977496483825598,0.6160854005869495,0.12770505850752528
2,documentation flags + logreg,Torsade de pointes,0.0639943741209564,0.6413688437982228,0.13101861746759252
2,documentation flags + logreg,Toxic epidermal necrolysis,0.180028129395218,0.6899037766196163,0.3380457582854085
2,documentation flags + logreg,Transaminases increased,0.06891701828410689,0.61152845571498,0.14848843085494706
2,documentation flags + logreg,Transient ischaemic attack,0.04922644163150492,0.5464253487609814,0.08445358423818969
2,documentation flags + logreg,Tremor,0.32770745428973275,0.6200558547318733,0.4417999104862368
2,documentation flags + logreg,Tubulointerstitial nephritis,0.08016877637130802,0.6410518748078948,0.16251259015524322
2,documentation flags + logreg,Ulcer,0.09282700421940929,0.6818758012503721,0.22910536203408416
2,documentation flags + logreg,Upper respiratory tract infection,0.2320675105485232,0.6471022635402033,0.3601222121147295
2,documentation flags + logreg,Urethral disorder,0.2714486638537271,0.59763394436903,0.3465158705935031
2,documentation flags + logreg,Urinary incontinence,0.11251758087201125,0.6404375042767935,0.22360762438919618
2,documentation flags + logreg,Urinary retention,0.16736990154711673,0.6583768209053792,0.2949673733963184
2,documentation flags + logreg,Urinary tract disorder,0.26863572433192684,0.6009844771592638,0.3460481554813882
2,documentation flags + logreg,Urinary tract infection,0.24824191279887484,0.632656407015956,0.3711451976669201
2,documentation flags + logreg,Urine abnormality,0.04571026722925457,0.5880125321347995,0.10170700250583646
2,documentation flags + logreg,Urine analysis abnormal,0.04992967651195499,0.5952918129022674,0.1120826481835574
2,documentation flags + logreg,Urine output increased,0.12236286919831224,0.6579781884790478,0.23220651475056392
2,documentation flags + logreg,Urticaria,0.5590717299578059,0.6629505328439036,0.7050948319486467
2,documentation flags + logreg,VIIth nerve paralysis,0.03727144866385373,0.6356470878003426,0.08901640066904011
2,documentation flags + logreg,Vaginal discharge,0.06047819971870605,0.666629233658756,0.1863930534717278
2,documentation flags + logreg,Vaginal haemorrhage,0.08227848101265822,0.6195957799974494,0.17257623387987558
2,documentation flags + logreg,Vaginal infection,0.11673699015471167,0.6723691199217658,0.23044801553365263
2,documentation flags + logreg,Vaginal inflammation,0.10829817158931083,0.703751607089182,0.2311706218726653
2,documentation flags + logreg,Vascular purpura,0.14135021097046413,0.6753286419892995,0.29499608940080785
2,documentation flags + logreg,Vasculitis,0.10689170182841069,0.7412963708227464,0.31374013051511185
2,documentation flags + logreg,Vasodilation procedure,0.09353023909985936,0.5499610468791506,0.1668298094232989
2,documentation flags + logreg,Ventricular arrhythmia,0.07032348804500703,0.5945056371044793,0.12056666064970949
2,documentation flags + logreg,Ventricular extrasystoles,0.090014064697609,0.6187273218350882,0.15879067645702674
2,documentation flags + logreg,Ventricular fibrillation,0.07243319268635724,0.624396088600653,0.12981244771567174
2,documentation flags + logreg,Ventricular tachycardia,0.1019690576652602,0.6443947657313701,0.19423306772822171
2,documentation flags + logreg,Vertigo,0.3558368495077356,0.6832858419803598,0.5408687209522036
2,documentation flags + logreg,Viral infection,0.09142053445850915,0.6787110907340899,0.2024368779128271
2,documentation flags + logreg,Vision blurred,0.3227848101265823,0.6580828462771058,0.46911474514731133
2,documentation flags + logreg,Visual acuity reduced,0.052742616033755275,0.5984990691908015,0.11315684484757413
2,documentation flags + logreg,Visual impairment,0.2714486638537271,0.6445250768580657,0.40960105132058555
2,documentation flags + logreg,Vomiting,0.759493670886076,0.6116626395820317,0.8230716449521005
2,documentation flags + logreg,Vulvovaginal candidiasis,0.051336146272855133,0.7147284649834929,0.14408237936015
2,documentation flags + logreg,Vulvovaginal mycotic infection,0.05555555555555555,0.6784560930722423,0.13829481258494364
2,documentation flags + logreg,Weight decreased,0.22433192686357242,0.590924931030121,0.30668184437147233
2,documentation flags + logreg,Weight increased,0.23136427566807313,0.6554577064411549,0.37082186546616724
2,documentation flags + logreg,Wheezing,0.12165963431786217,0.5612243771233933,0.17350211974727706
2,documentation flags + logreg,White blood cell count decreased,0.046413502109704644,0.500063008599408,0.05471718889534599
2,knn5 tanimoto,Abdominal discomfort,0.20253164556962025,0.5279050736984561,0.23856004543564432
2,knn5 tanimoto,Abdominal distension,0.20815752461322082,0.5713272338862071,0.2734901611746775
2,knn5 tanimoto,Abdominal pain,0.580168776371308,0.6011548444146317,0.6458230274556168
2,knn5 tanimoto,Abdominal pain upper,0.18846694796061886,0.5535356360457884,0.21192070962340975
2,knn5 tanimoto,Abnormal dreams,0.10548523206751055,0.6496791650804001,0.2141539870024352
2,knn5 tanimoto,Abscess,0.07805907172995781,0.5769071133522914,0.10540498549090474
2,knn5 tanimoto,Accommodation disorder,0.04922644163150492,0.7433861664602317,0.28661732865048456
2,knn5 tanimoto,Acidosis,0.0450070323488045,0.5795989303237842,0.09158590787996213
2,knn5 tanimoto,Acne,0.09282700421940929,0.6693526427666004,0.21359337080759483
2,knn5 tanimoto,Acute coronary syndrome,0.2348804500703235,0.647751309956971,0.3603625804656992
2,knn5 tanimoto,Affect lability,0.1617440225035162,0.6231329251208053,0.27071148105488385
2,knn5 tanimoto,Ageusia,0.07946554149085795,0.5273815454563497,0.10566538332319256
2,knn5 tanimoto,Aggression,0.0850914205344585,0.6003904360520057,0.15492599712618954
2,knn5 tanimoto,Agitation,0.3340365682137834,0.6284305384499319,0.4346766730947955
2,knn5 tanimoto,Agranulocytosis,0.23347398030942335,0.7475984132000036,0.47696582920870834
2,knn5 tanimoto,Akathisia,0.04852320675105485,0.811102151383855,0.359429323334013
2,knn5 tanimoto,Alanine aminotransferase increased,0.19268635724331926,0.6286935029082399,0.2820387361977893
2,knn5 tanimoto,Albuminuria,0.0710267229254571,0.5854412115859483,0.10523898158278602
2,knn5 tanimoto,Alopecia,0.3108298171589311,0.6490783149514606,0.4300025876208312
2,knn5 tanimoto,Altered state of consciousness,0.040787623066104076,0.5494730006042223,0.05204372386100942
2,knn5 tanimoto,Amblyopia,0.07383966244725738,0.5182864422370027,0.07971137183024085
2,knn5 tanimoto,Amenorrhoea,0.08720112517580872,0.6677830132219104,0.22374005875963948
2,knn5 tanimoto,Amnesia,0.14486638537271448,0.5943879221354565,0.19940577685539665
2,knn5 tanimoto,Amylase increased,0.04430379746835443,0.5766063972058653,0.10817044057970833
2,knn5 tanimoto,Anaemia,0.36146272855133615,0.6256751582194064,0.461298154238513
2,knn5 tanimoto,Anaphylactic shock,0.4388185654008439,0.6149528161802451,0.5325811148490651
2,knn5 tanimoto,Anaphylactoid reaction,0.17651195499296765,0.6197978612709425,0.2674532859587751
2,knn5 tanimoto,Angina pectoris,0.2039381153305204,0.6461345243823733,0.3389029443129254
2,knn5 tanimoto,Angioedema,0.37060478199718705,0.6185305046016922,0.4693931115330098
2,knn5 tanimoto,Angiopathy,0.319971870604782,0.5789065867475017,0.37465384024806153
2,knn5 tanimoto,Anorectal discomfort,0.051336146272855133,0.554258214340396,0.07510234548995298
2,knn5 tanimoto,Anorectal disorder,0.04289732770745429,0.515250519131583,0.07304841865969756
2,knn5 tanimoto,Anxiety,0.38466947960618847,0.606594605944145,0.45630411835956775
2,knn5 tanimoto,Apathy,0.06188466947960619,0.5951468940344707,0.08148056316327545
2,knn5 tanimoto,Aphasia,0.06047819971870605,0.5603402006993401,0.09017850023829926
2,knn5 tanimoto,Aphthous stomatitis,0.03938115330520394,0.5632274497176678,0.05312407337535543
2,knn5 tanimoto,Aplastic anaemia,0.11392405063291139,0.7236481945399131,0.2902145267720695
2,knn5 tanimoto,Apnoea,0.08368495077355836,0.643914139301774,0.17031578962229912
2,knn5 tanimoto,Application site pain,0.04289732770745429,0.49257197047059,0.046238226867055476
2,knn5 tanimoto,Application site reaction,0.03727144866385373,0.49716991300500224,0.03985268720762143
2,knn5 tanimoto,Arrhythmia,0.28621659634317864,0.589485558789171,0.3587231552677827
2,knn5 tanimoto,Arrhythmia supraventricular,0.035161744022503515,0.5196875627876683,0.03952272577167361
2,knn5 tanimoto,Arthralgia,0.4120956399437412,0.5973940751528767,0.4982962547051903
2,knn5 tanimoto,Arthritis,0.1568213783403657,0.557408387773569,0.19498137813616206
2,knn5 tanimoto,Arthropathy,0.0949367088607595,0.5592645028922203,0.11771364410755084
2,knn5 tanimoto,Aspartate aminotransferase increased,0.1940928270042194,0.6445084387794737,0.2949058823529056
2,knn5 tanimoto,Asthenia,0.6371308016877637,0.661255928839213,0.743860136574282
2,knn5 tanimoto,Asthma,0.19057665260196907,0.5314635327763121,0.21661205549053303
2,knn5 tanimoto,Ataxia,0.1680731364275668,0.6689806178407343,0.31959017927658395
2,knn5 tanimoto,Atrial fibrillation,0.1469760900140647,0.5948595026596707,0.1869638866717966
2,knn5 tanimoto,Atrioventricular block,0.09423347398030943,0.6707673127619167,0.2431183288455115
2,knn5 tanimoto,Azotaemia,0.0450070323488045,0.6023814811416056,0.08028484015742493
2,knn5 tanimoto,Back pain,0.3509142053445851,0.5861486152260589,0.41317247538476254
2,knn5 tanimoto,Bacterial infection,0.03867791842475387,0.6708286910880084,0.09621675974723132
2,knn5 tanimoto,Balance disorder,0.04781997187060478,0.604786376054417,0.12850917410808133
2,knn5 tanimoto,Bladder pain,0.11744022503516174,0.5882921671372621,0.15820259725999264
2,knn5 tanimoto,Blepharitis,0.05555555555555555,0.6053000311823842,0.10567860476927733
2,knn5 tanimoto,Blindness,0.052742616033755275,0.5660090451448954,0.07486638825365656
2,knn5 tanimoto,Blister,0.0710267229254571,0.5245973767881599,0.07924703043461781
2,knn5 tanimoto,Blood alkaline phosphatase increased,0.13431786216596342,0.6000712619276389,0.18447223967870158
2,knn5 tanimoto,Blood bilirubin increased,0.0970464135021097,0.6567182671322745,0.19184802509613577
2,knn5 tanimoto,Blood creatine phosphokinase increased,0.06821378340365682,0.675005126111455,0.16136071262173166
2,knn5 tanimoto,Blood creatinine increased,0.1751054852320675,0.6443785355969331,0.2940428051233093
2,knn5 tanimoto,Blood disorder,0.08720112517580872,0.5881210979521005,0.1338381041657306
2,knn5 tanimoto,Blood glucose increased,0.046413502109704644,0.529037965074362,0.07089128178610452
2,knn5 tanimoto,Blood lactate dehydrogenase increased,0.058368495077355836,0.6290887427272877,0.11683743399281274
2,knn5 tanimoto,Blood pressure increased,0.10337552742616034,0.6186121713264559,0.16219335310695995
2,knn5 tanimoto,Blood triglycerides increased,0.06751054852320675,0.6275991889557493,0.12944742851539048
2,knn5 tanimoto,Blood urea increased,0.1160337552742616,0.6708023547203676,0.2332984365382429
2,knn5 tanimoto,Blood uric acid increased,0.10618846694796062,0.6607102274016758,0.24948052550487443
2,knn5 tanimoto,Body temperature decreased,0.046413502109704644,0.5816125855549558,0.09623697389822845
2,knn5 tanimoto,Body temperature increased,0.5414908579465542,0.6073160241902194,0.6215340848474631
2,knn5 tanimoto,Bone disorder,0.08931082981715893,0.555478388935731,0.10525544342438797
2,knn5 tanimoto,Bone pain,0.1090014064697609,0.6258697822501272,0.18390830391327462
2,knn5 tanimoto,Bradycardia,0.2559774964838256,0.630641003136808,0.37227342389020474
2,knn5 tanimoto,Breast cancer,0.035864978902953586,0.7028113430911292,0.18486483135831458
2,knn5 tanimoto,Breast disorder,0.180028129395218,0.621106627395608,0.2834251879746645
2,knn5 tanimoto,Breast enlargement,0.06258790436005626,0.7105301264437798,0.22924891997243205
2,knn5 tanimoto,Breast pain,0.09142053445850915,0.6493992782086682,0.21851674016784015
2,knn5 tanimoto,Bronchitis,0.21167369901547117,0.5769679035359776,0.25759673088350593
2,knn5 tanimoto,Bronchospasm,0.20182841068917018,0.6299746177822623,0.2989273005060539
2,knn5 tanimoto,Bundle branch block,0.04571026722925457,0.5680148418853385,0.0744869991582073
2,knn5 tanimoto,Burning sensation,0.07172995780590717,0.5682913850759088,0.10599168048224836
2,knn5 tanimoto,Bursitis,0.04360056258790436,0.5526999779532937,0.06128990442772932
2,knn5 tanimoto,Candida infection,0.11954992967651196,0.65271349042191,0.2303676970303803
2,knn5 tanimoto,Cardiac arrest,0.16736990154711673,0.6265726276283017,0.2534104944066264
2,knn5 tanimoto,Cardiac disorder,0.29254571026722925,0.6142181579606832,0.3641940106621642
2,knn5 tanimoto,Cardiac failure,0.15330520393811534,0.6158271187515985,0.21473736268973362
2,knn5 tanimoto,Cardiac failure congestive,0.1441631504922644,0.6240868646199166,0.2270122909356985
2,knn5 tanimoto,Cardiomyopathy,0.04360056258790436,0.6348852491170385,0.10923011431730537
2,knn5 tanimoto,Cardiovascular disorder,0.0850914205344585,0.5775050544496138,0.10541022230345283
2,knn5 tanimoto,Cataract,0.10126582278481013,0.6233091365493894,0.1575519345287022
2,knn5 tanimoto,Cellulitis,0.09282700421940929,0.6377107840676326,0.16072485818328874
2,knn5 tanimoto,Cerebral haemorrhage,0.04922644163150492,0.589187064928281,0.08850463791366485
2,knn5 tanimoto,Cerebral ischaemia,0.04219409282700422,0.6072228209277534,0.07796953511713159
2,knn5 tanimoto,Cerebrovascular accident,0.15822784810126583,0.6249453353062421,0.3203268677038052
2,knn5 tanimoto,Cerebrovascular disorder,0.035161744022503515,0.5663314351176744,0.05802385125020597
2,knn5 tanimoto,Chest discomfort,0.09634317862165963,0.6257709984816391,0.15618338661065173
2,knn5 tanimoto,Chest pain,0.38748241912798875,0.6059307981038206,0.4808816793840271
2,knn5 tanimoto,Chills,0.3108298171589311,0.6009145421046533,0.3862210469181124
2,knn5 tanimoto,Cholecystitis,0.052742616033755275,0.5475538083656822,0.06070658415427641
2,knn5 tanimoto,Cholelithiasis,0.06118143459915612,0.591720604144675,0.10611965785803235
2,knn5 tanimoto,Cholestasis,0.07243319268635724,0.6795482890087899,0.20834261138453192
2,knn5 tanimoto,Coagulopathy,0.07524613220815753,0.5702927467422936,0.09087208622688185
2,knn5 tanimoto,Cognitive disorder,0.04219409282700422,0.6184671994195818,0.09158680918542397
2,knn5 tanimoto,Cold sweat,0.03867791842475387,0.5132946818598676,0.05153539580061989
2,knn5 tanimoto,Colitis,0.10478199718706048,0.6381820709958191,0.202391889667844
2,knn5 tanimoto,Coma,0.1209563994374121,0.5618807172148332,0.15655895598248126
2,knn5 tanimoto,Completed suicide,0.04781997187060478,0.6206153375404442,0.10829080904365326
2,knn5 tanimoto,Confusional state,0.38255977496483823,0.6261925751301293,0.473863466253697
2,knn5 tanimoto,Conjunctival hyperaemia,0.0379746835443038,0.5040397718737804,0.055468805522286835
2,knn5 tanimoto,Conjunctivitis,0.23136427566807313,0.6084297648472103,0.2979760964943715
2,knn5 tanimoto,Connective tissue disorder,0.2848101265822785,0.5777837884633217,0.3392470535836128
2,knn5 tanimoto,Constipation,0.4929676511954993,0.6569795129349643,0.6136750975100523
2,knn5 tanimoto,Contusion,0.09774964838255977,0.5620888623534065,0.11587090612038262
2,knn5 tanimoto,Convulsion,0.36357243319268634,0.6218247198563197,0.4655423749233577
2,knn5 tanimoto,Coordination abnormal,0.09915611814345991,0.6444747673106421,0.21227310315633607
2,knn5 tanimoto,Cough,0.4008438818565401,0.562395994886117,0.4685759022837825
2,knn5 tanimoto,Cyanosis,0.06962025316455696,0.5828640391119903,0.12639819896542404
2,knn5 tanimoto,Cyst,0.06540084388185655,0.5938172275578653,0.09571406728642808
2,knn5 tanimoto,Cystitis,0.10759493670886076,0.5518179795903453,0.1386133686687577
2,knn5 tanimoto,Cystitis noninfective,0.10618846694796062,0.5533300499660342,0.13722885931907217
2,knn5 tanimoto,Deafness,0.1371308016877637,0.6042406168717767,0.20633213054476843
2,knn5 tanimoto,Decreased appetite,0.4838255977496484,0.6045462528589358,0.5567086956827018
2,knn5 tanimoto,Deep vein thrombosis,0.06680731364275667,0.6390577340145577,0.11719801869702935
2,knn5 tanimoto,Dehydration,0.17158931082981715,0.6237692039796697,0.254650873668138
2,knn5 tanimoto,Delirium,0.07876230661040788,0.5875949415784432,0.11119857421679491
2,knn5 tanimoto,Delusion,0.06821378340365682,0.7480508452511383,0.21677385101403343
2,knn5 tanimoto,Dementia,0.03727144866385373,0.6391021624763756,0.1747567425597311
2,knn5 tanimoto,Depersonalisation,0.06188466947960619,0.6070986958441325,0.09558295492165765
2,knn5 tanimoto,Depressed level of consciousness,0.10126582278481013,0.5918512345633787,0.14245849271110925
2,knn5 tanimoto,Depressed mood,0.035864978902953586,0.5334395594699423,0.07293703244991218
2,knn5 tanimoto,Depression,0.22644163150492264,0.6224801030912612,0.32951243720571854
2,knn5 tanimoto,Dermatitis,0.7658227848101266,0.5927357118172245,0.8051970689233526
2,knn5 tanimoto,Dermatitis atopic,0.07454289732770746,0.5281315230654972,0.0842760362117999
2,knn5 tanimoto,Dermatitis bullous,0.14767932489451477,0.5396749259422066,0.1724872373909706
2,knn5 tanimoto,Dermatitis contact,0.11181434599156118,0.6110690050161629,0.19360036513741297
2,knn5 tanimoto,Dermatitis exfoliative,0.14556962025316456,0.6496772270531472,0.2267989857923382
2,knn5 tanimoto,Diabetes mellitus,0.1441631504922644,0.6381071095072132,0.23282422012259968
2,knn5 tanimoto,Diarrhoea,0.6849507735583685,0.6274587012084113,0.7595471461714206
2,knn5 tanimoto,Diplopia,0.1518987341772152,0.6752270272825407,0.2611343872288188
2,knn5 tanimoto,Discomfort,0.3924050632911392,0.6052878756617923,0.4808756704361187
2,knn5 tanimoto,Disorientation,0.12376933895921238,0.6310569345125535,0.19789250641714387
2,knn5 tanimoto,Disturbance in attention,0.09071729957805907,0.5771941309858557,0.11761097236048675
2,knn5 tanimoto,Disturbance in sexual arousal,0.16455696202531644,0.7046446470666125,0.32233529831235097
2,knn5 tanimoto,Dizziness,0.7250351617440225,0.6188134788184929,0.7851394135537811
2,knn5 tanimoto,Drug eruption,0.05414908579465542,0.620961564378747,0.09140921787115583
2,knn5 tanimoto,Drug interaction,0.09353023909985936,0.581278639435945,0.12597023010514102
2,knn5 tanimoto,Drug withdrawal syndrome,0.04008438818565401,0.7592419117823667,0.18698484552991718
2,knn5 tanimoto,Dry eye,0.11462728551336146,0.6547037863895137,0.21415830908453892
2,knn5 tanimoto,Dry mouth,0.38959212376933894,0.675884651054698,0.555632433903181
2,knn5 tanimoto,Dry skin,0.18635724331926865,0.539085309398926,0.2222716454003828
2,knn5 tanimoto,Duodenal ulcer,0.03938115330520394,0.6031413732999499,0.0792334510215201
2,knn5 tanimoto,Dysarthria,0.09212376933895922,0.6680621407605638,0.2308786281932441
2,knn5 tanimoto,Dysgeusia,0.32208157524613223,0.5712270319887572,0.378100075551804
2,knn5 tanimoto,Dyskinesia,0.09142053445850915,0.7466848791327382,0.2836300116354944
2,knn5 tanimoto,Dysmenorrhoea,0.09845288326300984,0.5966812313438183,0.14491481379673415
2,knn5 tanimoto,Dyspepsia,0.4908579465541491,0.5991046865372425,0.569800163990908
2,knn5 tanimoto,Dysphagia,0.18565400843881857,0.6438248161071026,0.27760051015258397
2,knn5 tanimoto,Dysphonia,0.08649789029535865,0.6268731050588102,0.1485860967585066
2,knn5 tanimoto,Dyspnoea,0.4908579465541491,0.5949597124911257,0.573851453056369
2,knn5 tanimoto,Dysuria,0.21026722925457103,0.5908816799131043,0.26661901447955777
2,knn5 tanimoto,Ear disorder,0.047116736990154715,0.48402052451925615,0.0486743049623285
2,knn5 tanimoto,Ear infection,0.03727144866385373,0.5903107097188153,0.05873430076271734
2,knn5 tanimoto,Ear pain,0.12658227848101267,0.5594411743195785,0.15935035093239355
2,knn5 tanimoto,Ecchymosis,0.1279887482419128,0.6113297820047705,0.2025526852660416
2,knn5 tanimoto,Eczema,0.13924050632911392,0.5536013130339066,0.15909466006010656
2,knn5 tanimoto,Electrocardiogram QT prolonged,0.05977496483825598,0.6158639105914647,0.09822983288209715
2,knn5 tanimoto,Electrocardiogram abnormal,0.05977496483825598,0.5431293250969229,0.07002284045790017
2,knn5 tanimoto,Electrolyte imbalance,0.03656821378340366,0.6342266192286851,0.11074736914154615
2,knn5 tanimoto,Embolism,0.06751054852320675,0.6642747896328877,0.14946238293911324
2,knn5 tanimoto,Embolism venous,0.051336146272855133,0.7366923132795931,0.20117475860652903
2,knn5 tanimoto,Encephalopathy,0.056962025316455694,0.5164051461759085,0.06704518118060239
2,knn5 tanimoto,Endocrine disorder,0.09071729957805907,0.6042954603608386,0.12804636644026957
2,knn5 tanimoto,Endophthalmitis,0.04149085794655415,0.6143386963452494,0.06909594832948915
2,knn5 tanimoto,Eosinophilia,0.2039381153305204,0.6925031707413926,0.406495669710859
2,knn5 tanimoto,Epigastric discomfort,0.04289732770745429,0.6666424664508602,0.24151482713114425
2,knn5 tanimoto,Epilepsy,0.03727144866385373,0.5745565952272316,0.11361647145502847
2,knn5 tanimoto,Epistaxis,0.2468354430379747,0.6452884865812293,0.35099428079577416
2,knn5 tanimoto,Erectile dysfunction,0.2109704641350211,0.702144225206233,0.3758968236457664
2,knn5 tanimoto,Eructation,0.1090014064697609,0.5745733387042729,0.14530129088676935
2,knn5 tanimoto,Erythema,0.339662447257384,0.5541340197202521,0.3845917612663481
2,knn5 tanimoto,Erythema multiforme,0.27355836849507736,0.6911872738710558,0.43439870561156624
2,knn5 tanimoto,Erythema nodosum,0.03867791842475387,0.7300689675500011,0.18723141735999174
2,knn5 tanimoto,Euphoric mood,0.11954992967651196,0.714121709426705,0.2514252722495214
2,knn5 tanimoto,Extrapyramidal disorder,0.07172995780590717,0.7492758331468167,0.33626106242930953
2,knn5 tanimoto,Extrasystoles,0.07735583684950774,0.600723388752137,0.11332109136761229
2,knn5 tanimoto,Extravasation,0.07524613220815753,0.6525548390870076,0.1603801558375752
2,knn5 tanimoto,Eye disorder,0.28621659634317864,0.5710654970362748,0.3292277616255065
2,knn5 tanimoto,Eye haemorrhage,0.04289732770745429,0.5429482666675486,0.057352054516130416
2,knn5 tanimoto,Eye irritation,0.090014064697609,0.5257349961110347,0.10269382458820249
2,knn5 tanimoto,Eye pain,0.14064697609001406,0.6224419806920434,0.23807370712463083
2,knn5 tanimoto,Eye pruritus,0.0379746835443038,0.5989058023329783,0.06859092765663714
2,knn5 tanimoto,Eyelid oedema,0.04289732770745429,0.6100924628109672,0.08644751200901449
2,knn5 tanimoto,Face oedema,0.17088607594936708,0.5913364975998834,0.2209015212017511
2,knn5 tanimoto,Faecal incontinence,0.04781997187060478,0.5805400670246322,0.07812197865256794
2,knn5 tanimoto,Fatigue,0.510548523206751,0.6307566351142784,0.611667798654288
2,knn5 tanimoto,Febrile neutropenia,0.05977496483825598,0.7095744331162309,0.21780868718507168
2,knn5 tanimoto,Feeling abnormal,0.5133614627285513,0.6114368241400265,0.5906498362553855
2,knn5 tanimoto,Feeling hot,0.08227848101265822,0.6015804765071856,0.21029021730469805
2,knn5 tanimoto,Flank pain,0.035161744022503515,0.5421373608194883,0.04832032637534768
2,knn5 tanimoto,Flat affect,0.06258790436005626,0.6083008351215314,0.09217020914301363
2,knn5 tanimoto,Flatulence,0.3143459915611814,0.5997554822269354,0.3962799285983
2,knn5 tanimoto,Fluid overload,0.0379746835443038,0.5691123125794463,0.07015975459671339
2,knn5 tanimoto,Fluid retention,0.1160337552742616,0.5994519458098149,0.20378013615612672
2,knn5 tanimoto,Flushing,0.30028129395218,0.5708339561643723,0.34777443990831713
2,knn5 tanimoto,Foetor hepaticus,0.05063291139240506,0.5325112341124407,0.0683646714207857
2,knn5 tanimoto,Folliculitis,0.0639943741209564,0.7422105397503159,0.27434913411073764
2,knn5 tanimoto,Fracture,0.05485232067510549,0.619298020985903,0.08508524859486222
2,knn5 tanimoto,Fungal infection,0.07946554149085795,0.5764138807612152,0.10968057735273695
2,knn5 tanimoto,Fungal skin infection,0.03656821378340366,0.5933496337578934,0.057206676353873685
2,knn5 tanimoto,Furuncle,0.04289732770745429,0.5276839502648174,0.05068735478038759
2,knn5 tanimoto,Gait disturbance,0.10056258790436005,0.6653458105563516,0.19101502671804846
2,knn5 tanimoto,Galactorrhoea,0.05977496483825598,0.7863048599645259,0.30076629369137986
2,knn5 tanimoto,Gamma-glutamyltransferase increased,0.0829817158931083,0.5665848634843665,0.10813658377126281
2,knn5 tanimoto,Gastric ulcer,0.05063291139240506,0.569249523534765,0.06636622718555672
2,knn5 tanimoto,Gastritis,0.18424753867791843,0.5990463505813406,0.2693280686101742
2,knn5 tanimoto,Gastroenteritis,0.13853727144866385,0.6028514712077463,0.19504594975905093
2,knn5 tanimoto,Gastrointestinal disorder,0.5210970464135021,0.5830456591046387,0.5899244100610781
2,knn5 tanimoto,Gastrointestinal haemorrhage,0.15330520393811534,0.611198954821318,0.22786709313666248
2,knn5 tanimoto,Gastrointestinal pain,0.5478199718706048,0.6203101237120731,0.6321409747521657
2,knn5 tanimoto,Gastrooesophageal reflux disease,0.09915611814345991,0.5846137682305702,0.1499958187584067
2,knn5 tanimoto,Generalised oedema,0.053445850914205346,0.5623285990096544,0.075674980817557
2,knn5 tanimoto,Gingival bleeding,0.05414908579465542,0.554443986519141,0.07975798476259269
2,knn5 tanimoto,Gingivitis,0.07383966244725738,0.5738374527677498,0.09798217571700023
2,knn5 tanimoto,Glaucoma,0.07805907172995781,0.6895877062898407,0.21222824930713652
2,knn5 tanimoto,Glossitis,0.09774964838255977,0.5479327403110783,0.12333313377738683
2,knn5 tanimoto,Glycosuria,0.08579465541490858,0.6774053433515447,0.20029978968436807
2,knn5 tanimoto,Gout,0.09774964838255977,0.6103740764411083,0.14866971207400645
2,knn5 tanimoto,Grand mal convulsion,0.0379746835443038,0.5851542104444079,0.07930305563309395
2,knn5 tanimoto,Gynaecomastia,0.12517580872011252,0.745956035055152,0.34239305330872805
2,knn5 tanimoto,Haematemesis,0.07032348804500703,0.5617371982925463,0.10760860566767594
2,knn5 tanimoto,Haematochezia,0.035864978902953586,0.5386987879109171,0.041037456289814506
2,knn5 tanimoto,Haematocrit decreased,0.0379746835443038,0.5633524596623587,0.06270475172094633
2,knn5 tanimoto,Haematoma,0.07172995780590717,0.6279103722364676,0.12013817075322586
2,knn5 tanimoto,Haematuria,0.2369901547116737,0.6183050579653381,0.32215276318949826
2,knn5 tanimoto,Haemoglobin,0.2679324894514768,0.6247782059154305,0.381695902356723
2,knn5 tanimoto,Haemoglobin decreased,0.07383966244725738,0.6018901714744236,0.12916981249837947
2,knn5 tanimoto,Haemolytic anaemia,0.14064697609001406,0.729555903729812,0.37010923963785974
2,knn5 tanimoto,Haemoptysis,0.08157524613220815,0.5678933331826385,0.10283026006817361
2,knn5 tanimoto,Haemorrhage,0.26933895921237694,0.6259607011592229,0.38308210144380295
2,knn5 tanimoto,Haemorrhage intracranial,0.04008438818565401,0.5963130995120046,0.14496586504971415
2,knn5 tanimoto,Haemorrhoids,0.05907172995780591,0.48774283118845985,0.07355794786281614
2,knn5 tanimoto,Hallucination,0.24261603375527427,0.6939725491401574,0.39609989328593526
2,knn5 tanimoto,Headache,0.7805907172995781,0.5943516332151316,0.8167788927665842
2,knn5 tanimoto,Hearing impaired,0.10056258790436005,0.6539188107716098,0.1825806673767084
2,knn5 tanimoto,Hepatic enzyme increased,0.09634317862165963,0.572218671145192,0.13087561976044618
2,knn5 tanimoto,Hepatic failure,0.1441631504922644,0.6276690274322109,0.19327329242618868
2,knn5 tanimoto,Hepatic function abnormal,0.12939521800281295,0.5812726005146052,0.19892949940781318
2,knn5 tanimoto,Hepatic necrosis,0.052742616033755275,0.6184622123582891,0.1278396550866186
2,knn5 tanimoto,Hepatitis,0.2552742616033755,0.6720015580593097,0.3926803686340734
2,knn5 tanimoto,Hepatobiliary disease,0.24120956399437413,0.6422103492168032,0.3477250658955817
2,knn5 tanimoto,Hepatocellular injury,0.10478199718706048,0.579671290746058,0.13064538293227984
2,knn5 tanimoto,Hepatomegaly,0.06891701828410689,0.6069297896266097,0.12336539727399554
2,knn5 tanimoto,Hepatotoxicity,0.07946554149085795,0.6834512111370452,0.20126821558419508
2,knn5 tanimoto,Hernia,0.03727144866385373,0.5236534151839669,0.04275404847875461
2,knn5 tanimoto,Herpes simplex,0.09353023909985936,0.5912574217572041,0.14262688584082056
2,knn5 tanimoto,Herpes zoster,0.08157524613220815,0.5785976012200386,0.11896538743105319
2,knn5 tanimoto,Hiccups,0.10267229254571027,0.6572272521129718,0.1817508891394793
2,knn5 tanimoto,Hirsutism,0.06118143459915612,0.7634557678600526,0.2815923470433739
2,knn5 tanimoto,Hostility,0.047116736990154715,0.6222441660618339,0.15649805632627306
2,knn5 tanimoto,Hot flush,0.15611814345991562,0.6097145741976042,0.2200396163953065
2,knn5 tanimoto,Hyperaesthesia,0.07524613220815753,0.6016568417460743,0.13393220695763397
2,knn5 tanimoto,Hyperbilirubinaemia,0.0970464135021097,0.5967610622456943,0.16587897378534397
2,knn5 tanimoto,Hypercalcaemia,0.0710267229254571,0.6686686135523663,0.17930900290759744
2,knn5 tanimoto,Hypercholesterolaemia,0.09915611814345991,0.6302707924838269,0.1700528885866134
2,knn5 tanimoto,Hyperglycaemia,0.23417721518987342,0.6440239834969905,0.35309501079714894
2,knn5 tanimoto,Hyperhidrosis,0.42334739803094235,0.5924153410567083,0.5017141003290457
2,knn5 tanimoto,Hyperkalaemia,0.11040787623066103,0.6672903242630966,0.26067331838788216
2,knn5 tanimoto,Hyperkinesia,0.11954992967651196,0.6555204309795057,0.1983822770735312
2,knn5 tanimoto,Hyperlipidaemia,0.0639943741209564,0.6166794185477725,0.11037094359034587
2,knn5 tanimoto,Hypernatraemia,0.052742616033755275,0.6758292752388078,0.17142139396697736
2,knn5 tanimoto,Hyperreflexia,0.040787623066104076,0.5605878628338723,0.059076140393995134
2,knn5 tanimoto,Hypersensitivity,0.6315049226441631,0.5649617586165755,0.6705841829501731
2,knn5 tanimoto,Hypertension,0.39732770745428975,0.5837821155172515,0.46756240752580586
2,knn5 tanimoto,Hyperthyroidism,0.035864978902953586,0.5546069138816763,0.046853405688717265
2,knn5 tanimoto,Hypertonia,0.12376933895921238,0.5423416860038252,0.15122294632902494
2,knn5 tanimoto,Hypertrichosis,0.03656821378340366,0.7259164153977511,0.31995413525981564
2,knn5 tanimoto,Hypertriglyceridaemia,0.05625879043600562,0.6544056543409583,0.14186766912845178
2,knn5 tanimoto,Hyperuricaemia,0.09774964838255977,0.6614192686469778,0.2373666910722433
2,knn5 tanimoto,Hyperventilation,0.06469760900140648,0.5809399840233314,0.08410031712083331
2,knn5 tanimoto,Hypoaesthesia,0.2559774964838256,0.6081023220855308,0.3485980158823462
2,knn5 tanimoto,Hypocalcaemia,0.0949367088607595,0.6083050265326614,0.1871652185968767
2,knn5 tanimoto,Hypoglycaemia,0.1568213783403657,0.6263150917391888,0.23818416369779202
2,knn5 tanimoto,Hypokalaemia,0.18143459915611815,0.5697319246776614,0.2422264985182394
2,knn5 tanimoto,Hypokinesia,0.05907172995780591,0.6089080375104527,0.10108492943412602
2,knn5 tanimoto,Hypomagnesaemia,0.06047819971870605,0.6658164105758517,0.13482763942106177
2,knn5 tanimoto,Hyponatraemia,0.1540084388185654,0.6832406390705739,0.32054966788099104
2,knn5 tanimoto,Hypophosphataemia,0.056962025316455694,0.6981776354528851,0.18022065980197524
2,knn5 tanimoto,Hyporeflexia,0.0379746835443038,0.5403878908159451,0.05105102265335024
2,knn5 tanimoto,Hypotension,0.4676511954992968,0.6145075084093202,0.5651199356995155
2,knn5 tanimoto,Hypothermia,0.046413502109704644,0.5816125855549558,0.09623697389822845
2,knn5 tanimoto,Hypothyroidism,0.06329113924050633,0.5836020795507058,0.09560419851012844
2,knn5 tanimoto,Hypotonia,0.04571026722925457,0.5772177368991658,0.06453712991947605
2,knn5 tanimoto,Hypoxia,0.06047819971870605,0.6095496645546842,0.12229465139688134
2,knn5 tanimoto,Ileus,0.07032348804500703,0.6014056106624952,0.10615848801621688
2,knn5 tanimoto,Ileus paralytic,0.035161744022503515,0.8437378931643572,0.388165114691622
2,knn5 tanimoto,Ill-defined disorder,0.34247538677918427,0.60639687977436,0.42049631261384
2,knn5 tanimoto,Immune system disorder,0.3150492264416315,0.5926317488166729,0.37761614533024895
2,knn5 tanimoto,Impaired healing,0.04430379746835443,0.7078556328394718,0.1959477313718952
2,knn5 tanimoto,Inappropriate antidiuretic hormone secretion,0.04922644163150492,0.6579940676474825,0.2210261935061543
2,knn5 tanimoto,Increased appetite,0.1568213783403657,0.6262964647207798,0.2417965156246184
2,knn5 tanimoto,Induration,0.04149085794655415,0.5693495864769077,0.06688075428199096
2,knn5 tanimoto,Infection,0.4212376933895921,0.586919103366464,0.5033911597306376
2,knn5 tanimoto,Infestation,0.24753867791842477,0.5984473210586901,0.31725855491724086
2,knn5 tanimoto,Inflammation,0.10829817158931083,0.5996902445469534,0.15406375731633679
2,knn5 tanimoto,Influenza,0.1990154711673699,0.5670470063754721,0.24257954720523353
2,knn5 tanimoto,Influenza like illness,0.1160337552742616,0.5614848661723333,0.1551294722942954
2,knn5 tanimoto,Injection site pain,0.10267229254571027,0.6150585336483864,0.15629862581011028
2,knn5 tanimoto,Injection site reaction,0.13853727144866385,0.6480151949317191,0.2874983321159198
2,knn5 tanimoto,Injury,0.14556962025316456,0.5877537969624607,0.20643525832647236
2,knn5 tanimoto,Insomnia,0.4739803094233474,0.6284518670561209,0.5693013548972391
2,knn5 tanimoto,Interstitial lung disease,0.06891701828410689,0.6514200256848788,0.1664895893923611
2,knn5 tanimoto,Intestinal obstruction,0.06469760900140648,0.5846325118747604,0.08659556318656425
2,knn5 tanimoto,Intracranial pressure increased,0.03938115330520394,0.6626181279061722,0.17943297840053601
2,knn5 tanimoto,Intraocular pressure increased,0.04430379746835443,0.7744648050467698,0.2801844388452
2,knn5 tanimoto,Irritability,0.1617440225035162,0.5839296865202087,0.2154281517631766
2,knn5 tanimoto,Jaundice,0.23136427566807313,0.681478107806397,0.3700908302208088
2,knn5 tanimoto,Jaundice cholestatic,0.0949367088607595,0.7260949112816724,0.25735641036030527
2,knn5 tanimoto,Joint swelling,0.0450070323488045,0.5014414891116681,0.050522678812439305
2,knn5 tanimoto,Keratitis,0.06047819971870605,0.5891616546303851,0.09918321646425057
2,knn5 tanimoto,Lacrimal disorder,0.0379746835443038,0.5355635489538133,0.053420812921339586
2,knn5 tanimoto,Lacrimation increased,0.1019690576652602,0.5368965559232237,0.12686268953231378
2,knn5 tanimoto,Laryngeal oedema,0.0639943741209564,0.6870943908646788,0.2807761259616971
2,knn5 tanimoto,Laryngeal pain,0.07313642756680731,0.554157977847092,0.09410725750299484
2,knn5 tanimoto,Laryngitis,0.06821378340365682,0.5560642835612821,0.09455149978539193
2,knn5 tanimoto,Laryngospasm,0.07243319268635724,0.6582680529557545,0.1384722256571115
2,knn5 tanimoto,Lethargy,0.15611814345991562,0.5935214193562068,0.22117642536036458
2,knn5 tanimoto,Leukocytoclastic vasculitis,0.03938115330520394,0.5225398574840603,0.05321922813515728
2,knn5 tanimoto,Leukocytosis,0.10548523206751055,0.6053457906184513,0.15443824073397264
2,knn5 tanimoto,Leukoderma,0.04430379746835443,0.722364972143503,0.25885350337611196
2,knn5 tanimoto,Leukopenia,0.35864978902953587,0.66993611940861,0.48929224179856795
2,knn5 tanimoto,Libido decreased,0.14767932489451477,0.7042161936441982,0.2925051980035277
2,knn5 tanimoto,Libido increased,0.057665260196905765,0.6588885889891165,0.14293478780140917
2,knn5 tanimoto,Liver disorder,0.06610407876230662,0.5153623988497492,0.0737566645673444
2,knn5 tanimoto,Liver function test abnormal,0.17440225035161744,0.5814413043298137,0.21782760350439254
2,knn5 tanimoto,Liver injury,0.08649789029535865,0.6274381833696452,0.156060408533102
2,knn5 tanimoto,Local reaction,0.053445850914205346,0.6363901174151392,0.1126606831900991
2,knn5 tanimoto,Loss of consciousness,0.37060478199718705,0.6074415172476852,0.4742364667906324
2,knn5 tanimoto,Loss of libido,0.03867791842475387,0.5417590000159597,0.08984581057045843
2,knn5 tanimoto,Lung disorder,0.05414908579465542,0.5734058901599359,0.06844018860201903
2,knn5 tanimoto,Lung infiltration,0.04289732770745429,0.5880593847053565,0.06771529720487031
2,knn5 tanimoto,Lymphadenopathy,0.13291139240506328,0.5844810297849534,0.1838002703164892
2,knn5 tanimoto,Lymphopenia,0.05063291139240506,0.6109552932270463,0.10316174958644667
2,knn5 tanimoto,Malaise,0.35372714486638535,0.6070281949140067,0.43317947918115307
2,knn5 tanimoto,Malnutrition,0.33122362869198313,0.612969649155641,0.4231861371218136
2,knn5 tanimoto,Mania,0.06751054852320675,0.6172306223129491,0.10277952673044481
2,knn5 tanimoto,Mediastinal disorder,0.31856540084388185,0.5840840287905648,0.38619116293705635
2,knn5 tanimoto,Melaena,0.10970464135021098,0.5501132340215638,0.14244238169063744
2,knn5 tanimoto,Memory impairment,0.07735583684950774,0.5597094369044162,0.10065035911584277
2,knn5 tanimoto,Meningitis,0.03867791842475387,0.6587048818842315,0.11837457661384398
2,knn5 tanimoto,Menopausal symptoms,0.1589310829817159,0.6059589886862785,0.22139688966103557
2,knn5 tanimoto,Menorrhagia,0.07524613220815753,0.6036231260263376,0.11926097669529119
2,knn5 tanimoto,Menstrual disorder,0.06469760900140648,0.6098962603059586,0.12846765890745918
2,knn5 tanimoto,Menstruation irregular,0.05555555555555555,0.7901604447054305,0.3059259807572018
2,knn5 tanimoto,Mental disability,0.12306610407876231,0.578652059811568,0.17263070532595487
2,knn5 tanimoto,Mental disorder,0.3227848101265823,0.604294383228887,0.4011146620141788
2,knn5 tanimoto,Metrorrhagia,0.07172995780590717,0.5643849568188879,0.08932968642974592
2,knn5 tanimoto,Micturition urgency,0.05414908579465542,0.5555726777587784,0.08356166766658724
2,knn5 tanimoto,Migraine,0.16455696202531644,0.5814816613846898,0.22308985356483824
2,knn5 tanimoto,Mood swings,0.17088607594936708,0.6228724004966322,0.27768007193623545
2,knn5 tanimoto,Mouth ulceration,0.1209563994374121,0.5827481432229256,0.15419851534527063
2,knn5 tanimoto,Mucosal inflammation,0.05625879043600562,0.7567429832203985,0.22102798103919277
2,knn5 tanimoto,Multiple fractures,0.05485232067510549,0.619298020985903,0.08508524859486222
2,knn5 tanimoto,Muscle contractions involuntary,0.03867791842475387,0.5873083038241054,0.06151926274545453
2,knn5 tanimoto,Muscle relaxant therapy,0.04289732770745429,0.5757291381568709,0.06438743938346007
2,knn5 tanimoto,Muscle rigidity,0.04360056258790436,0.7603249918912488,0.26147453194677145
2,knn5 tanimoto,Muscle spasms,0.340365682137834,0.6107924642572581,0.4286180584032082
2,knn5 tanimoto,Muscle twitching,0.10267229254571027,0.5902271421344907,0.1634526191357553
2,knn5 tanimoto,Muscular weakness,0.19760900140646975,0.6229389318603621,0.2834944193694479
2,knn5 tanimoto,Musculoskeletal discomfort,0.4859353023909986,0.6032624209333588,0.5809178017946257
2,knn5 tanimoto,Musculoskeletal pain,0.11673699015471167,0.5880595138819121,0.17059763450681245
2,knn5 tanimoto,Musculoskeletal stiffness,0.09774964838255977,0.6026289390109651,0.15207733726272263
2,knn5 tanimoto,Myalgia,0.39943741209563993,0.6203778758281915,0.5118925865217513
2,knn5 tanimoto,Mydriasis,0.07665260196905767,0.777073014204068,0.33319452080171547
2,knn5 tanimoto,Myocardial infarction,0.2348804500703235,0.6475735004416311,0.365025630532092
2,knn5 tanimoto,Myocardial ischaemia,0.08227848101265822,0.6669765061570949,0.18685953747197506
2,knn5 tanimoto,Myoclonus,0.05485232067510549,0.6057333088865471,0.08098982230202631
2,knn5 tanimoto,Myopathy,0.07665260196905767,0.6167971492485069,0.2125399103876342
2,knn5 tanimoto,Myositis,0.0450070323488045,0.6031904888407105,0.132749720627734
2,knn5 tanimoto,Nail disorder,0.06047819971870605,0.5988339356582015,0.11705668739566714
2,knn5 tanimoto,Nasal congestion,0.1441631504922644,0.5921379764060437,0.23956644465893118
2,knn5 tanimoto,Nasopharyngitis,0.20042194092827004,0.5874330353788442,0.24755789151603746
2,knn5 tanimoto,Nausea,0.8438818565400844,0.6451179400116063,0.8884556824698409
2,knn5 tanimoto,Neck pain,0.10548523206751055,0.5493198582185962,0.13376045633643124
2,knn5 tanimoto,Necrosis,0.06962025316455696,0.5522257842311442,0.09883523852653701
2,knn5 tanimoto,Neoplasm,0.12447257383966245,0.6087662665594505,0.20657888352660528
2,knn5 tanimoto,Neoplasm malignant,0.09423347398030943,0.6336337374950597,0.16169853392730887
2,knn5 tanimoto,Nephrolithiasis,0.0808720112517581,0.5798398003703742,0.14634512783909576
2,knn5 tanimoto,Nephropathy,0.04289732770745429,0.6095234356283686,0.10417415231576062
2,knn5 tanimoto,Nephropathy toxic,0.053445850914205346,0.7832116973449237,0.30235091637253314
2,knn5 tanimoto,Nephrotic syndrome,0.04430379746835443,0.5992136417357067,0.10071596462757679
2,knn5 tanimoto,Nervous system disorder,0.4409282700421941,0.6105702369560039,0.5357854148739668
2,knn5 tanimoto,Nervousness,0.3059071729957806,0.6182464887103081,0.3982278288593387
2,knn5 tanimoto,Neuralgia,0.06821378340365682,0.5592760879435643,0.10107482932595946
2,knn5 tanimoto,Neuritis,0.07172995780590717,0.6147737693467984,0.11347548884132004
2,knn5 tanimoto,Neuroleptic malignant syndrome,0.04360056258790436,0.8214608834655472,0.3818793962750817
2,knn5 tanimoto,Neuropathy peripheral,0.2390998593530239,0.642582378129679,0.3519271363773263
2,knn5 tanimoto,Neutropenia,0.21940928270042195,0.7444028397544005,0.45398282817795027
2,knn5 tanimoto,Night sweats,0.05555555555555555,0.578427991719146,0.08903545736719927
2,knn5 tanimoto,Nightmare,0.10407876230661041,0.7053839249249949,0.25008318067760593
2,knn5 tanimoto,Nocturia,0.09563994374120956,0.6312677111092283,0.15123318585940057
2,knn5 tanimoto,Nuchal rigidity,0.04852320675105485,0.569004997866697,0.09620413652271859
2,knn5 tanimoto,Nystagmus,0.06821378340365682,0.6440235779744068,0.15571793999198855
2,knn5 tanimoto,Ocular hyperaemia,0.04008438818565401,0.5803472664996613,0.06524060802381018
2,knn5 tanimoto,Oedema,0.4015471167369902,0.5761476707784086,0.46508041060419264
2,knn5 tanimoto,Oedema peripheral,0.2876230661040788,0.5815996673715504,0.3471026957106534
2,knn5 tanimoto,Oesophagitis,0.12025316455696203,0.6353091879847593,0.18831470005782475
2,knn5 tanimoto,Oliguria,0.09212376933895922,0.5960318177156386,0.1285535119115715
2,knn5 tanimoto,Opportunistic infection,0.0379746835443038,0.7186340693748615,0.14199520931399628
2,knn5 tanimoto,Optic neuritis,0.06610407876230662,0.6545706780007144,0.16997279779420668
2,knn5 tanimoto,Oral candidiasis,0.06751054852320675,0.643250839202148,0.1274070027341935
2,knn5 tanimoto,Oropharyngeal discomfort,0.07454289732770746,0.5889970241527782,0.1277262531699289
2,knn5 tanimoto,Oropharyngeal pain,0.10407876230661041,0.5887534181172954,0.1547596603178795
2,knn5 tanimoto,Orthostatic hypotension,0.17862165963431786,0.7506239107405597,0.400149540027534
2,knn5 tanimoto,Osteoarthritis,0.15611814345991562,0.6007393386538795,0.2279766319093187
2,knn5 tanimoto,Osteonecrosis,0.035161744022503515,0.7002346013632256,0.2226458276198772
2,knn5 tanimoto,Osteoporosis,0.05977496483825598,0.7053706913007438,0.20780645075173193
2,knn5 tanimoto,Otitis media,0.07243319268635724,0.5599046055375213,0.09116350594000275
2,knn5 tanimoto,Pain,0.5203938115330521,0.5642675651963615,0.5677492500803867
2,knn5 tanimoto,Pain in extremity,0.17932489451476794,0.521486516424178,0.1923124854662457
2,knn5 tanimoto,Pallor,0.09563994374120956,0.5777394509748834,0.12157861930852205
2,knn5 tanimoto,Palpitations,0.3551336146272855,0.6407941663245686,0.4672147313948229
2,knn5 tanimoto,Pancreatitis,0.22292545710267228,0.7041794082041382,0.40277200412113456
2,knn5 tanimoto,Pancreatitis acute,0.04219409282700422,0.5051201655715244,0.04688961473899145
2,knn5 tanimoto,Pancytopenia,0.2088607594936709,0.693627105129981,0.34032231607825697
2,knn5 tanimoto,Paraesthesia,0.45639943741209565,0.6038602017825841,0.5240767356653173
2,knn5 tanimoto,Paraesthesia oral,0.04149085794655415,0.6194894886194255,0.10529306847874316
2,knn5 tanimoto,Paralysis,0.06680731364275667,0.617417417358441,0.1456560664937157
2,knn5 tanimoto,Paranoia,0.06258790436005626,0.6161116274271515,0.0893016576597679
2,knn5 tanimoto,Parkinsonism,0.03656821378340366,0.7523666787959311,0.29115569630136845
2,knn5 tanimoto,Parosmia,0.06329113924050633,0.5490121070746613,0.1286519978117151
2,knn5 tanimoto,Pelvic pain,0.057665260196905765,0.600412937132864,0.08783069212864089
2,knn5 tanimoto,Peptic ulcer,0.06821378340365682,0.6566411856926528,0.2014755772110345
2,knn5 tanimoto,Pericardial effusion,0.035161744022503515,0.6173440882389453,0.10590271513058871
2,knn5 tanimoto,Pericarditis,0.03867791842475387,0.6525619426900514,0.09889219909413005
2,knn5 tanimoto,Periorbital oedema,0.035161744022503515,0.5967466590992982,0.06816334741531568
2,knn5 tanimoto,Peripheral coldness,0.03938115330520394,0.6467734775936587,0.22447067240929303
2,knn5 tanimoto,Peripheral vascular disorder,0.04289732770745429,0.5727805646069373,0.05490400493167034
2,knn5 tanimoto,Personality disorder,0.03656821378340366,0.5470806167827942,0.061988270676683846
2,knn5 tanimoto,Petechiae,0.0850914205344585,0.6210141465564627,0.16872416763792425
2,knn5 tanimoto,Pharyngitis,0.270042194092827,0.6202460107385269,0.3707828918843866
2,knn5 tanimoto,Phlebitis,0.1209563994374121,0.6026790745928545,0.1766475043855265
2,knn5 tanimoto,Photophobia,0.11251758087201125,0.6380973627274603,0.20322751811019518
2,knn5 tanimoto,Photosensitivity reaction,0.21308016877637131,0.6983014742538793,0.3956643022325591
2,knn5 tanimoto,Platelet count decreased,0.057665260196905765,0.5574777472569309,0.09662786523591507
2,knn5 tanimoto,Pleural effusion,0.08157524613220815,0.6195624930359671,0.15985971869246007
2,knn5 tanimoto,Pneumonia,0.23628691983122363,0.579337551274425,0.30721216113447686
2,knn5 tanimoto,Pneumothorax,0.0450070323488045,0.5465757854613847,0.06719174912216738
2,knn5 tanimoto,Pollakiuria,0.2109704641350211,0.6367195048094625,0.31384621984638
2,knn5 tanimoto,Polyp,0.05907172995780591,0.5747387148143235,0.09748391614748952
2,knn5 tanimoto,Polyuria,0.13853727144866385,0.6102052151220729,0.1879625598656253
2,knn5 tanimoto,Pregnancy,0.04992967651195499,0.5340475772104918,0.06788279875846483
2,knn5 tanimoto,Priapism,0.04571026722925457,0.7450476618639996,0.2259882321611133
2,knn5 tanimoto,Proctalgia,0.04360056258790436,0.5366660335425583,0.06282179394462228
2,knn5 tanimoto,Protein urine present,0.09634317862165963,0.6702303320183642,0.18166663662499147
2,knn5 tanimoto,Proteinuria,0.09423347398030943,0.6764709159774449,0.18715762038798117
2,knn5 tanimoto,Prothrombin level increased,0.03727144866385373,0.6894729373235131,0.2671452175362301
2,knn5 tanimoto,Prurigo,0.04219409282700422,0.5582757996923127,0.05123825954987547
2,knn5 tanimoto,Pruritus,0.6638537271448663,0.5789088924646809,0.7073937256489635
2,knn5 tanimoto,Pseudomembranous colitis,0.04571026722925457,0.8325412222616076,0.5141951145227186
2,knn5 tanimoto,Psoriasis,0.056962025316455694,0.5872070723347189,0.0976257195175794
2,knn5 tanimoto,Psychotic disorder,0.1568213783403657,0.6426384523007963,0.23036763703432372
2,knn5 tanimoto,Pulmonary embolism,0.1209563994374121,0.5979440623920468,0.18115065866714555
2,knn5 tanimoto,Pulmonary fibrosis,0.04289732770745429,0.584935528707199,0.07338418909918172
2,knn5 tanimoto,Pulmonary function test decreased,0.06540084388185655,0.6882215404488944,0.19176758768871666
2,knn5 tanimoto,Pulmonary oedema,0.1258790436005626,0.5841004077063596,0.1653115517284592
2,knn5 tanimoto,Purpura,0.15260196905766527,0.6184678360345359,0.2261292688295947
2,knn5 tanimoto,Rash,0.760196905766526,0.5983506003516135,0.8019002266380827
2,knn5 tanimoto,Rash erythematous,0.0759493670886076,0.49646389590683915,0.07861317824135636
2,knn5 tanimoto,Rash generalised,0.03727144866385373,0.586083832559499,0.08220905561391952
2,knn5 tanimoto,Rash macular,0.035864978902953586,0.5060968594296311,0.03945189926919028
2,knn5 tanimoto,Rash maculo-papular,0.1209563994374121,0.547636287895308,0.14070187957975305
2,knn5 tanimoto,Rash pustular,0.07524613220815753,0.5415861440163774,0.09560667929914737
2,knn5 tanimoto,Rectal haemorrhage,0.0970464135021097,0.5546526313737237,0.12614225062879036
2,knn5 tanimoto,Renal failure,0.23277074542897327,0.645447736467369,0.3630105164799753
2,knn5 tanimoto,Renal failure acute,0.14838255977496484,0.6341857628329629,0.22878049295662342
2,knn5 tanimoto,Renal impairment,0.14838255977496484,0.6464012690353643,0.2535240128163266
2,knn5 tanimoto,Renal pain,0.047116736990154715,0.5703402157212065,0.06741334298441201
2,knn5 tanimoto,Respiratory arrest,0.035864978902953586,0.6531415282143094,0.09708263893297321
2,knn5 tanimoto,Respiratory depression,0.06469760900140648,0.6958889525089861,0.19373078637540223
2,knn5 tanimoto,Respiratory distress,0.06258790436005626,0.6663060156217554,0.19045497106135773
2,knn5 tanimoto,Respiratory failure,0.09915611814345991,0.6017424249582471,0.1384871703196594
2,knn5 tanimoto,Respiratory tract infection,0.05555555555555555,0.5416020221149218,0.0670370648312105
2,knn5 tanimoto,Rhabdomyolysis,0.09563994374120956,0.6666210477102021,0.22996305996120361
2,knn5 tanimoto,Rhinitis,0.26652601969057665,0.5943194904207255,0.3292358273100718
2,knn5 tanimoto,Rhinorrhoea,0.0850914205344585,0.6031150425902911,0.11465820972675882
2,knn5 tanimoto,Salivary hypersecretion,0.10618846694796062,0.6796066411982713,0.24791353750984158
2,knn5 tanimoto,Scotoma,0.07032348804500703,0.5949448721171237,0.10788941974423745
2,knn5 tanimoto,Seborrhoeic dermatitis,0.06469760900140648,0.5878206008517042,0.10064392388814355
2,knn5 tanimoto,Sensory loss,0.0850914205344585,0.6155751866596021,0.13782998515098027
2,knn5 tanimoto,Sepsis,0.13431786216596342,0.6348469280229111,0.21690095930874112
2,knn5 tanimoto,Serum sickness,0.040787623066104076,0.7256020774050894,0.22306858162586235
2,knn5 tanimoto,Sexual dysfunction,0.051336146272855133,0.5837439657292599,0.07116872292823458
2,knn5 tanimoto,Shock,0.41561181434599154,0.578114964084841,0.4986930531215917
2,knn5 tanimoto,Sinus bradycardia,0.04289732770745429,0.5712913384166385,0.10877578484171262
2,knn5 tanimoto,Sinus congestion,0.0450070323488045,0.5739094478832023,0.05560459336891284
2,knn5 tanimoto,Sinusitis,0.25035161744022505,0.5808698811428638,0.29957446521667325
2,knn5 tanimoto,Skin discolouration,0.09634317862165963,0.5010684231796054,0.11152460095958179
2,knn5 tanimoto,Skin disorder,0.44585091420534456,0.575909768890562,0.508453710024608
2,knn5 tanimoto,Skin exfoliation,0.1111111111111111,0.55889293554556,0.12873663585941583
2,knn5 tanimoto,Skin hyperpigmentation,0.05485232067510549,0.6116739325498219,0.09564870483454116
2,knn5 tanimoto,Skin irritation,0.03867791842475387,0.5137203063069342,0.047393388882165474
2,knn5 tanimoto,Skin striae,0.03656821378340366,0.7956803077450967,0.5009785393668807
2,knn5 tanimoto,Skin ulcer,0.07735583684950774,0.553501928058374,0.09589566819690334
2,knn5 tanimoto,Sleep disorder,0.13783403656821377,0.5951762214745899,0.20408225027417976
2,knn5 tanimoto,Sneezing,0.06258790436005626,0.6772110007344698,0.15327937827676305
2,knn5 tanimoto,Somnolence,0.46835443037974683,0.7215960382230314,0.6648934611479727
2,knn5 tanimoto,Speech disorder,0.0829817158931083,0.5928080975102515,0.11803804547793557
2,knn5 tanimoto,Stevens-Johnson syndrome,0.22292545710267228,0.6862142973838155,0.3618654396498842
2,knn5 tanimoto,Stomatitis,0.2320675105485232,0.6452913363340493,0.32672391558148395
2,knn5 tanimoto,Stupor,0.06891701828410689,0.532597382638091,0.08644452682683597
2,knn5 tanimoto,Sudden death,0.04289732770745429,0.6627148269393037,0.19421531503511752
2,knn5 tanimoto,Suicidal ideation,0.0639943741209564,0.6856122472147463,0.12699035447349094
2,knn5 tanimoto,Suicide attempt,0.04922644163150492,0.5697976862687005,0.07381180395527764
2,knn5 tanimoto,Supraventricular tachycardia,0.057665260196905765,0.6354949191721067,0.11002095718231757
2,knn5 tanimoto,Swelling,0.14486638537271448,0.5402675509388272,0.1689235042821396
2,knn5 tanimoto,Swelling face,0.03656821378340366,0.5288214526643131,0.04158442677936518
2,knn5 tanimoto,Syncope,0.35372714486638535,0.6130499767423339,0.4612134816463779
2,knn5 tanimoto,Systemic lupus erythematosus,0.053445850914205346,0.7516763965860538,0.19649221683811763
2,knn5 tanimoto,Tachycardia,0.4191279887482419,0.6269547515546835,0.5120258843721466
2,knn5 tanimoto,Tenderness,0.0850914205344585,0.5783514133433083,0.140302992576675
2,knn5 tanimoto,Tension,0.30239099859353025,0.6330729446735374,0.4043945182512233
2,knn5 tanimoto,Thinking abnormal,0.08720112517580872,0.6210087273114199,0.13273949747839042
2,knn5 tanimoto,Thirst,0.1490857946554149,0.5931966058892791,0.22459636252381907
2,knn5 tanimoto,Throat irritation,0.04922644163150492,0.5850580790820026,0.09526424944206327
2,knn5 tanimoto,Throat tightness,0.03727144866385373,0.6561404503339976,0.17094012581655835
2,knn5 tanimoto,Thrombocytopenia,0.4212376933895921,0.7245675927562344,0.6091368250890443
2,knn5 tanimoto,Thrombocytopenic purpura,0.03867791842475387,0.6309761991678806,0.12574931696813957
2,knn5 tanimoto,Thrombocytosis,0.05977496483825598,0.6903079482381328,0.1731964223613215
2,knn5 tanimoto,Thrombophlebitis,0.14556962025316456,0.6103399322940255,0.21488537029350602
2,knn5 tanimoto,Thrombosis,0.07946554149085795,0.6155508387036113,0.1303336088119902
2,knn5 tanimoto,Tinnitus,0.27637130801687765,0.6390141235625215,0.38472162928082765
2,knn5 tanimoto,Tongue discolouration,0.04149085794655415,0.6741459796501631,0.18018954954298155
2,knn5 tanimoto,Tongue disorder,0.0710267229254571,0.5959781139652846,0.12671919809074086
2,knn5 tanimoto,Tongue oedema,0.052742616033755275,0.618001683065127,0.11783460580984013
2,knn5 tanimoto,Tooth disorder,0.05907172995780591,0.53333536271931,0.06823203086299437
2,knn5 tanimoto,Toothache,0.05977496483825598,0.5306378932560789,0.06742547583902997
2,knn5 tanimoto,Torsade de pointes,0.0639943741209564,0.7433685065016836,0.2689216811804515
2,knn5 tanimoto,Toxic epidermal necrolysis,0.180028129395218,0.6596950197125468,0.3123971030367789
2,knn5 tanimoto,Transaminases increased,0.06891701828410689,0.5386054339777628,0.08545080012750365
2,knn5 tanimoto,Transient ischaemic attack,0.04922644163150492,0.581900483529123,0.07973011085931012
2,knn5 tanimoto,Tremor,0.32770745428973275,0.6348290654435635,0.4380485671681134
2,knn5 tanimoto,Tubulointerstitial nephritis,0.08016877637130802,0.7235944392763736,0.2264040599490163
2,knn5 tanimoto,Ulcer,0.09282700421940929,0.5636422603269622,0.11710045512482825
2,knn5 tanimoto,Upper respiratory tract infection,0.2320675105485232,0.5661155474462347,0.28990430058114014
2,knn5 tanimoto,Urethral disorder,0.2714486638537271,0.6007488256756693,0.35468358922864784
2,knn5 tanimoto,Urinary incontinence,0.11251758087201125,0.6385500252752871,0.19663948128977776
2,knn5 tanimoto,Urinary retention,0.16736990154711673,0.75070522139736,0.38128827432069945
2,knn5 tanimoto,Urinary tract disorder,0.26863572433192684,0.6048788610291854,0.35283690027290143
2,knn5 tanimoto,Urinary tract infection,0.24824191279887484,0.5779264480961321,0.3033158686935874
2,knn5 tanimoto,Urine abnormality,0.04571026722925457,0.5111984365601768,0.05279060038290795
2,knn5 tanimoto,Urine analysis abnormal,0.04992967651195499,0.5032683372765535,0.056782553222034425
2,knn5 tanimoto,Urine output increased,0.12236286919831224,0.5915103728980611,0.17329717234397346
2,knn5 tanimoto,Urticaria,0.5590717299578059,0.5517844106412844,0.5944859070688174
2,knn5 tanimoto,VIIth nerve paralysis,0.03727144866385373,0.5415005526117513,0.06192630893264447
2,knn5 tanimoto,Vaginal discharge,0.06047819971870605,0.6028083638839924,0.15452506395963717
2,knn5 tanimoto,Vaginal haemorrhage,0.08227848101265822,0.6189667608344143,0.16256540786367185
2,knn5 tanimoto,Vaginal infection,0.11673699015471167,0.6145244546941495,0.23695005741504013
2,knn5 tanimoto,Vaginal inflammation,0.10829817158931083,0.5931019567055278,0.22546099229343186
2,knn5 tanimoto,Vascular purpura,0.14135021097046413,0.6308520207304372,0.22996196289408405
2,knn5 tanimoto,Vasculitis,0.10689170182841069,0.6210903214653379,0.19194161978358698
2,knn5 tanimoto,Vasodilation procedure,0.09353023909985936,0.6006477998547983,0.15352421478088615
2,knn5 tanimoto,Ventricular arrhythmia,0.07032348804500703,0.5857401478161715,0.10990372467552878
2,knn5 tanimoto,Ventricular extrasystoles,0.090014064697609,0.5629575256584635,0.10888076233563157
2,knn5 tanimoto,Ventricular fibrillation,0.07243319268635724,0.6168570794688975,0.16651501061870416
2,knn5 tanimoto,Ventricular tachycardia,0.1019690576652602,0.6373345329544297,0.17918348108624466
2,knn5 tanimoto,Vertigo,0.3558368495077356,0.628787780714037,0.47514508223981683
2,knn5 tanimoto,Viral infection,0.09142053445850915,0.5549773106295961,0.12786461334043428
2,knn5 tanimoto,Vision blurred,0.3227848101265823,0.6503618110969783,0.4515291715060785
2,knn5 tanimoto,Visual acuity reduced,0.052742616033755275,0.5718140213618673,0.0780143681903321
2,knn5 tanimoto,Visual impairment,0.2714486638537271,0.5904632066399673,0.322926319808006
2,knn5 tanimoto,Vomiting,0.759493670886076,0.6355663421768647,0.8203701273426199
2,knn5 tanimoto,Vulvovaginal candidiasis,0.051336146272855133,0.6778137818562626,0.18743700058655088
2,knn5 tanimoto,Vulvovaginal mycotic infection,0.05555555555555555,0.6957963896562591,0.18804796826604803
2,knn5 tanimoto,Weight decreased,0.22433192686357242,0.6230386762776092,0.3104079252755741
2,knn5 tanimoto,Weight increased,0.23136427566807313,0.6517908021820519,0.36736213531795997
2,knn5 tanimoto,Wheezing,0.12165963431786217,0.5797790071834086,0.15100571377615496
2,knn5 tanimoto,White blood cell count decreased,0.046413502109704644,0.5788980188782787,0.06845217133176598
2,structure rf,Abdominal discomfort,0.20253164556962025,0.5593800444096292,0.244363548000966
2,structure rf,Abdominal distension,0.20815752461322082,0.6093654849921077,0.3298032047788175
2,structure rf,Abdominal pain,0.580168776371308,0.6279936485609076,0.6950232240897498
2,structure rf,Abdominal pain upper,0.18846694796061886,0.6183716658412927,0.2658557424551547
2,structure rf,Abnormal dreams,0.10548523206751055,0.7546617549216348,0.2707454762553745
2,structure rf,Abscess,0.07805907172995781,0.5817410131023214,0.17066888216630216
2,structure rf,Accommodation disorder,0.04922644163150492,0.868939651400537,0.41566935462020693
2,structure rf,Acidosis,0.0450070323488045,0.6653973138058794,0.1667281385971792
2,structure rf,Acne,0.09282700421940929,0.7243669477050778,0.31649093254475275
2,structure rf,Acute coronary syndrome,0.2348804500703235,0.6443576042859874,0.4031457185094639
2,structure rf,Affect lability,0.1617440225035162,0.6810022180328008,0.36559391246132333
2,structure rf,Ageusia,0.07946554149085795,0.6140732874514869,0.17108342223830397
2,structure rf,Aggression,0.0850914205344585,0.7085878988637038,0.22093002948132462
2,structure rf,Agitation,0.3340365682137834,0.6945770590019255,0.5514337146682385
2,structure rf,Agranulocytosis,0.23347398030942335,0.7807632436168892,0.5602062026568466
2,structure rf,Akathisia,0.04852320675105485,0.8665429667440986,0.48040894984306376
2,structure rf,Alanine aminotransferase increased,0.19268635724331926,0.6596988037392546,0.3787683697503207
2,structure rf,Albuminuria,0.0710267229254571,0.6233996484783269,0.17501537611135226
2,structure rf,Alopecia,0.3108298171589311,0.6635151368962842,0.48356274280629297
2,structure rf,Altered state of consciousness,0.040787623066104076,0.6589212069981301,0.09622148002552018
2,structure rf,Amblyopia,0.07383966244725738,0.5755958720946399,0.10779105532881854
2,structure rf,Amenorrhoea,0.08720112517580872,0.7037480587601286,0.2923600844574587
2,structure rf,Amnesia,0.14486638537271448,0.6809406600137935,0.27082604885423234
2,structure rf,Amylase increased,0.04430379746835443,0.6792556448836138,0.18841721159483962
2,structure rf,Anaemia,0.36146272855133615,0.6660499917038869,0.53094923906341
2,structure rf,Anaphylactic shock,0.4388185654008439,0.67544713214173,0.6351840068558668
2,structure rf,Anaphylactoid reaction,0.17651195499296765,0.6424323503927495,0.34577537850920753
2,structure rf,Angina pectoris,0.2039381153305204,0.675289814166056,0.3896126197738129
2,structure rf,Angioedema,0.37060478199718705,0.654128399008331,0.5296726867650225
2,structure rf,Angiopathy,0.319971870604782,0.632888979021635,0.45692365712879673
2,structure rf,Anorectal discomfort,0.051336146272855133,0.6349133953746348,0.0993117667114097
2,structure rf,Anorectal disorder,0.04289732770745429,0.5369145720896923,0.08779282025071958
2,structure rf,Anxiety,0.38466947960618847,0.6331584571945363,0.5091342508551266
2,structure rf,Apathy,0.06188466947960619,0.7111437675066599,0.14352534013230295
2,structure rf,Aphasia,0.06047819971870605,0.6988765049512726,0.17603192964784917
2,structure rf,Aphthous stomatitis,0.03938115330520394,0.6935008327683521,0.10969019718666699
2,structure rf,Aplastic anaemia,0.11392405063291139,0.8100764788968229,0.4195176974629057
2,structure rf,Apnoea,0.08368495077355836,0.6945580610274293,0.23187673169072814
2,structure rf,Application site pain,0.04289732770745429,0.5842786424130975,0.06527265646735937
2,structure rf,Application site reaction,0.03727144866385373,0.5540614288548746,0.0478378622379487
2,structure rf,Arrhythmia,0.28621659634317864,0.6376674186332236,0.41963578442741734
2,structure rf,Arrhythmia supraventricular,0.035161744022503515,0.5808935047100217,0.058322367903701225
2,structure rf,Arthralgia,0.4120956399437412,0.6408046797761842,0.566022226150894
2,structure rf,Arthritis,0.1568213783403657,0.6576575214697065,0.28038027022996936
2,structure rf,Arthropathy,0.0949367088607595,0.6614843079775146,0.2105805146596643
2,structure rf,Aspartate aminotransferase increased,0.1940928270042194,0.6896875745659046,0.3832025552655399
2,structure rf,Asthenia,0.6371308016877637,0.7176676604347386,0.809157737176686
2,structure rf,Asthma,0.19057665260196907,0.5715975967145711,0.257940995372463
2,structure rf,Ataxia,0.1680731364275668,0.7367805502220869,0.4087991188749148
2,structure rf,Atrial fibrillation,0.1469760900140647,0.6631678834821434,0.2533425477784939
2,structure rf,Atrioventricular block,0.09423347398030943,0.7356954821736947,0.4011787017782045
2,structure rf,Azotaemia,0.0450070323488045,0.6128851327952893,0.09459385528231282
2,structure rf,Back pain,0.3509142053445851,0.6392825890278891,0.49350818371185506
2,structure rf,Bacterial infection,0.03867791842475387,0.6243605726246082,0.18821309527125626
2,structure rf,Balance disorder,0.04781997187060478,0.7493620654742523,0.205663007905278
2,structure rf,Bladder pain,0.11744022503516174,0.6943257947439071,0.2509541483970597
2,structure rf,Blepharitis,0.05555555555555555,0.6858407528481058,0.1708142259291182
2,structure rf,Blindness,0.052742616033755275,0.5558588593852868,0.09396707542731952
2,structure rf,Blister,0.0710267229254571,0.5325572939587269,0.10842587337488918
2,structure rf,Blood alkaline phosphatase increased,0.13431786216596342,0.6511522655226136,0.25410127427514506
2,structure rf,Blood bilirubin increased,0.0970464135021097,0.741547101265097,0.3112392396478301
2,structure rf,Blood creatine phosphokinase increased,0.06821378340365682,0.7418215469680011,0.27031887124401527
2,structure rf,Blood creatinine increased,0.1751054852320675,0.6879456103496947,0.32677741915493896
2,structure rf,Blood disorder,0.08720112517580872,0.6365291215435991,0.17373307847656638
2,structure rf,Blood glucose increased,0.046413502109704644,0.6147799532892281,0.10684244943766874
2,structure rf,Blood lactate dehydrogenase increased,0.058368495077355836,0.7035362001259834,0.19490547913879747
2,structure rf,Blood pressure increased,0.10337552742616034,0.6675368394639817,0.2294761413731206
2,structure rf,Blood triglycerides increased,0.06751054852320675,0.703281210951696,0.27322258016340845
2,structure rf,Blood urea increased,0.1160337552742616,0.704675306133796,0.30469767819713506
2,structure rf,Blood uric acid increased,0.10618846694796062,0.6994420425928108,0.2886069607919999
2,structure rf,Body temperature decreased,0.046413502109704644,0.6386611386150809,0.13981397867624934
2,structure rf,Body temperature increased,0.5414908579465542,0.6362153691870945,0.685401089176632
2,structure rf,Bone disorder,0.08931082981715893,0.6502836983377286,0.16546153314957074
2,structure rf,Bone pain,0.1090014064697609,0.6960721861197021,0.3144602037015104
2,structure rf,Bradycardia,0.2559774964838256,0.6763547561065351,0.46252875343790023
2,structure rf,Breast cancer,0.035864978902953586,0.7569895520006149,0.26420194851600975
2,structure rf,Breast disorder,0.180028129395218,0.69114213424305,0.3723563255440887
2,structure rf,Breast enlargement,0.06258790436005626,0.8389839595011207,0.3297867342042925
2,structure rf,Breast pain,0.09142053445850915,0.7239373560949568,0.31884351284415113
2,structure rf,Bronchitis,0.21167369901547117,0.6302364419933628,0.3106305706406067
2,structure rf,Bronchospasm,0.20182841068917018,0.6428647091115312,0.36096088263068343
2,structure rf,Bundle branch block,0.04571026722925457,0.6256561031616114,0.09568799924886237
2,structure rf,Burning sensation,0.07172995780590717,0.5434178863353234,0.11144919807561446
2,structure rf,Bursitis,0.04360056258790436,0.6587679934201006,0.11542921195734375
2,structure rf,Candida infection,0.11954992967651196,0.7007517599482573,0.3687516655162602
2,structure rf,Cardiac arrest,0.16736990154711673,0.6516602236917943,0.29995041465237676
2,structure rf,Cardiac disorder,0.29254571026722925,0.6722290253150378,0.43278417701348
2,structure rf,Cardiac failure,0.15330520393811534,0.6428067135762967,0.25564490274221535
2,structure rf,Cardiac failure congestive,0.1441631504922644,0.6532275110459631,0.3099466495660712
2,structure rf,Cardiomyopathy,0.04360056258790436,0.6925258557564499,0.1815320490160176
2,structure rf,Cardiovascular disorder,0.0850914205344585,0.6242819498785208,0.1404718485430307
2,structure rf,Cataract,0.10126582278481013,0.6938087086998422,0.25880300377421855
2,structure rf,Cellulitis,0.09282700421940929,0.6098325178014373,0.18816683778745602
2,structure rf,Cerebral haemorrhage,0.04922644163150492,0.629331649900861,0.10584610409665829
2,structure rf,Cerebral ischaemia,0.04219409282700422,0.6091263641616422,0.08974357379637987
2,structure rf,Cerebrovascular accident,0.15822784810126583,0.6761556657585461,0.3530729561226063
2,structure rf,Cerebrovascular disorder,0.035161744022503515,0.6376070166559245,0.1597142106200188
2,structure rf,Chest discomfort,0.09634317862165963,0.5892354010474149,0.16202271889247272
2,structure rf,Chest pain,0.38748241912798875,0.6327182394734875,0.5288992989111383
2,structure rf,Chills,0.3108298171589311,0.6261325680838027,0.43598386240384385
2,structure rf,Cholecystitis,0.052742616033755275,0.6162908424230584,0.10954324404446096
2,structure rf,Cholelithiasis,0.06118143459915612,0.6159473962252355,0.11899824246190698
2,structure rf,Cholestasis,0.07243319268635724,0.7084279806197712,0.2733035734760083
2,structure rf,Coagulopathy,0.07524613220815753,0.6056103278029781,0.12750558492075637
2,structure rf,Cognitive disorder,0.04219409282700422,0.6925269549122631,0.15351210587856445
2,structure rf,Cold sweat,0.03867791842475387,0.6480769198679553,0.11521968909691009
2,structure rf,Colitis,0.10478199718706048,0.7285088743607091,0.321671897777495
2,structure rf,Coma,0.1209563994374121,0.6181865028175004,0.1972297240068815
2,structure rf,Completed suicide,0.04781997187060478,0.7781549109637347,0.18322657266096787
2,structure rf,Confusional state,0.38255977496483823,0.6450919407372073,0.5390042863634259
2,structure rf,Conjunctival hyperaemia,0.0379746835443038,0.5304307714194423,0.046022543361568156
2,structure rf,Conjunctivitis,0.23136427566807313,0.6323072982090404,0.34597585703127276
2,structure rf,Connective tissue disorder,0.2848101265822785,0.645775480530167,0.43656547664933465
2,structure rf,Constipation,0.4929676511954993,0.6940843540893578,0.6893652812504284
2,structure rf,Contusion,0.09774964838255977,0.6278581896758637,0.18815972941550277
2,structure rf,Convulsion,0.36357243319268634,0.6587669091295416,0.5546363963487781
2,structure rf,Coordination abnormal,0.09915611814345991,0.742798014665164,0.3395487271440739
2,structure rf,Cough,0.4008438818565401,0.646743449140572,0.5506675281413382
2,structure rf,Cyanosis,0.06962025316455696,0.6215235390322267,0.18410744211119973
2,structure rf,Cyst,0.06540084388185655,0.6654609685732966,0.19075662603545734
2,structure rf,Cystitis,0.10759493670886076,0.6815248239868162,0.23191735811574973
2,structure rf,Cystitis noninfective,0.10618846694796062,0.6827937381229685,0.23404253387025556
2,structure rf,Deafness,0.1371308016877637,0.6811176139034343,0.2885895486123276
2,structure rf,Decreased appetite,0.4838255977496484,0.647494915310151,0.6204552006915843
2,structure rf,Deep vein thrombosis,0.06680731364275667,0.7014470397967021,0.19189919801486477
2,structure rf,Dehydration,0.17158931082981715,0.6403314188032236,0.30731207780473435
2,structure rf,Delirium,0.07876230661040788,0.6685968741643015,0.18301805848450317
2,structure rf,Delusion,0.06821378340365682,0.8101627602852416,0.35032313759967204
2,structure rf,Dementia,0.03727144866385373,0.6542891824021888,0.15159102357896892
2,structure rf,Depersonalisation,0.06188466947960619,0.7239738974632439,0.17643061912522398
2,structure rf,Depressed level of consciousness,0.10126582278481013,0.6867015747645455,0.1946608666999447
2,structure rf,Depressed mood,0.035864978902953586,0.6452208326210191,0.11601210469445729
2,structure rf,Depression,0.22644163150492264,0.6713753177324759,0.38980392524505203
2,structure rf,Dermatitis,0.7658227848101266,0.6405774371717058,0.8435113501247393
2,structure rf,Dermatitis atopic,0.07454289732770746,0.5168831704099348,0.11650396354902019
2,structure rf,Dermatitis bullous,0.14767932489451477,0.5745998961192686,0.22504080985397218
2,structure rf,Dermatitis contact,0.11181434599156118,0.6814142994411949,0.2799246616624337
2,structure rf,Dermatitis exfoliative,0.14556962025316456,0.6932416940540944,0.3006856491647055
2,structure rf,Diabetes mellitus,0.1441631504922644,0.69575392282666,0.3367652572340441
2,structure rf,Diarrhoea,0.6849507735583685,0.679085816025308,0.814761548395721
2,structure rf,Diplopia,0.1518987341772152,0.7263401134718335,0.3514582778732892
2,structure rf,Discomfort,0.3924050632911392,0.638556049345185,0.5329387059923109
2,structure rf,Disorientation,0.12376933895921238,0.6821341291975209,0.2898540824902683
2,structure rf,Disturbance in attention,0.09071729957805907,0.680294821368915,0.21107519553640713
2,structure rf,Disturbance in sexual arousal,0.16455696202531644,0.7546759051257276,0.41338451858842307
2,structure rf,Dizziness,0.7250351617440225,0.7020959193626612,0.851113344486906
2,structure rf,Drug eruption,0.05414908579465542,0.6513937429959101,0.14648801252620974
2,structure rf,Drug interaction,0.09353023909985936,0.6192395965684143,0.15355772311930202
2,structure rf,Drug withdrawal syndrome,0.04008438818565401,0.8697463115432799,0.3017189959090974
2,structure rf,Dry eye,0.11462728551336146,0.6960833833203566,0.29609389074481
2,structure rf,Dry mouth,0.38959212376933894,0.7181938746369602,0.6314372003384202
2,structure rf,Dry skin,0.18635724331926865,0.5871827944403064,0.29849205068873047
2,structure rf,Duodenal ulcer,0.03938115330520394,0.7189893890591099,0.14242497990476288
2,structure rf,Dysarthria,0.09212376933895922,0.7143602930705772,0.2797567671812668
2,structure rf,Dysgeusia,0.32208157524613223,0.603145310925415,0.43800854825740176
2,structure rf,Dyskinesia,0.09142053445850915,0.8111217223836938,0.4222321907589147
2,structure rf,Dysmenorrhoea,0.09845288326300984,0.6833411781600859,0.2508582132645169
2,structure rf,Dyspepsia,0.4908579465541491,0.6491324212311399,0.6353949631029645
2,structure rf,Dysphagia,0.18565400843881857,0.6623581493826688,0.3148331047715708
2,structure rf,Dysphonia,0.08649789029535865,0.6417709029925107,0.17533711354241271
2,structure rf,Dyspnoea,0.4908579465541491,0.6617379937076959,0.6571331489631045
2,structure rf,Dysuria,0.21026722925457103,0.6198180463411501,0.32996110005399937
2,structure rf,Ear disorder,0.047116736990154715,0.5168070636941593,0.060293191169492534
2,structure rf,Ear infection,0.03727144866385373,0.625695015815436,0.09222841003954253
2,structure rf,Ear pain,0.12658227848101267,0.6237491382404838,0.2082665212198002
2,structure rf,Ecchymosis,0.1279887482419128,0.658446990619289,0.28168772465884023
2,structure rf,Eczema,0.13924050632911392,0.5981729212750645,0.18894904275126626
2,structure rf,Electrocardiogram QT prolonged,0.05977496483825598,0.7190137782630043,0.18248356175707642
2,structure rf,Electrocardiogram abnormal,0.05977496483825598,0.615232614515115,0.10404878408527522
2,structure rf,Electrolyte imbalance,0.03656821378340366,0.688076271235543,0.2032435338715775
2,structure rf,Embolism,0.06751054852320675,0.7095849754686073,0.253606472714355
2,structure rf,Embolism venous,0.051336146272855133,0.7860122379735577,0.33804523702167716
2,structure rf,Encephalopathy,0.056962025316455694,0.6048598434025306,0.1043582026897885
2,structure rf,Endocrine disorder,0.09071729957805907,0.6380756533214491,0.1495455450538323
2,structure rf,Endophthalmitis,0.04149085794655415,0.631749271855417,0.15119863987682267
2,structure rf,Eosinophilia,0.2039381153305204,0.724948609216044,0.4808071470468434
2,structure rf,Epigastric discomfort,0.04289732770745429,0.6674122580654263,0.25318411354842973
2,structure rf,Epilepsy,0.03727144866385373,0.6203164672251333,0.18264930139957275
2,structure rf,Epistaxis,0.2468354430379747,0.6859609873371528,0.43661699929946324
2,structure rf,Erectile dysfunction,0.2109704641350211,0.7467045592373467,0.4920547370555578
2,structure rf,Eructation,0.1090014064697609,0.64598218705837,0.1985377199441078
2,structure rf,Erythema,0.339662447257384,0.5751376027606856,0.4351247170704212
2,structure rf,Erythema multiforme,0.27355836849507736,0.7293874245346104,0.5116557902569199
2,structure rf,Erythema nodosum,0.03867791842475387,0.7587917574239006,0.30777510510502454
2,structure rf,Euphoric mood,0.11954992967651196,0.7820076930706715,0.3169431567463873
2,structure rf,Extrapyramidal disorder,0.07172995780590717,0.8475300054780244,0.4652713908081205
2,structure rf,Extrasystoles,0.07735583684950774,0.6903157966475926,0.17270716132062275
2,structure rf,Extravasation,0.07524613220815753,0.7387125729178537,0.2525198127839891
2,structure rf,Eye disorder,0.28621659634317864,0.6230223569412062,0.39114763153988513
2,structure rf,Eye haemorrhage,0.04289732770745429,0.6543203769861781,0.09804159959407618
2,structure rf,Eye irritation,0.090014064697609,0.5673359377841958,0.14469287663725333
2,structure rf,Eye pain,0.14064697609001406,0.6280224715821919,0.2615200133297359
2,structure rf,Eye pruritus,0.0379746835443038,0.6006374265722422,0.09856874691783453
2,structure rf,Eyelid oedema,0.04289732770745429,0.6607994361917846,0.10167213509395223
2,structure rf,Face oedema,0.17088607594936708,0.6027333139454065,0.2874883724084104
2,structure rf,Faecal incontinence,0.04781997187060478,0.5773397650632965,0.08600839200460733
2,structure rf,Fatigue,0.510548523206751,0.6738470020054635,0.6735799984444644
2,structure rf,Febrile neutropenia,0.05977496483825598,0.7643976777034418,0.31630412951201425
2,structure rf,Feeling abnormal,0.5133614627285513,0.6363931764643109,0.6389527234399106
2,structure rf,Feeling hot,0.08227848101265822,0.6253150476535164,0.26131006486285024
2,structure rf,Flank pain,0.035161744022503515,0.5678304578757328,0.09089280869537888
2,structure rf,Flat affect,0.06258790436005626,0.7177877450266827,0.16297529492438168
2,structure rf,Flatulence,0.3143459915611814,0.6167530505031152,0.4351042180895731
2,structure rf,Fluid overload,0.0379746835443038,0.7109956215808395,0.2009917990544503
2,structure rf,Fluid retention,0.1160337552742616,0.6503088947114641,0.27477672812717285
2,structure rf,Flushing,0.30028129395218,0.5975684761899793,0.40512689533900276
2,structure rf,Foetor hepaticus,0.05063291139240506,0.5879312455500408,0.08820710666116717
2,structure rf,Folliculitis,0.0639943741209564,0.7389135250800852,0.3086328357736334
2,structure rf,Fracture,0.05485232067510549,0.6924192405646636,0.19202166552661556
2,structure rf,Fungal infection,0.07946554149085795,0.6099014941745582,0.1562920064410343
2,structure rf,Fungal skin infection,0.03656821378340366,0.6197614687683416,0.09007214924291222
2,structure rf,Furuncle,0.04289732770745429,0.5815178949424695,0.0658981915378821
2,structure rf,Gait disturbance,0.10056258790436005,0.7049947632714904,0.23799916555994213
2,structure rf,Galactorrhoea,0.05977496483825598,0.8359508028469115,0.4166825811216165
2,structure rf,Gamma-glutamyltransferase increased,0.0829817158931083,0.5875216144557511,0.14489987092608964
2,structure rf,Gastric ulcer,0.05063291139240506,0.6437756598538255,0.09581049721891213
2,structure rf,Gastritis,0.18424753867791843,0.662463051330046,0.34761098115283995
2,structure rf,Gastroenteritis,0.13853727144866385,0.6605009133668339,0.27317777013503824
2,structure rf,Gastrointestinal disorder,0.5210970464135021,0.6549936498963674,0.6721311288951474
2,structure rf,Gastrointestinal haemorrhage,0.15330520393811534,0.6678923187271337,0.32672219215381737
2,structure rf,Gastrointestinal pain,0.5478199718706048,0.6477398077528893,0.6868637325061433
2,structure rf,Gastrooesophageal reflux disease,0.09915611814345991,0.6963484312197268,0.24060566769868305
2,structure rf,Generalised oedema,0.053445850914205346,0.6402802163327288,0.1541465370754552
2,structure rf,Gingival bleeding,0.05414908579465542,0.6042997703151551,0.14932654145884514
2,structure rf,Gingivitis,0.07383966244725738,0.6601616323041612,0.15397782146607172
2,structure rf,Glaucoma,0.07805907172995781,0.7445381377495387,0.31751471797482955
2,structure rf,Glossitis,0.09774964838255977,0.5985679671507185,0.18690447845838812
2,structure rf,Glycosuria,0.08579465541490858,0.7280320191218891,0.3157208554142133
2,structure rf,Gout,0.09774964838255977,0.6908204136307609,0.20984848789667407
2,structure rf,Grand mal convulsion,0.0379746835443038,0.6423286416864429,0.13078236745214097
2,structure rf,Gynaecomastia,0.12517580872011252,0.7515607870738797,0.42766542921748674
2,structure rf,Haematemesis,0.07032348804500703,0.6901557511139044,0.1819326556651615
2,structure rf,Haematochezia,0.035864978902953586,0.6311477432737317,0.07662326201362082
2,structure rf,Haematocrit decreased,0.0379746835443038,0.6117262369447947,0.07902858359337787
2,structure rf,Haematoma,0.07172995780590717,0.6603898942881755,0.1771200978901942
2,structure rf,Haematuria,0.2369901547116737,0.6760252130906765,0.41501355856203415
2,structure rf,Haemoglobin,0.2679324894514768,0.6325935867276004,0.4388753414831138
2,structure rf,Haemoglobin decreased,0.07383966244725738,0.6879044722379182,0.1636565082896931
2,structure rf,Haemolytic anaemia,0.14064697609001406,0.7674054533280513,0.44886934871042017
2,structure rf,Haemoptysis,0.08157524613220815,0.5923830926082518,0.14125290121904172
2,structure rf,Haemorrhage,0.26933895921237694,0.6342296425214771,0.44073607775297513
2,structure rf,Haemorrhage intracranial,0.04008438818565401,0.707818280664996,0.1405927205724349
2,structure rf,Haemorrhoids,0.05907172995780591,0.6192145524501069,0.15180994619100258
2,structure rf,Hallucination,0.24261603375527427,0.714109695610947,0.4703671602126359
2,structure rf,Headache,0.7805907172995781,0.6838758962207404,0.8674346928089196
2,structure rf,Hearing impaired,0.10056258790436005,0.6740109867262413,0.24607645822410001
2,structure rf,Hepatic enzyme increased,0.09634317862165963,0.6319006848725904,0.1622028541127107
2,structure rf,Hepatic failure,0.1441631504922644,0.695210544782365,0.25322757913823785
2,structure rf,Hepatic function abnormal,0.12939521800281295,0.6027803157055971,0.2537763647511188
2,structure rf,Hepatic necrosis,0.052742616033755275,0.6826508846517854,0.17192733342517608
2,structure rf,Hepatitis,0.2552742616033755,0.6980378658085282,0.4375309412421098
2,structure rf,Hepatobiliary disease,0.24120956399437413,0.6628825150263189,0.4157448657079527
2,structure rf,Hepatocellular injury,0.10478199718706048,0.6570242976116105,0.1905832177344921
2,structure rf,Hepatomegaly,0.06891701828410689,0.6983102827646389,0.21801007004764492
2,structure rf,Hepatotoxicity,0.07946554149085795,0.7296599730720102,0.23646252594002756
2,structure rf,Hernia,0.03727144866385373,0.6547391804029501,0.07808365845032192
2,structure rf,Herpes simplex,0.09353023909985936,0.6304248810712548,0.1746684269147032
2,structure rf,Herpes zoster,0.08157524613220815,0.6440646134304588,0.15983960443335982
2,structure rf,Hiccups,0.10267229254571027,0.7025591870479078,0.238297351550053
2,structure rf,Hirsutism,0.06118143459915612,0.8132490817849775,0.40214726085732755
2,structure rf,Hostility,0.047116736990154715,0.7626525483845781,0.20457691341603987
2,structure rf,Hot flush,0.15611814345991562,0.6646086307608583,0.2919705084924379
2,structure rf,Hyperaesthesia,0.07524613220815753,0.6657548074797306,0.17133390549280617
2,structure rf,Hyperbilirubinaemia,0.0970464135021097,0.7053429316330536,0.28597851255550744
2,structure rf,Hypercalcaemia,0.0710267229254571,0.661357900204008,0.25476394441630756
2,structure rf,Hypercholesterolaemia,0.09915611814345991,0.7194363882332249,0.27508061359786706
2,structure rf,Hyperglycaemia,0.23417721518987342,0.6802532565875229,0.43121431286722955
2,structure rf,Hyperhidrosis,0.42334739803094235,0.6321137965456043,0.5713640031430591
2,structure rf,Hyperkalaemia,0.11040787623066103,0.6342887943487987,0.2571150847741224
2,structure rf,Hyperkinesia,0.11954992967651196,0.7315968337733215,0.2792016730843177
2,structure rf,Hyperlipidaemia,0.0639943741209564,0.690498165858138,0.18255455871502962
2,structure rf,Hypernatraemia,0.052742616033755275,0.7035650327318059,0.27147938840551994
2,structure rf,Hyperreflexia,0.040787623066104076,0.7234323697658251,0.20745116500825303
2,structure rf,Hypersensitivity,0.6315049226441631,0.6088793495228987,0.7287064400462968
2,structure rf,Hypertension,0.39732770745428975,0.6312890012921862,0.5351983945966474
2,structure rf,Hyperthyroidism,0.035864978902953586,0.5935142541004284,0.07060681831409214
2,structure rf,Hypertonia,0.12376933895921238,0.6048116934944143,0.20987128114419723
2,structure rf,Hypertrichosis,0.03656821378340366,0.7575994195554995,0.3769987141174814
2,structure rf,Hypertriglyceridaemia,0.05625879043600562,0.7102070024765347,0.2930498236482187
2,structure rf,Hyperuricaemia,0.09774964838255977,0.7009087397581505,0.28668055582524
2,structure rf,Hyperventilation,0.06469760900140648,0.6549064669130087,0.18837214779647637
2,structure rf,Hypoaesthesia,0.2559774964838256,0.6414236382858747,0.4237849669276878
2,structure rf,Hypocalcaemia,0.0949367088607595,0.6557770843654283,0.22223259455342279
2,structure rf,Hypoglycaemia,0.1568213783403657,0.6462288557659761,0.301027371555056
2,structure rf,Hypokalaemia,0.18143459915611815,0.5948562147212263,0.26330617325332206
2,structure rf,Hypokinesia,0.05907172995780591,0.707193410508226,0.19475756962383545
2,structure rf,Hypomagnesaemia,0.06047819971870605,0.6904596498698823,0.16101399371326616
2,structure rf,Hyponatraemia,0.1540084388185654,0.7078446183487519,0.3707005804284141
2,structure rf,Hypophosphataemia,0.056962025316455694,0.7572839481704632,0.20545280667179666
2,structure rf,Hyporeflexia,0.0379746835443038,0.6351977196382416,0.0865767229463586
2,structure rf,Hypotension,0.4676511954992968,0.6385096912005196,0.6051325829278629
2,structure rf,Hypothermia,0.046413502109704644,0.6386611386150809,0.13981397867624934
2,structure rf,Hypothyroidism,0.06329113924050633,0.6118097924271706,0.12560875868193477
2,structure rf,Hypotonia,0.04571026722925457,0.7132214624597111,0.14188307844415288
2,structure rf,Hypoxia,0.06047819971870605,0.6630031034537723,0.18051053987276258
2,structure rf,Ileus,0.07032348804500703,0.6473207404697325,0.22498271933087627
2,structure rf,Ileus paralytic,0.035161744022503515,0.8446997499056541,0.6185839015943412
2,structure rf,Ill-defined disorder,0.34247538677918427,0.6472665302154351,0.49104753691302083
2,structure rf,Immune system disorder,0.3150492264416315,0.6359042944580698,0.44195552226536583
2,structure rf,Impaired healing,0.04430379746835443,0.7199835996039459,0.30044876138769094
2,structure rf,Inappropriate antidiuretic hormone secretion,0.04922644163150492,0.7525934474152594,0.3063821195527149
2,structure rf,Increased appetite,0.1568213783403657,0.7041231122211224,0.37089607390917523
2,structure rf,Induration,0.04149085794655415,0.6823535668603746,0.1592562535046306
2,structure rf,Infection,0.4212376933895921,0.6399911014494336,0.5838840412636558
2,structure rf,Infestation,0.24753867791842477,0.6356770178459453,0.4121501729454944
2,structure rf,Inflammation,0.10829817158931083,0.6013739039831109,0.1960320068528532
2,structure rf,Influenza,0.1990154711673699,0.6268856041220003,0.2709703219266453
2,structure rf,Influenza like illness,0.1160337552742616,0.6091162578838064,0.19020229525815097
2,structure rf,Injection site pain,0.10267229254571027,0.6185434610065805,0.208302538370909
2,structure rf,Injection site reaction,0.13853727144866385,0.6783249265504632,0.37690141470079247
2,structure rf,Injury,0.14556962025316456,0.5980607967762002,0.23647870427745907
2,structure rf,Insomnia,0.4739803094233474,0.6817318286733276,0.6430637689605484
2,structure rf,Interstitial lung disease,0.06891701828410689,0.6911041428778836,0.20401549197651928
2,structure rf,Intestinal obstruction,0.06469760900140648,0.6315893961772179,0.18975824706928401
2,structure rf,Intracranial pressure increased,0.03938115330520394,0.6742634105364155,0.26153059174715826
2,structure rf,Intraocular pressure increased,0.04430379746835443,0.7757744429134987,0.3806433542867994
2,structure rf,Irritability,0.1617440225035162,0.6599633034793622,0.29287362130055333
2,structure rf,Jaundice,0.23136427566807313,0.7181355327641015,0.45262010113855117
2,structure rf,Jaundice cholestatic,0.0949367088607595,0.7866286202026547,0.3010707600832982
2,structure rf,Joint swelling,0.0450070323488045,0.5177860899638319,0.055376576695336466
2,structure rf,Keratitis,0.06047819971870605,0.6731229684621601,0.15762416947738583
2,structure rf,Lacrimal disorder,0.0379746835443038,0.6325779573395414,0.06682985005204786
2,structure rf,Lacrimation increased,0.1019690576652602,0.5688014735079482,0.15974169394751375
2,structure rf,Laryngeal oedema,0.0639943741209564,0.6733988939673112,0.2965555764676785
2,structure rf,Laryngeal pain,0.07313642756680731,0.6044366057937924,0.12623083840245924
2,structure rf,Laryngitis,0.06821378340365682,0.64327158364705,0.15438767336496748
2,structure rf,Laryngospasm,0.07243319268635724,0.7398032009995386,0.2694197043842167
2,structure rf,Lethargy,0.15611814345991562,0.6197992924656036,0.26677430821680287
2,structure rf,Leukocytoclastic vasculitis,0.03938115330520394,0.6496955067140919,0.08006105573092584
2,structure rf,Leukocytosis,0.10548523206751055,0.5968327582331424,0.18054261386802212
2,structure rf,Leukoderma,0.04430379746835443,0.6951140808539821,0.31830523655106335
2,structure rf,Leukopenia,0.35864978902953587,0.7125846069900292,0.5755728254274339
2,structure rf,Libido decreased,0.14767932489451477,0.7603486542366344,0.4003340510718377
2,structure rf,Libido increased,0.057665260196905765,0.7854504619228337,0.1908162431355544
2,structure rf,Liver disorder,0.06610407876230662,0.6170327655459319,0.1131680688852806
2,structure rf,Liver function test abnormal,0.17440225035161744,0.6406492695198513,0.26620984535994724
2,structure rf,Liver injury,0.08649789029535865,0.6501625515636841,0.16644269698285963
2,structure rf,Local reaction,0.053445850914205346,0.6572252883023852,0.2130089659748636
2,structure rf,Loss of consciousness,0.37060478199718705,0.6544261874468333,0.5327721252385291
2,structure rf,Loss of libido,0.03867791842475387,0.6088244845783163,0.13508631562707035
2,structure rf,Lung disorder,0.05414908579465542,0.5297521579328643,0.08908818507930731
2,structure rf,Lung infiltration,0.04289732770745429,0.6066042816737939,0.1533256730082753
2,structure rf,Lymphadenopathy,0.13291139240506328,0.623843079629476,0.2436156061907322
2,structure rf,Lymphopenia,0.05063291139240506,0.6741424436782213,0.21814814893030549
2,structure rf,Malaise,0.35372714486638535,0.6416048652930834,0.4932840175459635
2,structure rf,Malnutrition,0.33122362869198313,0.6517475243765415,0.5022549467034612
2,structure rf,Mania,0.06751054852320675,0.766996062343625,0.21740943274752517
2,structure rf,Mediastinal disorder,0.31856540084388185,0.6461498500572096,0.46526841989458523
2,structure rf,Melaena,0.10970464135021098,0.6335631744462626,0.21053842045409787
2,structure rf,Memory impairment,0.07735583684950774,0.5930933997167873,0.130036754009722
2,structure rf,Meningitis,0.03867791842475387,0.6887906969164429,0.22183020251951016
2,structure rf,Menopausal symptoms,0.1589310829817159,0.6614440454520867,0.2916226957589256
2,structure rf,Menorrhagia,0.07524613220815753,0.6293871429384919,0.16353341911064384
2,structure rf,Menstrual disorder,0.06469760900140648,0.6622797897510242,0.1844460086381206
2,structure rf,Menstruation irregular,0.05555555555555555,0.8390732144924188,0.3974716769664323
2,structure rf,Mental disability,0.12306610407876231,0.7043827724778885,0.25180840915822617
2,structure rf,Mental disorder,0.3227848101265823,0.6467550083029973,0.4738059288026494
2,structure rf,Metrorrhagia,0.07172995780590717,0.603616143055353,0.15305300042990036
2,structure rf,Micturition urgency,0.05414908579465542,0.6515043612103104,0.1561704496346914
2,structure rf,Migraine,0.16455696202531644,0.6578486778587653,0.3183312294844344
2,structure rf,Mood swings,0.17088607594936708,0.674705656697905,0.37506065428091906
2,structure rf,Mouth ulceration,0.1209563994374121,0.6480197923769752,0.2075247860538348
2,structure rf,Mucosal inflammation,0.05625879043600562,0.774259290130392,0.30882809271006495
2,structure rf,Multiple fractures,0.05485232067510549,0.6924192405646636,0.19202166552661556
2,structure rf,Muscle contractions involuntary,0.03867791842475387,0.6995801582899186,0.1364323061187887
2,structure rf,Muscle relaxant therapy,0.04289732770745429,0.7081207526117529,0.13143395773694994
2,structure rf,Muscle rigidity,0.04360056258790436,0.8382966027043421,0.36373075714305925
2,structure rf,Muscle spasms,0.340365682137834,0.6391892187424443,0.472700378214362
2,structure rf,Muscle twitching,0.10267229254571027,0.6623664154120755,0.23266672711795083
2,structure rf,Muscular weakness,0.19760900140646975,0.6586079614459835,0.34447209542713103
2,structure rf,Musculoskeletal discomfort,0.4859353023909986,0.6482569027739855,0.6438501326671897
2,structure rf,Musculoskeletal pain,0.11673699015471167,0.6254496995413575,0.21871279926288686
2,structure rf,Musculoskeletal stiffness,0.09774964838255977,0.6319551001870936,0.22447565720197904
2,structure rf,Myalgia,0.39943741209563993,0.6596998848388831,0.5883163801293487
2,structure rf,Mydriasis,0.07665260196905767,0.8507385212495409,0.46521670524743497
2,structure rf,Myocardial infarction,0.2348804500703235,0.6433340681593273,0.4024483053663615
2,structure rf,Myocardial ischaemia,0.08227848101265822,0.7154871152848885,0.25460176787407734
2,structure rf,Myoclonus,0.05485232067510549,0.7041984874421561,0.17774988205804937
2,structure rf,Myopathy,0.07665260196905767,0.6198004928956818,0.23275542027197033
2,structure rf,Myositis,0.0450070323488045,0.7068194040869675,0.2770840583219786
2,structure rf,Nail disorder,0.06047819971870605,0.6747425112595214,0.20356144705412085
2,structure rf,Nasal congestion,0.1441631504922644,0.5884489989130959,0.249894810457686
2,structure rf,Nasopharyngitis,0.20042194092827004,0.6195768069078091,0.27987093218272624
2,structure rf,Nausea,0.8438818565400844,0.7188906724365255,0.9258444747673552
2,structure rf,Neck pain,0.10548523206751055,0.5465294258329032,0.13882639208295272
2,structure rf,Necrosis,0.06962025316455696,0.6113747577455573,0.12418279923140049
2,structure rf,Neoplasm,0.12447257383966245,0.6746737407473076,0.2952118232043445
2,structure rf,Neoplasm malignant,0.09423347398030943,0.6649759689315005,0.18519730005826598
2,structure rf,Nephrolithiasis,0.0808720112517581,0.6954758788590021,0.22967160277806614
2,structure rf,Nephropathy,0.04289732770745429,0.6782272724816992,0.15416914794837008
2,structure rf,Nephropathy toxic,0.053445850914205346,0.8373115312568933,0.4106163021559139
2,structure rf,Nephrotic syndrome,0.04430379746835443,0.731508875174796,0.17748858990787358
2,structure rf,Nervous system disorder,0.4409282700421941,0.6750730894235946,0.6313449386654325
2,structure rf,Nervousness,0.3059071729957806,0.7021126510234477,0.4945435556806381
2,structure rf,Neuralgia,0.06821378340365682,0.6629003964478031,0.15705806463990593
2,structure rf,Neuritis,0.07172995780590717,0.7256021601972277,0.22934641624213142
2,structure rf,Neuroleptic malignant syndrome,0.04360056258790436,0.8916792085077802,0.5066021473215606
2,structure rf,Neuropathy peripheral,0.2390998593530239,0.6536841886550162,0.4176025745719693
2,structure rf,Neutropenia,0.21940928270042195,0.7783018486465858,0.5603402916313291
2,structure rf,Night sweats,0.05555555555555555,0.634061033780778,0.14950482098753495
2,structure rf,Nightmare,0.10407876230661041,0.7448829799920913,0.3513287616898853
2,structure rf,Nocturia,0.09563994374120956,0.6679192732001319,0.1950243962288061
2,structure rf,Nuchal rigidity,0.04852320675105485,0.6559676316317171,0.11936672454985371
2,structure rf,Nystagmus,0.06821378340365682,0.7095764092589011,0.3007648833057674
2,structure rf,Ocular hyperaemia,0.04008438818565401,0.6255056386561569,0.10721554769081473
2,structure rf,Oedema,0.4015471167369902,0.6219363427678714,0.5344822272374582
2,structure rf,Oedema peripheral,0.2876230661040788,0.6638296747108082,0.46912561425508803
2,structure rf,Oesophagitis,0.12025316455696203,0.6820804618974948,0.2398530809341728
2,structure rf,Oliguria,0.09212376933895922,0.6046745468772341,0.16710161702020293
2,structure rf,Opportunistic infection,0.0379746835443038,0.8343285712772074,0.25968018603390497
2,structure rf,Optic neuritis,0.06610407876230662,0.6532624704054256,0.22816455602748462
2,structure rf,Oral candidiasis,0.06751054852320675,0.6622752574038125,0.20268895592934139
2,structure rf,Oropharyngeal discomfort,0.07454289732770746,0.6062148345737545,0.1639125727395335
2,structure rf,Oropharyngeal pain,0.10407876230661041,0.6163491576740306,0.21232810867622068
2,structure rf,Orthostatic hypotension,0.17862165963431786,0.7681755539516988,0.44700750816772655
2,structure rf,Osteoarthritis,0.15611814345991562,0.6683513239642361,0.29464226963353657
2,structure rf,Osteonecrosis,0.035161744022503515,0.7547636502433777,0.33317185112065906
2,structure rf,Osteoporosis,0.05977496483825598,0.8144167709556973,0.32725750282851945
2,structure rf,Otitis media,0.07243319268635724,0.6094230141338117,0.15531080602886166
2,structure rf,Pain,0.5203938115330521,0.6063705247571033,0.6259152223854916
2,structure rf,Pain in extremity,0.17932489451476794,0.5937121138902179,0.2605692478883825
2,structure rf,Pallor,0.09563994374120956,0.6266252859571148,0.15555234741377494
2,structure rf,Palpitations,0.3551336146272855,0.6923904567308282,0.5595936521590852
2,structure rf,Pancreatitis,0.22292545710267228,0.7194657247997632,0.4552385592057667
2,structure rf,Pancreatitis acute,0.04219409282700422,0.5017850464622667,0.057900555411324585
2,structure rf,Pancytopenia,0.2088607594936709,0.7411519102271628,0.4382296703410861
2,structure rf,Paraesthesia,0.45639943741209565,0.648314960424855,0.6120559413441584
2,structure rf,Paraesthesia oral,0.04149085794655415,0.6352737134998201,0.0889948490513061
2,structure rf,Paralysis,0.06680731364275667,0.6248916003013196,0.18759396809441495
2,structure rf,Paranoia,0.06258790436005626,0.7258969191351081,0.20673516998001235
2,structure rf,Parkinsonism,0.03656821378340366,0.8028440800257975,0.4039867112915643
2,structure rf,Parosmia,0.06329113924050633,0.6551843947012087,0.19070669040901433
2,structure rf,Pelvic pain,0.057665260196905765,0.6688807977858015,0.137539342646473
2,structure rf,Peptic ulcer,0.06821378340365682,0.7087129991927028,0.35188579444492724
2,structure rf,Pericardial effusion,0.035161744022503515,0.7086236483621832,0.15363618440446064
2,structure rf,Pericarditis,0.03867791842475387,0.6552172452137064,0.122797251966383
2,structure rf,Periorbital oedema,0.035161744022503515,0.6343550375992997,0.1389522528646061
2,structure rf,Peripheral coldness,0.03938115330520394,0.6709628392651007,0.20620250628178502
2,structure rf,Peripheral vascular disorder,0.04289732770745429,0.6434587314664518,0.13412002897385883
2,structure rf,Personality disorder,0.03656821378340366,0.7018183288801823,0.16135989329534656
2,structure rf,Petechiae,0.0850914205344585,0.6460374407797297,0.2721464176062495
2,structure rf,Pharyngitis,0.270042194092827,0.6376645987900833,0.42592483958079763
2,structure rf,Phlebitis,0.1209563994374121,0.6532292516211822,0.2863082788852501
2,structure rf,Photophobia,0.11251758087201125,0.67881516807896,0.2555551233209984
2,structure rf,Photosensitivity reaction,0.21308016877637131,0.7430118241070663,0.47813019784404764
2,structure rf,Platelet count decreased,0.057665260196905765,0.6130068945711455,0.10535681535195204
2,structure rf,Pleural effusion,0.08157524613220815,0.6328108611557114,0.16145995125222545
2,structure rf,Pneumonia,0.23628691983122363,0.6476611566581952,0.4061778363579839
2,structure rf,Pneumothorax,0.0450070323488045,0.5783580538003779,0.1241178436159186
2,structure rf,Pollakiuria,0.2109704641350211,0.6779700766119744,0.35584699440068157
2,structure rf,Polyp,0.05907172995780591,0.6693005155357865,0.18558964485628965
2,structure rf,Polyuria,0.13853727144866385,0.6662993988652129,0.25033582285278216
2,structure rf,Pregnancy,0.04992967651195499,0.5718230177363582,0.12317214468517523
2,structure rf,Priapism,0.04571026722925457,0.7898325000534673,0.3638494234080845
2,structure rf,Proctalgia,0.04360056258790436,0.5801693462747981,0.07763625124978016
2,structure rf,Protein urine present,0.09634317862165963,0.7450779529896965,0.2376176611499357
2,structure rf,Proteinuria,0.09423347398030943,0.7526214118315157,0.24176394960249187
2,structure rf,Prothrombin level increased,0.03727144866385373,0.7581949835749343,0.3171662769311827
2,structure rf,Prurigo,0.04219409282700422,0.6627745595937478,0.21885109645506687
2,structure rf,Pruritus,0.6638537271448663,0.626121268909426,0.7523763041532795
2,structure rf,Pseudomembranous colitis,0.04571026722925457,0.9068439717344792,0.6037218758521254
2,structure rf,Psoriasis,0.056962025316455694,0.5770149902209092,0.13859935842141696
2,structure rf,Psychotic disorder,0.1568213783403657,0.7052241553683372,0.30961406892997273
2,structure rf,Pulmonary embolism,0.1209563994374121,0.6623884958509706,0.28214956875279384
2,structure rf,Pulmonary fibrosis,0.04289732770745429,0.662647033687432,0.14547416206613312
2,structure rf,Pulmonary function test decreased,0.06540084388185655,0.7524400854887142,0.2697921575347849
2,structure rf,Pulmonary oedema,0.1258790436005626,0.6530800733655012,0.25285501702132823
2,structure rf,Purpura,0.15260196905766527,0.6464970958838533,0.31140151849494474
2,structure rf,Rash,0.760196905766526,0.6574187573217447,0.8516930367333699
2,structure rf,Rash erythematous,0.0759493670886076,0.532300925182592,0.1031799473445461
2,structure rf,Rash generalised,0.03727144866385373,0.668557045518584,0.17241853908825225
2,structure rf,Rash macular,0.035864978902953586,0.6321646575968758,0.07621215123801335
2,structure rf,Rash maculo-papular,0.1209563994374121,0.603832199590744,0.18452790276337777
2,structure rf,Rash pustular,0.07524613220815753,0.5854552082674194,0.15130209980551945
2,structure rf,Rectal haemorrhage,0.0970464135021097,0.6254454287128096,0.18669187883937777
2,structure rf,Renal failure,0.23277074542897327,0.6908209511164056,0.44064716756659494
2,structure rf,Renal failure acute,0.14838255977496484,0.6731839538263281,0.281575937475475
2,structure rf,Renal impairment,0.14838255977496484,0.6740082832022884,0.28933807049353744
2,structure rf,Renal pain,0.047116736990154715,0.6573559888371674,0.12376082099278796
2,structure rf,Respiratory arrest,0.035864978902953586,0.7271189249682612,0.13613803456240758
2,structure rf,Respiratory depression,0.06469760900140648,0.7635655132803377,0.27272542654383497
2,structure rf,Respiratory distress,0.06258790436005626,0.7457419299966872,0.2831193031216103
2,structure rf,Respiratory failure,0.09915611814345991,0.665962986900348,0.21002082020158586
2,structure rf,Respiratory tract infection,0.05555555555555555,0.653103746403564,0.11320467890648991
2,structure rf,Rhabdomyolysis,0.09563994374120956,0.7083962469762102,0.31976624710076873
2,structure rf,Rhinitis,0.26652601969057665,0.618005919995513,0.3677467479887814
2,structure rf,Rhinorrhoea,0.0850914205344585,0.6590118316829383,0.18139652024742645
2,structure rf,Salivary hypersecretion,0.10618846694796062,0.7037578645016828,0.29867968938970996
2,structure rf,Scotoma,0.07032348804500703,0.6562741725390422,0.1694574975711197
2,structure rf,Seborrhoeic dermatitis,0.06469760900140648,0.6632488631991353,0.17874059943654802
2,structure rf,Sensory loss,0.0850914205344585,0.6293521488164345,0.19585496987154521
2,structure rf,Sepsis,0.13431786216596342,0.6581753887311743,0.28692761842477055
2,structure rf,Serum sickness,0.040787623066104076,0.7369956252422283,0.28738736250321734
2,structure rf,Sexual dysfunction,0.051336146272855133,0.6792367844573727,0.13375211479813576
2,structure rf,Shock,0.41561181434599154,0.6497701840676925,0.5840785703049688
2,structure rf,Sinus bradycardia,0.04289732770745429,0.6908864798779832,0.16393942415284138
2,structure rf,Sinus congestion,0.0450070323488045,0.6255565149984513,0.0945599943663397
2,structure rf,Sinusitis,0.25035161744022505,0.6276057253858826,0.34747096457876747
2,structure rf,Skin discolouration,0.09634317862165963,0.5416458737484178,0.11581491961241634
2,structure rf,Skin disorder,0.44585091420534456,0.6496003062412992,0.6027550322609276
2,structure rf,Skin exfoliation,0.1111111111111111,0.5817481917168096,0.16395561103451475
2,structure rf,Skin hyperpigmentation,0.05485232067510549,0.6551948651625883,0.19041515645997292
2,structure rf,Skin irritation,0.03867791842475387,0.5631345123198802,0.06315263768912913
2,structure rf,Skin striae,0.03656821378340366,0.8911810054612614,0.656802342700561
2,structure rf,Skin ulcer,0.07735583684950774,0.6050588766458566,0.12098173864238138
2,structure rf,Sleep disorder,0.13783403656821377,0.68086785137028,0.2720672199285608
2,structure rf,Sneezing,0.06258790436005626,0.6965817372441002,0.23225901462696613
2,structure rf,Somnolence,0.46835443037974683,0.7411687407641525,0.7186707564391586
2,structure rf,Speech disorder,0.0829817158931083,0.6800235923096836,0.18754344632429887
2,structure rf,Stevens-Johnson syndrome,0.22292545710267228,0.7587036155525292,0.4804233015602077
2,structure rf,Stomatitis,0.2320675105485232,0.704531497855214,0.4388312095158338
2,structure rf,Stupor,0.06891701828410689,0.6655442256165692,0.12292693803105995
2,structure rf,Sudden death,0.04289732770745429,0.6841424470141529,0.29412015749952286
2,structure rf,Suicidal ideation,0.0639943741209564,0.7601221448902675,0.2180438462842933
2,structure rf,Suicide attempt,0.04922644163150492,0.6890268153391222,0.14646934710893555
2,structure rf,Supraventricular tachycardia,0.057665260196905765,0.6635338999138879,0.1141438121970821
2,structure rf,Swelling,0.14486638537271448,0.5840442891258742,0.23116263494799666
2,structure rf,Swelling face,0.03656821378340366,0.5522637585429175,0.10421618587257342
2,structure rf,Syncope,0.35372714486638535,0.6684987559434212,0.5391053388636821
2,structure rf,Systemic lupus erythematosus,0.053445850914205346,0.7534485052099755,0.24130314236138642
2,structure rf,Tachycardia,0.4191279887482419,0.6672019678844139,0.6077366008727878
2,structure rf,Tenderness,0.0850914205344585,0.5500920086361283,0.15613239484904312
2,structure rf,Tension,0.30239099859353025,0.7118372713963836,0.505171376161369
2,structure rf,Thinking abnormal,0.08720112517580872,0.7420586300383653,0.1942363524627992
2,structure rf,Thirst,0.1490857946554149,0.6469139224041655,0.25707416349146406
2,structure rf,Throat irritation,0.04922644163150492,0.6247837200899402,0.12293195796657644
2,structure rf,Throat tightness,0.03727144866385373,0.6859089974033243,0.24140192114695477
2,structure rf,Thrombocytopenia,0.4212376933895921,0.7349403029980951,0.662322657026027
2,structure rf,Thrombocytopenic purpura,0.03867791842475387,0.699931774882834,0.1838133665744641
2,structure rf,Thrombocytosis,0.05977496483825598,0.7927775719290503,0.31994792836693475
2,structure rf,Thrombophlebitis,0.14556962025316456,0.6314438980426764,0.2743928951830547
2,structure rf,Thrombosis,0.07946554149085795,0.6377349632474609,0.2198438607794612
2,structure rf,Tinnitus,0.27637130801687765,0.6842086849420503,0.4755358947899979
2,structure rf,Tongue discolouration,0.04149085794655415,0.7792789844847342,0.34214546293548903
2,structure rf,Tongue disorder,0.0710267229254571,0.6525619736622416,0.1897301907764935
2,structure rf,Tongue oedema,0.052742616033755275,0.657737366860635,0.1626500375860705
2,structure rf,Tooth disorder,0.05907172995780591,0.5896275604930662,0.10064891013920607
2,structure rf,Toothache,0.05977496483825598,0.5810015619505557,0.08643786679697496
2,structure rf,Torsade de pointes,0.0639943741209564,0.7990835161280861,0.32171319789666025
2,structure rf,Toxic epidermal necrolysis,0.180028129395218,0.7546068971404192,0.43858315173929674
2,structure rf,Transaminases increased,0.06891701828410689,0.6351720721757197,0.2022801458328783
2,structure rf,Transient ischaemic attack,0.04922644163150492,0.7619044839255619,0.20709089521204702
2,structure rf,Tremor,0.32770745428973275,0.68166326844677,0.5382438400084345
2,structure rf,Tubulointerstitial nephritis,0.08016877637130802,0.7953512937917164,0.3441142234706095
2,structure rf,Ulcer,0.09282700421940929,0.6333363025875681,0.17790923382514545
2,structure rf,Upper respiratory tract infection,0.2320675105485232,0.6289700440386629,0.3541718091895393
2,structure rf,Urethral disorder,0.2714486638537271,0.6531475721394677,0.40919512058144347
2,structure rf,Urinary incontinence,0.11251758087201125,0.6797561311529297,0.2891752915888401
2,structure rf,Urinary retention,0.16736990154711673,0.7745437004193509,0.5128059801589423
2,structure rf,Urinary tract disorder,0.26863572433192684,0.6575001110684917,0.4094508720459772
2,structure rf,Urinary tract infection,0.24824191279887484,0.6141605544579299,0.3497034111137626
2,structure rf,Urine abnormality,0.04571026722925457,0.6530075341651018,0.11210274772878796
2,structure rf,Urine analysis abnormal,0.04992967651195499,0.6478949413586617,0.11349353977283397
2,structure rf,Urine output increased,0.12236286919831224,0.6621138260932078,0.22481106450157046
2,structure rf,Urticaria,0.5590717299578059,0.6122897561672422,0.650216360002416
2,structure rf,VIIth nerve paralysis,0.03727144866385373,0.6359239032568931,0.0746239894132994
2,structure rf,Vaginal discharge,0.06047819971870605,0.7077492674139034,0.21997643361187252
2,structure rf,Vaginal haemorrhage,0.08227848101265822,0.6662818536140478,0.24517139960586337
2,structure rf,Vaginal infection,0.11673699015471167,0.647925150599142,0.30680747527992713
2,structure rf,Vaginal inflammation,0.10829817158931083,0.6372177935437944,0.29536050862669105
2,structure rf,Vascular purpura,0.14135021097046413,0.6454166042184697,0.32130556093414936
2,structure rf,Vasculitis,0.10689170182841069,0.6915758764625135,0.2611263000116778
2,structure rf,Vasodilation procedure,0.09353023909985936,0.6272041515515048,0.1838005772033838
2,structure rf,Ventricular arrhythmia,0.07032348804500703,0.6846337071168327,0.16463615372464419
2,structure rf,Ventricular extrasystoles,0.090014064697609,0.6055099237467463,0.13746912403863937
2,structure rf,Ventricular fibrillation,0.07243319268635724,0.6756430515766736,0.20492800727484628
2,structure rf,Ventricular tachycardia,0.1019690576652602,0.7106396881181383,0.24398064468805752
2,structure rf,Vertigo,0.3558368495077356,0.647543103143154,0.5349600652794431
2,structure rf,Viral infection,0.09142053445850915,0.6065285093398632,0.14395025959256408
2,structure rf,Vision blurred,0.3227848101265823,0.6822620264433447,0.5294483958163598
2,structure rf,Visual acuity reduced,0.052742616033755275,0.6561206431174661,0.16060498718437458
2,structure rf,Visual impairment,0.2714486638537271,0.6542868117165742,0.4068196484706492
2,structure rf,Vomiting,0.759493670886076,0.683304858604542,0.8619821326221142
2,structure rf,Vulvovaginal candidiasis,0.051336146272855133,0.7231615901011814,0.2812156415786644
2,structure rf,Vulvovaginal mycotic infection,0.05555555555555555,0.7270444668262773,0.2913028300688479
2,structure rf,Weight decreased,0.22433192686357242,0.6494644683603458,0.36120516712280554
2,structure rf,Weight increased,0.23136427566807313,0.6983299651293408,0.47299392276647295
2,structure rf,Wheezing,0.12165963431786217,0.5961225761373506,0.18831375031927727
2,structure rf,White blood cell count decreased,0.046413502109704644,0.6463948107861677,0.09998793750901176
2,pharma rf,Abdominal discomfort,0.20253164556962025,0.5712518543595146,0.29421049871273486
2,pharma rf,Abdominal distension,0.20815752461322082,0.6302221623464025,0.3042408881181777
2,pharma rf,Abdominal pain,0.580168776371308,0.685215043712988,0.743356853265689
2,pharma rf,Abdominal pain upper,0.18846694796061886,0.5618633158601675,0.25076222925341274
2,pharma rf,Abnormal dreams,0.10548523206751055,0.7459835840995954,0.35984522689255705
2,pharma rf,Abscess,0.07805907172995781,0.5988465038296523,0.17864955835320126
2,pharma rf,Accommodation disorder,0.04922644163150492,0.8168668568147419,0.37349640126025874
2,pharma rf,Acidosis,0.0450070323488045,0.5872950015406986,0.09075273454854967
2,pharma rf,Acne,0.09282700421940929,0.6785356738776539,0.28373057215653325
2,pharma rf,Acute coronary syndrome,0.2348804500703235,0.72071685658194,0.47937926310534634
2,pharma rf,Affect lability,0.1617440225035162,0.7057929190945964,0.40259588063042717
2,pharma rf,Ageusia,0.07946554149085795,0.6153752493500263,0.18320007211896708
2,pharma rf,Aggression,0.0850914205344585,0.7707367306890622,0.381296577804071
2,pharma rf,Agitation,0.3340365682137834,0.7277967732499695,0.6417682320772833
2,pharma rf,Agranulocytosis,0.23347398030942335,0.7521768466613492,0.48846312346078335
2,pharma rf,Akathisia,0.04852320675105485,0.8372991181713767,0.6322770343971236
2,pharma rf,Alanine aminotransferase increased,0.19268635724331926,0.6664042482472625,0.36737136064194964
2,pharma rf,Albuminuria,0.0710267229254571,0.6637056227323483,0.15896684518872434
2,pharma rf,Alopecia,0.3108298171589311,0.7468970342712313,0.6025690084031483
2,pharma rf,Altered state of consciousness,0.040787623066104076,0.6841879783112814,0.10162289529116002
2,pharma rf,Amblyopia,0.07383966244725738,0.6570222242005176,0.1694357415797449
2,pharma rf,Amenorrhoea,0.08720112517580872,0.8064732909750673,0.5022688015131433
2,pharma rf,Amnesia,0.14486638537271448,0.7197866128182312,0.3208190623504715
2,pharma rf,Amylase increased,0.04430379746835443,0.6678194280930363,0.1954792623853785
2,pharma rf,Anaemia,0.36146272855133615,0.7331073089589351,0.6355731202600134
2,pharma rf,Anaphylactic shock,0.4388185654008439,0.6949125014506163,0.6569413136547855
2,pharma rf,Anaphylactoid reaction,0.17651195499296765,0.6402609752391888,0.3207890507324926
2,pharma rf,Angina pectoris,0.2039381153305204,0.7380091686818171,0.42992396242572467
2,pharma rf,Angioedema,0.37060478199718705,0.7041663782443996,0.5985956486399491
2,pharma rf,Angiopathy,0.319971870604782,0.6414740074863172,0.4784445476034597
2,pharma rf,Anorectal discomfort,0.051336146272855133,0.6312234351554787,0.10481275043935993
2,pharma rf,Anorectal disorder,0.04289732770745429,0.5561191292978215,0.08597908188370205
2,pharma rf,Anxiety,0.38466947960618847,0.6650385644765147,0.5853366331871716
2,pharma rf,Apathy,0.06188466947960619,0.7310336261263075,0.3200933655420285
2,pharma rf,Aphasia,0.06047819971870605,0.7183643203762597,0.23638085027182143
2,pharma rf,Aphthous stomatitis,0.03938115330520394,0.6672218241239921,0.09801135290480482
2,pharma rf,Aplastic anaemia,0.11392405063291139,0.7434939428297576,0.31874996225410773
2,pharma rf,Apnoea,0.08368495077355836,0.67732047714712,0.23916246740573976
2,pharma rf,Application site pain,0.04289732770745429,0.5174364343796375,0.10589744923903352
2,pharma rf,Application site reaction,0.03727144866385373,0.6519314862124206,0.13168110851023634
2,pharma rf,Arrhythmia,0.28621659634317864,0.6905817107181591,0.49252278419117923
2,pharma rf,Arrhythmia supraventricular,0.035161744022503515,0.665303530326307,0.07487314935070463
2,pharma rf,Arthralgia,0.4120956399437412,0.688059370143963,0.6086893185449732
2,pharma rf,Arthritis,0.1568213783403657,0.6641084740118646,0.3239038199752976
2,pharma rf,Arthropathy,0.0949367088607595,0.6708935735212909,0.24579583877795658
2,pharma rf,Aspartate aminotransferase increased,0.1940928270042194,0.693159167919436,0.40756000866617625
2,pharma rf,Asthenia,0.6371308016877637,0.718089021862981,0.8168729065084875
2,pharma rf,Asthma,0.19057665260196907,0.653665996613075,0.3316804416566745
2,pharma rf,Ataxia,0.1680731364275668,0.7806031928067969,0.5296343063972649
2,pharma rf,Atrial fibrillation,0.1469760900140647,0.6923339459218507,0.3623183983317092
2,pharma rf,Atrioventricular block,0.09423347398030943,0.7419876477925494,0.3853121174330155
2,pharma rf,Azotaemia,0.0450070323488045,0.6844177608580065,0.13761496150339142
2,pharma rf,Back pain,0.3509142053445851,0.6576326766087559,0.5089309139717642
2,pharma rf,Bacterial infection,0.03867791842475387,0.6560285617858994,0.08038771518747535
2,pharma rf,Balance disorder,0.04781997187060478,0.7619428164952191,0.21451475925214458
2,pharma rf,Bladder pain,0.11744022503516174,0.7190098285379183,0.32639266086486823
2,pharma rf,Blepharitis,0.05555555555555555,0.6833344228638346,0.28136587354514936
2,pharma rf,Blindness,0.052742616033755275,0.6040340066551414,0.16588083556265962
2,pharma rf,Blister,0.0710267229254571,0.5972190546222226,0.12677998631816761
2,pharma rf,Blood alkaline phosphatase increased,0.13431786216596342,0.6773167680955239,0.27468958082729583
2,pharma rf,Blood bilirubin increased,0.0970464135021097,0.7189267789229014,0.3135166891917495
2,pharma rf,Blood creatine phosphokinase increased,0.06821378340365682,0.6949852521957567,0.24479682921238405
2,pharma rf,Blood creatinine increased,0.1751054852320675,0.6959685219265229,0.3601052083300152
2,pharma rf,Blood disorder,0.08720112517580872,0.6190316396847857,0.17926108205859065
2,pharma rf,Blood glucose increased,0.046413502109704644,0.6042465997435345,0.1758583743921199
2,pharma rf,Blood lactate dehydrogenase increased,0.058368495077355836,0.677175828199435,0.15484129591073986
2,pharma rf,Blood pressure increased,0.10337552742616034,0.6337726697286998,0.2326059600619088
2,pharma rf,Blood triglycerides increased,0.06751054852320675,0.7170932880609776,0.2603569366024259
2,pharma rf,Blood urea increased,0.1160337552742616,0.6854581212509743,0.30997368165698075
2,pharma rf,Blood uric acid increased,0.10618846694796062,0.7382889790438869,0.3772363769403897
2,pharma rf,Body temperature decreased,0.046413502109704644,0.7525196179931501,0.22829251694640576
2,pharma rf,Body temperature increased,0.5414908579465542,0.6946346975899776,0.710851313600102
2,pharma rf,Bone disorder,0.08931082981715893,0.6615289230678896,0.17396676004567596
2,pharma rf,Bone pain,0.1090014064697609,0.7486741521992883,0.3190607913704781
2,pharma rf,Bradycardia,0.2559774964838256,0.723485850261554,0.502853413356496
2,pharma rf,Breast cancer,0.035864978902953586,0.7979160648832079,0.2266304301200785
2,pharma rf,Breast disorder,0.180028129395218,0.6785025966100865,0.34585920958922334
2,pharma rf,Breast enlargement,0.06258790436005626,0.7778914870064068,0.3381825073654221
2,pharma rf,Breast pain,0.09142053445850915,0.6645287215927566,0.2756510960912986
2,pharma rf,Bronchitis,0.21167369901547117,0.6927212212173266,0.4263845278818465
2,pharma rf,Bronchospasm,0.20182841068917018,0.6592415664390516,0.3747791240965924
2,pharma rf,Bundle branch block,0.04571026722925457,0.6821902368572463,0.20428455711780727
2,pharma rf,Burning sensation,0.07172995780590717,0.62953489697512,0.1761447339164526
2,pharma rf,Bursitis,0.04360056258790436,0.7823338068005617,0.24415516636417153
2,pharma rf,Candida infection,0.11954992967651196,0.7155899433825526,0.2919839739614897
2,pharma rf,Cardiac arrest,0.16736990154711673,0.685892944101153,0.3422097640057717
2,pharma rf,Cardiac disorder,0.29254571026722925,0.6525681968692097,0.4597119834580349
2,pharma rf,Cardiac failure,0.15330520393811534,0.7113171209763083,0.35462696846238817
2,pharma rf,Cardiac failure congestive,0.1441631504922644,0.6869672348025836,0.350306414256531
2,pharma rf,Cardiomyopathy,0.04360056258790436,0.7337636280392787,0.15184463736433426
2,pharma rf,Cardiovascular disorder,0.0850914205344585,0.6082566243952979,0.15768044408551624
2,pharma rf,Cataract,0.10126582278481013,0.6749679359906742,0.2565488858291281
2,pharma rf,Cellulitis,0.09282700421940929,0.6623804614839752,0.1960365764515667
2,pharma rf,Cerebral haemorrhage,0.04922644163150492,0.7336203673277252,0.19433869981302876
2,pharma rf,Cerebral ischaemia,0.04219409282700422,0.6526281090965986,0.15786539662211463
2,pharma rf,Cerebrovascular accident,0.15822784810126583,0.6935153908652933,0.37146876005058316
2,pharma rf,Cerebrovascular disorder,0.035161744022503515,0.7014007323856886,0.1124933739039005
2,pharma rf,Chest discomfort,0.09634317862165963,0.5694676191667766,0.15270900565671175
2,pharma rf,Chest pain,0.38748241912798875,0.6530616876965283,0.5543435978694325
2,pharma rf,Chills,0.3108298171589311,0.6740797231597275,0.4806020571462316
2,pharma rf,Cholecystitis,0.052742616033755275,0.6920050409541245,0.15378071743995997
2,pharma rf,Cholelithiasis,0.06118143459915612,0.6382984178043861,0.15998165624334898
2,pharma rf,Cholestasis,0.07243319268635724,0.6890178104127476,0.2088181304658952
2,pharma rf,Coagulopathy,0.07524613220815753,0.5742815100834093,0.16566580779099854
2,pharma rf,Cognitive disorder,0.04219409282700422,0.6405177266798342,0.15711393382297947
2,pharma rf,Cold sweat,0.03867791842475387,0.6795425516739404,0.16973018606774767
2,pharma rf,Colitis,0.10478199718706048,0.7364130679335105,0.29432819749382405
2,pharma rf,Coma,0.1209563994374121,0.6562975615128864,0.26067826413237843
2,pharma rf,Completed suicide,0.04781997187060478,0.7932727785315387,0.3553423719036509
2,pharma rf,Confusional state,0.38255977496483823,0.6998543761528997,0.6128095083622418
2,pharma rf,Conjunctival hyperaemia,0.0379746835443038,0.6780631430751486,0.30870375776083364
2,pharma rf,Conjunctivitis,0.23136427566807313,0.6540680503017614,0.41849076332658486
2,pharma rf,Connective tissue disorder,0.2848101265822785,0.6217176055165103,0.4330628191464685
2,pharma rf,Constipation,0.4929676511954993,0.7335855129580079,0.7371860582008145
2,pharma rf,Contusion,0.09774964838255977,0.6665456110102195,0.20715846570843272
2,pharma rf,Convulsion,0.36357243319268634,0.6990068746964349,0.6016065683164653
2,pharma rf,Coordination abnormal,0.09915611814345991,0.7818096034358952,0.4738150925267776
2,pharma rf,Cough,0.4008438818565401,0.6568407258958555,0.5803598889081377
2,pharma rf,Cyanosis,0.06962025316455696,0.6296861749922297,0.1619692048499273
2,pharma rf,Cyst,0.06540084388185655,0.7138682642437255,0.2311952064386474
2,pharma rf,Cystitis,0.10759493670886076,0.7108734739797447,0.30188791066215304
2,pharma rf,Cystitis noninfective,0.10618846694796062,0.7154649433996573,0.302335736106787
2,pharma rf,Deafness,0.1371308016877637,0.6565695261765536,0.2670918870405666
2,pharma rf,Decreased appetite,0.4838255977496484,0.7156267639769117,0.695634069284942
2,pharma rf,Deep vein thrombosis,0.06680731364275667,0.749646528475865,0.2567467693611125
2,pharma rf,Dehydration,0.17158931082981715,0.6736249773871068,0.363976875933027
2,pharma rf,Delirium,0.07876230661040788,0.7876591512791284,0.30582355954280516
2,pharma rf,Delusion,0.06821378340365682,0.8550989228691046,0.5620009902604987
2,pharma rf,Dementia,0.03727144866385373,0.6720224125590857,0.18389570098797806
2,pharma rf,Depersonalisation,0.06188466947960619,0.7548154817805639,0.32874005604626455
2,pharma rf,Depressed level of consciousness,0.10126582278481013,0.7439650108625776,0.3660695449077946
2,pharma rf,Depressed mood,0.035864978902953586,0.5481630189882774,0.10279344457990196
2,pharma rf,Depression,0.22644163150492264,0.6813986914002417,0.3901260228191392
2,pharma rf,Dermatitis,0.7658227848101266,0.690091063650479,0.8597100387392287
2,pharma rf,Dermatitis atopic,0.07454289732770746,0.6041861992294073,0.15366868239387524
2,pharma rf,Dermatitis bullous,0.14767932489451477,0.691932834626914,0.30513944116611347
2,pharma rf,Dermatitis contact,0.11181434599156118,0.6841098008089842,0.2316212732945584
2,pharma rf,Dermatitis exfoliative,0.14556962025316456,0.7021665537136137,0.33280209516754367
2,pharma rf,Diabetes mellitus,0.1441631504922644,0.7027012280562411,0.3267367628119332
2,pharma rf,Diarrhoea,0.6849507735583685,0.7221534967698686,0.837516464326227
2,pharma rf,Diplopia,0.1518987341772152,0.6741174604066721,0.3961605248846377
2,pharma rf,Discomfort,0.3924050632911392,0.6564669543683271,0.5422733569220956
2,pharma rf,Disorientation,0.12376933895921238,0.7463834918473222,0.34937195226357654
2,pharma rf,Disturbance in attention,0.09071729957805907,0.695941527114182,0.2840616179434721
2,pharma rf,Disturbance in sexual arousal,0.16455696202531644,0.7566056947357576,0.4869632230130766
2,pharma rf,Dizziness,0.7250351617440225,0.7125879626931613,0.8604261811948763
2,pharma rf,Drug eruption,0.05414908579465542,0.6906160681567027,0.14150326060043855
2,pharma rf,Drug interaction,0.09353023909985936,0.6827008596623197,0.2385777939749385
2,pharma rf,Drug withdrawal syndrome,0.04008438818565401,0.8827728992423911,0.31222819907253135
2,pharma rf,Dry eye,0.11462728551336146,0.7435019282804445,0.3822460431718591
2,pharma rf,Dry mouth,0.38959212376933894,0.7358979635940465,0.6693944427233449
2,pharma rf,Dry skin,0.18635724331926865,0.6691549039159128,0.34444156115249197
2,pharma rf,Duodenal ulcer,0.03938115330520394,0.6976932303919253,0.24666669495144933
2,pharma rf,Dysarthria,0.09212376933895922,0.8104039935483691,0.4741725263914588
2,pharma rf,Dysgeusia,0.32208157524613223,0.6563272176765939,0.4810466382714522
2,pharma rf,Dyskinesia,0.09142053445850915,0.8654533504659421,0.5975670358104818
2,pharma rf,Dysmenorrhoea,0.09845288326300984,0.7231271955859744,0.2944093646792808
2,pharma rf,Dyspepsia,0.4908579465541491,0.697914510592524,0.6802922060889468
2,pharma rf,Dysphagia,0.18565400843881857,0.7026373062854832,0.4379313882233447
2,pharma rf,Dysphonia,0.08649789029535865,0.6853093333862252,0.24378596967645327
2,pharma rf,Dyspnoea,0.4908579465541491,0.6860848937430385,0.6906962907280969
2,pharma rf,Dysuria,0.21026722925457103,0.6572931545342072,0.3927535354286669
2,pharma rf,Ear disorder,0.047116736990154715,0.5593305773273854,0.08481303346644234
2,pharma rf,Ear infection,0.03727144866385373,0.6555843192511309,0.16763534565297095
2,pharma rf,Ear pain,0.12658227848101267,0.6385670512476033,0.2813659754236826
2,pharma rf,Ecchymosis,0.1279887482419128,0.7095340086998412,0.33681148210707396
2,pharma rf,Eczema,0.13924050632911392,0.7071601085725149,0.30877428896552017
2,pharma rf,Electrocardiogram QT prolonged,0.05977496483825598,0.6163269526009464,0.20609360591455453
2,pharma rf,Electrocardiogram abnormal,0.05977496483825598,0.5576686821962247,0.11648660255278118
2,pharma rf,Electrolyte imbalance,0.03656821378340366,0.6739131943640886,0.19767162283710488
2,pharma rf,Embolism,0.06751054852320675,0.765375054782272,0.3092425891821137
2,pharma rf,Embolism venous,0.051336146272855133,0.7829843735573615,0.31574377039319584
2,pharma rf,Encephalopathy,0.056962025316455694,0.6669628667591507,0.1883770752202109
2,pharma rf,Endocrine disorder,0.09071729957805907,0.6517405978212707,0.2044742237341847
2,pharma rf,Endophthalmitis,0.04149085794655415,0.7048103183644112,0.21655497522090492
2,pharma rf,Eosinophilia,0.2039381153305204,0.734801061531758,0.4112069250718286
2,pharma rf,Epigastric discomfort,0.04289732770745429,0.6704176737209979,0.15803781377713583
2,pharma rf,Epilepsy,0.03727144866385373,0.6654093587328633,0.1966603750144253
2,pharma rf,Epistaxis,0.2468354430379747,0.7001491491244505,0.47710652397088904
2,pharma rf,Erectile dysfunction,0.2109704641350211,0.7775768963522324,0.5810019853369476
2,pharma rf,Eructation,0.1090014064697609,0.6553169304813975,0.2994960939629756
2,pharma rf,Erythema,0.339662447257384,0.6379542167904599,0.49116599700361424
2,pharma rf,Erythema multiforme,0.27355836849507736,0.7328598700549771,0.5429607266575066
2,pharma rf,Erythema nodosum,0.03867791842475387,0.7161828929132739,0.19166747864769143
2,pharma rf,Euphoric mood,0.11954992967651196,0.7908284876282665,0.42144053585522884
2,pharma rf,Extrapyramidal disorder,0.07172995780590717,0.858240634367925,0.653236917834137
2,pharma rf,Extrasystoles,0.07735583684950774,0.719504446701434,0.23869964311267297
2,pharma rf,Extravasation,0.07524613220815753,0.7060767641755729,0.23351452147856158
2,pharma rf,Eye disorder,0.28621659634317864,0.6472160120072038,0.43249871021173825
2,pharma rf,Eye haemorrhage,0.04289732770745429,0.6916595771500639,0.19676787986452074
2,pharma rf,Eye irritation,0.090014064697609,0.6337693006680263,0.297147507226183
2,pharma rf,Eye pain,0.14064697609001406,0.6816887893983009,0.3822276505973434
2,pharma rf,Eye pruritus,0.0379746835443038,0.6674216983280831,0.24945674528952777
2,pharma rf,Eyelid oedema,0.04289732770745429,0.6936150204409941,0.2725031530827781
2,pharma rf,Face oedema,0.17088607594936708,0.6682088184545368,0.33895110260444394
2,pharma rf,Faecal incontinence,0.04781997187060478,0.696395339145341,0.17997268987119544
2,pharma rf,Fatigue,0.510548523206751,0.6964554549740261,0.7193802362981827
2,pharma rf,Febrile neutropenia,0.05977496483825598,0.8979763699189528,0.534486143300073
2,pharma rf,Feeling abnormal,0.5133614627285513,0.6783561265214757,0.6829945969697941
2,pharma rf,Feeling hot,0.08227848101265822,0.5225413092194084,0.19719283408732197
2,pharma rf,Flank pain,0.035161744022503515,0.46621893499352796,0.06975212823811885
2,pharma rf,Flat affect,0.06258790436005626,0.7334860016276361,0.32517431505221533
2,pharma rf,Flatulence,0.3143459915611814,0.7051717313030188,0.5496454387448342
2,pharma rf,Fluid overload,0.0379746835443038,0.646985712852967,0.11083076542777252
2,pharma rf,Fluid retention,0.1160337552742616,0.6545016370947125,0.26470286447765196
2,pharma rf,Flushing,0.30028129395218,0.5946087216416229,0.40423655686282245
2,pharma rf,Foetor hepaticus,0.05063291139240506,0.6656722798745174,0.12955791004167236
2,pharma rf,Folliculitis,0.0639943741209564,0.7409861269435459,0.213461196092979
2,pharma rf,Fracture,0.05485232067510549,0.7983137488885352,0.2272961897145836
2,pharma rf,Fungal infection,0.07946554149085795,0.6769601968649295,0.20393316348349738
2,pharma rf,Fungal skin infection,0.03656821378340366,0.6647233048272511,0.0888295635077529
2,pharma rf,Furuncle,0.04289732770745429,0.5856493038542794,0.13055513797469298
2,pharma rf,Gait disturbance,0.10056258790436005,0.8000540512200984,0.46834600065031645
2,pharma rf,Galactorrhoea,0.05977496483825598,0.8258759401764438,0.5521602541412238
2,pharma rf,Gamma-glutamyltransferase increased,0.0829817158931083,0.5958535071458945,0.17688958709549144
2,pharma rf,Gastric ulcer,0.05063291139240506,0.7008289599456207,0.19214559447520485
2,pharma rf,Gastritis,0.18424753867791843,0.6840731028553677,0.41076331678357425
2,pharma rf,Gastroenteritis,0.13853727144866385,0.6950443375875894,0.2878053284579051
2,pharma rf,Gastrointestinal disorder,0.5210970464135021,0.6444903455998777,0.6777893581142003
2,pharma rf,Gastrointestinal haemorrhage,0.15330520393811534,0.7036466992037113,0.3940618697813887
2,pharma rf,Gastrointestinal pain,0.5478199718706048,0.6916396504958309,0.720838032710892
2,pharma rf,Gastrooesophageal reflux disease,0.09915611814345991,0.6988173047938664,0.25912722578591485
2,pharma rf,Generalised oedema,0.053445850914205346,0.5566120645786612,0.08220096607408536
2,pharma rf,Gingival bleeding,0.05414908579465542,0.675326670089947,0.22082311923292525
2,pharma rf,Gingivitis,0.07383966244725738,0.7103513167943966,0.2522021738795981
2,pharma rf,Glaucoma,0.07805907172995781,0.7666269514591006,0.3077682787903716
2,pharma rf,Glossitis,0.09774964838255977,0.6977492885132766,0.28268032426325546
2,pharma rf,Glycosuria,0.08579465541490858,0.6875701848659981,0.24953578642048385
2,pharma rf,Gout,0.09774964838255977,0.7064355356813846,0.27027888100600295
2,pharma rf,Grand mal convulsion,0.0379746835443038,0.7231029774723445,0.18093597399544256
2,pharma rf,Gynaecomastia,0.12517580872011252,0.7556703400576856,0.46199207288090244
2,pharma rf,Haematemesis,0.07032348804500703,0.8051462754919264,0.3226674894898861
2,pharma rf,Haematochezia,0.035864978902953586,0.6190782956281111,0.06570931514265466
2,pharma rf,Haematocrit decreased,0.0379746835443038,0.46501832298478607,0.061163990813129746
2,pharma rf,Haematoma,0.07172995780590717,0.6376850629739395,0.22098899483497916
2,pharma rf,Haematuria,0.2369901547116737,0.6691469355359996,0.4220464242651216
2,pharma rf,Haemoglobin,0.2679324894514768,0.6798063468569528,0.48791503778850964
2,pharma rf,Haemoglobin decreased,0.07383966244725738,0.6288010720122258,0.15486761220092587
2,pharma rf,Haemolytic anaemia,0.14064697609001406,0.690959042157419,0.3091449574025538
2,pharma rf,Haemoptysis,0.08157524613220815,0.6692534650720958,0.19657949598929575
2,pharma rf,Haemorrhage,0.26933895921237694,0.6774995296525208,0.4880208327076705
2,pharma rf,Haemorrhage intracranial,0.04008438818565401,0.7176002195290516,0.24727709387418767
2,pharma rf,Haemorrhoids,0.05907172995780591,0.6306015111766395,0.13845947541490902
2,pharma rf,Hallucination,0.24261603375527427,0.7508380901079279,0.5560980649177433
2,pharma rf,Headache,0.7805907172995781,0.6779697333427298,0.8619389631688931
2,pharma rf,Hearing impaired,0.10056258790436005,0.6627668944216601,0.2194570225616482
2,pharma rf,Hepatic enzyme increased,0.09634317862165963,0.6289621241694887,0.1835134163542187
2,pharma rf,Hepatic failure,0.1441631504922644,0.6984079464406462,0.3212149857873953
2,pharma rf,Hepatic function abnormal,0.12939521800281295,0.6590955817247619,0.2396410163573183
2,pharma rf,Hepatic necrosis,0.052742616033755275,0.681801461639503,0.1440937460046026
2,pharma rf,Hepatitis,0.2552742616033755,0.7347019833033949,0.49795724333190067
2,pharma rf,Hepatobiliary disease,0.24120956399437413,0.6694287037324118,0.44223876066903667
2,pharma rf,Hepatocellular injury,0.10478199718706048,0.598317014905642,0.16889051225578516
2,pharma rf,Hepatomegaly,0.06891701828410689,0.7319327355455648,0.25290070668134285
2,pharma rf,Hepatotoxicity,0.07946554149085795,0.699125696630235,0.26962200180838836
2,pharma rf,Hernia,0.03727144866385373,0.6785201118306043,0.11872900751059393
2,pharma rf,Herpes simplex,0.09353023909985936,0.708230301895786,0.21497493907358786
2,pharma rf,Herpes zoster,0.08157524613220815,0.6794934939845471,0.18295976860125043
2,pharma rf,Hiccups,0.10267229254571027,0.7151685943410142,0.31172072564459313
2,pharma rf,Hirsutism,0.06118143459915612,0.7485453805617543,0.3471182781341024
2,pharma rf,Hostility,0.047116736990154715,0.8538367898352519,0.36280395440997876
2,pharma rf,Hot flush,0.15611814345991562,0.7085316797146485,0.39669670838314264
2,pharma rf,Hyperaesthesia,0.07524613220815753,0.7223383957575586,0.29043041864845043
2,pharma rf,Hyperbilirubinaemia,0.0970464135021097,0.6953387983302879,0.24711375738471722
2,pharma rf,Hypercalcaemia,0.0710267229254571,0.7366700006934775,0.28110884285500726
2,pharma rf,Hypercholesterolaemia,0.09915611814345991,0.7108817187294321,0.2922265665436583
2,pharma rf,Hyperglycaemia,0.23417721518987342,0.7162386094947162,0.44776776365214577
2,pharma rf,Hyperhidrosis,0.42334739803094235,0.6617289601294852,0.5915450726746421
2,pharma rf,Hyperkalaemia,0.11040787623066103,0.6486394500658103,0.28209969907246474
2,pharma rf,Hyperkinesia,0.11954992967651196,0.753915319487582,0.4152488988219448
2,pharma rf,Hyperlipidaemia,0.0639943741209564,0.6375677364837316,0.16169477786129233
2,pharma rf,Hypernatraemia,0.052742616033755275,0.6413393141903799,0.24784710928900183
2,pharma rf,Hyperreflexia,0.040787623066104076,0.8268227909669722,0.28078009911863655
2,pharma rf,Hypersensitivity,0.6315049226441631,0.6149351822276865,0.7123557742290062
2,pharma rf,Hypertension,0.39732770745428975,0.6471138631005359,0.5834950213905633
2,pharma rf,Hyperthyroidism,0.035864978902953586,0.7438995415890245,0.17260288161119783
2,pharma rf,Hypertonia,0.12376933895921238,0.6750817104233245,0.30642576248142944
2,pharma rf,Hypertrichosis,0.03656821378340366,0.714427519992288,0.20065772262122739
2,pharma rf,Hypertriglyceridaemia,0.05625879043600562,0.7093249872937589,0.2548250515252641
2,pharma rf,Hyperuricaemia,0.09774964838255977,0.7286615895362922,0.36664396464443183
2,pharma rf,Hyperventilation,0.06469760900140648,0.6681544842296011,0.23123005825768983
2,pharma rf,Hypoaesthesia,0.2559774964838256,0.5959510213460559,0.41605619081033557
2,pharma rf,Hypocalcaemia,0.0949367088607595,0.6783302843964722,0.3610938939546534
2,pharma rf,Hypoglycaemia,0.1568213783403657,0.7244153245863636,0.4315228380549018
2,pharma rf,Hypokalaemia,0.18143459915611815,0.6502498600282152,0.3354862872641009
2,pharma rf,Hypokinesia,0.05907172995780591,0.8076909065122095,0.37879004764005525
2,pharma rf,Hypomagnesaemia,0.06047819971870605,0.6457635973062784,0.19793750159173018
2,pharma rf,Hyponatraemia,0.1540084388185654,0.7284458843677818,0.37729863468594843
2,pharma rf,Hypophosphataemia,0.056962025316455694,0.7297115678747199,0.2501164362697039
2,pharma rf,Hyporeflexia,0.0379746835443038,0.7657009362970558,0.27565116490331226
2,pharma rf,Hypotension,0.4676511954992968,0.6765258736691718,0.6633286584405059
2,pharma rf,Hypothermia,0.046413502109704644,0.7525196179931501,0.22829251694640576
2,pharma rf,Hypothyroidism,0.06329113924050633,0.7531853958215023,0.2713565716351175
2,pharma rf,Hypotonia,0.04571026722925457,0.8380058165735107,0.3080891601914549
2,pharma rf,Hypoxia,0.06047819971870605,0.6235240698581602,0.12150527753471747
2,pharma rf,Ileus,0.07032348804500703,0.6532697718277096,0.1594927904530511
2,pharma rf,Ileus paralytic,0.035161744022503515,0.7354006760404113,0.21866071581922725
2,pharma rf,Ill-defined disorder,0.34247538677918427,0.6549675681625242,0.5018332098471785
2,pharma rf,Immune system disorder,0.3150492264416315,0.6078677845392828,0.4209550013225467
2,pharma rf,Impaired healing,0.04430379746835443,0.7616900455014879,0.24733862669604334
2,pharma rf,Inappropriate antidiuretic hormone secretion,0.04922644163150492,0.7429629627391188,0.37748114348102424
2,pharma rf,Increased appetite,0.1568213783403657,0.7067092079136245,0.40398719835558144
2,pharma rf,Induration,0.04149085794655415,0.600505034752848,0.08010896033998358
2,pharma rf,Infection,0.4212376933895921,0.675063010950437,0.6323086891419323
2,pharma rf,Infestation,0.24753867791842477,0.6597127309981589,0.42470951205929364
2,pharma rf,Inflammation,0.10829817158931083,0.6487247212441389,0.26818790942892334
2,pharma rf,Influenza,0.1990154711673699,0.6868577489216596,0.3745712805427998
2,pharma rf,Influenza like illness,0.1160337552742616,0.6296496522741597,0.2097496767593269
2,pharma rf,Injection site pain,0.10267229254571027,0.6111510542087636,0.15686498362063842
2,pharma rf,Injection site reaction,0.13853727144866385,0.6091552465858345,0.24167871104367894
2,pharma rf,Injury,0.14556962025316456,0.6733316984834006,0.25797208234227015
2,pharma rf,Insomnia,0.4739803094233474,0.7047125347625671,0.6845445831710835
2,pharma rf,Interstitial lung disease,0.06891701828410689,0.7632598334587911,0.3611745274283851
2,pharma rf,Intestinal obstruction,0.06469760900140648,0.7063040565489167,0.19940176389717745
2,pharma rf,Intracranial pressure increased,0.03938115330520394,0.6915681808979602,0.19124977349705138
2,pharma rf,Intraocular pressure increased,0.04430379746835443,0.8047210722465621,0.2619436968181548
2,pharma rf,Irritability,0.1617440225035162,0.6854226671972834,0.38070678805235625
2,pharma rf,Jaundice,0.23136427566807313,0.7063458345447723,0.4488526693857107
2,pharma rf,Jaundice cholestatic,0.0949367088607595,0.6912228582498862,0.22523288726397786
2,pharma rf,Joint swelling,0.0450070323488045,0.6934892029351547,0.14251687462446155
2,pharma rf,Keratitis,0.06047819971870605,0.7030511860040817,0.3020948605801341
2,pharma rf,Lacrimal disorder,0.0379746835443038,0.6712387805960986,0.11792592718302233
2,pharma rf,Lacrimation increased,0.1019690576652602,0.6695460847360546,0.2915879949564336
2,pharma rf,Laryngeal oedema,0.0639943741209564,0.6438123420342338,0.18234702461126578
2,pharma rf,Laryngeal pain,0.07313642756680731,0.6506928790153176,0.15315559401853424
2,pharma rf,Laryngitis,0.06821378340365682,0.7148752261833119,0.2475547544074818
2,pharma rf,Laryngospasm,0.07243319268635724,0.6857471196424381,0.30246837174434454
2,pharma rf,Lethargy,0.15611814345991562,0.7473771778904961,0.3846796870831736
2,pharma rf,Leukocytoclastic vasculitis,0.03938115330520394,0.621779002349842,0.08602442120524813
2,pharma rf,Leukocytosis,0.10548523206751055,0.6580698147847054,0.23083988249770965
2,pharma rf,Leukoderma,0.04430379746835443,0.8218388932450056,0.22283533036650707
2,pharma rf,Leukopenia,0.35864978902953587,0.7396248327664944,0.6281232733895582
2,pharma rf,Libido decreased,0.14767932489451477,0.7479188607634646,0.44217385033078305
2,pharma rf,Libido increased,0.057665260196905765,0.8187772774562612,0.4859577855554065
2,pharma rf,Liver disorder,0.06610407876230662,0.6250673876645665,0.1291947105990597
2,pharma rf,Liver function test abnormal,0.17440225035161744,0.6222119480681039,0.3053379831513919
2,pharma rf,Liver injury,0.08649789029535865,0.6126284095606869,0.13403734017640065
2,pharma rf,Local reaction,0.053445850914205346,0.6349971418658666,0.14712499580441646
2,pharma rf,Loss of consciousness,0.37060478199718705,0.6970162477180393,0.5980615940083813
2,pharma rf,Loss of libido,0.03867791842475387,0.6644626265137682,0.14160601417568544
2,pharma rf,Lung disorder,0.05414908579465542,0.5545423386669192,0.07907034758696005
2,pharma rf,Lung infiltration,0.04289732770745429,0.6372340500106712,0.08567333048462544
2,pharma rf,Lymphadenopathy,0.13291139240506328,0.6559584988909759,0.318704130548053
2,pharma rf,Lymphopenia,0.05063291139240506,0.6933068320523419,0.2962457524304264
2,pharma rf,Malaise,0.35372714486638535,0.6565197038287477,0.5127153926844052
2,pharma rf,Malnutrition,0.33122362869198313,0.6636243586071233,0.500441780886128
2,pharma rf,Mania,0.06751054852320675,0.831477604796769,0.4733566859709267
2,pharma rf,Mediastinal disorder,0.31856540084388185,0.6328684774239085,0.4888793435300462
2,pharma rf,Melaena,0.10970464135021098,0.6567421056711013,0.27900871003968997
2,pharma rf,Memory impairment,0.07735583684950774,0.6978641450110125,0.25639257874081905
2,pharma rf,Meningitis,0.03867791842475387,0.6871649331521104,0.2588186650078737
2,pharma rf,Menopausal symptoms,0.1589310829817159,0.7094373109454649,0.40132342472740196
2,pharma rf,Menorrhagia,0.07524613220815753,0.7372968674243425,0.2875468951641391
2,pharma rf,Menstrual disorder,0.06469760900140648,0.7217637166740207,0.3019846419922385
2,pharma rf,Menstruation irregular,0.05555555555555555,0.7545769679755943,0.24173063454732588
2,pharma rf,Mental disability,0.12306610407876231,0.6964777326720448,0.36169740665159555
2,pharma rf,Mental disorder,0.3227848101265823,0.6553421241664312,0.47299322833394
2,pharma rf,Metrorrhagia,0.07172995780590717,0.6950346413331099,0.23477999812344597
2,pharma rf,Micturition urgency,0.05414908579465542,0.658686556926912,0.20700530889372418
2,pharma rf,Migraine,0.16455696202531644,0.6967870133826377,0.35997512590238134
2,pharma rf,Mood swings,0.17088607594936708,0.7085923100838212,0.406674623885101
2,pharma rf,Mouth ulceration,0.1209563994374121,0.7231769233284967,0.27382833491377384
2,pharma rf,Mucosal inflammation,0.05625879043600562,0.8325759803959428,0.4065061527512096
2,pharma rf,Multiple fractures,0.05485232067510549,0.7983137488885352,0.2272961897145836
2,pharma rf,Muscle contractions involuntary,0.03867791842475387,0.7449654204292424,0.2071812772207012
2,pharma rf,Muscle relaxant therapy,0.04289732770745429,0.8451215017267846,0.3203847310470628
2,pharma rf,Muscle rigidity,0.04360056258790436,0.8791196341675356,0.438527845155923
2,pharma rf,Muscle spasms,0.340365682137834,0.6529205659197622,0.5403310078869771
2,pharma rf,Muscle twitching,0.10267229254571027,0.7095188882899256,0.357554673274198
2,pharma rf,Muscular weakness,0.19760900140646975,0.7034688831402459,0.40917924604670386
2,pharma rf,Musculoskeletal discomfort,0.4859353023909986,0.6847031657491953,0.6765979872330566
2,pharma rf,Musculoskeletal pain,0.11673699015471167,0.6767965089631381,0.2963749416296538
2,pharma rf,Musculoskeletal stiffness,0.09774964838255977,0.6819628796991501,0.3025455069613033
2,pharma rf,Myalgia,0.39943741209563993,0.6723990419556052,0.5976638513564381
2,pharma rf,Mydriasis,0.07665260196905767,0.7862399026139408,0.36860476837912526
2,pharma rf,Myocardial infarction,0.2348804500703235,0.7264901466859043,0.48678960930359017
2,pharma rf,Myocardial ischaemia,0.08227848101265822,0.7367971434416922,0.274149488034087
2,pharma rf,Myoclonus,0.05485232067510549,0.7982441345973901,0.3605415805741734
2,pharma rf,Myopathy,0.07665260196905767,0.6813600148151466,0.2725527804062836
2,pharma rf,Myositis,0.0450070323488045,0.6329760589297355,0.13235187645155283
2,pharma rf,Nail disorder,0.06047819971870605,0.6918322077662182,0.2146996127915975
2,pharma rf,Nasal congestion,0.1441631504922644,0.6332443564029793,0.2712356641708144
2,pharma rf,Nasopharyngitis,0.20042194092827004,0.6544771835009606,0.36006630446836624
2,pharma rf,Nausea,0.8438818565400844,0.7450973676082244,0.9318371652526413
2,pharma rf,Neck pain,0.10548523206751055,0.6418352717371713,0.25756695701020454
2,pharma rf,Necrosis,0.06962025316455696,0.6171208983357771,0.17056065169636625
2,pharma rf,Neoplasm,0.12447257383966245,0.719114378903727,0.3388852345318588
2,pharma rf,Neoplasm malignant,0.09423347398030943,0.7626070640143491,0.2888530687872912
2,pharma rf,Nephrolithiasis,0.0808720112517581,0.688689647040099,0.2495924605492557
2,pharma rf,Nephropathy,0.04289732770745429,0.6319089103865171,0.11352355891259598
2,pharma rf,Nephropathy toxic,0.053445850914205346,0.754918851406401,0.18781252688830186
2,pharma rf,Nephrotic syndrome,0.04430379746835443,0.6682911967422928,0.19097527653239227
2,pharma rf,Nervous system disorder,0.4409282700421941,0.6312016088499861,0.5821279541817577
2,pharma rf,Nervousness,0.3059071729957806,0.7018261529171127,0.527491763625406
2,pharma rf,Neuralgia,0.06821378340365682,0.6903705357130875,0.22532231119045068
2,pharma rf,Neuritis,0.07172995780590717,0.7535867417051779,0.26763747941024174
2,pharma rf,Neuroleptic malignant syndrome,0.04360056258790436,0.9036358784408487,0.638146288511866
2,pharma rf,Neuropathy peripheral,0.2390998593530239,0.6966238023501709,0.4399434462040458
2,pharma rf,Neutropenia,0.21940928270042195,0.7682434428340873,0.5281816453684197
2,pharma rf,Night sweats,0.05555555555555555,0.7592088932159828,0.23350419443865889
2,pharma rf,Nightmare,0.10407876230661041,0.7941048696426527,0.42392830315449526
2,pharma rf,Nocturia,0.09563994374120956,0.7000126785463648,0.277724863942662
2,pharma rf,Nuchal rigidity,0.04852320675105485,0.6713741601687447,0.19997376235100164
2,pharma rf,Nystagmus,0.06821378340365682,0.7789255919681056,0.40475083062248585
2,pharma rf,Ocular hyperaemia,0.04008438818565401,0.6964928712721624,0.25916020352494745
2,pharma rf,Oedema,0.4015471167369902,0.6637353116257028,0.5780662619706136
2,pharma rf,Oedema peripheral,0.2876230661040788,0.6674013729228301,0.46402407671993046
2,pharma rf,Oesophagitis,0.12025316455696203,0.7232189234049816,0.3499853297722127
2,pharma rf,Oliguria,0.09212376933895922,0.6847739087969625,0.23423376300966395
2,pharma rf,Opportunistic infection,0.0379746835443038,0.8564273588096556,0.40047091679579205
2,pharma rf,Optic neuritis,0.06610407876230662,0.7037897034123721,0.20041044539864045
2,pharma rf,Oral candidiasis,0.06751054852320675,0.7311403535719412,0.21404779279873218
2,pharma rf,Oropharyngeal discomfort,0.07454289732770746,0.6299699230918613,0.18047910617526366
2,pharma rf,Oropharyngeal pain,0.10407876230661041,0.6269157170094867,0.18032770771997525
2,pharma rf,Orthostatic hypotension,0.17862165963431786,0.789539965716377,0.5552015993454319
2,pharma rf,Osteoarthritis,0.15611814345991562,0.7044051586257774,0.39414650560478526
2,pharma rf,Osteonecrosis,0.035161744022503515,0.7752075950947187,0.3430134899054564
2,pharma rf,Osteoporosis,0.05977496483825598,0.7231533278763845,0.23366857559804405
2,pharma rf,Otitis media,0.07243319268635724,0.6643769478639502,0.1765533455368487
2,pharma rf,Pain,0.5203938115330521,0.6315205671071947,0.6572741067716956
2,pharma rf,Pain in extremity,0.17932489451476794,0.5977713923178779,0.2838683644618093
2,pharma rf,Pallor,0.09563994374120956,0.60812699601934,0.19906068957241657
2,pharma rf,Palpitations,0.3551336146272855,0.7120872468357875,0.6096155631123764
2,pharma rf,Pancreatitis,0.22292545710267228,0.7113441602496628,0.4577285816571782
2,pharma rf,Pancreatitis acute,0.04219409282700422,0.5078090528353923,0.09356925694838274
2,pharma rf,Pancytopenia,0.2088607594936709,0.734710888888652,0.46625506166619707
2,pharma rf,Paraesthesia,0.45639943741209565,0.6744025055356977,0.6512391740007457
2,pharma rf,Paraesthesia oral,0.04149085794655415,0.6747742714045593,0.15821146993386623
2,pharma rf,Paralysis,0.06680731364275667,0.655946948206023,0.179380783620081
2,pharma rf,Paranoia,0.06258790436005626,0.7649996649983428,0.3449865306082812
2,pharma rf,Parkinsonism,0.03656821378340366,0.8218950099697846,0.5171109456486225
2,pharma rf,Parosmia,0.06329113924050633,0.6683526652894644,0.21803930173354252
2,pharma rf,Pelvic pain,0.057665260196905765,0.7014479606147317,0.21230682391199762
2,pharma rf,Peptic ulcer,0.06821378340365682,0.7776481027881217,0.321075731145026
2,pharma rf,Pericardial effusion,0.035161744022503515,0.6472699964699682,0.22888953577825283
2,pharma rf,Pericarditis,0.03867791842475387,0.7379499445044037,0.23868062833871653
2,pharma rf,Periorbital oedema,0.035161744022503515,0.6670176429431739,0.15664522630465774
2,pharma rf,Peripheral coldness,0.03938115330520394,0.7476974634767574,0.3192712675782104
2,pharma rf,Peripheral vascular disorder,0.04289732770745429,0.6666094560474455,0.13906806610579558
2,pharma rf,Personality disorder,0.03656821378340366,0.7667348353810073,0.271473515189067
2,pharma rf,Petechiae,0.0850914205344585,0.6807658226187475,0.32043656112249935
2,pharma rf,Pharyngitis,0.270042194092827,0.6802854005660759,0.46374910163558736
2,pharma rf,Phlebitis,0.1209563994374121,0.6452096764604157,0.23704265382523113
2,pharma rf,Photophobia,0.11251758087201125,0.682992415134158,0.3220957138132863
2,pharma rf,Photosensitivity reaction,0.21308016877637131,0.7325636369833946,0.4496674149092432
2,pharma rf,Platelet count decreased,0.057665260196905765,0.6121781789551122,0.11974277020611213
2,pharma rf,Pleural effusion,0.08157524613220815,0.6583571274129356,0.28822476212093195
2,pharma rf,Pneumonia,0.23628691983122363,0.679526240428887,0.45224141004665136
2,pharma rf,Pneumothorax,0.0450070323488045,0.6271748849976985,0.08590840093778893
2,pharma rf,Pollakiuria,0.2109704641350211,0.7068743692077147,0.45775044627237627
2,pharma rf,Polyp,0.05907172995780591,0.6808197763838966,0.2083000516754781
2,pharma rf,Polyuria,0.13853727144866385,0.7010134551500411,0.32690049763881535
2,pharma rf,Pregnancy,0.04992967651195499,0.6361992209819252,0.2089799117430064
2,pharma rf,Priapism,0.04571026722925457,0.7969309117981178,0.3668594444665481
2,pharma rf,Proctalgia,0.04360056258790436,0.6422087848435192,0.10677842932752224
2,pharma rf,Protein urine present,0.09634317862165963,0.6637894499057488,0.27485674818385564
2,pharma rf,Proteinuria,0.09423347398030943,0.6779055855654649,0.2792352891977464
2,pharma rf,Prothrombin level increased,0.03727144866385373,0.582429070642178,0.18316238672509672
2,pharma rf,Prurigo,0.04219409282700422,0.7111284098059928,0.15222434583321828
2,pharma rf,Pruritus,0.6638537271448663,0.6615000558674375,0.7761077002896639
2,pharma rf,Pseudomembranous colitis,0.04571026722925457,0.8400781763901856,0.4980049779916501
2,pharma rf,Psoriasis,0.056962025316455694,0.724487138296474,0.21364379917346082
2,pharma rf,Psychotic disorder,0.1568213783403657,0.7632629822135345,0.4889200268123366
2,pharma rf,Pulmonary embolism,0.1209563994374121,0.7528043344076779,0.36771238747077223
2,pharma rf,Pulmonary fibrosis,0.04289732770745429,0.7049558228602797,0.17688787993533855
2,pharma rf,Pulmonary function test decreased,0.06540084388185655,0.7773176853266888,0.2633739013065308
2,pharma rf,Pulmonary oedema,0.1258790436005626,0.673975209474626,0.24907379739993846
2,pharma rf,Purpura,0.15260196905766527,0.7204125245373492,0.3771014589000951
2,pharma rf,Rash,0.760196905766526,0.7018624966527061,0.8652410026086861
2,pharma rf,Rash erythematous,0.0759493670886076,0.6286488155921209,0.1277559986436689
2,pharma rf,Rash generalised,0.03727144866385373,0.6684346360489141,0.18874127647014813
2,pharma rf,Rash macular,0.035864978902953586,0.694896815396675,0.10414768428767887
2,pharma rf,Rash maculo-papular,0.1209563994374121,0.6746910237124472,0.26395505701658895
2,pharma rf,Rash pustular,0.07524613220815753,0.6487182699243375,0.1754781105882471
2,pharma rf,Rectal haemorrhage,0.0970464135021097,0.7085420039153824,0.24655179261769827
2,pharma rf,Renal failure,0.23277074542897327,0.707105647043752,0.44248517969977386
2,pharma rf,Renal failure acute,0.14838255977496484,0.649700781704389,0.32635187244147523
2,pharma rf,Renal impairment,0.14838255977496484,0.6838368507320484,0.28430265461442084
2,pharma rf,Renal pain,0.047116736990154715,0.653150484131298,0.1650915853045542
2,pharma rf,Respiratory arrest,0.035864978902953586,0.6447667159025835,0.15073113122577791
2,pharma rf,Respiratory depression,0.06469760900140648,0.7811472553655032,0.2648409117860738
2,pharma rf,Respiratory distress,0.06258790436005626,0.6551485589157802,0.20126706064693473
2,pharma rf,Respiratory failure,0.09915611814345991,0.6499551505611302,0.20022354301427447
2,pharma rf,Respiratory tract infection,0.05555555555555555,0.704141653459577,0.16543721754247193
2,pharma rf,Rhabdomyolysis,0.09563994374120956,0.7836413670306135,0.3502982062261381
2,pharma rf,Rhinitis,0.26652601969057665,0.6673026101770307,0.46552349454963105
2,pharma rf,Rhinorrhoea,0.0850914205344585,0.6320050950286026,0.16336243188371619
2,pharma rf,Salivary hypersecretion,0.10618846694796062,0.734351033665661,0.4247420308217521
2,pharma rf,Scotoma,0.07032348804500703,0.6933318695508399,0.2734955363323734
2,pharma rf,Seborrhoeic dermatitis,0.06469760900140648,0.668064784179843,0.2551542157800112
2,pharma rf,Sensory loss,0.0850914205344585,0.632964333504918,0.20408039903470293
2,pharma rf,Sepsis,0.13431786216596342,0.7291760593779768,0.3905373628934125
2,pharma rf,Serum sickness,0.040787623066104076,0.778335214263546,0.2542572780348677
2,pharma rf,Sexual dysfunction,0.051336146272855133,0.8191361198714139,0.35564923346514504
2,pharma rf,Shock,0.41561181434599154,0.688184369275183,0.6311652351629028
2,pharma rf,Sinus bradycardia,0.04289732770745429,0.682434383020223,0.09932355550782127
2,pharma rf,Sinus congestion,0.0450070323488045,0.6479789581072121,0.12379585303047469
2,pharma rf,Sinusitis,0.25035161744022505,0.6812229410466234,0.443686229367949
2,pharma rf,Skin discolouration,0.09634317862165963,0.6353474586823603,0.21274954952321376
2,pharma rf,Skin disorder,0.44585091420534456,0.6223926092307333,0.5810572038838748
2,pharma rf,Skin exfoliation,0.1111111111111111,0.6808262661618559,0.33905886743107644
2,pharma rf,Skin hyperpigmentation,0.05485232067510549,0.7153444854659258,0.29762994218303956
2,pharma rf,Skin irritation,0.03867791842475387,0.6927938490855657,0.10658397281491028
2,pharma rf,Skin striae,0.03656821378340366,0.8721750932913903,0.28632100910963937
2,pharma rf,Skin ulcer,0.07735583684950774,0.720559298946253,0.1987909826079903
2,pharma rf,Sleep disorder,0.13783403656821377,0.7280529803426685,0.3308537691945059
2,pharma rf,Sneezing,0.06258790436005626,0.6096152448349841,0.20248406460205173
2,pharma rf,Somnolence,0.46835443037974683,0.7334280684119717,0.7430035733611868
2,pharma rf,Speech disorder,0.0829817158931083,0.6699065470219163,0.23338808782922532
2,pharma rf,Stevens-Johnson syndrome,0.22292545710267228,0.7695563270896136,0.5285925415183894
2,pharma rf,Stomatitis,0.2320675105485232,0.744988333427573,0.5465478445733984
2,pharma rf,Stupor,0.06891701828410689,0.7724467455956271,0.30693929170454337
2,pharma rf,Sudden death,0.04289732770745429,0.8305337816957767,0.3059906359337533
2,pharma rf,Suicidal ideation,0.0639943741209564,0.7744716239314907,0.39029265552617354
2,pharma rf,Suicide attempt,0.04922644163150492,0.7973955339281896,0.36079163956422955
2,pharma rf,Supraventricular tachycardia,0.057665260196905765,0.6560199620373718,0.20688932915580382
2,pharma rf,Swelling,0.14486638537271448,0.5698335734323188,0.23112650637082935
2,pharma rf,Swelling face,0.03656821378340366,0.5560062432720971,0.05918503631855806
2,pharma rf,Syncope,0.35372714486638535,0.6954025947174186,0.5893661460056776
2,pharma rf,Systemic lupus erythematosus,0.053445850914205346,0.7434172920756197,0.2316934989430337
2,pharma rf,Tachycardia,0.4191279887482419,0.6727535314086994,0.6214947374989637
2,pharma rf,Tenderness,0.0850914205344585,0.6250304350126458,0.21125511156851506
2,pharma rf,Tension,0.30239099859353025,0.7001915788556033,0.5230986210513077
2,pharma rf,Thinking abnormal,0.08720112517580872,0.7709780029930178,0.34523984664947377
2,pharma rf,Thirst,0.1490857946554149,0.6610713020244778,0.33345645695705606
2,pharma rf,Throat irritation,0.04922644163150492,0.6711336260762097,0.22560548559599908
2,pharma rf,Throat tightness,0.03727144866385373,0.761688230710126,0.36990710449187914
2,pharma rf,Thrombocytopenia,0.4212376933895921,0.7505186546070244,0.6939927296218702
2,pharma rf,Thrombocytopenic purpura,0.03867791842475387,0.6729472934879103,0.15188333891981695
2,pharma rf,Thrombocytosis,0.05977496483825598,0.6336788218646736,0.14149711186859487
2,pharma rf,Thrombophlebitis,0.14556962025316456,0.6933960840304941,0.34359828356875555
2,pharma rf,Thrombosis,0.07946554149085795,0.7085824416961851,0.2523226070190718
2,pharma rf,Tinnitus,0.27637130801687765,0.6959712744024207,0.5285743428981476
2,pharma rf,Tongue discolouration,0.04149085794655415,0.7745167462148512,0.2867980091536659
2,pharma rf,Tongue disorder,0.0710267229254571,0.6548607271162905,0.22692842911139016
2,pharma rf,Tongue oedema,0.052742616033755275,0.7360849266812196,0.24763880508718436
2,pharma rf,Tooth disorder,0.05907172995780591,0.6676642525176355,0.17880334069423673
2,pharma rf,Toothache,0.05977496483825598,0.6527150963725016,0.12645818937227685
2,pharma rf,Torsade de pointes,0.0639943741209564,0.70417133131268,0.311864699266765
2,pharma rf,Toxic epidermal necrolysis,0.180028129395218,0.7856656582880168,0.4908258292356937
2,pharma rf,Transaminases increased,0.06891701828410689,0.6043863000766908,0.15483348892465001
2,pharma rf,Transient ischaemic attack,0.04922644163150492,0.6455381877060871,0.1245063139867715
2,pharma rf,Tremor,0.32770745428973275,0.7000571227536705,0.5897582119966629
2,pharma rf,Tubulointerstitial nephritis,0.08016877637130802,0.7404891873366282,0.3613036656533554
2,pharma rf,Ulcer,0.09282700421940929,0.7427846797099067,0.3313346792055353
2,pharma rf,Upper respiratory tract infection,0.2320675105485232,0.6659829556734331,0.41474502078234066
2,pharma rf,Urethral disorder,0.2714486638537271,0.6415415941334232,0.4208237605025806
2,pharma rf,Urinary incontinence,0.11251758087201125,0.733607829906233,0.3660637316311629
2,pharma rf,Urinary retention,0.16736990154711673,0.7487928537011144,0.4975398173133504
2,pharma rf,Urinary tract disorder,0.26863572433192684,0.645170600277512,0.42075820403904185
2,pharma rf,Urinary tract infection,0.24824191279887484,0.6729351322521364,0.43511479468939046
2,pharma rf,Urine abnormality,0.04571026722925457,0.5328927399300765,0.09234888915377791
2,pharma rf,Urine analysis abnormal,0.04992967651195499,0.5514332891293776,0.09545274246738614
2,pharma rf,Urine output increased,0.12236286919831224,0.7258862036903697,0.31354117747824617
2,pharma rf,Urticaria,0.5590717299578059,0.6591886538246581,0.7005904853109689
2,pharma rf,VIIth nerve paralysis,0.03727144866385373,0.6738809399083427,0.08455005665293187
2,pharma rf,Vaginal discharge,0.06047819971870605,0.7611899981617078,0.26673953376091675
2,pharma rf,Vaginal haemorrhage,0.08227848101265822,0.7413149317256973,0.3084989106867796
2,pharma rf,Vaginal infection,0.11673699015471167,0.6989848411420991,0.27612199240490887
2,pharma rf,Vaginal inflammation,0.10829817158931083,0.7103369748695882,0.25810106595603444
2,pharma rf,Vascular purpura,0.14135021097046413,0.7226825320002682,0.36938646088311194
2,pharma rf,Vasculitis,0.10689170182841069,0.7458945919915386,0.3747885727661978
2,pharma rf,Vasodilation procedure,0.09353023909985936,0.6026544192006215,0.17830697221356723
2,pharma rf,Ventricular arrhythmia,0.07032348804500703,0.5965193858244442,0.1488586266548617
2,pharma rf,Ventricular extrasystoles,0.090014064697609,0.6583012886675264,0.20215900626924038
2,pharma rf,Ventricular fibrillation,0.07243319268635724,0.7324483566590931,0.2254005025772483
2,pharma rf,Ventricular tachycardia,0.1019690576652602,0.706017917540824,0.2888868176777415
2,pharma rf,Vertigo,0.3558368495077356,0.7094543723998761,0.5815791017561132
2,pharma rf,Viral infection,0.09142053445850915,0.6895627479995383,0.2552794956816595
2,pharma rf,Vision blurred,0.3227848101265823,0.6940114716268507,0.5481136944002059
2,pharma rf,Visual acuity reduced,0.052742616033755275,0.6534598242386555,0.18078636460901096
2,pharma rf,Visual impairment,0.2714486638537271,0.6195737062415463,0.40599169019761217
2,pharma rf,Vomiting,0.759493670886076,0.7049981820248971,0.8769520567807533
2,pharma rf,Vulvovaginal candidiasis,0.051336146272855133,0.7388179494583416,0.2376103500547945
2,pharma rf,Vulvovaginal mycotic infection,0.05555555555555555,0.7106372981802987,0.22493218663804787
2,pharma rf,Weight decreased,0.22433192686357242,0.7188833558549008,0.4644016486685206
2,pharma rf,Weight increased,0.23136427566807313,0.7279266692967095,0.5172838286514736
2,pharma rf,Wheezing,0.12165963431786217,0.5924953922804549,0.24114399330659658
2,pharma rf,White blood cell count decreased,0.046413502109704644,0.5715763115412076,0.08064402225830317
2,structure rf + pharma rf,Abdominal discomfort,0.20253164556962025,0.5824599073641388,0.28851967282977375
2,structure rf + pharma rf,Abdominal distension,0.20815752461322082,0.6542663032365155,0.34229576953897184
2,structure rf + pharma rf,Abdominal pain,0.580168776371308,0.696409391991816,0.7584600474417843
2,structure rf + pharma rf,Abdominal pain upper,0.18846694796061886,0.619964759693573,0.2792145405979708
2,structure rf + pharma rf,Abnormal dreams,0.10548523206751055,0.8060672216860638,0.3748370971725813
2,structure rf + pharma rf,Abscess,0.07805907172995781,0.625860816130516,0.20524470571847137
2,structure rf + pharma rf,Accommodation disorder,0.04922644163150492,0.8891979277059721,0.48108489337547605
2,structure rf + pharma rf,Acidosis,0.0450070323488045,0.6720731670062591,0.16645404940939929
2,structure rf + pharma rf,Acne,0.09282700421940929,0.7593330612583147,0.3809339037693805
2,structure rf + pharma rf,Acute coronary syndrome,0.2348804500703235,0.7263727477118356,0.5124237812019713
2,structure rf + pharma rf,Affect lability,0.1617440225035162,0.7539889486296181,0.45679227870964356
2,structure rf + pharma rf,Ageusia,0.07946554149085795,0.6637826572922644,0.21682311997769857
2,structure rf + pharma rf,Aggression,0.0850914205344585,0.785124105136955,0.37908332446499243
2,structure rf + pharma rf,Agitation,0.3340365682137834,0.7546925205772074,0.6647606721387137
2,structure rf + pharma rf,Agranulocytosis,0.23347398030942335,0.8271064204351657,0.5954210943215721
2,structure rf + pharma rf,Akathisia,0.04852320675105485,0.8941731307786587,0.6777288267745409
2,structure rf + pharma rf,Alanine aminotransferase increased,0.19268635724331926,0.7138276408908583,0.4231487901036107
2,structure rf + pharma rf,Albuminuria,0.0710267229254571,0.6666638645774057,0.1792044515754488
2,structure rf + pharma rf,Alopecia,0.3108298171589311,0.7741832124271147,0.6243222384494498
2,structure rf + pharma rf,Altered state of consciousness,0.040787623066104076,0.7056474822311926,0.11483157006856015
2,structure rf + pharma rf,Amblyopia,0.07383966244725738,0.6499949483185359,0.16683522589615343
2,structure rf + pharma rf,Amenorrhoea,0.08720112517580872,0.8179338681402821,0.5102334396054228
2,structure rf + pharma rf,Amnesia,0.14486638537271448,0.7428543015045395,0.3479321521242097
2,structure rf + pharma rf,Amylase increased,0.04430379746835443,0.7136706388663447,0.2336586858295829
2,structure rf + pharma rf,Anaemia,0.36146272855133615,0.7618997723047246,0.6605063425195722
2,structure rf + pharma rf,Anaphylactic shock,0.4388185654008439,0.735144365707998,0.7074725395358217
2,structure rf + pharma rf,Anaphylactoid reaction,0.17651195499296765,0.681745119343485,0.3855628494393506
2,structure rf + pharma rf,Angina pectoris,0.2039381153305204,0.7696926256678639,0.4751743537020031
2,structure rf + pharma rf,Angioedema,0.37060478199718705,0.7211532303032522,0.62617086406264
2,structure rf + pharma rf,Angiopathy,0.319971870604782,0.6810642308722196,0.5189736372199629
2,structure rf + pharma rf,Anorectal discomfort,0.051336146272855133,0.6655564243634567,0.11971066977368836
2,structure rf + pharma rf,Anorectal disorder,0.04289732770745429,0.5651304779411547,0.08155092257569238
2,structure rf + pharma rf,Anxiety,0.38466947960618847,0.6883776533692745,0.6063631505770151
2,structure rf + pharma rf,Apathy,0.06188466947960619,0.7774454941612737,0.31554098254034996
2,structure rf + pharma rf,Aphasia,0.06047819971870605,0.7576140976339685,0.2645454929734113
2,structure rf + pharma rf,Aphthous stomatitis,0.03938115330520394,0.751856055010146,0.10540120399064157
2,structure rf + pharma rf,Aplastic anaemia,0.11392405063291139,0.8439707933692219,0.4533453631234904
2,structure rf + pharma rf,Apnoea,0.08368495077355836,0.7325817735277887,0.29052681095205535
2,structure rf + pharma rf,Application site pain,0.04289732770745429,0.5799191459699689,0.08418010242247988
2,structure rf + pharma rf,Application site reaction,0.03727144866385373,0.6429039265778861,0.11880163817792544
2,structure rf + pharma rf,Arrhythmia,0.28621659634317864,0.712231729854997,0.5198166741523966
2,structure rf + pharma rf,Arrhythmia supraventricular,0.035161744022503515,0.6441759336238609,0.0699095017688749
2,structure rf + pharma rf,Arthralgia,0.4120956399437412,0.7153401181123046,0.6444072942249863
2,structure rf + pharma rf,Arthritis,0.1568213783403657,0.7150663709138134,0.34630789270859424
2,structure rf + pharma rf,Arthropathy,0.0949367088607595,0.7243054607755695,0.26756948506536793
2,structure rf + pharma rf,Aspartate aminotransferase increased,0.1940928270042194,0.7441291519356646,0.4699233925342659
2,structure rf + pharma rf,Asthenia,0.6371308016877637,0.766761553359218,0.8583954213618877
2,structure rf + pharma rf,Asthma,0.19057665260196907,0.6510586875330833,0.33876972646998993
2,structure rf + pharma rf,Ataxia,0.1680731364275668,0.80413430303185,0.5519971735877002
2,structure rf + pharma rf,Atrial fibrillation,0.1469760900140647,0.7407185891020057,0.3772989138246604
2,structure rf + pharma rf,Atrioventricular block,0.09423347398030943,0.782735880233697,0.4530108808581881
2,structure rf + pharma rf,Azotaemia,0.0450070323488045,0.6828120997768805,0.1316219550454508
2,structure rf + pharma rf,Back pain,0.3509142053445851,0.6951187340542957,0.5510429033617477
2,structure rf + pharma rf,Bacterial infection,0.03867791842475387,0.6991504261929447,0.14138122821436827
2,structure rf + pharma rf,Balance disorder,0.04781997187060478,0.7848137402300586,0.2717503129776878
2,structure rf + pharma rf,Bladder pain,0.11744022503516174,0.7483459743669465,0.3551975267133847
2,structure rf + pharma rf,Blepharitis,0.05555555555555555,0.738667922035569,0.31781360771295214
2,structure rf + pharma rf,Blindness,0.052742616033755275,0.5970614208571106,0.15983929434313243
2,structure rf + pharma rf,Blister,0.0710267229254571,0.5978614257457062,0.12308276165798407
2,structure rf + pharma rf,Blood alkaline phosphatase increased,0.13431786216596342,0.7117748014457688,0.31389718497126856
2,structure rf + pharma rf,Blood bilirubin increased,0.0970464135021097,0.7936887691421636,0.38248397779292037
2,structure rf + pharma rf,Blood creatine phosphokinase increased,0.06821378340365682,0.767137961764432,0.3291094941246193
2,structure rf + pharma rf,Blood creatinine increased,0.1751054852320675,0.7327137491182888,0.3966156920671483
2,structure rf + pharma rf,Blood disorder,0.08720112517580872,0.6664889244109766,0.20304166836085233
2,structure rf + pharma rf,Blood glucose increased,0.046413502109704644,0.6580474324484005,0.16181950527665465
2,structure rf + pharma rf,Blood lactate dehydrogenase increased,0.058368495077355836,0.7412147797449655,0.19711930133750608
2,structure rf + pharma rf,Blood pressure increased,0.10337552742616034,0.6915794802440257,0.27908024635943696
2,structure rf + pharma rf,Blood triglycerides increased,0.06751054852320675,0.7689249810270299,0.30147363324772236
2,structure rf + pharma rf,Blood urea increased,0.1160337552742616,0.7283888234993985,0.35795856657121544
2,structure rf + pharma rf,Blood uric acid increased,0.10618846694796062,0.7742425931858812,0.41993082278196453
2,structure rf + pharma rf,Body temperature decreased,0.046413502109704644,0.7301924506061553,0.2224704573811393
2,structure rf + pharma rf,Body temperature increased,0.5414908579465542,0.7187338219795568,0.744804566141126
2,structure rf + pharma rf,Bone disorder,0.08931082981715893,0.6889046609854894,0.20788897815137447
2,structure rf + pharma rf,Bone pain,0.1090014064697609,0.7817648472442167,0.38975687175700735
2,structure rf + pharma rf,Bradycardia,0.2559774964838256,0.7427511335098184,0.5441098339304172
2,structure rf + pharma rf,Breast cancer,0.035864978902953586,0.8688363095063778,0.3278907492644315
2,structure rf + pharma rf,Breast disorder,0.180028129395218,0.738612683242508,0.40539264644697504
2,structure rf + pharma rf,Breast enlargement,0.06258790436005626,0.8788035067418198,0.4115554315768438
2,structure rf + pharma rf,Breast pain,0.09142053445850915,0.7614676598264852,0.37350385707276723
2,structure rf + pharma rf,Bronchitis,0.21167369901547117,0.7176947914051659,0.44060920689377053
2,structure rf + pharma rf,Bronchospasm,0.20182841068917018,0.6917348027745287,0.4192419452054981
2,structure rf + pharma rf,Bundle branch block,0.04571026722925457,0.6853303462819303,0.18170285829034769
2,structure rf + pharma rf,Burning sensation,0.07172995780590717,0.6308698567888047,0.17308944805573953
2,structure rf + pharma rf,Bursitis,0.04360056258790436,0.8002672834346137,0.24250092335934567
2,structure rf + pharma rf,Candida infection,0.11954992967651196,0.7635792630471092,0.4002908086043039
2,structure rf + pharma rf,Cardiac arrest,0.16736990154711673,0.7130672462918406,0.3782138279632437
2,structure rf + pharma rf,Cardiac disorder,0.29254571026722925,0.7099059835045322,0.4988885156410462
2,structure rf + pharma rf,Cardiac failure,0.15330520393811534,0.7351661699463466,0.36002732737338056
2,structure rf + pharma rf,Cardiac failure congestive,0.1441631504922644,0.7102199072717958,0.39558758273187655
2,structure rf + pharma rf,Cardiomyopathy,0.04360056258790436,0.790138176130629,0.1839471704406555
2,structure rf + pharma rf,Cardiovascular disorder,0.0850914205344585,0.6708929147453688,0.16300463286477104
2,structure rf + pharma rf,Cataract,0.10126582278481013,0.7595239822077573,0.29094229940930844
2,structure rf + pharma rf,Cellulitis,0.09282700421940929,0.6874668249295904,0.2523886220738924
2,structure rf + pharma rf,Cerebral haemorrhage,0.04922644163150492,0.7495197547016123,0.17583603982710883
2,structure rf + pharma rf,Cerebral ischaemia,0.04219409282700422,0.6850157904322332,0.15015903111882073
2,structure rf + pharma rf,Cerebrovascular accident,0.15822784810126583,0.7279742853156785,0.42491362953130185
2,structure rf + pharma rf,Cerebrovascular disorder,0.035161744022503515,0.713037097218155,0.17345312250412254
2,structure rf + pharma rf,Chest discomfort,0.09634317862165963,0.6115379782098895,0.17448213531756876
2,structure rf + pharma rf,Chest pain,0.38748241912798875,0.6919757125227302,0.5813765319582248
2,structure rf + pharma rf,Chills,0.3108298171589311,0.6940953849239507,0.5157322977775776
2,structure rf + pharma rf,Cholecystitis,0.052742616033755275,0.7189688721203688,0.16244307351900042
2,structure rf + pharma rf,Cholelithiasis,0.06118143459915612,0.6794124549934305,0.18871580308416142
2,structure rf + pharma rf,Cholestasis,0.07243319268635724,0.7524491437575436,0.29240390837191776
2,structure rf + pharma rf,Coagulopathy,0.07524613220815753,0.6277481313221444,0.19064582447261608
2,structure rf + pharma rf,Cognitive disorder,0.04219409282700422,0.7458499358918587,0.19855011859332333
2,structure rf + pharma rf,Cold sweat,0.03867791842475387,0.7295489766787093,0.1522814343453257
2,structure rf + pharma rf,Colitis,0.10478199718706048,0.7943890075390854,0.3699544556047336
2,structure rf + pharma rf,Coma,0.1209563994374121,0.6874855890539567,0.2796832961758868
2,structure rf + pharma rf,Completed suicide,0.04781997187060478,0.8380429419306132,0.34435983305562556
2,structure rf + pharma rf,Confusional state,0.38255977496483823,0.7212478112487014,0.6361322049351321
2,structure rf + pharma rf,Conjunctival hyperaemia,0.0379746835443038,0.7009664902924263,0.2837937491927561
2,structure rf + pharma rf,Conjunctivitis,0.23136427566807313,0.6953860193332305,0.4465956633294031
2,structure rf + pharma rf,Connective tissue disorder,0.2848101265822785,0.6831322125446315,0.47851417729324075
2,structure rf + pharma rf,Constipation,0.4929676511954993,0.7606913028894725,0.768276754879286
2,structure rf + pharma rf,Contusion,0.09774964838255977,0.6961591580698869,0.22307971856954673
2,structure rf + pharma rf,Convulsion,0.36357243319268634,0.7261739479951728,0.6344848092353294
2,structure rf + pharma rf,Coordination abnormal,0.09915611814345991,0.8033289483531008,0.48696483876274305
2,structure rf + pharma rf,Cough,0.4008438818565401,0.6993181321066192,0.6187162160505256
2,structure rf + pharma rf,Cyanosis,0.06962025316455696,0.6652569522688281,0.19173664359203524
2,structure rf + pharma rf,Cyst,0.06540084388185655,0.7400926296816077,0.2374731514849854
2,structure rf + pharma rf,Cystitis,0.10759493670886076,0.7358527395725959,0.3222900873532527
2,structure rf + pharma rf,Cystitis noninfective,0.10618846694796062,0.7395149916120014,0.3226247906147249
2,structure rf + pharma rf,Deafness,0.1371308016877637,0.7200210662547037,0.32468488236173004
2,structure rf + pharma rf,Decreased appetite,0.4838255977496484,0.7324138799920097,0.7130465413056207
2,structure rf + pharma rf,Deep vein thrombosis,0.06680731364275667,0.7936754980877885,0.27294994567805064
2,structure rf + pharma rf,Dehydration,0.17158931082981715,0.7218822976627784,0.39976690752649935
2,structure rf + pharma rf,Delirium,0.07876230661040788,0.7798830439668413,0.3106397340962577
2,structure rf + pharma rf,Delusion,0.06821378340365682,0.8906199362772165,0.5890284013348708
2,structure rf + pharma rf,Dementia,0.03727144866385373,0.7243490809329066,0.20345401737622332
2,structure rf + pharma rf,Depersonalisation,0.06188466947960619,0.7762214322136425,0.341174146626052
2,structure rf + pharma rf,Depressed level of consciousness,0.10126582278481013,0.7630385961975603,0.3611077633381846
2,structure rf + pharma rf,Depressed mood,0.035864978902953586,0.6465193867433799,0.1377827245331909
2,structure rf + pharma rf,Depression,0.22644163150492264,0.7227350612428033,0.44446824432808024
2,structure rf + pharma rf,Dermatitis,0.7658227848101266,0.7169913573303279,0.8770960188121967
2,structure rf + pharma rf,Dermatitis atopic,0.07454289732770746,0.5948067672061261,0.14024325523914508
2,structure rf + pharma rf,Dermatitis bullous,0.14767932489451477,0.6932814815082579,0.3122597701777816
2,structure rf + pharma rf,Dermatitis contact,0.11181434599156118,0.7408729739132537,0.3060545581480639
2,structure rf + pharma rf,Dermatitis exfoliative,0.14556962025316456,0.7470666479554351,0.37573995209649647
2,structure rf + pharma rf,Diabetes mellitus,0.1441631504922644,0.7553922276117905,0.3944968447208218
2,structure rf + pharma rf,Diarrhoea,0.6849507735583685,0.7519943958134726,0.8631323175722276
2,structure rf + pharma rf,Diplopia,0.1518987341772152,0.7546497327036766,0.44494526378310423
2,structure rf + pharma rf,Discomfort,0.3924050632911392,0.6890662654834755,0.5730620204345358
2,structure rf + pharma rf,Disorientation,0.12376933895921238,0.7443632152263049,0.3603890567579243
2,structure rf + pharma rf,Disturbance in attention,0.09071729957805907,0.734515798192727,0.2998025318715477
2,structure rf + pharma rf,Disturbance in sexual arousal,0.16455696202531644,0.8272622021812049,0.5457635969038053
2,structure rf + pharma rf,Dizziness,0.7250351617440225,0.7516089734911306,0.8851786196826315
2,structure rf + pharma rf,Drug eruption,0.05414908579465542,0.7115192442862721,0.16484701019747175
2,structure rf + pharma rf,Drug interaction,0.09353023909985936,0.7069988532157658,0.21639740835863405
2,structure rf + pharma rf,Drug withdrawal syndrome,0.04008438818565401,0.9174964069954615,0.37695170564251196
2,structure rf + pharma rf,Dry eye,0.11462728551336146,0.7767456999074023,0.42599636377847555
2,structure rf + pharma rf,Dry mouth,0.38959212376933894,0.7672727106944015,0.7095460081611982
2,structure rf + pharma rf,Dry skin,0.18635724331926865,0.6766096335754578,0.36376785859453376
2,structure rf + pharma rf,Duodenal ulcer,0.03938115330520394,0.7739355915285806,0.24911600379335477
2,structure rf + pharma rf,Dysarthria,0.09212376933895922,0.8040573309760785,0.46793896751762887
2,structure rf + pharma rf,Dysgeusia,0.32208157524613223,0.6601040588427823,0.5033268351754467
2,structure rf + pharma rf,Dyskinesia,0.09142053445850915,0.8939465595229545,0.6198917807419089
2,structure rf + pharma rf,Dysmenorrhoea,0.09845288326300984,0.7611585653832468,0.33207317143479426
2,structure rf + pharma rf,Dyspepsia,0.4908579465541491,0.7208775048795202,0.7084127397015784
2,structure rf + pharma rf,Dysphagia,0.18565400843881857,0.7331316985583921,0.44728688745627776
2,structure rf + pharma rf,Dysphonia,0.08649789029535865,0.719845047166557,0.2453708837336198
2,structure rf + pharma rf,Dyspnoea,0.4908579465541491,0.7291890236781712,0.7296041569476917
2,structure rf + pharma rf,Dysuria,0.21026722925457103,0.6713250120139281,0.4115875885238621
2,structure rf + pharma rf,Ear disorder,0.047116736990154715,0.5711773485755334,0.07731972378966101
2,structure rf + pharma rf,Ear infection,0.03727144866385373,0.693214061855629,0.2106355717568868
2,structure rf + pharma rf,Ear pain,0.12658227848101267,0.6837444814802464,0.2939019746483111
2,structure rf + pharma rf,Ecchymosis,0.1279887482419128,0.7373694239296265,0.36574484287589637
2,structure rf + pharma rf,Eczema,0.13924050632911392,0.7019322272308708,0.2896368450908828
2,structure rf + pharma rf,Electrocardiogram QT prolonged,0.05977496483825598,0.7154796844812326,0.23475755808885418
2,structure rf + pharma rf,Electrocardiogram abnormal,0.05977496483825598,0.6252518593085471,0.12501024106296238
2,structure rf + pharma rf,Electrolyte imbalance,0.03656821378340366,0.7230479957733273,0.25550087917172426
2,structure rf + pharma rf,Embolism,0.06751054852320675,0.8109100763144996,0.3737445884925376
2,structure rf + pharma rf,Embolism venous,0.051336146272855133,0.8508493531177759,0.43291080715456404
2,structure rf + pharma rf,Encephalopathy,0.056962025316455694,0.6811237100033198,0.20183824916244228
2,structure rf + pharma rf,Endocrine disorder,0.09071729957805907,0.7056440721946876,0.20159364974490895
2,structure rf + pharma rf,Endophthalmitis,0.04149085794655415,0.7172002341545977,0.2166739790636746
2,structure rf + pharma rf,Eosinophilia,0.2039381153305204,0.7814506029757607,0.5110004418910485
2,structure rf + pharma rf,Epigastric discomfort,0.04289732770745429,0.6881815340580009,0.22516576431299132
2,structure rf + pharma rf,Epilepsy,0.03727144866385373,0.6772437132482546,0.22607211592543006
2,structure rf + pharma rf,Epistaxis,0.2468354430379747,0.7471052438212971,0.5276904250468254
2,structure rf + pharma rf,Erectile dysfunction,0.2109704641350211,0.8160331609593434,0.6239588986061626
2,structure rf + pharma rf,Eructation,0.1090014064697609,0.6975396915695505,0.3097056920469322
2,structure rf + pharma rf,Erythema,0.339662447257384,0.6505749655313857,0.5107248572846431
2,structure rf + pharma rf,Erythema multiforme,0.27355836849507736,0.7821390102527087,0.609551077966137
2,structure rf + pharma rf,Erythema nodosum,0.03867791842475387,0.8233008801865983,0.31254703736223927
2,structure rf + pharma rf,Euphoric mood,0.11954992967651196,0.8338977102493985,0.4669176892121908
2,structure rf + pharma rf,Extrapyramidal disorder,0.07172995780590717,0.9168327514928516,0.6866591491739596
2,structure rf + pharma rf,Extrasystoles,0.07735583684950774,0.7461621055849962,0.25145861873916425
2,structure rf + pharma rf,Extravasation,0.07524613220815753,0.7656599019209333,0.3169025248659223
2,structure rf + pharma rf,Eye disorder,0.28621659634317864,0.6765483029782621,0.4538657305373093
2,structure rf + pharma rf,Eye haemorrhage,0.04289732770745429,0.7499192190332457,0.19378714737734146
2,structure rf + pharma rf,Eye irritation,0.090014064697609,0.636767048175994,0.29622877432304273
2,structure rf + pharma rf,Eye pain,0.14064697609001406,0.7058571642794997,0.3909600254475874
2,structure rf + pharma rf,Eye pruritus,0.0379746835443038,0.6701192664333261,0.2290314377191875
2,structure rf + pharma rf,Eyelid oedema,0.04289732770745429,0.7583883448975507,0.27177428318373376
2,structure rf + pharma rf,Face oedema,0.17088607594936708,0.6819450258137117,0.3518581709928902
2,structure rf + pharma rf,Faecal incontinence,0.04781997187060478,0.6800606223711474,0.19315327917450084
2,structure rf + pharma rf,Fatigue,0.510548523206751,0.7321544910819929,0.7515900253724425
2,structure rf + pharma rf,Febrile neutropenia,0.05977496483825598,0.8987312368054707,0.5610912723665321
2,structure rf + pharma rf,Feeling abnormal,0.5133614627285513,0.6966770249145104,0.7002321081737046
2,structure rf + pharma rf,Feeling hot,0.08227848101265822,0.5986097451290225,0.25457829654021913
2,structure rf + pharma rf,Flank pain,0.035161744022503515,0.5462421795498067,0.083678420041535
2,structure rf + pharma rf,Flat affect,0.06258790436005626,0.7797164047175097,0.3177123271825827
2,structure rf + pharma rf,Flatulence,0.3143459915611814,0.7148738016842417,0.5557519587918627
2,structure rf + pharma rf,Fluid overload,0.0379746835443038,0.735192943220185,0.1845665664620602
2,structure rf + pharma rf,Fluid retention,0.1160337552742616,0.7060157941676313,0.32796317903874234
2,structure rf + pharma rf,Flushing,0.30028129395218,0.6341273277693427,0.4379766035415901
2,structure rf + pharma rf,Foetor hepaticus,0.05063291139240506,0.66348251461612,0.12136777926800742
2,structure rf + pharma rf,Folliculitis,0.0639943741209564,0.8004527719756018,0.33199197301382793
2,structure rf + pharma rf,Fracture,0.05485232067510549,0.8011678521001151,0.2531446318608067
2,structure rf + pharma rf,Fungal infection,0.07946554149085795,0.7023451313849645,0.19343012695410958
2,structure rf + pharma rf,Fungal skin infection,0.03656821378340366,0.6939315196692859,0.10474824383643719
2,structure rf + pharma rf,Furuncle,0.04289732770745429,0.6273804528929097,0.12010409403156892
2,structure rf + pharma rf,Gait disturbance,0.10056258790436005,0.8151025385886097,0.4686847172389642
2,structure rf + pharma rf,Galactorrhoea,0.05977496483825598,0.8888807016809134,0.587446808979059
2,structure rf + pharma rf,Gamma-glutamyltransferase increased,0.0829817158931083,0.6176353707322785,0.1881748049769844
2,structure rf + pharma rf,Gastric ulcer,0.05063291139240506,0.7300136504387722,0.18847927455612806
2,structure rf + pharma rf,Gastritis,0.18424753867791843,0.7140418448146739,0.43599480632080256
2,structure rf + pharma rf,Gastroenteritis,0.13853727144866385,0.7275015116284382,0.3114917210838864
2,structure rf + pharma rf,Gastrointestinal disorder,0.5210970464135021,0.7013064662807048,0.7171471051769988
2,structure rf + pharma rf,Gastrointestinal haemorrhage,0.15330520393811534,0.7481363087491373,0.4352430758980653
2,structure rf + pharma rf,Gastrointestinal pain,0.5478199718706048,0.7078496114295354,0.7474136455927819
2,structure rf + pharma rf,Gastrooesophageal reflux disease,0.09915611814345991,0.7593411285849268,0.30318001961987956
2,structure rf + pharma rf,Generalised oedema,0.053445850914205346,0.6349081033908535,0.11010520118281213
2,structure rf + pharma rf,Gingival bleeding,0.05414908579465542,0.7276409594849884,0.22795934788362668
2,structure rf + pharma rf,Gingivitis,0.07383966244725738,0.7388545981548915,0.2601068230103754
2,structure rf + pharma rf,Glaucoma,0.07805907172995781,0.8158084751101262,0.3972954415292077
2,structure rf + pharma rf,Glossitis,0.09774964838255977,0.702063432840841,0.2984499815265276
2,structure rf + pharma rf,Glycosuria,0.08579465541490858,0.7604871770950957,0.3440823770743271
2,structure rf + pharma rf,Gout,0.09774964838255977,0.7484733987517994,0.2953459193667188
2,structure rf + pharma rf,Grand mal convulsion,0.0379746835443038,0.7238099477319944,0.20274823677278944
2,structure rf + pharma rf,Gynaecomastia,0.12517580872011252,0.8120319483794912,0.5256057589982792
2,structure rf + pharma rf,Haematemesis,0.07032348804500703,0.8170380379863786,0.35106693624266283
2,structure rf + pharma rf,Haematochezia,0.035864978902953586,0.659449676524867,0.07376910370515605
2,structure rf + pharma rf,Haematocrit decreased,0.0379746835443038,0.5726655977868866,0.07086714004372123
2,structure rf + pharma rf,Haematoma,0.07172995780590717,0.7045793826849528,0.23869598338253714
2,structure rf + pharma rf,Haematuria,0.2369901547116737,0.7210600764670136,0.47530891249411467
2,structure rf + pharma rf,Haemoglobin,0.2679324894514768,0.7121308767418877,0.5293094851898028
2,structure rf + pharma rf,Haemoglobin decreased,0.07383966244725738,0.717786365371493,0.18013251674023686
2,structure rf + pharma rf,Haemolytic anaemia,0.14064697609001406,0.7656639420710062,0.440360841743929
2,structure rf + pharma rf,Haemoptysis,0.08157524613220815,0.67869467854902,0.20365558044851767
2,structure rf + pharma rf,Haemorrhage,0.26933895921237694,0.7119147156932539,0.5308377144138905
2,structure rf + pharma rf,Haemorrhage intracranial,0.04008438818565401,0.7694052271059569,0.2652949140347961
2,structure rf + pharma rf,Haemorrhoids,0.05907172995780591,0.6654354335496356,0.1491488699765286
2,structure rf + pharma rf,Hallucination,0.24261603375527427,0.780217203265029,0.5834775910681606
2,structure rf + pharma rf,Headache,0.7805907172995781,0.7233995893218341,0.883861956549455
2,structure rf + pharma rf,Hearing impaired,0.10056258790436005,0.712465568351907,0.2784498232439662
2,structure rf + pharma rf,Hepatic enzyme increased,0.09634317862165963,0.664541613749445,0.18896162262988117
2,structure rf + pharma rf,Hepatic failure,0.1441631504922644,0.7481815029102252,0.33426603156967016
2,structure rf + pharma rf,Hepatic function abnormal,0.12939521800281295,0.6704664198079981,0.28482716915038064
2,structure rf + pharma rf,Hepatic necrosis,0.052742616033755275,0.7443085422887984,0.20172089968326729
2,structure rf + pharma rf,Hepatitis,0.2552742616033755,0.7693527128079306,0.5344092074736249
2,structure rf + pharma rf,Hepatobiliary disease,0.24120956399437413,0.7225911444585946,0.48644377713147813
2,structure rf + pharma rf,Hepatocellular injury,0.10478199718706048,0.6566505264052693,0.1988065749448365
2,structure rf + pharma rf,Hepatomegaly,0.06891701828410689,0.7630521143145764,0.27860430791200963
2,structure rf + pharma rf,Hepatotoxicity,0.07946554149085795,0.7655548328758657,0.30641637006372535
2,structure rf + pharma rf,Hernia,0.03727144866385373,0.7324026374545558,0.12785136821999554
2,structure rf + pharma rf,Herpes simplex,0.09353023909985936,0.7358386705749697,0.2438169986012805
2,structure rf + pharma rf,Herpes zoster,0.08157524613220815,0.7190584928392555,0.1978196912085472
2,structure rf + pharma rf,Hiccups,0.10267229254571027,0.7617066177556566,0.3512120746162557
2,structure rf + pharma rf,Hirsutism,0.06118143459915612,0.8668845740226722,0.49765128832132194
2,structure rf + pharma rf,Hostility,0.047116736990154715,0.861390575815588,0.38132695522174137
2,structure rf + pharma rf,Hot flush,0.15611814345991562,0.7410198904908967,0.41585976489422755
2,structure rf + pharma rf,Hyperaesthesia,0.07524613220815753,0.7588400195568932,0.299999960687621
2,structure rf + pharma rf,Hyperbilirubinaemia,0.0970464135021097,0.7627171064490332,0.3244064820162009
2,structure rf + pharma rf,Hypercalcaemia,0.0710267229254571,0.7570132788759273,0.3193728365246259
2,structure rf + pharma rf,Hypercholesterolaemia,0.09915611814345991,0.7678576844819578,0.33722343073043215
2,structure rf + pharma rf,Hyperglycaemia,0.23417721518987342,0.7564585741739043,0.5005092762859181
2,structure rf + pharma rf,Hyperhidrosis,0.42334739803094235,0.69095815771776,0.6290545384128886
2,structure rf + pharma rf,Hyperkalaemia,0.11040787623066103,0.6751542359763951,0.3110010533095272
2,structure rf + pharma rf,Hyperkinesia,0.11954992967651196,0.8007736430997723,0.45825408040429866
2,structure rf + pharma rf,Hyperlipidaemia,0.0639943741209564,0.7122978548564655,0.21038406348082733
2,structure rf + pharma rf,Hypernatraemia,0.052742616033755275,0.7236234867022798,0.3544782699775374
2,structure rf + pharma rf,Hyperreflexia,0.040787623066104076,0.8313257041235722,0.2948122325941335
2,structure rf + pharma rf,Hypersensitivity,0.6315049226441631,0.6428683578581533,0.7454436420313164
2,structure rf + pharma rf,Hypertension,0.39732770745428975,0.6802918085483276,0.6159670235933301
2,structure rf + pharma rf,Hyperthyroidism,0.035864978902953586,0.7388854155169857,0.18270949934880626
2,structure rf + pharma rf,Hypertonia,0.12376933895921238,0.6848141726272869,0.30331540382163247
2,structure rf + pharma rf,Hypertrichosis,0.03656821378340366,0.8100178744583708,0.4144462064815042
2,structure rf + pharma rf,Hypertriglyceridaemia,0.05625879043600562,0.7613880388101533,0.298877283394981
2,structure rf + pharma rf,Hyperuricaemia,0.09774964838255977,0.76542189347878,0.40785582637905715
2,structure rf + pharma rf,Hyperventilation,0.06469760900140648,0.6880916654466709,0.24679895372377061
2,structure rf + pharma rf,Hypoaesthesia,0.2559774964838256,0.6666739213673327,0.4658946228264009
2,structure rf + pharma rf,Hypocalcaemia,0.0949367088607595,0.7191002717186571,0.37874195744803163
2,structure rf + pharma rf,Hypoglycaemia,0.1568213783403657,0.7396716261873928,0.44652049640432595
2,structure rf + pharma rf,Hypokalaemia,0.18143459915611815,0.6561427103596447,0.3471289719530437
2,structure rf + pharma rf,Hypokinesia,0.05907172995780591,0.8098533960705291,0.38770336143764783
2,structure rf + pharma rf,Hypomagnesaemia,0.06047819971870605,0.7055648020577518,0.2069391419385742
2,structure rf + pharma rf,Hyponatraemia,0.1540084388185654,0.7781430814333713,0.42912960934644084
2,structure rf + pharma rf,Hypophosphataemia,0.056962025316455694,0.797887470978481,0.2844485276996604
2,structure rf + pharma rf,Hyporeflexia,0.0379746835443038,0.7954585039145268,0.25107769788685574
2,structure rf + pharma rf,Hypotension,0.4676511954992968,0.6979909612058119,0.6931238507563031
2,structure rf + pharma rf,Hypothermia,0.046413502109704644,0.7301924506061553,0.2224704573811393
2,structure rf + pharma rf,Hypothyroidism,0.06329113924050633,0.7440964747778247,0.2606791472685771
2,structure rf + pharma rf,Hypotonia,0.04571026722925457,0.8318098563571139,0.3066161294920454
2,structure rf + pharma rf,Hypoxia,0.06047819971870605,0.6954769645013268,0.17347696160048437
2,structure rf + pharma rf,Ileus,0.07032348804500703,0.6853408163765996,0.22546377415584312
2,structure rf + pharma rf,Ileus paralytic,0.035161744022503515,0.8365843250100925,0.5236451691388603
2,structure rf + pharma rf,Ill-defined disorder,0.34247538677918427,0.702217511340613,0.534964040261692
2,structure rf + pharma rf,Immune system disorder,0.3150492264416315,0.6626510301464759,0.46542228158883975
2,structure rf + pharma rf,Impaired healing,0.04430379746835443,0.8336867616662866,0.3494641683855759
2,structure rf + pharma rf,Inappropriate antidiuretic hormone secretion,0.04922644163150492,0.8068709113727003,0.4128762154817453
2,structure rf + pharma rf,Increased appetite,0.1568213783403657,0.7523191759256465,0.4702938905136153
2,structure rf + pharma rf,Induration,0.04149085794655415,0.7067679680106872,0.12849988038377252
2,structure rf + pharma rf,Infection,0.4212376933895921,0.7112868490388708,0.6675564697585863
2,structure rf + pharma rf,Infestation,0.24753867791842477,0.6928458046023939,0.4731921961163657
2,structure rf + pharma rf,Inflammation,0.10829817158931083,0.6665157943771547,0.28794946295349444
2,structure rf + pharma rf,Influenza,0.1990154711673699,0.7201458773850733,0.3741315545373457
2,structure rf + pharma rf,Influenza like illness,0.1160337552742616,0.6505588969236078,0.23173290729032164
2,structure rf + pharma rf,Injection site pain,0.10267229254571027,0.6507822957987662,0.1998828018138671
2,structure rf + pharma rf,Injection site reaction,0.13853727144866385,0.6859556604010214,0.38536201639012974
2,structure rf + pharma rf,Injury,0.14556962025316456,0.688225125834179,0.2798047748929903
2,structure rf + pharma rf,Insomnia,0.4739803094233474,0.7423946886741618,0.7192600191522958
2,structure rf + pharma rf,Interstitial lung disease,0.06891701828410689,0.7898513008904244,0.402590754983213
2,structure rf + pharma rf,Intestinal obstruction,0.06469760900140648,0.7014963384855278,0.24537668608754104
2,structure rf + pharma rf,Intracranial pressure increased,0.03938115330520394,0.7210330364766928,0.2913969778077194
2,structure rf + pharma rf,Intraocular pressure increased,0.04430379746835443,0.8350508307519446,0.4092257362013152
2,structure rf + pharma rf,Irritability,0.1617440225035162,0.7104020300017329,0.40671545363770445
2,structure rf + pharma rf,Jaundice,0.23136427566807313,0.771159357211563,0.5005846731648071
2,structure rf + pharma rf,Jaundice cholestatic,0.0949367088607595,0.7987685273825138,0.3019163021196235
2,structure rf + pharma rf,Joint swelling,0.0450070323488045,0.6759707173659034,0.13073254606196
2,structure rf + pharma rf,Keratitis,0.06047819971870605,0.7595712969409351,0.31429925098000205
2,structure rf + pharma rf,Lacrimal disorder,0.0379746835443038,0.6967031772195424,0.11142025129604542
2,structure rf + pharma rf,Lacrimation increased,0.1019690576652602,0.6545131934038421,0.2966976660090121
2,structure rf + pharma rf,Laryngeal oedema,0.0639943741209564,0.6971770399458079,0.2786585359744365
2,structure rf + pharma rf,Laryngeal pain,0.07313642756680731,0.6661427821864173,0.147654465356494
2,structure rf + pharma rf,Laryngitis,0.06821378340365682,0.7158987199491949,0.23558989308247752
2,structure rf + pharma rf,Laryngospasm,0.07243319268635724,0.774527542419775,0.3819194383974752
2,structure rf + pharma rf,Lethargy,0.15611814345991562,0.749707304037981,0.3873003088791349
2,structure rf + pharma rf,Leukocytoclastic vasculitis,0.03938115330520394,0.6982184385858993,0.0913527992051734
2,structure rf + pharma rf,Leukocytosis,0.10548523206751055,0.6624323266383603,0.2501543412264976
2,structure rf + pharma rf,Leukoderma,0.04430379746835443,0.8424391524320758,0.3866948791014704
2,structure rf + pharma rf,Leukopenia,0.35864978902953587,0.7875589645281933,0.6776866464016416
2,structure rf + pharma rf,Libido decreased,0.14767932489451477,0.820927059916025,0.503457343281872
2,structure rf + pharma rf,Libido increased,0.057665260196905765,0.8904317500844243,0.48342048989683734
2,structure rf + pharma rf,Liver disorder,0.06610407876230662,0.6517282308926751,0.13653288217808052
2,structure rf + pharma rf,Liver function test abnormal,0.17440225035161744,0.6724251631316497,0.3173690303791495
2,structure rf + pharma rf,Liver injury,0.08649789029535865,0.6606039676258713,0.16292644649743776
2,structure rf + pharma rf,Local reaction,0.053445850914205346,0.6970244188052588,0.2329881459180499
2,structure rf + pharma rf,Loss of consciousness,0.37060478199718705,0.7158431715209398,0.6218285411482569
2,structure rf + pharma rf,Loss of libido,0.03867791842475387,0.6610682495426005,0.19340185460621004
2,structure rf + pharma rf,Lung disorder,0.05414908579465542,0.5585414974587056,0.08256103668209851
2,structure rf + pharma rf,Lung infiltration,0.04289732770745429,0.6605267351144218,0.125753256203082
2,structure rf + pharma rf,Lymphadenopathy,0.13291139240506328,0.6833312891939599,0.3365775918056407
2,structure rf + pharma rf,Lymphopenia,0.05063291139240506,0.7519911459410337,0.3512167084866456
2,structure rf + pharma rf,Malaise,0.35372714486638535,0.6969470491281202,0.5390523821621016
2,structure rf + pharma rf,Malnutrition,0.33122362869198313,0.697812078639878,0.5520911906260219
2,structure rf + pharma rf,Mania,0.06751054852320675,0.867189684666287,0.4916923652106573
2,structure rf + pharma rf,Mediastinal disorder,0.31856540084388185,0.6865995671267223,0.5308346193688452
2,structure rf + pharma rf,Melaena,0.10970464135021098,0.6801793137400345,0.2878146889503209
2,structure rf + pharma rf,Memory impairment,0.07735583684950774,0.7038980067296815,0.2569602349374887
2,structure rf + pharma rf,Meningitis,0.03867791842475387,0.7177912859068074,0.2726872650498601
2,structure rf + pharma rf,Menopausal symptoms,0.1589310829817159,0.7408875703707412,0.4176381667762536
2,structure rf + pharma rf,Menorrhagia,0.07524613220815753,0.7469467112879966,0.27540139498352617
2,structure rf + pharma rf,Menstrual disorder,0.06469760900140648,0.7423501910851937,0.310625589803653
2,structure rf + pharma rf,Menstruation irregular,0.05555555555555555,0.8814632689677271,0.42974330856684906
2,structure rf + pharma rf,Mental disability,0.12306610407876231,0.7401287874749445,0.372917142692278
2,structure rf + pharma rf,Mental disorder,0.3227848101265823,0.6953768988581321,0.5113573318640818
2,structure rf + pharma rf,Metrorrhagia,0.07172995780590717,0.6957226708833024,0.242516314203523
2,structure rf + pharma rf,Micturition urgency,0.05414908579465542,0.6994595813431258,0.22662212998382655
2,structure rf + pharma rf,Migraine,0.16455696202531644,0.7360656621107543,0.3983876558244394
2,structure rf + pharma rf,Mood swings,0.17088607594936708,0.752042881501746,0.47127110021645596
2,structure rf + pharma rf,Mouth ulceration,0.1209563994374121,0.7399676521454632,0.27353943455593044
2,structure rf + pharma rf,Mucosal inflammation,0.05625879043600562,0.8605590151636117,0.4696397299766244
2,structure rf + pharma rf,Multiple fractures,0.05485232067510549,0.8011678521001151,0.2531446318608067
2,structure rf + pharma rf,Muscle contractions involuntary,0.03867791842475387,0.7846608177379539,0.1903993408665745
2,structure rf + pharma rf,Muscle relaxant therapy,0.04289732770745429,0.8364695157363903,0.3135634097247271
2,structure rf + pharma rf,Muscle rigidity,0.04360056258790436,0.8998687213586312,0.4877595420249025
2,structure rf + pharma rf,Muscle spasms,0.340365682137834,0.6948556369761777,0.5649308453157154
2,structure rf + pharma rf,Muscle twitching,0.10267229254571027,0.7364511401057217,0.34769216330299957
2,structure rf + pharma rf,Muscular weakness,0.19760900140646975,0.7374853328032094,0.4339022450405513
2,structure rf + pharma rf,Musculoskeletal discomfort,0.4859353023909986,0.7151761571935074,0.7078231511698783
2,structure rf + pharma rf,Musculoskeletal pain,0.11673699015471167,0.704260344508452,0.2917758355708891
2,structure rf + pharma rf,Musculoskeletal stiffness,0.09774964838255977,0.7124572802555776,0.33081970670437943
2,structure rf + pharma rf,Myalgia,0.39943741209563993,0.7194073340271905,0.6463181076435452
2,structure rf + pharma rf,Mydriasis,0.07665260196905767,0.8715618358248314,0.5008158166970824
2,structure rf + pharma rf,Myocardial infarction,0.2348804500703235,0.7335962399351889,0.5209351986982232
2,structure rf + pharma rf,Myocardial ischaemia,0.08227848101265822,0.7947202168777673,0.3212750746207399
2,structure rf + pharma rf,Myoclonus,0.05485232067510549,0.7997503835412134,0.3675848308994333
2,structure rf + pharma rf,Myopathy,0.07665260196905767,0.7205889216165711,0.3360031490821503
2,structure rf + pharma rf,Myositis,0.0450070323488045,0.7134746936333504,0.23724679411714883
2,structure rf + pharma rf,Nail disorder,0.06047819971870605,0.7447019192583959,0.22725368796744486
2,structure rf + pharma rf,Nasal congestion,0.1441631504922644,0.6270087523919465,0.2924522874472918
2,structure rf + pharma rf,Nasopharyngitis,0.20042194092827004,0.6784278363628825,0.37781222195427777
2,structure rf + pharma rf,Nausea,0.8438818565400844,0.7897360655873483,0.9471768614710054
2,structure rf + pharma rf,Neck pain,0.10548523206751055,0.6328873119532342,0.24003771209777458
2,structure rf + pharma rf,Necrosis,0.06962025316455696,0.6366590662345792,0.17840771583784684
2,structure rf + pharma rf,Neoplasm,0.12447257383966245,0.7712145424233687,0.3784557734723398
2,structure rf + pharma rf,Neoplasm malignant,0.09423347398030943,0.773106720550926,0.29405049034299263
2,structure rf + pharma rf,Nephrolithiasis,0.0808720112517581,0.7774827802772721,0.2738372639437389
2,structure rf + pharma rf,Nephropathy,0.04289732770745429,0.7084422772587892,0.18962837306983046
2,structure rf + pharma rf,Nephropathy toxic,0.053445850914205346,0.8498647705888771,0.3900009539087085
2,structure rf + pharma rf,Nephrotic syndrome,0.04430379746835443,0.7410905345276123,0.2233500581681341
2,structure rf + pharma rf,Nervous system disorder,0.4409282700421941,0.7071325014640795,0.6533559946975933
2,structure rf + pharma rf,Nervousness,0.3059071729957806,0.7441207843502178,0.5699948053792747
2,structure rf + pharma rf,Neuralgia,0.06821378340365682,0.7288555429597777,0.23911014123743796
2,structure rf + pharma rf,Neuritis,0.07172995780590717,0.7885343679167496,0.32533009135095875
2,structure rf + pharma rf,Neuroleptic malignant syndrome,0.04360056258790436,0.9684900052337069,0.6901100172547282
2,structure rf + pharma rf,Neuropathy peripheral,0.2390998593530239,0.7248060844445499,0.48735237233980655
2,structure rf + pharma rf,Neutropenia,0.21940928270042195,0.8284755726172841,0.6369787788533962
2,structure rf + pharma rf,Night sweats,0.05555555555555555,0.7594361418605118,0.2229701401751094
2,structure rf + pharma rf,Nightmare,0.10407876230661041,0.8093237366870131,0.4460153362262881
2,structure rf + pharma rf,Nocturia,0.09563994374120956,0.7367558276361781,0.2709376384934462
2,structure rf + pharma rf,Nuchal rigidity,0.04852320675105485,0.6940556042893545,0.20960979675296207
2,structure rf + pharma rf,Nystagmus,0.06821378340365682,0.7999840536226019,0.44013480828056883
2,structure rf + pharma rf,Ocular hyperaemia,0.04008438818565401,0.7145347340650268,0.24991801194874008
2,structure rf + pharma rf,Oedema,0.4015471167369902,0.6925376731333828,0.6037147552062664
2,structure rf + pharma rf,Oedema peripheral,0.2876230661040788,0.7124198089232938,0.5168417249137611
2,structure rf + pharma rf,Oesophagitis,0.12025316455696203,0.7718942201356769,0.35248510554107054
2,structure rf + pharma rf,Oliguria,0.09212376933895922,0.689722329527817,0.23607608637210298
2,structure rf + pharma rf,Opportunistic infection,0.0379746835443038,0.9123656484176109,0.44134064891942704
2,structure rf + pharma rf,Optic neuritis,0.06610407876230662,0.7185670684642667,0.2686652817144396
2,structure rf + pharma rf,Oral candidiasis,0.06751054852320675,0.7599197609848571,0.2809240477424426
2,structure rf + pharma rf,Oropharyngeal discomfort,0.07454289732770746,0.6335444644944966,0.2089951318047823
2,structure rf + pharma rf,Oropharyngeal pain,0.10407876230661041,0.6468095882960221,0.23475625632904693
2,structure rf + pharma rf,Orthostatic hypotension,0.17862165963431786,0.8374660800729327,0.6004018247100432
2,structure rf + pharma rf,Osteoarthritis,0.15611814345991562,0.736944274224737,0.416518014368841
2,structure rf + pharma rf,Osteonecrosis,0.035161744022503515,0.8633346162441902,0.466168454517094
2,structure rf + pharma rf,Osteoporosis,0.05977496483825598,0.8404105135160436,0.39648668249536556
2,structure rf + pharma rf,Otitis media,0.07243319268635724,0.6988150477706798,0.18379202788523935
2,structure rf + pharma rf,Pain,0.5203938115330521,0.6563360701277897,0.6826188856738067
2,structure rf + pharma rf,Pain in extremity,0.17932489451476794,0.633090383104493,0.29617630313386933
2,structure rf + pharma rf,Pallor,0.09563994374120956,0.6529469730505607,0.21263460099602177
2,structure rf + pharma rf,Palpitations,0.3551336146272855,0.7467814302850743,0.650222274228684
2,structure rf + pharma rf,Pancreatitis,0.22292545710267228,0.7736501864784348,0.5268326594215161
2,structure rf + pharma rf,Pancreatitis acute,0.04219409282700422,0.4950748703740162,0.09519619978445892
2,structure rf + pharma rf,Pancytopenia,0.2088607594936709,0.7986589399899708,0.54698552251559
2,structure rf + pharma rf,Paraesthesia,0.45639943741209565,0.7035368157858313,0.6878760352991244
2,structure rf + pharma rf,Paraesthesia oral,0.04149085794655415,0.7040738211553974,0.16781559421476605
2,structure rf + pharma rf,Paralysis,0.06680731364275667,0.6714799229879225,0.2164444143866001
2,structure rf + pharma rf,Paranoia,0.06258790436005626,0.7927718183083301,0.3703429312925978
2,structure rf + pharma rf,Parkinsonism,0.03656821378340366,0.8829282006777763,0.5465236145829266
2,structure rf + pharma rf,Parosmia,0.06329113924050633,0.726466936775646,0.2462570516831653
2,structure rf + pharma rf,Pelvic pain,0.057665260196905765,0.7655759785302262,0.2329672433240546
2,structure rf + pharma rf,Peptic ulcer,0.06821378340365682,0.7976830234009195,0.3827030329913311
2,structure rf + pharma rf,Pericardial effusion,0.035161744022503515,0.7644092123645525,0.2587641777446831
2,structure rf + pharma rf,Pericarditis,0.03867791842475387,0.742124734564712,0.2419773352833965
2,structure rf + pharma rf,Periorbital oedema,0.035161744022503515,0.6916677078077939,0.17856693750600572
2,structure rf + pharma rf,Peripheral coldness,0.03938115330520394,0.7378113525938772,0.37290308644645337
2,structure rf + pharma rf,Peripheral vascular disorder,0.04289732770745429,0.7026134078625309,0.17276849929541915
2,structure rf + pharma rf,Personality disorder,0.03656821378340366,0.7700986058649538,0.30646809289635013
2,structure rf + pharma rf,Petechiae,0.0850914205344585,0.7390793179057733,0.3911600740536031
2,structure rf + pharma rf,Pharyngitis,0.270042194092827,0.7158564531791194,0.5028462988549356
2,structure rf + pharma rf,Phlebitis,0.1209563994374121,0.6980219278617544,0.30791960494956017
2,structure rf + pharma rf,Photophobia,0.11251758087201125,0.7371233531388267,0.3642661667258054
2,structure rf + pharma rf,Photosensitivity reaction,0.21308016877637131,0.7836107057384316,0.5178243094112298
2,structure rf + pharma rf,Platelet count decreased,0.057665260196905765,0.6445393162343261,0.13000139318678472
2,structure rf + pharma rf,Pleural effusion,0.08157524613220815,0.6948471958996877,0.30563508643767345
2,structure rf + pharma rf,Pneumonia,0.23628691983122363,0.7252276096645784,0.48691618262232217
2,structure rf + pharma rf,Pneumothorax,0.0450070323488045,0.6586606648833766,0.10267421576936837
2,structure rf + pharma rf,Pollakiuria,0.2109704641350211,0.7435786984883224,0.4799878839514246
2,structure rf + pharma rf,Polyp,0.05907172995780591,0.729964469065019,0.2304968576305769
2,structure rf + pharma rf,Polyuria,0.13853727144866385,0.7275950088680972,0.34356179997981623
2,structure rf + pharma rf,Pregnancy,0.04992967651195499,0.6559742401907938,0.20484511946707396
2,structure rf + pharma rf,Priapism,0.04571026722925457,0.8461144602089536,0.44269915043392444
2,structure rf + pharma rf,Proctalgia,0.04360056258790436,0.6615408974325165,0.1031046302142445
2,structure rf + pharma rf,Protein urine present,0.09634317862165963,0.7609327086340981,0.3081350175416973
2,structure rf + pharma rf,Proteinuria,0.09423347398030943,0.7702267772603282,0.31178347448636384
2,structure rf + pharma rf,Prothrombin level increased,0.03727144866385373,0.7141698236250983,0.29737095835425176
2,structure rf + pharma rf,Prurigo,0.04219409282700422,0.7330547451045606,0.22093401285151043
2,structure rf + pharma rf,Pruritus,0.6638537271448663,0.6858714229448257,0.7938159163843352
2,structure rf + pharma rf,Pseudomembranous colitis,0.04571026722925457,0.9142911469575207,0.6922634050743978
2,structure rf + pharma rf,Psoriasis,0.056962025316455694,0.692782120830717,0.22090851029821978
2,structure rf + pharma rf,Psychotic disorder,0.1568213783403657,0.7788787515612647,0.4840529419913707
2,structure rf + pharma rf,Pulmonary embolism,0.1209563994374121,0.7690360133061634,0.3856181274927156
2,structure rf + pharma rf,Pulmonary fibrosis,0.04289732770745429,0.754685969826397,0.20918188697854925
2,structure rf + pharma rf,Pulmonary function test decreased,0.06540084388185655,0.8000713300153794,0.3680424439257788
2,structure rf + pharma rf,Pulmonary oedema,0.1258790436005626,0.7102184208523306,0.27790973713190875
2,structure rf + pharma rf,Purpura,0.15260196905766527,0.7256145338500752,0.40936570567779906
2,structure rf + pharma rf,Rash,0.760196905766526,0.7311183754911083,0.885825515295716
2,structure rf + pharma rf,Rash erythematous,0.0759493670886076,0.5918159032651127,0.1403032886768586
2,structure rf + pharma rf,Rash generalised,0.03727144866385373,0.7044878546432255,0.18878991269606904
2,structure rf + pharma rf,Rash macular,0.035864978902953586,0.693340888333149,0.10656704100460294
2,structure rf + pharma rf,Rash maculo-papular,0.1209563994374121,0.6876573019384896,0.2648832779408899
2,structure rf + pharma rf,Rash pustular,0.07524613220815753,0.655348589545308,0.21695488919655587
2,structure rf + pharma rf,Rectal haemorrhage,0.0970464135021097,0.7082969903118114,0.2480117032726333
2,structure rf + pharma rf,Renal failure,0.23277074542897327,0.7475029321063726,0.49898486618103083
2,structure rf + pharma rf,Renal failure acute,0.14838255977496484,0.7085212944321743,0.36394305620405987
2,structure rf + pharma rf,Renal impairment,0.14838255977496484,0.7191654505545095,0.32262096982515576
2,structure rf + pharma rf,Renal pain,0.047116736990154715,0.7016431384588957,0.17361783522199925
2,structure rf + pharma rf,Respiratory arrest,0.035864978902953586,0.7398016809600747,0.18761128831168908
2,structure rf + pharma rf,Respiratory depression,0.06469760900140648,0.8097642383735002,0.3722000107145019
2,structure rf + pharma rf,Respiratory distress,0.06258790436005626,0.7576447516092066,0.2794023451578412
2,structure rf + pharma rf,Respiratory failure,0.09915611814345991,0.6949539804819687,0.22651907577605165
2,structure rf + pharma rf,Respiratory tract infection,0.05555555555555555,0.731821171160038,0.19027925236065943
2,structure rf + pharma rf,Rhabdomyolysis,0.09563994374120956,0.8117158991975169,0.4234899269450625
2,structure rf + pharma rf,Rhinitis,0.26652601969057665,0.6924985583110712,0.4821585508906422
2,structure rf + pharma rf,Rhinorrhoea,0.0850914205344585,0.6750001796032058,0.18965951349886773
2,structure rf + pharma rf,Salivary hypersecretion,0.10618846694796062,0.7635195176144092,0.4433367119526925
2,structure rf + pharma rf,Scotoma,0.07032348804500703,0.7269813085467796,0.3054871666501288
2,structure rf + pharma rf,Seborrhoeic dermatitis,0.06469760900140648,0.737515750239398,0.2799267448512393
2,structure rf + pharma rf,Sensory loss,0.0850914205344585,0.6631942575384133,0.23166025156600417
2,structure rf + pharma rf,Sepsis,0.13431786216596342,0.754137153529554,0.4179760471937891
2,structure rf + pharma rf,Serum sickness,0.040787623066104076,0.8004316973338147,0.37889050967536697
2,structure rf + pharma rf,Sexual dysfunction,0.051336146272855133,0.8077606788636201,0.3339060453991444
2,structure rf + pharma rf,Shock,0.41561181434599154,0.709412821603184,0.6587928696818006
2,structure rf + pharma rf,Sinus bradycardia,0.04289732770745429,0.7319160969836294,0.15973963398298702
2,structure rf + pharma rf,Sinus congestion,0.0450070323488045,0.6832705939069699,0.11767470461425056
2,structure rf + pharma rf,Sinusitis,0.25035161744022505,0.7032405769664363,0.4548435742023534
2,structure rf + pharma rf,Skin discolouration,0.09634317862165963,0.6401351664337451,0.2101444398769253
2,structure rf + pharma rf,Skin disorder,0.44585091420534456,0.6747551155397783,0.6348257187565315
2,structure rf + pharma rf,Skin exfoliation,0.1111111111111111,0.6776377978021637,0.32897694331320776
2,structure rf + pharma rf,Skin hyperpigmentation,0.05485232067510549,0.7451969226265603,0.34603891286795535
2,structure rf + pharma rf,Skin irritation,0.03867791842475387,0.6591799137351516,0.10108228061695405
2,structure rf + pharma rf,Skin striae,0.03656821378340366,0.9427299713674213,0.6356357827467655
2,structure rf + pharma rf,Skin ulcer,0.07735583684950774,0.7337509483322278,0.1852699047539908
2,structure rf + pharma rf,Sleep disorder,0.13783403656821377,0.7702841402518844,0.34051944458190936
2,structure rf + pharma rf,Sneezing,0.06258790436005626,0.7044106011855515,0.2677215652511191
2,structure rf + pharma rf,Somnolence,0.46835443037974683,0.7854822994599435,0.7949479686199631
2,structure rf + pharma rf,Speech disorder,0.0829817158931083,0.715814913369228,0.26577166345024844
2,structure rf + pharma rf,Stevens-Johnson syndrome,0.22292545710267228,0.8177038558708741,0.5971297920703763
2,structure rf + pharma rf,Stomatitis,0.2320675105485232,0.7870605808739336,0.581871828712168
2,structure rf + pharma rf,Stupor,0.06891701828410689,0.7719880334836394,0.2976892169363601
2,structure rf + pharma rf,Sudden death,0.04289732770745429,0.8288149835985049,0.3665694752170586
2,structure rf + pharma rf,Suicidal ideation,0.0639943741209564,0.8195334226016721,0.39520289853233415
2,structure rf + pharma rf,Suicide attempt,0.04922644163150492,0.8205851706428184,0.33926778600038643
2,structure rf + pharma rf,Supraventricular tachycardia,0.057665260196905765,0.7016041955304569,0.226174697729805
2,structure rf + pharma rf,Swelling,0.14486638537271448,0.6185558498219279,0.2534376655146852
2,structure rf + pharma rf,Swelling face,0.03656821378340366,0.5614164924780873,0.08399457808892624
2,structure rf + pharma rf,Syncope,0.35372714486638535,0.7197686149025716,0.620661188688465
2,structure rf + pharma rf,Systemic lupus erythematosus,0.053445850914205346,0.7673601383226974,0.3065678801595672
2,structure rf + pharma rf,Tachycardia,0.4191279887482419,0.7048729841869605,0.6621526558977531
2,structure rf + pharma rf,Tenderness,0.0850914205344585,0.6145078364932834,0.20411614522844806
2,structure rf + pharma rf,Tension,0.30239099859353025,0.7496362867599913,0.5800939136661326
2,structure rf + pharma rf,Thinking abnormal,0.08720112517580872,0.7964016841753858,0.337653564482013
2,structure rf + pharma rf,Thirst,0.1490857946554149,0.6957264400339586,0.3466008065115517
2,structure rf + pharma rf,Throat irritation,0.04922644163150492,0.6784297612718666,0.24976607572787754
2,structure rf + pharma rf,Throat tightness,0.03727144866385373,0.7319150829421679,0.3872975224941438
2,structure rf + pharma rf,Thrombocytopenia,0.4212376933895921,0.8025501030246895,0.75433283453168
2,structure rf + pharma rf,Thrombocytopenic purpura,0.03867791842475387,0.7373565717174531,0.24377659326343873
2,structure rf + pharma rf,Thrombocytosis,0.05977496483825598,0.7568950203023086,0.28745081963378194
2,structure rf + pharma rf,Thrombophlebitis,0.14556962025316456,0.714803507062262,0.3575889390781125
2,structure rf + pharma rf,Thrombosis,0.07946554149085795,0.7302987148817117,0.2801424083729692
2,structure rf + pharma rf,Tinnitus,0.27637130801687765,0.7280365271259832,0.5629182040821836
2,structure rf + pharma rf,Tongue discolouration,0.04149085794655415,0.8276165240668713,0.35795360330978
2,structure rf + pharma rf,Tongue disorder,0.0710267229254571,0.7118566385437146,0.25408599831455564
2,structure rf + pharma rf,Tongue oedema,0.052742616033755275,0.7515900024293086,0.2598537679894201
2,structure rf + pharma rf,Tooth disorder,0.05907172995780591,0.6688648274186828,0.19242598548126857
2,structure rf + pharma rf,Toothache,0.05977496483825598,0.6608980173582284,0.12221107074382873
2,structure rf + pharma rf,Torsade de pointes,0.0639943741209564,0.7995454663426358,0.387396241093262
2,structure rf + pharma rf,Toxic epidermal necrolysis,0.180028129395218,0.8287533648369989,0.5551821260796279
2,structure rf + pharma rf,Transaminases increased,0.06891701828410689,0.6707783979938651,0.20144017484902524
2,structure rf + pharma rf,Transient ischaemic attack,0.04922644163150492,0.7792811482088794,0.18077309442645953
2,structure rf + pharma rf,Tremor,0.32770745428973275,0.7244396511482465,0.6188618987983936
2,structure rf + pharma rf,Tubulointerstitial nephritis,0.08016877637130802,0.8190009767650661,0.42277176099009955
2,structure rf + pharma rf,Ulcer,0.09282700421940929,0.743110427446477,0.3334180247603229
2,structure rf + pharma rf,Upper respiratory tract infection,0.2320675105485232,0.6901991720036185,0.43375694972499285
2,structure rf + pharma rf,Urethral disorder,0.2714486638537271,0.6985340487591019,0.4695541946992436
2,structure rf + pharma rf,Urinary incontinence,0.11251758087201125,0.7586503172041761,0.4022333891981842
2,structure rf + pharma rf,Urinary retention,0.16736990154711673,0.8086847200342984,0.5809985515944129
2,structure rf + pharma rf,Urinary tract disorder,0.26863572433192684,0.7022812698365588,0.47159776915871865
2,structure rf + pharma rf,Urinary tract infection,0.24824191279887484,0.703890618967734,0.4571736079751001
2,structure rf + pharma rf,Urine abnormality,0.04571026722925457,0.6369115034890959,0.11292484018925801
2,structure rf + pharma rf,Urine analysis abnormal,0.04992967651195499,0.6483221865448396,0.11979479904470033
2,structure rf + pharma rf,Urine output increased,0.12236286919831224,0.7448209076930792,0.3282515033334755
2,structure rf + pharma rf,Urticaria,0.5590717299578059,0.683581075070509,0.718766152097073
2,structure rf + pharma rf,VIIth nerve paralysis,0.03727144866385373,0.694089489157985,0.08805929316989684
2,structure rf + pharma rf,Vaginal discharge,0.06047819971870605,0.7886280942362989,0.3144955866588886
2,structure rf + pharma rf,Vaginal haemorrhage,0.08227848101265822,0.7589574022592147,0.36696317700361636
2,structure rf + pharma rf,Vaginal infection,0.11673699015471167,0.7351272073926376,0.362843577893616
2,structure rf + pharma rf,Vaginal inflammation,0.10829817158931083,0.7329203504146997,0.3443495524658393
2,structure rf + pharma rf,Vascular purpura,0.14135021097046413,0.7258837934996405,0.40748095599248035
2,structure rf + pharma rf,Vasculitis,0.10689170182841069,0.7725274893620728,0.3833695295017087
2,structure rf + pharma rf,Vasodilation procedure,0.09353023909985936,0.6427235805574769,0.2071530493865208
2,structure rf + pharma rf,Ventricular arrhythmia,0.07032348804500703,0.6964632862026154,0.18066301546706917
2,structure rf + pharma rf,Ventricular extrasystoles,0.090014064697609,0.6632042921808727,0.2109900811978444
2,structure rf + pharma rf,Ventricular fibrillation,0.07243319268635724,0.7371176148891971,0.2582307406176651
2,structure rf + pharma rf,Ventricular tachycardia,0.1019690576652602,0.7405239681607186,0.2984428616068711
2,structure rf + pharma rf,Vertigo,0.3558368495077356,0.7282339201634798,0.6220661251731562
2,structure rf + pharma rf,Viral infection,0.09142053445850915,0.6949329900502296,0.24978791633949116
2,structure rf + pharma rf,Vision blurred,0.3227848101265823,0.7205649681092209,0.5831439199308736
2,structure rf + pharma rf,Visual acuity reduced,0.052742616033755275,0.7227826283241015,0.22028064905087558
2,structure rf + pharma rf,Visual impairment,0.2714486638537271,0.6774775472818043,0.4502438680357927
2,structure rf + pharma rf,Vomiting,0.759493670886076,0.753574042835716,0.9014148209424333
2,structure rf + pharma rf,Vulvovaginal candidiasis,0.051336146272855133,0.807452781806622,0.35490104762860164
2,structure rf + pharma rf,Vulvovaginal mycotic infection,0.05555555555555555,0.7935913069221772,0.3278522731548515
2,structure rf + pharma rf,Weight decreased,0.22433192686357242,0.747582168955599,0.481898011910758
2,structure rf + pharma rf,Weight increased,0.23136427566807313,0.7684502475452561,0.5669580582740613
2,structure rf + pharma rf,Wheezing,0.12165963431786217,0.6218023328566913,0.25645225927872184
2,structure rf + pharma rf,White blood cell count decreased,0.046413502109704644,0.6254473572384954,0.1048901636228593
